province_norm,ym,year,month,twp90_pct,x1_bi_rate_pct,x2_inflasi_mtom_pct,x3_pdrb_per_kapita,x4_tpt_pct,x5_penetrasi_internet_pct,x6_tabungan_miliar,x7_jumlah_kc_bank,x8_ldr_pct,x9_npl_ratio_pct,x10_rasio_umkm_pct,imputed_pdrb,imputed_tpt,imputed_internet,imputed_perbanking,source_missing_perbanking
aceh,2021-01,2021,1,0.005300,3.750000,,34674000.000000,,,38938.980000,62,,0.019400,0.065400,True,False,False,True,False
aceh,2021-02,2021,2,0.006500,3.500000,-0.736700,34674000.000000,6.300000,,38938.980000,62,,0.019400,0.065400,True,True,False,True,False
aceh,2021-03,2021,3,0.007000,3.500000,-0.370000,34674000.000000,6.300000,,38938.980000,62,,0.019400,0.065400,True,True,False,True,False
aceh,2021-04,2021,4,0.013400,3.500000,,34674000.000000,6.300000,,38938.980000,62,,0.019400,0.065400,True,True,False,True,False
aceh,2021-05,2021,5,0.017100,3.500000,,34674000.000000,6.300000,,38938.980000,62,,0.019400,0.065400,True,True,False,True,False
aceh,2021-06,2021,6,0.013800,3.500000,,34674000.000000,6.300000,,38938.980000,62,,0.019400,0.065400,True,True,False,True,False
aceh,2021-07,2021,7,0.016900,3.500000,,34674000.000000,6.300000,,38938.980000,62,,0.019400,0.065400,True,True,False,True,False
aceh,2021-08,2021,8,0.017300,3.500000,0.006700,34674000.000000,6.300000,,38938.980000,62,,0.019400,0.065400,True,True,False,True,False
aceh,2021-09,2021,9,0.021800,3.500000,-0.293300,34674000.000000,6.300000,,38938.980000,62,,0.019400,0.065400,True,True,False,True,False
aceh,2021-10,2021,10,0.030600,3.500000,0.483300,34674000.000000,6.300000,,38938.980000,62,,0.019400,0.065400,True,True,False,True,False
aceh,2021-11,2021,11,0.032200,3.500000,0.723300,34674000.000000,6.300000,,38938.980000,62,,0.019400,0.065400,True,True,False,True,False
aceh,2021-12,2021,12,0.031600,3.500000,0.713300,34674000.000000,6.300000,,38938.980000,62,,0.019400,0.065400,True,True,False,True,False
aceh,2022-01,2022,1,0.029100,3.500000,1.026700,38767000.000000,6.300000,0.681000,39252.830000,52,,0.015300,0.314700,True,True,True,True,False
aceh,2022-02,2022,2,0.013700,3.500000,-0.733300,38767000.000000,6.300000,0.681000,39252.830000,52,,0.015300,0.314700,True,True,True,True,False
aceh,2022-03,2022,3,0.013000,3.500000,0.710000,38767000.000000,6.300000,0.681000,39252.830000,52,,0.015300,0.314700,True,True,True,True,False
aceh,2022-04,2022,4,0.010400,3.500000,1.233300,38767000.000000,6.300000,0.681000,39252.830000,52,,0.015300,0.314700,True,True,True,True,False
aceh,2022-05,2022,5,0.011600,3.500000,1.070000,38767000.000000,6.300000,0.681000,39252.830000,52,,0.015300,0.314700,True,True,True,True,False
aceh,2022-06,2022,6,0.013600,3.500000,0.846700,38767000.000000,6.300000,0.681000,39252.830000,52,,0.015300,0.314700,True,True,True,True,False
aceh,2022-07,2022,7,0.012200,3.500000,0.856700,38767000.000000,6.300000,0.681000,39252.830000,52,,0.015300,0.314700,True,True,True,True,False
aceh,2022-08,2022,8,0.014500,3.750000,-0.543300,38767000.000000,6.300000,0.681000,39252.830000,52,,0.015300,0.314700,True,True,True,True,False
aceh,2022-09,2022,9,0.014100,4.250000,0.723300,38767000.000000,6.300000,0.681000,39252.830000,52,,0.015300,0.314700,True,True,True,True,False
aceh,2022-10,2022,10,0.012900,4.750000,-0.086700,38767000.000000,6.300000,0.681000,39252.830000,52,,0.015300,0.314700,True,True,True,True,False
aceh,2022-11,2022,11,0.014300,5.250000,-0.290000,38767000.000000,6.300000,0.681000,39252.830000,52,,0.015300,0.314700,True,True,True,True,False
aceh,2022-12,2022,12,0.016400,5.500000,1.043300,38767000.000000,6.300000,0.681000,39252.830000,52,,0.015300,0.314700,True,True,True,True,False
aceh,2023-01,2023,1,0.011000,5.750000,0.706700,41408000.000000,6.300000,0.678100,41485.840000,52,,0.015700,0.313900,True,True,True,True,False
aceh,2023-02,2023,2,0.013200,5.750000,0.490000,41408000.000000,6.300000,0.678100,41485.840000,52,,0.015700,0.313900,True,True,True,True,False
aceh,2023-03,2023,3,0.013500,5.750000,-0.513300,41408000.000000,6.300000,0.678100,41485.840000,52,,0.015700,0.313900,True,True,True,True,False
aceh,2023-04,2023,4,0.010200,5.750000,-0.313300,41408000.000000,6.300000,0.678100,41485.840000,52,,0.015700,0.313900,True,True,True,True,False
aceh,2023-05,2023,5,0.015800,5.750000,0.406700,41408000.000000,6.300000,0.678100,41485.840000,52,,0.015700,0.313900,True,True,True,True,False
aceh,2023-06,2023,6,0.013400,5.750000,0.200000,41408000.000000,6.300000,0.678100,41485.840000,52,,0.015700,0.313900,True,True,True,True,False
aceh,2023-07,2023,7,0.019200,5.750000,0.160000,41408000.000000,6.300000,0.678100,41485.840000,52,,0.015700,0.313900,True,True,True,True,False
aceh,2023-08,2023,8,0.010400,5.750000,-0.060000,41408000.000000,6.300000,0.678100,41485.840000,52,,0.015700,0.313900,True,True,True,True,False
aceh,2023-09,2023,9,0.009200,5.750000,0.286700,41408000.000000,6.300000,0.678100,41485.840000,52,,0.015700,0.313900,True,True,True,True,False
aceh,2023-10,2023,10,0.010300,6.000000,-0.020000,41408000.000000,6.300000,0.678100,41485.840000,52,,0.015700,0.313900,True,True,True,True,False
aceh,2023-11,2023,11,0.010500,6.000000,0.263300,41408000.000000,6.300000,0.678100,41485.840000,52,,0.015700,0.313900,True,True,True,True,False
aceh,2023-12,2023,12,0.010900,6.000000,-0.100000,41408000.000000,6.300000,0.678100,41485.840000,52,,0.015700,0.313900,True,True,True,True,False
aceh,2024-01,2024,1,0.010600,6.000000,0.021200,43782000.000000,6.300000,0.759900,45184.400000,53,,0.017900,0.304200,True,True,True,True,False
aceh,2024-02,2024,2,0.011800,6.000000,0.023300,43782000.000000,6.300000,0.759900,45184.400000,53,,0.017900,0.304200,True,True,True,True,False
aceh,2024-03,2024,3,0.012500,6.000000,0.032500,43782000.000000,6.300000,0.759900,45184.400000,53,,0.017900,0.304200,True,True,True,True,False
aceh,2024-04,2024,4,0.007500,6.250000,0.031400,43782000.000000,6.300000,0.759900,45184.400000,53,,0.017900,0.304200,True,True,True,True,False
aceh,2024-05,2024,5,0.009500,6.250000,0.033200,43782000.000000,6.300000,0.759900,45184.400000,53,,0.017900,0.304200,True,True,True,True,False
aceh,2024-06,2024,6,0.012000,6.250000,0.030900,43782000.000000,6.300000,0.759900,45184.400000,53,,0.017900,0.304200,True,True,True,True,False
aceh,2024-07,2024,7,0.007700,6.250000,0.025100,43782000.000000,6.300000,0.759900,45184.400000,53,,0.017900,0.304200,True,True,True,True,False
aceh,2024-08,2024,8,0.007600,6.250000,0.022900,43782000.000000,6.300000,0.759900,45184.400000,53,,0.017900,0.304200,True,True,True,True,False
aceh,2024-09,2024,9,0.008600,6.000000,0.015000,43782000.000000,6.300000,0.759900,45184.400000,53,,0.017900,0.304200,True,True,True,True,False
aceh,2024-10,2024,10,0.009700,6.000000,0.016900,43782000.000000,6.300000,0.759900,45184.400000,53,,0.017900,0.304200,True,True,True,True,False
aceh,2024-11,2024,11,0.009900,6.000000,0.015500,43782000.000000,6.300000,0.759900,45184.400000,53,,0.017900,0.304200,True,True,True,True,False
aceh,2024-12,2024,12,0.010400,6.000000,0.021700,43782000.000000,6.300000,0.759900,45184.400000,53,,0.017900,0.304200,True,True,True,True,False
aceh,2025-01,2025,1,0.008700,5.750000,0.016100,45770000.000000,6.300000,0.756500,44260.480000,53,,0.020600,0.291000,True,True,True,True,False
aceh,2025-02,2025,2,0.009200,5.750000,0.004100,45770000.000000,6.300000,0.756500,44260.480000,53,,0.020600,0.291000,True,True,True,True,False
aceh,2025-03,2025,3,,5.750000,0.015300,45770000.000000,6.300000,0.756500,44260.480000,53,,0.020600,0.291000,True,True,True,True,False
aceh,2025-04,2025,4,0.013900,5.750000,0.031100,45770000.000000,6.300000,0.756500,44260.480000,53,,0.020600,0.291000,True,True,True,True,False
aceh,2025-05,2025,5,0.020100,5.750000,0.023500,45770000.000000,6.300000,0.756500,44260.480000,53,,0.020600,0.291000,True,True,True,True,False
aceh,2025-06,2025,6,0.008200,5.500000,0.021900,45770000.000000,6.300000,0.756500,44260.480000,53,,0.020600,0.291000,True,True,True,True,False
aceh,2025-07,2025,7,0.008600,5.250000,0.030000,45770000.000000,6.300000,0.756500,44260.480000,53,,0.020600,0.291000,True,True,True,True,False
aceh,2025-08,2025,8,0.009400,5.000000,0.037000,45770000.000000,6.300000,0.756500,44260.480000,53,,0.020600,0.291000,True,True,True,True,False
aceh,2025-09,2025,9,0.008800,4.750000,0.044500,45770000.000000,6.300000,0.756500,44260.480000,53,,0.020600,0.291000,True,True,True,True,False
aceh,2025-10,2025,10,0.008000,4.750000,0.046600,45770000.000000,6.300000,0.756500,44260.480000,53,,0.020600,0.291000,True,True,True,True,False
aceh,2025-11,2025,11,0.008200,4.750000,0.035800,45770000.000000,6.300000,0.756500,44260.480000,53,,0.020600,0.291000,True,True,True,True,False
aceh,2025-12,2025,12,0.009000,4.750000,0.067100,45770000.000000,6.300000,0.756500,44260.480000,53,,0.020600,0.291000,True,True,True,True,False
bali,2021-01,2021,1,0.014500,3.750000,,50758000.000000,,,97863.860000,90,,0.025300,0.517400,True,False,False,True,False
bali,2021-02,2021,2,0.014300,3.500000,0.010000,50758000.000000,5.420000,,97863.860000,90,,0.025300,0.517400,True,True,False,True,False
bali,2021-03,2021,3,0.012200,3.500000,0.640000,50758000.000000,5.420000,,97863.860000,90,,0.025300,0.517400,True,True,False,True,False
bali,2021-04,2021,4,0.012200,3.500000,,50758000.000000,5.420000,,97863.860000,90,,0.025300,0.517400,True,True,False,True,False
bali,2021-05,2021,5,0.007200,3.500000,,50758000.000000,5.420000,,97863.860000,90,,0.025300,0.517400,True,True,False,True,False
bali,2021-06,2021,6,0.014500,3.500000,,50758000.000000,5.420000,,97863.860000,90,,0.025300,0.517400,True,True,False,True,False
bali,2021-07,2021,7,0.017200,3.500000,,50758000.000000,5.420000,,97863.860000,90,,0.025300,0.517400,True,True,False,True,False
bali,2021-08,2021,8,0.019400,3.500000,0.020000,50758000.000000,5.370000,,97863.860000,90,,0.025300,0.517400,True,True,False,True,False
bali,2021-09,2021,9,0.016700,3.500000,-0.130000,50758000.000000,5.370000,,97863.860000,90,,0.025300,0.517400,True,True,False,True,False
bali,2021-10,2021,10,0.019400,3.500000,-0.075000,50758000.000000,5.370000,,97863.860000,90,,0.025300,0.517400,True,True,False,True,False
bali,2021-11,2021,11,0.020900,3.500000,0.415000,50758000.000000,5.370000,,97863.860000,90,,0.025300,0.517400,True,True,False,True,False
bali,2021-12,2021,12,0.019900,3.500000,1.225000,50758000.000000,5.370000,,97863.860000,90,,0.025300,0.517400,True,True,False,True,False
bali,2022-01,2022,1,0.021400,3.500000,0.860000,56093000.000000,5.370000,0.734000,117121.560000,88,,0.024000,0.527700,True,True,True,True,False
bali,2022-02,2022,2,0.021000,3.500000,-0.600000,56093000.000000,5.370000,0.734000,117121.560000,88,,0.024000,0.527700,True,True,True,True,False
bali,2022-03,2022,3,0.019300,3.500000,1.060000,56093000.000000,5.370000,0.734000,117121.560000,88,,0.024000,0.527700,True,True,True,True,False
bali,2022-04,2022,4,0.018200,3.500000,0.955000,56093000.000000,5.370000,0.734000,117121.560000,88,,0.024000,0.527700,True,True,True,True,False
bali,2022-05,2022,5,0.016600,3.500000,0.655000,56093000.000000,5.370000,0.734000,117121.560000,88,,0.024000,0.527700,True,True,True,True,False
bali,2022-06,2022,6,0.018700,3.500000,1.460000,56093000.000000,5.370000,0.734000,117121.560000,88,,0.024000,0.527700,True,True,True,True,False
bali,2022-07,2022,7,0.020300,3.500000,0.720000,56093000.000000,5.370000,0.734000,117121.560000,88,,0.024000,0.527700,True,True,True,True,False
bali,2022-08,2022,8,0.021600,3.750000,-0.760000,56093000.000000,5.370000,0.734000,117121.560000,88,,0.024000,0.527700,True,True,True,True,False
bali,2022-09,2022,9,0.020500,4.250000,0.455000,56093000.000000,5.370000,0.734000,117121.560000,88,,0.024000,0.527700,True,True,True,True,False
bali,2022-10,2022,10,0.019100,4.750000,-0.100000,56093000.000000,5.370000,0.734000,117121.560000,88,,0.024000,0.527700,True,True,True,True,False
bali,2022-11,2022,11,0.016100,5.250000,0.190000,56093000.000000,5.370000,0.734000,117121.560000,88,,0.024000,0.527700,True,True,True,True,False
bali,2022-12,2022,12,0.014800,5.500000,0.525000,56093000.000000,5.370000,0.734000,117121.560000,88,,0.024000,0.527700,True,True,True,True,False
bali,2023-01,2023,1,0.014200,5.750000,0.785000,62299000.000000,5.370000,0.808800,139257.660000,85,,0.015900,0.543000,True,True,True,True,False
bali,2023-02,2023,2,0.012700,5.750000,0.165000,62299000.000000,5.370000,0.808800,139257.660000,85,,0.015900,0.543000,True,True,True,True,False
bali,2023-03,2023,3,0.014500,5.750000,0.225000,62299000.000000,5.370000,0.808800,139257.660000,85,,0.015900,0.543000,True,True,True,True,False
bali,2023-04,2023,4,0.012000,5.750000,-0.080000,62299000.000000,5.370000,0.808800,139257.660000,85,,0.015900,0.543000,True,True,True,True,False
bali,2023-05,2023,5,0.015200,5.750000,0.355000,62299000.000000,5.370000,0.808800,139257.660000,85,,0.015900,0.543000,True,True,True,True,False
bali,2023-06,2023,6,0.014000,5.750000,0.070000,62299000.000000,5.370000,0.808800,139257.660000,85,,0.015900,0.543000,True,True,True,True,False
bali,2023-07,2023,7,0.015600,5.750000,0.305000,62299000.000000,5.370000,0.808800,139257.660000,85,,0.015900,0.543000,True,True,True,True,False
bali,2023-08,2023,8,0.013200,5.750000,0.240000,62299000.000000,5.370000,0.808800,139257.660000,85,,0.015900,0.543000,True,True,True,True,False
bali,2023-09,2023,9,0.010300,5.750000,-0.040000,62299000.000000,5.370000,0.808800,139257.660000,85,,0.015900,0.543000,True,True,True,True,False
bali,2023-10,2023,10,0.015800,6.000000,0.295000,62299000.000000,5.370000,0.808800,139257.660000,85,,0.015900,0.543000,True,True,True,True,False
bali,2023-11,2023,11,0.015300,6.000000,0.600000,62299000.000000,5.370000,0.808800,139257.660000,85,,0.015900,0.543000,True,True,True,True,False
bali,2023-12,2023,12,0.017800,6.000000,0.460000,62299000.000000,5.370000,0.808800,139257.660000,85,,0.015900,0.543000,True,True,True,True,False
bali,2024-01,2024,1,0.016300,6.000000,0.026100,67318000.000000,5.370000,0.854700,159657.680000,87,,0.013100,0.541900,True,True,True,True,False
bali,2024-02,2024,2,0.017000,6.000000,0.029800,67318000.000000,5.370000,0.854700,159657.680000,87,,0.013100,0.541900,True,True,True,True,False
bali,2024-03,2024,3,0.017700,6.000000,0.036700,67318000.000000,5.370000,0.854700,159657.680000,87,,0.013100,0.541900,True,True,True,True,False
bali,2024-04,2024,4,0.013400,6.250000,0.040200,67318000.000000,5.370000,0.854700,159657.680000,87,,0.013100,0.541900,True,True,True,True,False
bali,2024-05,2024,5,0.014300,6.250000,0.035400,67318000.000000,5.370000,0.854700,159657.680000,87,,0.013100,0.541900,True,True,True,True,False
bali,2024-06,2024,6,0.015600,6.250000,0.027100,67318000.000000,5.370000,0.854700,159657.680000,87,,0.013100,0.541900,True,True,True,True,False
bali,2024-07,2024,7,0.012500,6.250000,0.025300,67318000.000000,5.370000,0.854700,159657.680000,87,,0.013100,0.541900,True,True,True,True,False
bali,2024-08,2024,8,0.011700,6.250000,0.023200,67318000.000000,5.370000,0.854700,159657.680000,87,,0.013100,0.541900,True,True,True,True,False
bali,2024-09,2024,9,0.016000,6.000000,0.026700,67318000.000000,5.370000,0.854700,159657.680000,87,,0.013100,0.541900,True,True,True,True,False
bali,2024-10,2024,10,0.014100,6.000000,0.025100,67318000.000000,5.370000,0.854700,159657.680000,87,,0.013100,0.541900,True,True,True,True,False
bali,2024-11,2024,11,0.014000,6.000000,0.025000,67318000.000000,5.370000,0.854700,159657.680000,87,,0.013100,0.541900,True,True,True,True,False
bali,2024-12,2024,12,0.014600,6.000000,0.023400,67318000.000000,5.370000,0.854700,159657.680000,87,,0.013100,0.541900,True,True,True,True,False
bali,2025-01,2025,1,0.010500,5.750000,0.024100,72658000.000000,5.370000,0.905900,168212.720000,90,,0.013700,0.528300,True,True,True,True,False
bali,2025-02,2025,2,0.010000,5.750000,0.012100,72658000.000000,5.370000,0.905900,168212.720000,90,,0.013700,0.528300,True,True,True,True,False
bali,2025-03,2025,3,,5.750000,0.018900,72658000.000000,5.370000,0.905900,168212.720000,90,,0.013700,0.528300,True,True,True,True,False
bali,2025-04,2025,4,0.017700,5.750000,0.023000,72658000.000000,5.370000,0.905900,168212.720000,90,,0.013700,0.528300,True,True,True,True,False
bali,2025-05,2025,5,0.018900,5.750000,0.019200,72658000.000000,5.370000,0.905900,168212.720000,90,,0.013700,0.528300,True,True,True,True,False
bali,2025-06,2025,6,0.011300,5.500000,0.029400,72658000.000000,5.370000,0.905900,168212.720000,90,,0.013700,0.528300,True,True,True,True,False
bali,2025-07,2025,7,0.012000,5.250000,0.031600,72658000.000000,5.370000,0.905900,168212.720000,90,,0.013700,0.528300,True,True,True,True,False
bali,2025-08,2025,8,0.011800,5.000000,0.026500,72658000.000000,5.370000,0.905900,168212.720000,90,,0.013700,0.528300,True,True,True,True,False
bali,2025-09,2025,9,0.015000,4.750000,0.025100,72658000.000000,5.370000,0.905900,168212.720000,90,,0.013700,0.528300,True,True,True,True,False
bali,2025-10,2025,10,0.022300,4.750000,0.026100,72658000.000000,5.370000,0.905900,168212.720000,90,,0.013700,0.528300,True,True,True,True,False
bali,2025-11,2025,11,0.022700,4.750000,0.025100,72658000.000000,5.370000,0.905900,168212.720000,90,,0.013700,0.528300,True,True,True,True,False
bali,2025-12,2025,12,0.021300,4.750000,0.029100,72658000.000000,5.370000,0.905900,168212.720000,90,,0.013700,0.528300,True,True,True,True,False
banten,2021-01,2021,1,0.015500,3.750000,,55383000.000000,,,224668.730000,104,,0.022600,0.272800,True,False,False,True,False
banten,2021-02,2021,2,0.016300,3.500000,0.233300,55383000.000000,9.010000,,224668.730000,104,,0.022600,0.272800,True,True,False,True,False
banten,2021-03,2021,3,0.014000,3.500000,0.140000,55383000.000000,9.010000,,224668.730000,104,,0.022600,0.272800,True,True,False,True,False
banten,2021-04,2021,4,0.013000,3.500000,,55383000.000000,9.010000,,224668.730000,104,,0.022600,0.272800,True,True,False,True,False
banten,2021-05,2021,5,0.013100,3.500000,,55383000.000000,9.010000,,224668.730000,104,,0.022600,0.272800,True,True,False,True,False
banten,2021-06,2021,6,0.014900,3.500000,,55383000.000000,9.010000,,224668.730000,104,,0.022600,0.272800,True,True,False,True,False
banten,2021-07,2021,7,0.017400,3.500000,,55383000.000000,9.010000,,224668.730000,104,,0.022600,0.272800,True,True,False,True,False
banten,2021-08,2021,8,0.016400,3.500000,0.083300,55383000.000000,8.980000,,224668.730000,104,,0.022600,0.272800,True,True,False,True,False
banten,2021-09,2021,9,0.017100,3.500000,-0.166700,55383000.000000,8.980000,,224668.730000,104,,0.022600,0.272800,True,True,False,True,False
banten,2021-10,2021,10,0.019000,3.500000,0.103300,55383000.000000,8.980000,,224668.730000,104,,0.022600,0.272800,True,True,False,True,False
banten,2021-11,2021,11,0.020100,3.500000,0.216700,55383000.000000,8.980000,,224668.730000,104,,0.022600,0.272800,True,True,False,True,False
banten,2021-12,2021,12,0.020400,3.500000,0.693300,55383000.000000,8.980000,,224668.730000,104,,0.022600,0.272800,True,True,False,True,False
banten,2022-01,2022,1,0.021700,3.500000,0.810000,61414000.000000,8.980000,0.810000,236586.030000,96,,0.020200,0.297900,True,True,True,True,False
banten,2022-02,2022,2,0.021700,3.500000,0.016700,61414000.000000,8.980000,0.810000,236586.030000,96,,0.020200,0.297900,True,True,True,True,False
banten,2022-03,2022,3,0.022500,3.500000,1.086700,61414000.000000,8.980000,0.810000,236586.030000,96,,0.020200,0.297900,True,True,True,True,False
banten,2022-04,2022,4,,3.500000,0.973300,61414000.000000,8.980000,0.810000,236586.030000,96,,0.020200,0.297900,True,True,True,True,False
banten,2022-05,2022,5,0.025500,3.500000,0.383300,61414000.000000,8.980000,0.810000,236586.030000,96,,0.020200,0.297900,True,True,True,True,False
banten,2022-06,2022,6,0.026200,3.500000,0.750000,61414000.000000,8.980000,0.810000,236586.030000,96,,0.020200,0.297900,True,True,True,True,False
banten,2022-07,2022,7,0.028700,3.500000,0.383300,61414000.000000,8.980000,0.810000,236586.030000,96,,0.020200,0.297900,True,True,True,True,False
banten,2022-08,2022,8,0.028000,3.750000,-0.240000,61414000.000000,8.980000,0.810000,236586.030000,96,,0.020200,0.297900,True,True,True,True,False
banten,2022-09,2022,9,0.028000,4.250000,1.230000,61414000.000000,8.980000,0.810000,236586.030000,96,,0.020200,0.297900,True,True,True,True,False
banten,2022-10,2022,10,0.025700,4.750000,-0.113300,61414000.000000,8.980000,0.810000,236586.030000,96,,0.020200,0.297900,True,True,True,True,False
banten,2022-11,2022,11,,5.250000,-0.013300,61414000.000000,8.980000,0.810000,236586.030000,96,,0.020200,0.297900,True,True,True,True,False
banten,2022-12,2022,12,0.024600,5.500000,0.483300,61414000.000000,8.980000,0.810000,236586.030000,96,,0.020200,0.297900,True,True,True,True,False
banten,2023-01,2023,1,0.023600,5.750000,0.550000,66147000.000000,8.980000,0.891000,246873.640000,94,,0.017300,0.299500,True,True,True,True,False
banten,2023-02,2023,2,0.021700,5.750000,0.256700,66147000.000000,8.980000,0.891000,246873.640000,94,,0.017300,0.299500,True,True,True,True,False
banten,2023-03,2023,3,0.022000,5.750000,0.106700,66147000.000000,8.980000,0.891000,246873.640000,94,,0.017300,0.299500,True,True,True,True,False
banten,2023-04,2023,4,0.022600,5.750000,0.410000,66147000.000000,8.980000,0.891000,246873.640000,94,,0.017300,0.299500,True,True,True,True,False
banten,2023-05,2023,5,0.048400,5.750000,0.203300,66147000.000000,8.980000,0.891000,246873.640000,94,,0.017300,0.299500,True,True,True,True,False
banten,2023-06,2023,6,0.051300,5.750000,0.116700,66147000.000000,8.980000,0.891000,246873.640000,94,,0.017300,0.299500,True,True,True,True,False
banten,2023-07,2023,7,0.048900,5.750000,0.093300,66147000.000000,8.980000,0.891000,246873.640000,94,,0.017300,0.299500,True,True,True,True,False
banten,2023-08,2023,8,0.022900,5.750000,-0.130000,66147000.000000,8.980000,0.891000,246873.640000,94,,0.017300,0.299500,True,True,True,True,False
banten,2023-09,2023,9,0.021600,5.750000,0.196700,66147000.000000,8.980000,0.891000,246873.640000,94,,0.017300,0.299500,True,True,True,True,False
banten,2023-10,2023,10,0.022200,6.000000,0.130000,66147000.000000,8.980000,0.891000,246873.640000,94,,0.017300,0.299500,True,True,True,True,False
banten,2023-11,2023,11,0.021900,6.000000,0.523300,66147000.000000,8.980000,0.891000,246873.640000,94,,0.017300,0.299500,True,True,True,True,False
banten,2023-12,2023,12,0.023400,6.000000,0.436700,66147000.000000,8.980000,0.891000,246873.640000,94,,0.017300,0.299500,True,True,True,True,False
banten,2024-01,2024,1,0.024000,6.000000,0.025900,70276000.000000,8.980000,0.845500,268171.770000,96,,0.023200,0.282600,True,True,True,True,False
banten,2024-02,2024,2,0.026100,6.000000,0.028100,70276000.000000,8.980000,0.845500,268171.770000,96,,0.023200,0.282600,True,True,True,True,False
banten,2024-03,2024,3,0.026600,6.000000,0.034200,70276000.000000,8.980000,0.845500,268171.770000,96,,0.023200,0.282600,True,True,True,True,False
banten,2024-04,2024,4,0.023700,6.250000,0.034200,70276000.000000,8.980000,0.845500,268171.770000,96,,0.023200,0.282600,True,True,True,True,False
banten,2024-05,2024,5,0.024600,6.250000,0.028600,70276000.000000,8.980000,0.845500,268171.770000,96,,0.023200,0.282600,True,True,True,True,False
banten,2024-06,2024,6,0.023600,6.250000,0.024900,70276000.000000,8.980000,0.845500,268171.770000,96,,0.023200,0.282600,True,True,True,True,False
banten,2024-07,2024,7,0.020300,6.250000,0.023000,70276000.000000,8.980000,0.845500,268171.770000,96,,0.023200,0.282600,True,True,True,True,False
banten,2024-08,2024,8,0.018900,6.250000,0.024500,70276000.000000,8.980000,0.845500,268171.770000,96,,0.023200,0.282600,True,True,True,True,False
banten,2024-09,2024,9,0.019400,6.000000,0.020300,70276000.000000,8.980000,0.845500,268171.770000,96,,0.023200,0.282600,True,True,True,True,False
banten,2024-10,2024,10,0.019000,6.000000,0.019400,70276000.000000,8.980000,0.845500,268171.770000,96,,0.023200,0.282600,True,True,True,True,False
banten,2024-11,2024,11,0.020200,6.000000,0.019000,70276000.000000,8.980000,0.845500,268171.770000,96,,0.023200,0.282600,True,True,True,True,False
banten,2024-12,2024,12,0.021100,6.000000,0.018800,70276000.000000,8.980000,0.845500,268171.770000,96,,0.023200,0.282600,True,True,True,True,False
banten,2025-01,2025,1,0.020100,5.750000,0.008500,74673000.000000,8.980000,0.839900,268278.770000,97,,0.028100,0.275600,True,True,True,True,False
banten,2025-02,2025,2,0.027400,5.750000,-0.003300,74673000.000000,8.980000,0.839900,268278.770000,97,,0.028100,0.275600,True,True,True,True,False
banten,2025-03,2025,3,,5.750000,0.007000,74673000.000000,8.980000,0.839900,268278.770000,97,,0.028100,0.275600,True,True,True,True,False
banten,2025-04,2025,4,0.022700,5.750000,0.015900,74673000.000000,8.980000,0.839900,268278.770000,97,,0.028100,0.275600,True,True,True,True,False
banten,2025-05,2025,5,0.026700,5.750000,0.015700,74673000.000000,8.980000,0.839900,268278.770000,97,,0.028100,0.275600,True,True,True,True,False
banten,2025-06,2025,6,0.027300,5.500000,0.018300,74673000.000000,8.980000,0.839900,268278.770000,97,,0.028100,0.275600,True,True,True,True,False
banten,2025-07,2025,7,0.024700,5.250000,0.022900,74673000.000000,8.980000,0.839900,268278.770000,97,,0.028100,0.275600,True,True,True,True,False
banten,2025-08,2025,8,0.023300,5.000000,0.019500,74673000.000000,8.980000,0.839900,268278.770000,97,,0.028100,0.275600,True,True,True,True,False
banten,2025-09,2025,9,0.019900,4.750000,0.023100,74673000.000000,8.980000,0.839900,268278.770000,97,,0.028100,0.275600,True,True,True,True,False
banten,2025-10,2025,10,0.020100,4.750000,0.027500,74673000.000000,8.980000,0.839900,268278.770000,97,,0.028100,0.275600,True,True,True,True,False
banten,2025-11,2025,11,0.025800,4.750000,0.025600,74673000.000000,8.980000,0.839900,268278.770000,97,,0.028100,0.275600,True,True,True,True,False
banten,2025-12,2025,12,0.024300,4.750000,0.027400,74673000.000000,8.980000,0.839900,268278.770000,97,,0.028100,0.275600,True,True,True,True,False
bengkulu,2021-01,2021,1,0.006600,3.750000,,39167000.000000,,,16140.920000,35,,0.013700,0.445000,True,False,False,True,False
bengkulu,2021-02,2021,2,0.007700,3.500000,0.140000,39167000.000000,3.720000,,16140.920000,35,,0.013700,0.445000,True,True,False,True,False
bengkulu,2021-03,2021,3,0.008200,3.500000,0.230000,39167000.000000,3.720000,,16140.920000,35,,0.013700,0.445000,True,True,False,True,False
bengkulu,2021-04,2021,4,0.009000,3.500000,,39167000.000000,3.720000,,16140.920000,35,,0.013700,0.445000,True,True,False,True,False
bengkulu,2021-05,2021,5,0.021500,3.500000,,39167000.000000,3.720000,,16140.920000,35,,0.013700,0.445000,True,True,False,True,False
bengkulu,2021-06,2021,6,0.012600,3.500000,,39167000.000000,3.720000,,16140.920000,35,,0.013700,0.445000,True,True,False,True,False
bengkulu,2021-07,2021,7,0.017700,3.500000,,39167000.000000,3.720000,,16140.920000,35,,0.013700,0.445000,True,True,False,True,False
bengkulu,2021-08,2021,8,0.019500,3.500000,0.160000,39167000.000000,3.650000,,16140.920000,35,,0.013700,0.445000,True,True,False,True,False
bengkulu,2021-09,2021,9,0.023300,3.500000,0.170000,39167000.000000,3.650000,,16140.920000,35,,0.013700,0.445000,True,True,False,True,False
bengkulu,2021-10,2021,10,0.025300,3.500000,-0.020000,39167000.000000,3.650000,,16140.920000,35,,0.013700,0.445000,True,True,False,True,False
bengkulu,2021-11,2021,11,0.025900,3.500000,0.520000,39167000.000000,3.650000,,16140.920000,35,,0.013700,0.445000,True,True,False,True,False
bengkulu,2021-12,2021,12,0.029600,3.500000,0.390000,39167000.000000,3.650000,,16140.920000,35,,0.013700,0.445000,True,True,False,True,False
bengkulu,2022-01,2022,1,0.029200,3.500000,0.540000,43757000.000000,3.650000,0.758000,16379.510000,32,,0.014700,0.503800,True,True,True,True,False
bengkulu,2022-02,2022,2,0.026700,3.500000,-0.100000,43757000.000000,3.650000,0.758000,16379.510000,32,,0.014700,0.503800,True,True,True,True,False
bengkulu,2022-03,2022,3,0.025400,3.500000,0.740000,43757000.000000,3.650000,0.758000,16379.510000,32,,0.014700,0.503800,True,True,True,True,False
bengkulu,2022-04,2022,4,0.026400,3.500000,1.450000,43757000.000000,3.650000,0.758000,16379.510000,32,,0.014700,0.503800,True,True,True,True,False
bengkulu,2022-05,2022,5,0.028400,3.500000,0.530000,43757000.000000,3.650000,0.758000,16379.510000,32,,0.014700,0.503800,True,True,True,True,False
bengkulu,2022-06,2022,6,0.034200,3.500000,0.600000,43757000.000000,3.650000,0.758000,16379.510000,32,,0.014700,0.503800,True,True,True,True,False
bengkulu,2022-07,2022,7,0.037800,3.500000,0.910000,43757000.000000,3.650000,0.758000,16379.510000,32,,0.014700,0.503800,True,True,True,True,False
bengkulu,2022-08,2022,8,0.036300,3.750000,-0.240000,43757000.000000,3.650000,0.758000,16379.510000,32,,0.014700,0.503800,True,True,True,True,False
bengkulu,2022-09,2022,9,0.037700,4.250000,1.220000,43757000.000000,3.650000,0.758000,16379.510000,32,,0.014700,0.503800,True,True,True,True,False
bengkulu,2022-10,2022,10,0.020700,4.750000,-0.140000,43757000.000000,3.650000,0.758000,16379.510000,32,,0.014700,0.503800,True,True,True,True,False
bengkulu,2022-11,2022,11,0.021900,5.250000,0.050000,43757000.000000,3.650000,0.758000,16379.510000,32,,0.014700,0.503800,True,True,True,True,False
bengkulu,2022-12,2022,12,0.018000,5.500000,0.230000,43757000.000000,3.650000,0.758000,16379.510000,32,,0.014700,0.503800,True,True,True,True,False
bengkulu,2023-01,2023,1,0.017700,5.750000,0.620000,46301000.000000,3.650000,0.776300,16237.830000,32,,0.019300,0.501300,True,True,True,True,False
bengkulu,2023-02,2023,2,0.015200,5.750000,0.040000,46301000.000000,3.650000,0.776300,16237.830000,32,,0.019300,0.501300,True,True,True,True,False
bengkulu,2023-03,2023,3,0.013000,5.750000,0.250000,46301000.000000,3.650000,0.776300,16237.830000,32,,0.019300,0.501300,True,True,True,True,False
bengkulu,2023-04,2023,4,0.011300,5.750000,0.280000,46301000.000000,3.650000,0.776300,16237.830000,32,,0.019300,0.501300,True,True,True,True,False
bengkulu,2023-05,2023,5,0.015200,5.750000,0.170000,46301000.000000,3.650000,0.776300,16237.830000,32,,0.019300,0.501300,True,True,True,True,False
bengkulu,2023-06,2023,6,0.013900,5.750000,0.210000,46301000.000000,3.650000,0.776300,16237.830000,32,,0.019300,0.501300,True,True,True,True,False
bengkulu,2023-07,2023,7,0.017100,5.750000,0.490000,46301000.000000,3.650000,0.776300,16237.830000,32,,0.019300,0.501300,True,True,True,True,False
bengkulu,2023-08,2023,8,0.012600,5.750000,-0.070000,46301000.000000,3.650000,0.776300,16237.830000,32,,0.019300,0.501300,True,True,True,True,False
bengkulu,2023-09,2023,9,0.011400,5.750000,0.230000,46301000.000000,3.650000,0.776300,16237.830000,32,,0.019300,0.501300,True,True,True,True,False
bengkulu,2023-10,2023,10,0.011400,6.000000,0.280000,46301000.000000,3.650000,0.776300,16237.830000,32,,0.019300,0.501300,True,True,True,True,False
bengkulu,2023-11,2023,11,0.011100,6.000000,0.300000,46301000.000000,3.650000,0.776300,16237.830000,32,,0.019300,0.501300,True,True,True,True,False
bengkulu,2023-12,2023,12,0.011300,6.000000,0.240000,46301000.000000,3.650000,0.776300,16237.830000,32,,0.019300,0.501300,True,True,True,True,False
bengkulu,2024-01,2024,1,0.011400,6.000000,0.028300,49233000.000000,3.650000,0.826700,17668.360000,32,,0.014600,0.475600,True,True,True,True,False
bengkulu,2024-02,2024,2,0.013900,6.000000,0.036800,49233000.000000,3.650000,0.826700,17668.360000,32,,0.014600,0.475600,True,True,True,True,False
bengkulu,2024-03,2024,3,0.013100,6.000000,0.035600,49233000.000000,3.650000,0.826700,17668.360000,32,,0.014600,0.475600,True,True,True,True,False
bengkulu,2024-04,2024,4,0.014400,6.250000,0.036200,49233000.000000,3.650000,0.826700,17668.360000,32,,0.014600,0.475600,True,True,True,True,False
bengkulu,2024-05,2024,5,0.018000,6.250000,0.037100,49233000.000000,3.650000,0.826700,17668.360000,32,,0.014600,0.475600,True,True,True,True,False
bengkulu,2024-06,2024,6,0.013800,6.250000,0.036400,49233000.000000,3.650000,0.826700,17668.360000,32,,0.014600,0.475600,True,True,True,True,False
bengkulu,2024-07,2024,7,0.015400,6.250000,0.023100,49233000.000000,3.650000,0.826700,17668.360000,32,,0.014600,0.475600,True,True,True,True,False
bengkulu,2024-08,2024,8,0.015000,6.250000,0.023400,49233000.000000,3.650000,0.826700,17668.360000,32,,0.014600,0.475600,True,True,True,True,False
bengkulu,2024-09,2024,9,0.013500,6.000000,0.014800,49233000.000000,3.650000,0.826700,17668.360000,32,,0.014600,0.475600,True,True,True,True,False
bengkulu,2024-10,2024,10,0.015600,6.000000,0.013400,49233000.000000,3.650000,0.826700,17668.360000,32,,0.014600,0.475600,True,True,True,True,False
bengkulu,2024-11,2024,11,0.016700,6.000000,0.008200,49233000.000000,3.650000,0.826700,17668.360000,32,,0.014600,0.475600,True,True,True,True,False
bengkulu,2024-12,2024,12,0.016400,6.000000,0.008400,49233000.000000,3.650000,0.826700,17668.360000,32,,0.014600,0.475600,True,True,True,True,False
bengkulu,2025-01,2025,1,0.017400,5.750000,0.000900,52305000.000000,3.650000,0.885100,18780.770000,32,,0.016100,0.475700,True,True,True,True,False
bengkulu,2025-02,2025,2,0.017400,5.750000,-0.012600,52305000.000000,3.650000,0.885100,18780.770000,32,,0.016100,0.475700,True,True,True,True,False
bengkulu,2025-03,2025,3,,5.750000,-0.002200,52305000.000000,3.650000,0.885100,18780.770000,32,,0.016100,0.475700,True,True,True,True,False
bengkulu,2025-04,2025,4,0.021100,5.750000,0.009600,52305000.000000,3.650000,0.885100,18780.770000,32,,0.016100,0.475700,True,True,True,True,False
bengkulu,2025-05,2025,5,0.021400,5.750000,0.003900,52305000.000000,3.650000,0.885100,18780.770000,32,,0.016100,0.475700,True,True,True,True,False
bengkulu,2025-06,2025,6,0.017500,5.500000,-0.001000,52305000.000000,3.650000,0.885100,18780.770000,32,,0.016100,0.475700,True,True,True,True,False
bengkulu,2025-07,2025,7,0.018700,5.250000,0.010100,52305000.000000,3.650000,0.885100,18780.770000,32,,0.016100,0.475700,True,True,True,True,False
bengkulu,2025-08,2025,8,0.018700,5.000000,0.013000,52305000.000000,3.650000,0.885100,18780.770000,32,,0.016100,0.475700,True,True,True,True,False
bengkulu,2025-09,2025,9,0.020500,4.750000,0.025700,52305000.000000,3.650000,0.885100,18780.770000,32,,0.016100,0.475700,True,True,True,True,False
bengkulu,2025-10,2025,10,0.021800,4.750000,0.028500,52305000.000000,3.650000,0.885100,18780.770000,32,,0.016100,0.475700,True,True,True,True,False
bengkulu,2025-11,2025,11,0.021600,4.750000,0.026800,52305000.000000,3.650000,0.885100,18780.770000,32,,0.016100,0.475700,True,True,True,True,False
bengkulu,2025-12,2025,12,0.018300,4.750000,0.027700,52305000.000000,3.650000,0.885100,18780.770000,32,,0.016100,0.475700,True,True,True,True,False
daerah istimewa yogyakarta,2021-01,2021,1,0.033400,3.750000,,40516000.000000,,,72599.090000,61,,0.026300,0.448600,True,False,False,True,False
daerah istimewa yogyakarta,2021-02,2021,2,0.021800,3.500000,0.140000,40516000.000000,4.280000,,72599.090000,61,,0.026300,0.448600,True,True,False,True,False
daerah istimewa yogyakarta,2021-03,2021,3,0.018600,3.500000,0.080000,40516000.000000,4.280000,,72599.090000,61,,0.026300,0.448600,True,True,False,True,False
daerah istimewa yogyakarta,2021-04,2021,4,0.019500,3.500000,,40516000.000000,4.280000,,72599.090000,61,,0.026300,0.448600,True,True,False,True,False
daerah istimewa yogyakarta,2021-05,2021,5,0.019100,3.500000,,40516000.000000,4.280000,,72599.090000,61,,0.026300,0.448600,True,True,False,True,False
daerah istimewa yogyakarta,2021-06,2021,6,0.022100,3.500000,,40516000.000000,4.280000,,72599.090000,61,,0.026300,0.448600,True,True,False,True,False
daerah istimewa yogyakarta,2021-07,2021,7,0.021300,3.500000,,40516000.000000,4.280000,,72599.090000,61,,0.026300,0.448600,True,True,False,True,False
daerah istimewa yogyakarta,2021-08,2021,8,0.019700,3.500000,0.050000,40516000.000000,4.560000,,72599.090000,61,,0.026300,0.448600,True,True,False,True,False
daerah istimewa yogyakarta,2021-09,2021,9,0.020400,3.500000,-0.170000,40516000.000000,4.560000,,72599.090000,61,,0.026300,0.448600,True,True,False,True,False
daerah istimewa yogyakarta,2021-10,2021,10,0.021800,3.500000,0.240000,40516000.000000,4.560000,,72599.090000,61,,0.026300,0.448600,True,True,False,True,False
daerah istimewa yogyakarta,2021-11,2021,11,0.022100,3.500000,0.450000,40516000.000000,4.560000,,72599.090000,61,,0.026300,0.448600,True,True,False,True,False
daerah istimewa yogyakarta,2021-12,2021,12,0.021900,3.500000,0.710000,40516000.000000,4.560000,,72599.090000,61,,0.026300,0.448600,True,True,False,True,False
daerah istimewa yogyakarta,2022-01,2022,1,0.023300,3.500000,0.590000,44639000.000000,4.560000,0.786000,76380.460000,59,,0.026600,0.469600,True,True,True,True,False
daerah istimewa yogyakarta,2022-02,2022,2,0.021400,3.500000,0.050000,44639000.000000,4.560000,0.786000,76380.460000,59,,0.026600,0.469600,True,True,True,True,False
daerah istimewa yogyakarta,2022-03,2022,3,0.020700,3.500000,0.770000,44639000.000000,4.560000,0.786000,76380.460000,59,,0.026600,0.469600,True,True,True,True,False
daerah istimewa yogyakarta,2022-04,2022,4,0.020200,3.500000,1.140000,44639000.000000,4.560000,0.786000,76380.460000,59,,0.026600,0.469600,True,True,True,True,False
daerah istimewa yogyakarta,2022-05,2022,5,0.019100,3.500000,0.750000,44639000.000000,4.560000,0.786000,76380.460000,59,,0.026600,0.469600,True,True,True,True,False
daerah istimewa yogyakarta,2022-06,2022,6,0.020500,3.500000,0.520000,44639000.000000,4.560000,0.786000,76380.460000,59,,0.026600,0.469600,True,True,True,True,False
daerah istimewa yogyakarta,2022-07,2022,7,0.023100,3.500000,0.470000,44639000.000000,4.560000,0.786000,76380.460000,59,,0.026600,0.469600,True,True,True,True,False
daerah istimewa yogyakarta,2022-08,2022,8,0.025400,3.750000,-0.120000,44639000.000000,4.560000,0.786000,76380.460000,59,,0.026600,0.469600,True,True,True,True,False
daerah istimewa yogyakarta,2022-09,2022,9,0.028600,4.250000,1.050000,44639000.000000,4.560000,0.786000,76380.460000,59,,0.026600,0.469600,True,True,True,True,False
daerah istimewa yogyakarta,2022-10,2022,10,0.024100,4.750000,0.110000,44639000.000000,4.560000,0.786000,76380.460000,59,,0.026600,0.469600,True,True,True,True,False
daerah istimewa yogyakarta,2022-11,2022,11,0.025300,5.250000,0.320000,44639000.000000,4.560000,0.786000,76380.460000,59,,0.026600,0.469600,True,True,True,True,False
daerah istimewa yogyakarta,2022-12,2022,12,0.025800,5.500000,0.650000,44639000.000000,4.560000,0.786000,76380.460000,59,,0.026600,0.469600,True,True,True,True,False
daerah istimewa yogyakarta,2023-01,2023,1,0.022900,5.750000,0.170000,48373000.000000,4.560000,0.790300,79202.040000,59,,0.025900,0.448700,True,True,True,True,False
daerah istimewa yogyakarta,2023-02,2023,2,0.020600,5.750000,0.270000,48373000.000000,4.560000,0.790300,79202.040000,59,,0.025900,0.448700,True,True,True,True,False
daerah istimewa yogyakarta,2023-03,2023,3,0.021300,5.750000,0.600000,48373000.000000,4.560000,0.790300,79202.040000,59,,0.025900,0.448700,True,True,True,True,False
daerah istimewa yogyakarta,2023-04,2023,4,0.020400,5.750000,0.220000,48373000.000000,4.560000,0.790300,79202.040000,59,,0.025900,0.448700,True,True,True,True,False
daerah istimewa yogyakarta,2023-05,2023,5,0.026800,5.750000,0.350000,48373000.000000,4.560000,0.790300,79202.040000,59,,0.025900,0.448700,True,True,True,True,False
daerah istimewa yogyakarta,2023-06,2023,6,0.024800,5.750000,0.020000,48373000.000000,4.560000,0.790300,79202.040000,59,,0.025900,0.448700,True,True,True,True,False
daerah istimewa yogyakarta,2023-07,2023,7,0.025400,5.750000,0.280000,48373000.000000,4.560000,0.790300,79202.040000,59,,0.025900,0.448700,True,True,True,True,False
daerah istimewa yogyakarta,2023-08,2023,8,0.020800,5.750000,-0.040000,48373000.000000,4.560000,0.790300,79202.040000,59,,0.025900,0.448700,True,True,True,True,False
daerah istimewa yogyakarta,2023-09,2023,9,0.021300,5.750000,0.290000,48373000.000000,4.560000,0.790300,79202.040000,59,,0.025900,0.448700,True,True,True,True,False
daerah istimewa yogyakarta,2023-10,2023,10,0.022600,6.000000,0.250000,48373000.000000,4.560000,0.790300,79202.040000,59,,0.025900,0.448700,True,True,True,True,False
daerah istimewa yogyakarta,2023-11,2023,11,0.025700,6.000000,0.350000,48373000.000000,4.560000,0.790300,79202.040000,59,,0.025900,0.448700,True,True,True,True,False
daerah istimewa yogyakarta,2023-12,2023,12,0.033200,6.000000,0.350000,48373000.000000,4.560000,0.790300,79202.040000,59,,0.025900,0.448700,True,True,True,True,False
daerah istimewa yogyakarta,2024-01,2024,1,0.033800,6.000000,0.026000,51486000.000000,4.560000,0.887300,82759.060000,58,,0.028200,0.413100,True,True,True,True,False
daerah istimewa yogyakarta,2024-02,2024,2,0.032800,6.000000,0.027500,51486000.000000,4.560000,0.887300,82759.060000,58,,0.028200,0.413100,True,True,True,True,False
daerah istimewa yogyakarta,2024-03,2024,3,0.032000,6.000000,0.029500,51486000.000000,4.560000,0.887300,82759.060000,58,,0.028200,0.413100,True,True,True,True,False
daerah istimewa yogyakarta,2024-04,2024,4,0.032100,6.250000,0.028700,51486000.000000,4.560000,0.887300,82759.060000,58,,0.028200,0.413100,True,True,True,True,False
daerah istimewa yogyakarta,2024-05,2024,5,0.030200,6.250000,0.022800,51486000.000000,4.560000,0.887300,82759.060000,58,,0.028200,0.413100,True,True,True,True,False
daerah istimewa yogyakarta,2024-06,2024,6,0.030100,6.250000,0.023500,51486000.000000,4.560000,0.887300,82759.060000,58,,0.028200,0.413100,True,True,True,True,False
daerah istimewa yogyakarta,2024-07,2024,7,0.031900,6.250000,0.021600,51486000.000000,4.560000,0.887300,82759.060000,58,,0.028200,0.413100,True,True,True,True,False
daerah istimewa yogyakarta,2024-08,2024,8,0.031100,6.250000,0.023300,51486000.000000,4.560000,0.887300,82759.060000,58,,0.028200,0.413100,True,True,True,True,False
daerah istimewa yogyakarta,2024-09,2024,9,0.028200,6.000000,0.018500,51486000.000000,4.560000,0.887300,82759.060000,58,,0.028200,0.413100,True,True,True,True,False
daerah istimewa yogyakarta,2024-10,2024,10,0.021900,6.000000,0.015700,51486000.000000,4.560000,0.887300,82759.060000,58,,0.028200,0.413100,True,True,True,True,False
daerah istimewa yogyakarta,2024-11,2024,11,0.020400,6.000000,0.011400,51486000.000000,4.560000,0.887300,82759.060000,58,,0.028200,0.413100,True,True,True,True,False
daerah istimewa yogyakarta,2024-12,2024,12,0.020600,6.000000,0.012800,51486000.000000,4.560000,0.887300,82759.060000,58,,0.028200,0.413100,True,True,True,True,False
daerah istimewa yogyakarta,2025-01,2025,1,0.018500,5.750000,0.009500,55039000.000000,4.560000,0.911800,83745.450000,61,,0.033000,0.390300,True,True,True,True,False
daerah istimewa yogyakarta,2025-02,2025,2,0.019900,5.750000,-0.003000,55039000.000000,4.560000,0.911800,83745.450000,61,,0.033000,0.390300,True,True,True,True,False
daerah istimewa yogyakarta,2025-03,2025,3,,5.750000,0.005200,55039000.000000,4.560000,0.911800,83745.450000,61,,0.033000,0.390300,True,True,True,True,False
daerah istimewa yogyakarta,2025-04,2025,4,0.041500,5.750000,0.021000,55039000.000000,4.560000,0.911800,83745.450000,61,,0.033000,0.390300,True,True,True,True,False
daerah istimewa yogyakarta,2025-05,2025,5,0.042000,5.750000,0.020400,55039000.000000,4.560000,0.911800,83745.450000,61,,0.033000,0.390300,True,True,True,True,False
daerah istimewa yogyakarta,2025-06,2025,6,0.033100,5.500000,0.025200,55039000.000000,4.560000,0.911800,83745.450000,61,,0.033000,0.390300,True,True,True,True,False
daerah istimewa yogyakarta,2025-07,2025,7,0.027900,5.250000,0.026000,55039000.000000,4.560000,0.911800,83745.450000,61,,0.033000,0.390300,True,True,True,True,False
daerah istimewa yogyakarta,2025-08,2025,8,0.026600,5.000000,0.023000,55039000.000000,4.560000,0.911800,83745.450000,61,,0.033000,0.390300,True,True,True,True,False
daerah istimewa yogyakarta,2025-09,2025,9,0.024200,4.750000,0.025600,55039000.000000,4.560000,0.911800,83745.450000,61,,0.033000,0.390300,True,True,True,True,False
daerah istimewa yogyakarta,2025-10,2025,10,0.023000,4.750000,0.029000,55039000.000000,4.560000,0.911800,83745.450000,61,,0.033000,0.390300,True,True,True,True,False
daerah istimewa yogyakarta,2025-11,2025,11,0.028800,4.750000,0.029200,55039000.000000,4.560000,0.911800,83745.450000,61,,0.033000,0.390300,True,True,True,True,False
daerah istimewa yogyakarta,2025-12,2025,12,0.028500,4.750000,0.031100,55039000.000000,4.560000,0.911800,83745.450000,61,,0.033000,0.390300,True,True,True,True,False
dki jakarta,2021-01,2021,1,0.021400,3.750000,,27466000.000000,,,3108906.380000,456,,0.029500,0.047400,True,False,False,True,False
dki jakarta,2021-02,2021,2,0.010600,3.500000,0.180000,27466000.000000,8.510000,,3108906.380000,456,,0.029500,0.047400,True,True,False,True,False
dki jakarta,2021-03,2021,3,0.009900,3.500000,0.060000,27466000.000000,8.510000,,3108906.380000,456,,0.029500,0.047400,True,True,False,True,False
dki jakarta,2021-04,2021,4,0.012200,3.500000,,27466000.000000,8.510000,,3108906.380000,456,,0.029500,0.047400,True,True,False,True,False
dki jakarta,2021-05,2021,5,0.017300,3.500000,,27466000.000000,8.510000,,3108906.380000,456,,0.029500,0.047400,True,True,False,True,False
dki jakarta,2021-06,2021,6,0.013000,3.500000,,27466000.000000,8.510000,,3108906.380000,456,,0.029500,0.047400,True,True,False,True,False
dki jakarta,2021-07,2021,7,0.016900,3.500000,,27466000.000000,8.510000,,3108906.380000,456,,0.029500,0.047400,True,True,False,True,False
dki jakarta,2021-08,2021,8,0.017600,3.500000,0.080000,27466000.000000,8.500000,,3108906.380000,456,,0.029500,0.047400,True,True,False,True,False
dki jakarta,2021-09,2021,9,0.020200,3.500000,-0.060000,27466000.000000,8.500000,,3108906.380000,456,,0.029500,0.047400,True,True,False,True,False
dki jakarta,2021-10,2021,10,0.023100,3.500000,0.080000,27466000.000000,8.500000,,3108906.380000,456,,0.029500,0.047400,True,True,False,True,False
dki jakarta,2021-11,2021,11,0.023200,3.500000,0.400000,27466000.000000,8.500000,,3108906.380000,456,,0.029500,0.047400,True,True,False,True,False
dki jakarta,2021-12,2021,12,0.023100,3.500000,0.450000,27466000.000000,8.500000,,3108906.380000,456,,0.029500,0.047400,True,True,False,True,False
dki jakarta,2022-01,2022,1,0.023400,3.500000,0.460000,299675000.000000,8.500000,0.834000,3393358.580000,451,,0.021700,0.046100,True,True,True,True,False
dki jakarta,2022-02,2022,2,0.021800,3.500000,-0.050000,299675000.000000,8.500000,0.834000,3393358.580000,451,,0.021700,0.046100,True,True,True,True,False
dki jakarta,2022-03,2022,3,0.022300,3.500000,0.440000,299675000.000000,8.500000,0.834000,3393358.580000,451,,0.021700,0.046100,True,True,True,True,False
dki jakarta,2022-04,2022,4,0.020500,3.500000,0.700000,299675000.000000,8.500000,0.834000,3393358.580000,451,,0.021700,0.046100,True,True,True,True,False
dki jakarta,2022-05,2022,5,0.020900,3.500000,0.060000,299675000.000000,8.500000,0.834000,3393358.580000,451,,0.021700,0.046100,True,True,True,True,False
dki jakarta,2022-06,2022,6,0.024200,3.500000,0.320000,299675000.000000,8.500000,0.834000,3393358.580000,451,,0.021700,0.046100,True,True,True,True,False
dki jakarta,2022-07,2022,7,0.024300,3.500000,0.570000,299675000.000000,8.500000,0.834000,3393358.580000,451,,0.021700,0.046100,True,True,True,True,False
dki jakarta,2022-08,2022,8,0.027800,3.750000,-0.110000,299675000.000000,8.500000,0.834000,3393358.580000,451,,0.021700,0.046100,True,True,True,True,False
dki jakarta,2022-09,2022,9,0.028000,4.250000,1.210000,299675000.000000,8.500000,0.834000,3393358.580000,451,,0.021700,0.046100,True,True,True,True,False
dki jakarta,2022-10,2022,10,0.033600,4.750000,-0.050000,299675000.000000,8.500000,0.834000,3393358.580000,451,,0.021700,0.046100,True,True,True,True,False
dki jakarta,2022-11,2022,11,0.030400,5.250000,0.050000,299675000.000000,8.500000,0.834000,3393358.580000,451,,0.021700,0.046100,True,True,True,True,False
dki jakarta,2022-12,2022,12,0.028700,5.500000,0.550000,299675000.000000,8.500000,0.834000,3393358.580000,451,,0.021700,0.046100,True,True,True,True,False
dki jakarta,2023-01,2023,1,0.030500,5.750000,0.090000,322651000.000000,8.500000,0.869600,3467900.740000,446,,0.018500,0.042400,True,True,True,True,False
dki jakarta,2023-02,2023,2,0.027900,5.750000,0.190000,322651000.000000,8.500000,0.869600,3467900.740000,446,,0.018500,0.042400,True,True,True,True,False
dki jakarta,2023-03,2023,3,0.027900,5.750000,0.360000,322651000.000000,8.500000,0.869600,3467900.740000,446,,0.018500,0.042400,True,True,True,True,False
dki jakarta,2023-04,2023,4,0.029400,5.750000,0.400000,322651000.000000,8.500000,0.869600,3467900.740000,446,,0.018500,0.042400,True,True,True,True,False
dki jakarta,2023-05,2023,5,0.032300,5.750000,-0.100000,322651000.000000,8.500000,0.869600,3467900.740000,446,,0.018500,0.042400,True,True,True,True,False
dki jakarta,2023-06,2023,6,0.031300,5.750000,0.010000,322651000.000000,8.500000,0.869600,3467900.740000,446,,0.018500,0.042400,True,True,True,True,False
dki jakarta,2023-07,2023,7,0.031000,5.750000,0.190000,322651000.000000,8.500000,0.869600,3467900.740000,446,,0.018500,0.042400,True,True,True,True,False
dki jakarta,2023-08,2023,8,0.028100,5.750000,0.010000,322651000.000000,8.500000,0.869600,3467900.740000,446,,0.018500,0.042400,True,True,True,True,False
dki jakarta,2023-09,2023,9,0.027300,5.750000,0.190000,322651000.000000,8.500000,0.869600,3467900.740000,446,,0.018500,0.042400,True,True,True,True,False
dki jakarta,2023-10,2023,10,0.028500,6.000000,0.130000,322651000.000000,8.500000,0.869600,3467900.740000,446,,0.018500,0.042400,True,True,True,True,False
dki jakarta,2023-11,2023,11,0.028300,6.000000,0.300000,322651000.000000,8.500000,0.869600,3467900.740000,446,,0.018500,0.042400,True,True,True,True,False
dki jakarta,2023-12,2023,12,0.031200,6.000000,0.500000,322651000.000000,8.500000,0.869600,3467900.740000,446,,0.018500,0.042400,True,True,True,True,False
dki jakarta,2024-01,2024,1,0.034000,6.000000,0.018300,344383000.000000,8.500000,0.875100,3579123.950000,447,,0.017200,0.039200,True,True,True,True,False
dki jakarta,2024-02,2024,2,0.030900,6.000000,0.021200,344383000.000000,8.500000,0.875100,3579123.950000,447,,0.017200,0.039200,True,True,True,True,False
dki jakarta,2024-03,2024,3,0.031300,6.000000,0.021800,344383000.000000,8.500000,0.875100,3579123.950000,447,,0.017200,0.039200,True,True,True,True,False
dki jakarta,2024-04,2024,4,0.033100,6.250000,0.021100,344383000.000000,8.500000,0.875100,3579123.950000,447,,0.017200,0.039200,True,True,True,True,False
dki jakarta,2024-05,2024,5,0.035600,6.250000,0.020800,344383000.000000,8.500000,0.875100,3579123.950000,447,,0.017200,0.039200,True,True,True,True,False
dki jakarta,2024-06,2024,6,0.035100,6.250000,0.022300,344383000.000000,8.500000,0.875100,3579123.950000,447,,0.017200,0.039200,True,True,True,True,False
dki jakarta,2024-07,2024,7,0.032000,6.250000,0.019700,344383000.000000,8.500000,0.875100,3579123.950000,447,,0.017200,0.039200,True,True,True,True,False
dki jakarta,2024-08,2024,8,0.029400,6.250000,0.019800,344383000.000000,8.500000,0.875100,3579123.950000,447,,0.017200,0.039200,True,True,True,True,False
dki jakarta,2024-09,2024,9,0.028300,6.000000,0.017000,344383000.000000,8.500000,0.875100,3579123.950000,447,,0.017200,0.039200,True,True,True,True,False
dki jakarta,2024-10,2024,10,0.026600,6.000000,0.015800,344383000.000000,8.500000,0.875100,3579123.950000,447,,0.017200,0.039200,True,True,True,True,False
dki jakarta,2024-11,2024,11,0.029000,6.000000,0.015800,344383000.000000,8.500000,0.875100,3579123.950000,447,,0.017200,0.039200,True,True,True,True,False
dki jakarta,2024-12,2024,12,0.029600,6.000000,0.014800,344383000.000000,8.500000,0.875100,3579123.950000,447,,0.017200,0.039200,True,True,True,True,False
dki jakarta,2025-01,2025,1,0.028700,5.750000,0.001400,367687000.000000,8.500000,0.913500,3893790.760000,450,,0.015800,0.037200,True,True,True,True,False
dki jakarta,2025-02,2025,2,0.032100,5.750000,-0.005900,367687000.000000,8.500000,0.913500,3893790.760000,450,,0.015800,0.037200,True,True,True,True,False
dki jakarta,2025-03,2025,3,,5.750000,0.010200,367687000.000000,8.500000,0.913500,3893790.760000,450,,0.015800,0.037200,True,True,True,True,False
dki jakarta,2025-04,2025,4,0.031000,5.750000,0.022100,367687000.000000,8.500000,0.913500,3893790.760000,450,,0.015800,0.037200,True,True,True,True,False
dki jakarta,2025-05,2025,5,0.036000,5.750000,0.020700,367687000.000000,8.500000,0.913500,3893790.760000,450,,0.015800,0.037200,True,True,True,True,False
dki jakarta,2025-06,2025,6,0.035600,5.500000,0.020700,367687000.000000,8.500000,0.913500,3893790.760000,450,,0.015800,0.037200,True,True,True,True,False
dki jakarta,2025-07,2025,7,0.031900,5.250000,0.022500,367687000.000000,8.500000,0.913500,3893790.760000,450,,0.015800,0.037200,True,True,True,True,False
dki jakarta,2025-08,2025,8,0.030200,5.000000,0.021600,367687000.000000,8.500000,0.913500,3893790.760000,450,,0.015800,0.037200,True,True,True,True,False
dki jakarta,2025-09,2025,9,0.036400,4.750000,0.024000,367687000.000000,8.500000,0.913500,3893790.760000,450,,0.015800,0.037200,True,True,True,True,False
dki jakarta,2025-10,2025,10,0.036100,4.750000,0.026900,367687000.000000,8.500000,0.913500,3893790.760000,450,,0.015800,0.037200,True,True,True,True,False
dki jakarta,2025-11,2025,11,0.115600,4.750000,0.026700,367687000.000000,8.500000,0.913500,3893790.760000,450,,0.015800,0.037200,True,True,True,True,False
dki jakarta,2025-12,2025,12,0.115800,4.750000,0.026300,367687000.000000,8.500000,0.913500,3893790.760000,450,,0.015800,0.037200,True,True,True,True,False
gorontalo,2021-01,2021,1,0.003200,3.750000,,37087000.000000,,,5885.360000,19,,0.037500,0.299300,True,False,False,True,False
gorontalo,2021-02,2021,2,0.004300,3.500000,0.220000,37087000.000000,3.410000,,5885.360000,19,,0.037500,0.299300,True,True,False,True,False
gorontalo,2021-03,2021,3,0.004800,3.500000,0.600000,37087000.000000,3.410000,,5885.360000,19,,0.037500,0.299300,True,True,False,True,False
gorontalo,2021-04,2021,4,0.004500,3.500000,,37087000.000000,3.410000,,5885.360000,19,,0.037500,0.299300,True,True,False,True,False
gorontalo,2021-05,2021,5,0.010200,3.500000,,37087000.000000,3.410000,,5885.360000,19,,0.037500,0.299300,True,True,False,True,False
gorontalo,2021-06,2021,6,0.009700,3.500000,,37087000.000000,3.410000,,5885.360000,19,,0.037500,0.299300,True,True,False,True,False
gorontalo,2021-07,2021,7,0.009200,3.500000,,37087000.000000,3.410000,,5885.360000,19,,0.037500,0.299300,True,True,False,True,False
gorontalo,2021-08,2021,8,0.007900,3.500000,-0.160000,37087000.000000,3.010000,,5885.360000,19,,0.037500,0.299300,True,True,False,True,False
gorontalo,2021-09,2021,9,0.009500,3.500000,-0.900000,37087000.000000,3.010000,,5885.360000,19,,0.037500,0.299300,True,True,False,True,False
gorontalo,2021-10,2021,10,0.010700,3.500000,0.550000,37087000.000000,3.010000,,5885.360000,19,,0.037500,0.299300,True,True,False,True,False
gorontalo,2021-11,2021,11,0.010900,3.500000,-0.360000,37087000.000000,3.010000,,5885.360000,19,,0.037500,0.299300,True,True,False,True,False
gorontalo,2021-12,2021,12,0.010600,3.500000,0.920000,37087000.000000,3.010000,,5885.360000,19,,0.037500,0.299300,True,True,False,True,False
gorontalo,2022-01,2022,1,0.012000,3.500000,-0.220000,39691000.000000,3.010000,0.758000,5979.340000,19,,0.035600,0.757100,True,True,True,True,False
gorontalo,2022-02,2022,2,0.010600,3.500000,-0.370000,39691000.000000,3.010000,0.758000,5979.340000,19,,0.035600,0.757100,True,True,True,True,False
gorontalo,2022-03,2022,3,0.011600,3.500000,1.250000,39691000.000000,3.010000,0.758000,5979.340000,19,,0.035600,0.757100,True,True,True,True,False
gorontalo,2022-04,2022,4,0.013700,3.500000,1.220000,39691000.000000,3.010000,0.758000,5979.340000,19,,0.035600,0.757100,True,True,True,True,False
gorontalo,2022-05,2022,5,0.017800,3.500000,0.370000,39691000.000000,3.010000,0.758000,5979.340000,19,,0.035600,0.757100,True,True,True,True,False
gorontalo,2022-06,2022,6,0.020200,3.500000,1.650000,39691000.000000,3.010000,0.758000,5979.340000,19,,0.035600,0.757100,True,True,True,True,False
gorontalo,2022-07,2022,7,0.020900,3.500000,0.570000,39691000.000000,3.010000,0.758000,5979.340000,19,,0.035600,0.757100,True,True,True,True,False
gorontalo,2022-08,2022,8,0.021500,3.750000,-0.530000,39691000.000000,3.010000,0.758000,5979.340000,19,,0.035600,0.757100,True,True,True,True,False
gorontalo,2022-09,2022,9,0.019900,4.250000,0.490000,39691000.000000,3.010000,0.758000,5979.340000,19,,0.035600,0.757100,True,True,True,True,False
gorontalo,2022-10,2022,10,0.014000,4.750000,0.010000,39691000.000000,3.010000,0.758000,5979.340000,19,,0.035600,0.757100,True,True,True,True,False
gorontalo,2022-11,2022,11,0.014000,5.250000,-0.050000,39691000.000000,3.010000,0.758000,5979.340000,19,,0.035600,0.757100,True,True,True,True,False
gorontalo,2022-12,2022,12,0.014500,5.500000,0.680000,39691000.000000,3.010000,0.758000,5979.340000,19,,0.035600,0.757100,True,True,True,True,False
gorontalo,2023-01,2023,1,0.010600,5.750000,0.290000,42341000.000000,3.010000,0.798800,5998.750000,19,,0.053800,0.835500,True,True,True,True,False
gorontalo,2023-02,2023,2,0.009100,5.750000,-0.300000,42341000.000000,3.010000,0.798800,5998.750000,19,,0.053800,0.835500,True,True,True,True,False
gorontalo,2023-03,2023,3,0.009800,5.750000,0.200000,42341000.000000,3.010000,0.798800,5998.750000,19,,0.053800,0.835500,True,True,True,True,False
gorontalo,2023-04,2023,4,0.012900,5.750000,0.020000,42341000.000000,3.010000,0.798800,5998.750000,19,,0.053800,0.835500,True,True,True,True,False
gorontalo,2023-05,2023,5,0.014500,5.750000,0.080000,42341000.000000,3.010000,0.798800,5998.750000,19,,0.053800,0.835500,True,True,True,True,False
gorontalo,2023-06,2023,6,0.010600,5.750000,0.590000,42341000.000000,3.010000,0.798800,5998.750000,19,,0.053800,0.835500,True,True,True,True,False
gorontalo,2023-07,2023,7,0.012000,5.750000,0.250000,42341000.000000,3.010000,0.798800,5998.750000,19,,0.053800,0.835500,True,True,True,True,False
gorontalo,2023-08,2023,8,0.009400,5.750000,-0.250000,42341000.000000,3.010000,0.798800,5998.750000,19,,0.053800,0.835500,True,True,True,True,False
gorontalo,2023-09,2023,9,0.010400,5.750000,-0.350000,42341000.000000,3.010000,0.798800,5998.750000,19,,0.053800,0.835500,True,True,True,True,False
gorontalo,2023-10,2023,10,0.010700,6.000000,1.000000,42341000.000000,3.010000,0.798800,5998.750000,19,,0.053800,0.835500,True,True,True,True,False
gorontalo,2023-11,2023,11,0.010800,6.000000,0.980000,42341000.000000,3.010000,0.798800,5998.750000,19,,0.053800,0.835500,True,True,True,True,False
gorontalo,2023-12,2023,12,0.011100,6.000000,1.320000,42341000.000000,3.010000,0.798800,5998.750000,19,,0.053800,0.835500,True,True,True,True,False
gorontalo,2024-01,2024,1,0.011000,6.000000,0.044000,44437000.000000,3.010000,0.643600,6108.530000,19,,0.034300,0.903700,True,True,True,True,False
gorontalo,2024-02,2024,2,0.009700,6.000000,0.037300,44437000.000000,3.010000,0.643600,6108.530000,19,,0.034300,0.903700,True,True,True,True,False
gorontalo,2024-03,2024,3,0.008600,6.000000,0.041300,44437000.000000,3.010000,0.643600,6108.530000,19,,0.034300,0.903700,True,True,True,True,False
gorontalo,2024-04,2024,4,0.008600,6.250000,0.046500,44437000.000000,3.010000,0.643600,6108.530000,19,,0.034300,0.903700,True,True,True,True,False
gorontalo,2024-05,2024,5,0.008400,6.250000,0.049100,44437000.000000,3.010000,0.643600,6108.530000,19,,0.034300,0.903700,True,True,True,True,False
gorontalo,2024-06,2024,6,0.008000,6.250000,0.039300,44437000.000000,3.010000,0.643600,6108.530000,19,,0.034300,0.903700,True,True,True,True,False
gorontalo,2024-07,2024,7,0.007500,6.250000,0.030700,44437000.000000,3.010000,0.643600,6108.530000,19,,0.034300,0.903700,True,True,True,True,False
gorontalo,2024-08,2024,8,0.006600,6.250000,0.026500,44437000.000000,3.010000,0.643600,6108.530000,19,,0.034300,0.903700,True,True,True,True,False
gorontalo,2024-09,2024,9,0.007700,6.000000,0.027800,44437000.000000,3.010000,0.643600,6108.530000,19,,0.034300,0.903700,True,True,True,True,False
gorontalo,2024-10,2024,10,0.010700,6.000000,0.008100,44437000.000000,3.010000,0.643600,6108.530000,19,,0.034300,0.903700,True,True,True,True,False
gorontalo,2024-11,2024,11,0.012800,6.000000,0.002700,44437000.000000,3.010000,0.643600,6108.530000,19,,0.034300,0.903700,True,True,True,True,False
gorontalo,2024-12,2024,12,0.017000,6.000000,-0.007900,44437000.000000,3.010000,0.643600,6108.530000,19,,0.034300,0.903700,True,True,True,True,False
gorontalo,2025-01,2025,1,0.014800,5.750000,-0.015200,47477000.000000,3.010000,0.724100,6581.480000,19,,0.037400,0.921800,True,True,True,True,False
gorontalo,2025-02,2025,2,0.020500,5.750000,-0.002900,47477000.000000,3.010000,0.724100,6581.480000,19,,0.037400,0.921800,True,True,True,True,False
gorontalo,2025-03,2025,3,,5.750000,0.017600,47477000.000000,3.010000,0.724100,6581.480000,19,,0.037400,0.921800,True,True,True,True,False
gorontalo,2025-04,2025,4,0.016100,5.750000,0.023000,47477000.000000,3.010000,0.724100,6581.480000,19,,0.037400,0.921800,True,True,True,True,False
gorontalo,2025-05,2025,5,0.016700,5.750000,0.002800,47477000.000000,3.010000,0.724100,6581.480000,19,,0.037400,0.921800,True,True,True,True,False
gorontalo,2025-06,2025,6,0.014000,5.500000,0.008000,47477000.000000,3.010000,0.724100,6581.480000,19,,0.037400,0.921800,True,True,True,True,False
gorontalo,2025-07,2025,7,0.014800,5.250000,0.031200,47477000.000000,3.010000,0.724100,6581.480000,19,,0.037400,0.921800,True,True,True,True,False
gorontalo,2025-08,2025,8,0.014100,5.000000,0.025100,47477000.000000,3.010000,0.724100,6581.480000,19,,0.037400,0.921800,True,True,True,True,False
gorontalo,2025-09,2025,9,0.014200,4.750000,0.019900,47477000.000000,3.010000,0.724100,6581.480000,19,,0.037400,0.921800,True,True,True,True,False
gorontalo,2025-10,2025,10,0.015000,4.750000,0.024400,47477000.000000,3.010000,0.724100,6581.480000,19,,0.037400,0.921800,True,True,True,True,False
gorontalo,2025-11,2025,11,0.016300,4.750000,0.022100,47477000.000000,3.010000,0.724100,6581.480000,19,,0.037400,0.921800,True,True,True,True,False
gorontalo,2025-12,2025,12,0.017700,4.750000,0.025200,47477000.000000,3.010000,0.724100,6581.480000,19,,0.037400,0.921800,True,True,True,True,False
jambi,2021-01,2021,1,0.007000,3.750000,,64771000.000000,,,42164.200000,65,,0.020200,0.401900,True,False,False,True,False
jambi,2021-02,2021,2,0.007400,3.500000,-0.465000,64771000.000000,4.760000,,42164.200000,65,,0.020200,0.401900,True,True,False,True,False
jambi,2021-03,2021,3,0.008300,3.500000,0.340000,64771000.000000,4.760000,,42164.200000,65,,0.020200,0.401900,True,True,False,True,False
jambi,2021-04,2021,4,0.008100,3.500000,,64771000.000000,4.760000,,42164.200000,65,,0.020200,0.401900,True,True,False,True,False
jambi,2021-05,2021,5,0.012800,3.500000,,64771000.000000,4.760000,,42164.200000,65,,0.020200,0.401900,True,True,False,True,False
jambi,2021-06,2021,6,0.012100,3.500000,,64771000.000000,4.760000,,42164.200000,65,,0.020200,0.401900,True,True,False,True,False
jambi,2021-07,2021,7,0.013000,3.500000,,64771000.000000,4.760000,,42164.200000,65,,0.020200,0.401900,True,True,False,True,False
jambi,2021-08,2021,8,0.013400,3.500000,-0.320000,64771000.000000,5.090000,,42164.200000,65,,0.020200,0.401900,True,True,False,True,False
jambi,2021-09,2021,9,0.014000,3.500000,0.090000,64771000.000000,5.090000,,42164.200000,65,,0.020200,0.401900,True,True,False,True,False
jambi,2021-10,2021,10,0.015800,3.500000,0.715000,64771000.000000,5.090000,,42164.200000,65,,0.020200,0.401900,True,True,False,True,False
jambi,2021-11,2021,11,0.016800,3.500000,0.545000,64771000.000000,5.090000,,42164.200000,65,,0.020200,0.401900,True,True,False,True,False
jambi,2021-12,2021,12,0.019000,3.500000,0.465000,64771000.000000,5.090000,,42164.200000,65,,0.020200,0.401900,True,True,False,True,False
jambi,2022-01,2022,1,0.021600,3.500000,1.260000,76224000.000000,5.090000,0.707000,43793.870000,61,,0.018900,0.461600,True,True,True,True,False
jambi,2022-02,2022,2,0.020500,3.500000,-0.615000,76224000.000000,5.090000,0.707000,43793.870000,61,,0.018900,0.461600,True,True,True,True,False
jambi,2022-03,2022,3,0.017700,3.500000,1.225000,76224000.000000,5.090000,0.707000,43793.870000,61,,0.018900,0.461600,True,True,True,True,False
jambi,2022-04,2022,4,0.018600,3.500000,1.390000,76224000.000000,5.090000,0.707000,43793.870000,61,,0.018900,0.461600,True,True,True,True,False
jambi,2022-05,2022,5,0.018300,3.500000,0.845000,76224000.000000,5.090000,0.707000,43793.870000,61,,0.018900,0.461600,True,True,True,True,False
jambi,2022-06,2022,6,0.021700,3.500000,1.490000,76224000.000000,5.090000,0.707000,43793.870000,61,,0.018900,0.461600,True,True,True,True,False
jambi,2022-07,2022,7,0.024200,3.500000,1.175000,76224000.000000,5.090000,0.707000,43793.870000,61,,0.018900,0.461600,True,True,True,True,False
jambi,2022-08,2022,8,0.026500,3.750000,-1.300000,76224000.000000,5.090000,0.707000,43793.870000,61,,0.018900,0.461600,True,True,True,True,False
jambi,2022-09,2022,9,0.028200,4.250000,0.825000,76224000.000000,5.090000,0.707000,43793.870000,61,,0.018900,0.461600,True,True,True,True,False
jambi,2022-10,2022,10,0.016300,4.750000,-0.650000,76224000.000000,5.090000,0.707000,43793.870000,61,,0.018900,0.461600,True,True,True,True,False
jambi,2022-11,2022,11,0.018800,5.250000,-0.285000,76224000.000000,5.090000,0.707000,43793.870000,61,,0.018900,0.461600,True,True,True,True,False
jambi,2022-12,2022,12,0.016600,5.500000,0.735000,76224000.000000,5.090000,0.707000,43793.870000,61,,0.018900,0.461600,True,True,True,True,False
jambi,2023-01,2023,1,0.014100,5.750000,0.840000,79873000.000000,5.090000,0.804600,43529.880000,58,,0.018100,0.483000,True,True,True,True,False
jambi,2023-02,2023,2,0.013200,5.750000,-0.030000,79873000.000000,5.090000,0.804600,43529.880000,58,,0.018100,0.483000,True,True,True,True,False
jambi,2023-03,2023,3,0.014200,5.750000,-0.140000,79873000.000000,5.090000,0.804600,43529.880000,58,,0.018100,0.483000,True,True,True,True,False
jambi,2023-04,2023,4,0.014300,5.750000,0.205000,79873000.000000,5.090000,0.804600,43529.880000,58,,0.018100,0.483000,True,True,True,True,False
jambi,2023-05,2023,5,0.015000,5.750000,0.330000,79873000.000000,5.090000,0.804600,43529.880000,58,,0.018100,0.483000,True,True,True,True,False
jambi,2023-06,2023,6,0.015200,5.750000,0.095000,79873000.000000,5.090000,0.804600,43529.880000,58,,0.018100,0.483000,True,True,True,True,False
jambi,2023-07,2023,7,0.018100,5.750000,0.395000,79873000.000000,5.090000,0.804600,43529.880000,58,,0.018100,0.483000,True,True,True,True,False
jambi,2023-08,2023,8,0.014100,5.750000,-0.395000,79873000.000000,5.090000,0.804600,43529.880000,58,,0.018100,0.483000,True,True,True,True,False
jambi,2023-09,2023,9,0.015100,5.750000,0.380000,79873000.000000,5.090000,0.804600,43529.880000,58,,0.018100,0.483000,True,True,True,True,False
jambi,2023-10,2023,10,0.014700,6.000000,0.270000,79873000.000000,5.090000,0.804600,43529.880000,58,,0.018100,0.483000,True,True,True,True,False
jambi,2023-11,2023,11,0.014100,6.000000,0.800000,79873000.000000,5.090000,0.804600,43529.880000,58,,0.018100,0.483000,True,True,True,True,False
jambi,2023-12,2023,12,0.013700,6.000000,0.280000,79873000.000000,5.090000,0.804600,43529.880000,58,,0.018100,0.483000,True,True,True,True,False
jambi,2024-01,2024,1,0.012800,6.000000,0.029900,86775000.000000,5.090000,0.859100,46058.360000,57,,0.017000,0.482300,True,True,True,True,False
jambi,2024-02,2024,2,0.015000,6.000000,0.031900,86775000.000000,5.090000,0.859100,46058.360000,57,,0.017000,0.482300,True,True,True,True,False
jambi,2024-03,2024,3,0.015100,6.000000,0.038400,86775000.000000,5.090000,0.859100,46058.360000,57,,0.017000,0.482300,True,True,True,True,False
jambi,2024-04,2024,4,0.012600,6.250000,0.039300,86775000.000000,5.090000,0.859100,46058.360000,57,,0.017000,0.482300,True,True,True,True,False
jambi,2024-05,2024,5,0.013600,6.250000,0.035500,86775000.000000,5.090000,0.859100,46058.360000,57,,0.017000,0.482300,True,True,True,True,False
jambi,2024-06,2024,6,0.012500,6.250000,0.033400,86775000.000000,5.090000,0.859100,46058.360000,57,,0.017000,0.482300,True,True,True,True,False
jambi,2024-07,2024,7,0.012600,6.250000,0.021400,86775000.000000,5.090000,0.859100,46058.360000,57,,0.017000,0.482300,True,True,True,True,False
jambi,2024-08,2024,8,0.012000,6.250000,0.025000,86775000.000000,5.090000,0.859100,46058.360000,57,,0.017000,0.482300,True,True,True,True,False
jambi,2024-09,2024,9,0.013100,6.000000,0.019500,86775000.000000,5.090000,0.859100,46058.360000,57,,0.017000,0.482300,True,True,True,True,False
jambi,2024-10,2024,10,0.013600,6.000000,0.018400,86775000.000000,5.090000,0.859100,46058.360000,57,,0.017000,0.482300,True,True,True,True,False
jambi,2024-11,2024,11,0.014300,6.000000,0.014200,86775000.000000,5.090000,0.859100,46058.360000,57,,0.017000,0.482300,True,True,True,True,False
jambi,2024-12,2024,12,0.015300,6.000000,0.014300,86775000.000000,5.090000,0.859100,46058.360000,57,,0.017000,0.482300,True,True,True,True,False
jambi,2025-01,2025,1,0.016800,5.750000,0.004600,92786000.000000,5.090000,0.877100,47619.860000,57,,0.017800,0.493800,True,True,True,True,False
jambi,2025-02,2025,2,0.017300,5.750000,-0.002700,92786000.000000,5.090000,0.877100,47619.860000,57,,0.017800,0.493800,True,True,True,True,False
jambi,2025-03,2025,3,,5.750000,0.003200,92786000.000000,5.090000,0.877100,47619.860000,57,,0.017800,0.493800,True,True,True,True,False
jambi,2025-04,2025,4,0.019200,5.750000,0.018400,92786000.000000,5.090000,0.877100,47619.860000,57,,0.017800,0.493800,True,True,True,True,False
jambi,2025-05,2025,5,0.022700,5.750000,0.009600,92786000.000000,5.090000,0.877100,47619.860000,57,,0.017800,0.493800,True,True,True,True,False
jambi,2025-06,2025,6,0.021600,5.500000,0.013400,92786000.000000,5.090000,0.877100,47619.860000,57,,0.017800,0.493800,True,True,True,True,False
jambi,2025-07,2025,7,0.022900,5.250000,0.027100,92786000.000000,5.090000,0.877100,47619.860000,57,,0.017800,0.493800,True,True,True,True,False
jambi,2025-08,2025,8,0.022200,5.000000,0.027600,92786000.000000,5.090000,0.877100,47619.860000,57,,0.017800,0.493800,True,True,True,True,False
jambi,2025-09,2025,9,0.023000,4.750000,0.037700,92786000.000000,5.090000,0.877100,47619.860000,57,,0.017800,0.493800,True,True,True,True,False
jambi,2025-10,2025,10,0.023000,4.750000,0.037100,92786000.000000,5.090000,0.877100,47619.860000,57,,0.017800,0.493800,True,True,True,True,False
jambi,2025-11,2025,11,0.021800,4.750000,0.035500,92786000.000000,5.090000,0.877100,47619.860000,57,,0.017800,0.493800,True,True,True,True,False
jambi,2025-12,2025,12,0.018500,4.750000,0.037100,92786000.000000,5.090000,0.877100,47619.860000,57,,0.017800,0.493800,True,True,True,True,False
jawa barat,2021-01,2021,1,0.019300,3.750000,,45234000.000000,,,565609.640000,398,,0.035300,0.312000,True,False,False,True,False
jawa barat,2021-02,2021,2,0.021300,3.500000,0.131400,45234000.000000,8.920000,,565609.640000,398,,0.035300,0.312000,True,True,False,True,False
jawa barat,2021-03,2021,3,0.015400,3.500000,0.051400,45234000.000000,8.920000,,565609.640000,398,,0.035300,0.312000,True,True,False,True,False
jawa barat,2021-04,2021,4,0.015000,3.500000,,45234000.000000,8.920000,,565609.640000,398,,0.035300,0.312000,True,True,False,True,False
jawa barat,2021-05,2021,5,0.017400,3.500000,,45234000.000000,8.920000,,565609.640000,398,,0.035300,0.312000,True,True,False,True,False
jawa barat,2021-06,2021,6,0.016800,3.500000,,45234000.000000,8.920000,,565609.640000,398,,0.035300,0.312000,True,True,False,True,False
jawa barat,2021-07,2021,7,0.019400,3.500000,,45234000.000000,8.920000,,565609.640000,398,,0.035300,0.312000,True,True,False,True,False
jawa barat,2021-08,2021,8,0.017900,3.500000,0.080000,45234000.000000,9.820000,,565609.640000,398,,0.035300,0.312000,True,True,False,True,False
jawa barat,2021-09,2021,9,0.018600,3.500000,-0.118600,45234000.000000,9.820000,,565609.640000,398,,0.035300,0.312000,True,True,False,True,False
jawa barat,2021-10,2021,10,0.021200,3.500000,0.071400,45234000.000000,9.820000,,565609.640000,398,,0.035300,0.312000,True,True,False,True,False
jawa barat,2021-11,2021,11,0.023600,3.500000,0.308600,45234000.000000,9.820000,,565609.640000,398,,0.035300,0.312000,True,True,False,True,False
jawa barat,2021-12,2021,12,0.024700,3.500000,0.460000,45234000.000000,9.820000,,565609.640000,398,,0.035300,0.312000,True,True,False,True,False
jawa barat,2022-01,2022,1,0.028200,3.500000,0.494300,49137000.000000,9.820000,0.824000,588747.810000,375,,0.030400,0.340900,True,True,True,True,False
jawa barat,2022-02,2022,2,0.026400,3.500000,0.228600,49137000.000000,9.820000,0.824000,588747.810000,375,,0.030400,0.340900,True,True,True,True,False
jawa barat,2022-03,2022,3,0.026000,3.500000,0.770000,49137000.000000,9.820000,0.824000,588747.810000,375,,0.030400,0.340900,True,True,True,True,False
jawa barat,2022-04,2022,4,0.026700,3.500000,0.998600,49137000.000000,9.820000,0.824000,588747.810000,375,,0.030400,0.340900,True,True,True,True,False
jawa barat,2022-05,2022,5,0.026100,3.500000,0.414300,49137000.000000,9.820000,0.824000,588747.810000,375,,0.030400,0.340900,True,True,True,True,False
jawa barat,2022-06,2022,6,0.027500,3.500000,0.568600,49137000.000000,9.820000,0.824000,588747.810000,375,,0.030400,0.340900,True,True,True,True,False
jawa barat,2022-07,2022,7,0.029000,3.500000,0.548600,49137000.000000,9.820000,0.824000,588747.810000,375,,0.030400,0.340900,True,True,True,True,False
jawa barat,2022-08,2022,8,0.031800,3.750000,-0.124300,49137000.000000,9.820000,0.824000,588747.810000,375,,0.030400,0.340900,True,True,True,True,False
jawa barat,2022-09,2022,9,0.035900,4.250000,1.158600,49137000.000000,9.820000,0.824000,588747.810000,375,,0.030400,0.340900,True,True,True,True,False
jawa barat,2022-10,2022,10,0.034600,4.750000,-0.060000,49137000.000000,9.820000,0.824000,588747.810000,375,,0.030400,0.340900,True,True,True,True,False
jawa barat,2022-11,2022,11,0.034200,5.250000,0.131400,49137000.000000,9.820000,0.824000,588747.810000,375,,0.030400,0.340900,True,True,True,True,False
jawa barat,2022-12,2022,12,0.033800,5.500000,0.670000,49137000.000000,9.820000,0.824000,588747.810000,375,,0.030400,0.340900,True,True,True,True,False
jawa barat,2023-01,2023,1,0.033000,5.750000,0.557100,52651000.000000,9.820000,0.827300,609314.930000,371,,0.029900,0.333400,True,True,True,True,False
jawa barat,2023-02,2023,2,0.034600,5.750000,0.351400,52651000.000000,9.820000,0.827300,609314.930000,371,,0.029900,0.333400,True,True,True,True,False
jawa barat,2023-03,2023,3,0.036000,5.750000,-0.095700,52651000.000000,9.820000,0.827300,609314.930000,371,,0.029900,0.333400,True,True,True,True,False
jawa barat,2023-04,2023,4,0.036000,5.750000,0.415700,52651000.000000,9.820000,0.827300,609314.930000,371,,0.029900,0.333400,True,True,True,True,False
jawa barat,2023-05,2023,5,0.039200,5.750000,0.160000,52651000.000000,9.820000,0.827300,609314.930000,371,,0.029900,0.333400,True,True,True,True,False
jawa barat,2023-06,2023,6,0.037200,5.750000,0.144300,52651000.000000,9.820000,0.827300,609314.930000,371,,0.029900,0.333400,True,True,True,True,False
jawa barat,2023-07,2023,7,0.041400,5.750000,0.211400,52651000.000000,9.820000,0.827300,609314.930000,371,,0.029900,0.333400,True,True,True,True,False
jawa barat,2023-08,2023,8,0.037000,5.750000,-0.054300,52651000.000000,9.820000,0.827300,609314.930000,371,,0.029900,0.333400,True,True,True,True,False
jawa barat,2023-09,2023,9,0.036900,5.750000,0.170000,52651000.000000,9.820000,0.827300,609314.930000,371,,0.029900,0.333400,True,True,True,True,False
jawa barat,2023-10,2023,10,0.037500,6.000000,0.084300,52651000.000000,9.820000,0.827300,609314.930000,371,,0.029900,0.333400,True,True,True,True,False
jawa barat,2023-11,2023,11,0.036700,6.000000,0.350000,52651000.000000,9.820000,0.827300,609314.930000,371,,0.029900,0.333400,True,True,True,True,False
jawa barat,2023-12,2023,12,0.038200,6.000000,0.300000,52651000.000000,9.820000,0.827300,609314.930000,371,,0.029900,0.333400,True,True,True,True,False
jawa barat,2024-01,2024,1,0.037700,6.000000,0.030200,56082000.000000,9.820000,0.855200,635255.390000,372,,0.031100,0.311000,True,True,True,True,False
jawa barat,2024-02,2024,2,0.039000,6.000000,0.030900,56082000.000000,9.820000,0.855200,635255.390000,372,,0.031100,0.311000,True,True,True,True,False
jawa barat,2024-03,2024,3,0.039600,6.000000,0.034800,56082000.000000,9.820000,0.855200,635255.390000,372,,0.031100,0.311000,True,True,True,True,False
jawa barat,2024-04,2024,4,0.037500,6.250000,0.030700,56082000.000000,9.820000,0.855200,635255.390000,372,,0.031100,0.311000,True,True,True,True,False
jawa barat,2024-05,2024,5,0.036900,6.250000,0.027800,56082000.000000,9.820000,0.855200,635255.390000,372,,0.031100,0.311000,True,True,True,True,False
jawa barat,2024-06,2024,6,0.035100,6.250000,0.023800,56082000.000000,9.820000,0.855200,635255.390000,372,,0.031100,0.311000,True,True,True,True,False
jawa barat,2024-07,2024,7,0.030900,6.250000,0.022500,56082000.000000,9.820000,0.855200,635255.390000,372,,0.031100,0.311000,True,True,True,True,False
jawa barat,2024-08,2024,8,0.028700,6.250000,0.023900,56082000.000000,9.820000,0.855200,635255.390000,372,,0.031100,0.311000,True,True,True,True,False
jawa barat,2024-09,2024,9,0.028600,6.000000,0.020900,56082000.000000,9.820000,0.855200,635255.390000,372,,0.031100,0.311000,True,True,True,True,False
jawa barat,2024-10,2024,10,0.028800,6.000000,0.019200,56082000.000000,9.820000,0.855200,635255.390000,372,,0.031100,0.311000,True,True,True,True,False
jawa barat,2024-11,2024,11,0.030100,6.000000,0.016700,56082000.000000,9.820000,0.855200,635255.390000,372,,0.031100,0.311000,True,True,True,True,False
jawa barat,2024-12,2024,12,0.033000,6.000000,0.016400,56082000.000000,9.820000,0.855200,635255.390000,372,,0.031100,0.311000,True,True,True,True,False
jawa barat,2025-01,2025,1,0.030900,5.750000,0.007900,59865000.000000,9.820000,0.865200,640716.900000,371,,0.039700,0.302400,True,True,True,True,False
jawa barat,2025-02,2025,2,0.033800,5.750000,-0.002700,59865000.000000,9.820000,0.865200,640716.900000,371,,0.039700,0.302400,True,True,True,True,False
jawa barat,2025-03,2025,3,,5.750000,0.008100,59865000.000000,9.820000,0.865200,640716.900000,371,,0.039700,0.302400,True,True,True,True,False
jawa barat,2025-04,2025,4,0.037200,5.750000,0.016700,59865000.000000,9.820000,0.865200,640716.900000,371,,0.039700,0.302400,True,True,True,True,False
jawa barat,2025-05,2025,5,0.039600,5.750000,0.014700,59865000.000000,9.820000,0.865200,640716.900000,371,,0.039700,0.302400,True,True,True,True,False
jawa barat,2025-06,2025,6,0.034100,5.500000,0.017800,59865000.000000,9.820000,0.865200,640716.900000,371,,0.039700,0.302400,True,True,True,True,False
jawa barat,2025-07,2025,7,0.032300,5.250000,0.020300,59865000.000000,9.820000,0.865200,640716.900000,371,,0.039700,0.302400,True,True,True,True,False
jawa barat,2025-08,2025,8,0.030500,5.000000,0.017700,59865000.000000,9.820000,0.865200,640716.900000,371,,0.039700,0.302400,True,True,True,True,False
jawa barat,2025-09,2025,9,0.033900,4.750000,0.021900,59865000.000000,9.820000,0.865200,640716.900000,371,,0.039700,0.302400,True,True,True,True,False
jawa barat,2025-10,2025,10,0.032200,4.750000,0.026300,59865000.000000,9.820000,0.865200,640716.900000,371,,0.039700,0.302400,True,True,True,True,False
jawa barat,2025-11,2025,11,0.032200,4.750000,0.025400,59865000.000000,9.820000,0.865200,640716.900000,371,,0.039700,0.302400,True,True,True,True,False
jawa barat,2025-12,2025,12,0.032900,4.750000,0.026300,59865000.000000,9.820000,0.865200,640716.900000,371,,0.039700,0.302400,True,True,True,True,False
jawa tengah,2021-01,2021,1,0.012900,3.750000,,38568000.000000,,,354904.360000,332,,0.050700,0.448500,True,False,False,True,False
jawa tengah,2021-02,2021,2,0.018400,3.500000,0.190000,38568000.000000,5.960000,,354904.360000,332,,0.050700,0.448500,True,True,False,True,False
jawa tengah,2021-03,2021,3,0.017100,3.500000,0.063300,38568000.000000,5.960000,,354904.360000,332,,0.050700,0.448500,True,True,False,True,False
jawa tengah,2021-04,2021,4,0.017700,3.500000,,38568000.000000,5.960000,,354904.360000,332,,0.050700,0.448500,True,True,False,True,False
jawa tengah,2021-05,2021,5,0.022900,3.500000,,38568000.000000,5.960000,,354904.360000,332,,0.050700,0.448500,True,True,False,True,False
jawa tengah,2021-06,2021,6,0.018300,3.500000,,38568000.000000,5.960000,,354904.360000,332,,0.050700,0.448500,True,True,False,True,False
jawa tengah,2021-07,2021,7,0.018600,3.500000,,38568000.000000,5.960000,,354904.360000,332,,0.050700,0.448500,True,True,False,True,False
jawa tengah,2021-08,2021,8,0.019300,3.500000,0.033300,38568000.000000,5.950000,,354904.360000,332,,0.050700,0.448500,True,True,False,True,False
jawa tengah,2021-09,2021,9,0.019900,3.500000,-0.065000,38568000.000000,5.950000,,354904.360000,332,,0.050700,0.448500,True,True,False,True,False
jawa tengah,2021-10,2021,10,0.022200,3.500000,0.273300,38568000.000000,5.950000,,354904.360000,332,,0.050700,0.448500,True,True,False,True,False
jawa tengah,2021-11,2021,11,0.022800,3.500000,0.365000,38568000.000000,5.950000,,354904.360000,332,,0.050700,0.448500,True,True,False,True,False
jawa tengah,2021-12,2021,12,0.024100,3.500000,0.671700,38568000.000000,5.950000,,354904.360000,332,,0.050700,0.448500,True,True,False,True,False
jawa tengah,2022-01,2022,1,0.029500,3.500000,0.586700,41934000.000000,5.950000,0.769000,366687.000000,326,,0.041400,0.489200,True,True,True,True,False
jawa tengah,2022-02,2022,2,0.026300,3.500000,0.098300,41934000.000000,5.950000,0.769000,366687.000000,326,,0.041400,0.489200,True,True,True,True,False
jawa tengah,2022-03,2022,3,0.025500,3.500000,0.883300,41934000.000000,5.950000,0.769000,366687.000000,326,,0.041400,0.489200,True,True,True,True,False
jawa tengah,2022-04,2022,4,0.024300,3.500000,1.305000,41934000.000000,5.950000,0.769000,366687.000000,326,,0.041400,0.489200,True,True,True,True,False
jawa tengah,2022-05,2022,5,0.023100,3.500000,0.645000,41934000.000000,5.950000,0.769000,366687.000000,326,,0.041400,0.489200,True,True,True,True,False
jawa tengah,2022-06,2022,6,0.030800,3.500000,0.735000,41934000.000000,5.950000,0.769000,366687.000000,326,,0.041400,0.489200,True,True,True,True,False
jawa tengah,2022-07,2022,7,0.028400,3.500000,0.441700,41934000.000000,5.950000,0.769000,366687.000000,326,,0.041400,0.489200,True,True,True,True,False
jawa tengah,2022-08,2022,8,0.031700,3.750000,-0.406700,41934000.000000,5.950000,0.769000,366687.000000,326,,0.041400,0.489200,True,True,True,True,False
jawa tengah,2022-09,2022,9,0.034200,4.250000,1.238300,41934000.000000,5.950000,0.769000,366687.000000,326,,0.041400,0.489200,True,True,True,True,False
jawa tengah,2022-10,2022,10,0.023800,4.750000,-0.043300,41934000.000000,5.950000,0.769000,366687.000000,326,,0.041400,0.489200,True,True,True,True,False
jawa tengah,2022-11,2022,11,0.024100,5.250000,0.181700,41934000.000000,5.950000,0.769000,366687.000000,326,,0.041400,0.489200,True,True,True,True,False
jawa tengah,2022-12,2022,12,0.025100,5.500000,0.500000,41934000.000000,5.950000,0.769000,366687.000000,326,,0.041400,0.489200,True,True,True,True,False
jawa tengah,2023-01,2023,1,0.024500,5.750000,0.358300,45162000.000000,5.950000,0.775400,388275.560000,318,,0.040900,0.497200,True,True,True,True,False
jawa tengah,2023-02,2023,2,0.025800,5.750000,0.373300,45162000.000000,5.950000,0.775400,388275.560000,318,,0.040900,0.497200,True,True,True,True,False
jawa tengah,2023-03,2023,3,0.027100,5.750000,0.158300,45162000.000000,5.950000,0.775400,388275.560000,318,,0.040900,0.497200,True,True,True,True,False
jawa tengah,2023-04,2023,4,0.026600,5.750000,0.293300,45162000.000000,5.950000,0.775400,388275.560000,318,,0.040900,0.497200,True,True,True,True,False
jawa tengah,2023-05,2023,5,0.030700,5.750000,0.230000,45162000.000000,5.950000,0.775400,388275.560000,318,,0.040900,0.497200,True,True,True,True,False
jawa tengah,2023-06,2023,6,0.029600,5.750000,0.038300,45162000.000000,5.950000,0.775400,388275.560000,318,,0.040900,0.497200,True,True,True,True,False
jawa tengah,2023-07,2023,7,0.033000,5.750000,0.160000,45162000.000000,5.950000,0.775400,388275.560000,318,,0.040900,0.497200,True,True,True,True,False
jawa tengah,2023-08,2023,8,0.028500,5.750000,0.030000,45162000.000000,5.950000,0.775400,388275.560000,318,,0.040900,0.497200,True,True,True,True,False
jawa tengah,2023-09,2023,9,0.026500,5.750000,0.406700,45162000.000000,5.950000,0.775400,388275.560000,318,,0.040900,0.497200,True,True,True,True,False
jawa tengah,2023-10,2023,10,0.028100,6.000000,0.198300,45162000.000000,5.950000,0.775400,388275.560000,318,,0.040900,0.497200,True,True,True,True,False
jawa tengah,2023-11,2023,11,0.027100,6.000000,0.453300,45162000.000000,5.950000,0.775400,388275.560000,318,,0.040900,0.497200,True,True,True,True,False
jawa tengah,2023-12,2023,12,0.027400,6.000000,0.193300,45162000.000000,5.950000,0.775400,388275.560000,318,,0.040900,0.497200,True,True,True,True,False
jawa tengah,2024-01,2024,1,0.026900,6.000000,0.026900,47970000.000000,5.950000,0.813200,407782.290000,315,,0.041000,0.492100,True,True,True,True,False
jawa tengah,2024-02,2024,2,0.027300,6.000000,0.029800,47970000.000000,5.950000,0.813200,407782.290000,315,,0.041000,0.492100,True,True,True,True,False
jawa tengah,2024-03,2024,3,0.027900,6.000000,0.034000,47970000.000000,5.950000,0.813200,407782.290000,315,,0.041000,0.492100,True,True,True,True,False
jawa tengah,2024-04,2024,4,0.026000,6.250000,0.032700,47970000.000000,5.950000,0.813200,407782.290000,315,,0.041000,0.492100,True,True,True,True,False
jawa tengah,2024-05,2024,5,0.027400,6.250000,0.026600,47970000.000000,5.950000,0.813200,407782.290000,315,,0.041000,0.492100,True,True,True,True,False
jawa tengah,2024-06,2024,6,0.025600,6.250000,0.022200,47970000.000000,5.950000,0.813200,407782.290000,315,,0.041000,0.492100,True,True,True,True,False
jawa tengah,2024-07,2024,7,0.025500,6.250000,0.018600,47970000.000000,5.950000,0.813200,407782.290000,315,,0.041000,0.492100,True,True,True,True,False
jawa tengah,2024-08,2024,8,0.024600,6.250000,0.017700,47970000.000000,5.950000,0.813200,407782.290000,315,,0.041000,0.492100,True,True,True,True,False
jawa tengah,2024-09,2024,9,0.024800,6.000000,0.015700,47970000.000000,5.950000,0.813200,407782.290000,315,,0.041000,0.492100,True,True,True,True,False
jawa tengah,2024-10,2024,10,0.023800,6.000000,0.016000,47970000.000000,5.950000,0.813200,407782.290000,315,,0.041000,0.492100,True,True,True,True,False
jawa tengah,2024-11,2024,11,0.024000,6.000000,0.013300,47970000.000000,5.950000,0.813200,407782.290000,315,,0.041000,0.492100,True,True,True,True,False
jawa tengah,2024-12,2024,12,0.024900,6.000000,0.016700,47970000.000000,5.950000,0.813200,407782.290000,315,,0.041000,0.492100,True,True,True,True,False
jawa tengah,2025-01,2025,1,0.024800,5.750000,0.012800,50824000.000000,5.950000,0.825700,407163.640000,311,,0.047100,0.489600,True,True,True,True,False
jawa tengah,2025-02,2025,2,0.028400,5.750000,-0.000800,50824000.000000,5.950000,0.825700,407163.640000,311,,0.047100,0.489600,True,True,True,True,False
jawa tengah,2025-03,2025,3,,5.750000,0.007500,50824000.000000,5.950000,0.825700,407163.640000,311,,0.047100,0.489600,True,True,True,True,False
jawa tengah,2025-04,2025,4,0.033200,5.750000,0.019400,50824000.000000,5.950000,0.825700,407163.640000,311,,0.047100,0.489600,True,True,True,True,False
jawa tengah,2025-05,2025,5,0.035200,5.750000,0.016600,50824000.000000,5.950000,0.825700,407163.640000,311,,0.047100,0.489600,True,True,True,True,False
jawa tengah,2025-06,2025,6,0.027700,5.500000,0.022000,50824000.000000,5.950000,0.825700,407163.640000,311,,0.047100,0.489600,True,True,True,True,False
jawa tengah,2025-07,2025,7,0.026500,5.250000,0.025200,50824000.000000,5.950000,0.825700,407163.640000,311,,0.047100,0.489600,True,True,True,True,False
jawa tengah,2025-08,2025,8,0.024600,5.000000,0.024800,50824000.000000,5.950000,0.825700,407163.640000,311,,0.047100,0.489600,True,True,True,True,False
jawa tengah,2025-09,2025,9,0.026200,4.750000,0.026500,50824000.000000,5.950000,0.825700,407163.640000,311,,0.047100,0.489600,True,True,True,True,False
jawa tengah,2025-10,2025,10,0.025800,4.750000,0.028600,50824000.000000,5.950000,0.825700,407163.640000,311,,0.047100,0.489600,True,True,True,True,False
jawa tengah,2025-11,2025,11,0.029400,4.750000,0.027900,50824000.000000,5.950000,0.825700,407163.640000,311,,0.047100,0.489600,True,True,True,True,False
jawa tengah,2025-12,2025,12,0.028100,4.750000,0.027200,50824000.000000,5.950000,0.825700,407163.640000,311,,0.047100,0.489600,True,True,True,True,False
jawa timur,2021-01,2021,1,0.018900,3.750000,,59988000.000000,,,635067.110000,408,,0.035700,0.348600,True,False,False,True,False
jawa timur,2021-02,2021,2,0.022900,3.500000,0.088800,59988000.000000,5.170000,,635067.110000,408,,0.035700,0.348600,True,True,False,True,False
jawa timur,2021-03,2021,3,0.018400,3.500000,0.196200,59988000.000000,5.170000,,635067.110000,408,,0.035700,0.348600,True,True,False,True,False
jawa timur,2021-04,2021,4,0.017300,3.500000,,59988000.000000,5.170000,,635067.110000,408,,0.035700,0.348600,True,True,False,True,False
jawa timur,2021-05,2021,5,0.012700,3.500000,,59988000.000000,5.170000,,635067.110000,408,,0.035700,0.348600,True,True,False,True,False
jawa timur,2021-06,2021,6,0.018100,3.500000,,59988000.000000,5.170000,,635067.110000,408,,0.035700,0.348600,True,True,False,True,False
jawa timur,2021-07,2021,7,0.021800,3.500000,,59988000.000000,5.170000,,635067.110000,408,,0.035700,0.348600,True,True,False,True,False
jawa timur,2021-08,2021,8,0.019900,3.500000,0.041200,59988000.000000,5.740000,,635067.110000,408,,0.035700,0.348600,True,True,False,True,False
jawa timur,2021-09,2021,9,0.021500,3.500000,-0.105000,59988000.000000,5.740000,,635067.110000,408,,0.035700,0.348600,True,True,False,True,False
jawa timur,2021-10,2021,10,0.024200,3.500000,0.108800,59988000.000000,5.740000,,635067.110000,408,,0.035700,0.348600,True,True,False,True,False
jawa timur,2021-11,2021,11,0.025600,3.500000,0.325000,59988000.000000,5.740000,,635067.110000,408,,0.035700,0.348600,True,True,False,True,False
jawa timur,2021-12,2021,12,0.024400,3.500000,0.807500,59988000.000000,5.740000,,635067.110000,408,,0.035700,0.348600,True,True,False,True,False
jawa timur,2022-01,2022,1,0.028700,3.500000,0.423800,66248000.000000,5.740000,0.729000,656259.040000,397,,0.033600,0.382700,True,True,True,True,False
jawa timur,2022-02,2022,2,0.026900,3.500000,0.002500,66248000.000000,5.740000,0.729000,656259.040000,397,,0.033600,0.382700,True,True,True,True,False
jawa timur,2022-03,2022,3,0.025700,3.500000,0.792500,66248000.000000,5.740000,0.729000,656259.040000,397,,0.033600,0.382700,True,True,True,True,False
jawa timur,2022-04,2022,4,0.025500,3.500000,1.130000,66248000.000000,5.740000,0.729000,656259.040000,397,,0.033600,0.382700,True,True,True,True,False
jawa timur,2022-05,2022,5,0.023900,3.500000,0.530000,66248000.000000,5.740000,0.729000,656259.040000,397,,0.033600,0.382700,True,True,True,True,False
jawa timur,2022-06,2022,6,0.025000,3.500000,0.627500,66248000.000000,5.740000,0.729000,656259.040000,397,,0.033600,0.382700,True,True,True,True,False
jawa timur,2022-07,2022,7,0.028000,3.500000,0.678700,66248000.000000,5.740000,0.729000,656259.040000,397,,0.033600,0.382700,True,True,True,True,False
jawa timur,2022-08,2022,8,0.029600,3.750000,-0.375000,66248000.000000,5.740000,0.729000,656259.040000,397,,0.033600,0.382700,True,True,True,True,False
jawa timur,2022-09,2022,9,0.032200,4.250000,1.173800,66248000.000000,5.740000,0.729000,656259.040000,397,,0.033600,0.382700,True,True,True,True,False
jawa timur,2022-10,2022,10,0.028700,4.750000,-0.023700,66248000.000000,5.740000,0.729000,656259.040000,397,,0.033600,0.382700,True,True,True,True,False
jawa timur,2022-11,2022,11,0.030400,5.250000,0.435000,66248000.000000,5.740000,0.729000,656259.040000,397,,0.033600,0.382700,True,True,True,True,False
jawa timur,2022-12,2022,12,0.031800,5.500000,0.677500,66248000.000000,5.740000,0.729000,656259.040000,397,,0.033600,0.382700,True,True,True,True,False
jawa timur,2023-01,2023,1,0.031600,5.750000,0.307500,71122000.000000,5.740000,0.812600,682940.160000,383,,0.030100,0.390800,True,True,True,True,False
jawa timur,2023-02,2023,2,0.030300,5.750000,0.100000,71122000.000000,5.740000,0.812600,682940.160000,383,,0.030100,0.390800,True,True,True,True,False
jawa timur,2023-03,2023,3,0.032600,5.750000,0.383800,71122000.000000,5.740000,0.812600,682940.160000,383,,0.030100,0.390800,True,True,True,True,False
jawa timur,2023-04,2023,4,0.032500,5.750000,0.277500,71122000.000000,5.740000,0.812600,682940.160000,383,,0.030100,0.390800,True,True,True,True,False
jawa timur,2023-05,2023,5,0.035300,5.750000,0.270000,71122000.000000,5.740000,0.812600,682940.160000,383,,0.030100,0.390800,True,True,True,True,False
jawa timur,2023-06,2023,6,0.036100,5.750000,0.053800,71122000.000000,5.740000,0.812600,682940.160000,383,,0.030100,0.390800,True,True,True,True,False
jawa timur,2023-07,2023,7,0.036700,5.750000,0.095000,71122000.000000,5.740000,0.812600,682940.160000,383,,0.030100,0.390800,True,True,True,True,False
jawa timur,2023-08,2023,8,0.032900,5.750000,0.071300,71122000.000000,5.740000,0.812600,682940.160000,383,,0.030100,0.390800,True,True,True,True,False
jawa timur,2023-09,2023,9,0.030800,5.750000,0.306300,71122000.000000,5.740000,0.812600,682940.160000,383,,0.030100,0.390800,True,True,True,True,False
jawa timur,2023-10,2023,10,0.030200,6.000000,0.242500,71122000.000000,5.740000,0.812600,682940.160000,383,,0.030100,0.390800,True,True,True,True,False
jawa timur,2023-11,2023,11,0.028100,6.000000,0.441300,71122000.000000,5.740000,0.812600,682940.160000,383,,0.030100,0.390800,True,True,True,True,False
jawa timur,2023-12,2023,12,0.027900,6.000000,0.283800,71122000.000000,5.740000,0.812600,682940.160000,383,,0.030100,0.390800,True,True,True,True,False
jawa timur,2024-01,2024,1,0.028000,6.000000,0.024700,75770000.000000,5.740000,0.817900,712523.250000,379,,0.026100,0.379000,True,True,True,True,False
jawa timur,2024-02,2024,2,0.027800,6.000000,0.028100,75770000.000000,5.740000,0.817900,712523.250000,379,,0.026100,0.379000,True,True,True,True,False
jawa timur,2024-03,2024,3,0.028000,6.000000,0.030400,75770000.000000,5.740000,0.817900,712523.250000,379,,0.026100,0.379000,True,True,True,True,False
jawa timur,2024-04,2024,4,0.025900,6.250000,0.032500,75770000.000000,5.740000,0.817900,712523.250000,379,,0.026100,0.379000,True,True,True,True,False
jawa timur,2024-05,2024,5,0.026200,6.250000,0.028300,75770000.000000,5.740000,0.817900,712523.250000,379,,0.026100,0.379000,True,True,True,True,False
jawa timur,2024-06,2024,6,0.025100,6.250000,0.022100,75770000.000000,5.740000,0.817900,712523.250000,379,,0.026100,0.379000,True,True,True,True,False
jawa timur,2024-07,2024,7,0.023400,6.250000,0.021300,75770000.000000,5.740000,0.817900,712523.250000,379,,0.026100,0.379000,True,True,True,True,False
jawa timur,2024-08,2024,8,0.022600,6.250000,0.020500,75770000.000000,5.740000,0.817900,712523.250000,379,,0.026100,0.379000,True,True,True,True,False
jawa timur,2024-09,2024,9,0.023700,6.000000,0.017300,75770000.000000,5.740000,0.817900,712523.250000,379,,0.026100,0.379000,True,True,True,True,False
jawa timur,2024-10,2024,10,0.024800,6.000000,0.016600,75770000.000000,5.740000,0.817900,712523.250000,379,,0.026100,0.379000,True,True,True,True,False
jawa timur,2024-11,2024,11,0.029100,6.000000,0.014100,75770000.000000,5.740000,0.817900,712523.250000,379,,0.026100,0.379000,True,True,True,True,False
jawa timur,2024-12,2024,12,0.028900,6.000000,0.015100,75770000.000000,5.740000,0.817900,712523.250000,379,,0.026100,0.379000,True,True,True,True,False
jawa timur,2025-01,2025,1,0.027600,5.750000,0.010600,80856000.000000,5.740000,0.821900,726507.910000,378,,0.032800,0.381600,True,True,True,True,False
jawa timur,2025-02,2025,2,0.029800,5.750000,-0.000300,80856000.000000,5.740000,0.821900,726507.910000,378,,0.032800,0.381600,True,True,True,True,False
jawa timur,2025-03,2025,3,,5.750000,0.007700,80856000.000000,5.740000,0.821900,726507.910000,378,,0.032800,0.381600,True,True,True,True,False
jawa timur,2025-04,2025,4,0.030200,5.750000,0.013500,80856000.000000,5.740000,0.821900,726507.910000,378,,0.032800,0.381600,True,True,True,True,False
jawa timur,2025-05,2025,5,0.034100,5.750000,0.012200,80856000.000000,5.740000,0.821900,726507.910000,378,,0.032800,0.381600,True,True,True,True,False
jawa timur,2025-06,2025,6,0.032900,5.500000,0.020200,80856000.000000,5.740000,0.821900,726507.910000,378,,0.032800,0.381600,True,True,True,True,False
jawa timur,2025-07,2025,7,0.032800,5.250000,0.022100,80856000.000000,5.740000,0.821900,726507.910000,378,,0.032800,0.381600,True,True,True,True,False
jawa timur,2025-08,2025,8,0.030400,5.000000,0.021700,80856000.000000,5.740000,0.821900,726507.910000,378,,0.032800,0.381600,True,True,True,True,False
jawa timur,2025-09,2025,9,0.032700,4.750000,0.025300,80856000.000000,5.740000,0.821900,726507.910000,378,,0.032800,0.381600,True,True,True,True,False
jawa timur,2025-10,2025,10,0.031700,4.750000,0.026900,80856000.000000,5.740000,0.821900,726507.910000,378,,0.032800,0.381600,True,True,True,True,False
jawa timur,2025-11,2025,11,0.047000,4.750000,0.026300,80856000.000000,5.740000,0.821900,726507.910000,378,,0.032800,0.381600,True,True,True,True,False
jawa timur,2025-12,2025,12,0.050200,4.750000,0.029300,80856000.000000,5.740000,0.821900,726507.910000,378,,0.032800,0.381600,True,True,True,True,False
kalimantan barat,2021-01,2021,1,0.012500,3.750000,,42253000.000000,,,69537.670000,81,,0.021700,0.365300,True,False,False,True,False
kalimantan barat,2021-02,2021,2,0.013000,3.500000,0.070000,42253000.000000,5.730000,,69537.670000,81,,0.021700,0.365300,True,True,False,True,False
kalimantan barat,2021-03,2021,3,0.009700,3.500000,-0.313300,42253000.000000,5.730000,,69537.670000,81,,0.021700,0.365300,True,True,False,True,False
kalimantan barat,2021-04,2021,4,0.009400,3.500000,,42253000.000000,5.730000,,69537.670000,81,,0.021700,0.365300,True,True,False,True,False
kalimantan barat,2021-05,2021,5,0.010100,3.500000,,42253000.000000,5.730000,,69537.670000,81,,0.021700,0.365300,True,True,False,True,False
kalimantan barat,2021-06,2021,6,0.013200,3.500000,,42253000.000000,5.730000,,69537.670000,81,,0.021700,0.365300,True,True,False,True,False
kalimantan barat,2021-07,2021,7,0.017100,3.500000,,42253000.000000,5.730000,,69537.670000,81,,0.021700,0.365300,True,True,False,True,False
kalimantan barat,2021-08,2021,8,0.017800,3.500000,0.050000,42253000.000000,5.820000,,69537.670000,81,,0.021700,0.365300,True,True,False,True,False
kalimantan barat,2021-09,2021,9,0.021100,3.500000,0.333300,42253000.000000,5.820000,,69537.670000,81,,0.021700,0.365300,True,True,False,True,False
kalimantan barat,2021-10,2021,10,0.022300,3.500000,-0.170000,42253000.000000,5.820000,,69537.670000,81,,0.021700,0.365300,True,True,False,True,False
kalimantan barat,2021-11,2021,11,0.024600,3.500000,0.703300,42253000.000000,5.820000,,69537.670000,81,,0.021700,0.365300,True,True,False,True,False
kalimantan barat,2021-12,2021,12,0.024900,3.500000,0.456700,42253000.000000,5.820000,,69537.670000,81,,0.021700,0.365300,True,True,False,True,False
kalimantan barat,2022-01,2022,1,0.026100,3.500000,0.796700,46092000.000000,5.820000,0.788000,71511.730000,76,,0.019500,0.409400,True,True,True,True,False
kalimantan barat,2022-02,2022,2,0.024500,3.500000,0.250000,46092000.000000,5.820000,0.788000,71511.730000,76,,0.019500,0.409400,True,True,True,True,False
kalimantan barat,2022-03,2022,3,0.024000,3.500000,0.503300,46092000.000000,5.820000,0.788000,71511.730000,76,,0.019500,0.409400,True,True,True,True,False
kalimantan barat,2022-04,2022,4,0.024600,3.500000,1.310000,46092000.000000,5.820000,0.788000,71511.730000,76,,0.019500,0.409400,True,True,True,True,False
kalimantan barat,2022-05,2022,5,0.024300,3.500000,0.940000,46092000.000000,5.820000,0.788000,71511.730000,76,,0.019500,0.409400,True,True,True,True,False
kalimantan barat,2022-06,2022,6,0.028400,3.500000,0.156700,46092000.000000,5.820000,0.788000,71511.730000,76,,0.019500,0.409400,True,True,True,True,False
kalimantan barat,2022-07,2022,7,0.032900,3.500000,0.213300,46092000.000000,5.820000,0.788000,71511.730000,76,,0.019500,0.409400,True,True,True,True,False
kalimantan barat,2022-08,2022,8,0.034700,3.750000,-0.450000,46092000.000000,5.820000,0.788000,71511.730000,76,,0.019500,0.409400,True,True,True,True,False
kalimantan barat,2022-09,2022,9,0.037200,4.250000,1.536700,46092000.000000,5.820000,0.788000,71511.730000,76,,0.019500,0.409400,True,True,True,True,False
kalimantan barat,2022-10,2022,10,0.023000,4.750000,0.070000,46092000.000000,5.820000,0.788000,71511.730000,76,,0.019500,0.409400,True,True,True,True,False
kalimantan barat,2022-11,2022,11,0.023800,5.250000,0.293300,46092000.000000,5.820000,0.788000,71511.730000,76,,0.019500,0.409400,True,True,True,True,False
kalimantan barat,2022-12,2022,12,0.022000,5.500000,0.490000,46092000.000000,5.820000,0.788000,71511.730000,76,,0.019500,0.409400,True,True,True,True,False
kalimantan barat,2023-01,2023,1,0.018800,5.750000,0.296700,48809000.000000,5.820000,0.799600,74919.480000,77,,0.017600,0.408900,True,True,True,True,False
kalimantan barat,2023-02,2023,2,0.019400,5.750000,-0.070000,48809000.000000,5.820000,0.799600,74919.480000,77,,0.017600,0.408900,True,True,True,True,False
kalimantan barat,2023-03,2023,3,0.020300,5.750000,0.133300,48809000.000000,5.820000,0.799600,74919.480000,77,,0.017600,0.408900,True,True,True,True,False
kalimantan barat,2023-04,2023,4,0.019400,5.750000,0.466700,48809000.000000,5.820000,0.799600,74919.480000,77,,0.017600,0.408900,True,True,True,True,False
kalimantan barat,2023-05,2023,5,0.022900,5.750000,0.336700,48809000.000000,5.820000,0.799600,74919.480000,77,,0.017600,0.408900,True,True,True,True,False
kalimantan barat,2023-06,2023,6,0.022700,5.750000,0.350000,48809000.000000,5.820000,0.799600,74919.480000,77,,0.017600,0.408900,True,True,True,True,False
kalimantan barat,2023-07,2023,7,0.025100,5.750000,0.016700,48809000.000000,5.820000,0.799600,74919.480000,77,,0.017600,0.408900,True,True,True,True,False
kalimantan barat,2023-08,2023,8,0.020500,5.750000,-0.220000,48809000.000000,5.820000,0.799600,74919.480000,77,,0.017600,0.408900,True,True,True,True,False
kalimantan barat,2023-09,2023,9,0.019500,5.750000,0.073300,48809000.000000,5.820000,0.799600,74919.480000,77,,0.017600,0.408900,True,True,True,True,False
kalimantan barat,2023-10,2023,10,0.020000,6.000000,0.063300,48809000.000000,5.820000,0.799600,74919.480000,77,,0.017600,0.408900,True,True,True,True,False
kalimantan barat,2023-11,2023,11,0.020400,6.000000,0.050000,48809000.000000,5.820000,0.799600,74919.480000,77,,0.017600,0.408900,True,True,True,True,False
kalimantan barat,2023-12,2023,12,0.019600,6.000000,0.440000,48809000.000000,5.820000,0.799600,74919.480000,77,,0.017600,0.408900,True,True,True,True,False
kalimantan barat,2024-01,2024,1,0.018700,6.000000,0.027500,52703000.000000,5.820000,0.790300,77884.580000,75,,0.021300,0.391800,True,True,True,True,False
kalimantan barat,2024-02,2024,2,0.017700,6.000000,0.025600,52703000.000000,5.820000,0.790300,77884.580000,75,,0.021300,0.391800,True,True,True,True,False
kalimantan barat,2024-03,2024,3,0.017200,6.000000,0.025100,52703000.000000,5.820000,0.790300,77884.580000,75,,0.021300,0.391800,True,True,True,True,False
kalimantan barat,2024-04,2024,4,0.014000,6.250000,0.027200,52703000.000000,5.820000,0.790300,77884.580000,75,,0.021300,0.391800,True,True,True,True,False
kalimantan barat,2024-05,2024,5,0.016000,6.250000,0.028400,52703000.000000,5.820000,0.790300,77884.580000,75,,0.021300,0.391800,True,True,True,True,False
kalimantan barat,2024-06,2024,6,0.015000,6.250000,0.022800,52703000.000000,5.820000,0.790300,77884.580000,75,,0.021300,0.391800,True,True,True,True,False
kalimantan barat,2024-07,2024,7,0.012700,6.250000,0.015800,52703000.000000,5.820000,0.790300,77884.580000,75,,0.021300,0.391800,True,True,True,True,False
kalimantan barat,2024-08,2024,8,0.011800,6.250000,0.014700,52703000.000000,5.820000,0.790300,77884.580000,75,,0.021300,0.391800,True,True,True,True,False
kalimantan barat,2024-09,2024,9,0.012900,6.000000,0.017900,52703000.000000,5.820000,0.790300,77884.580000,75,,0.021300,0.391800,True,True,True,True,False
kalimantan barat,2024-10,2024,10,0.012800,6.000000,0.015800,52703000.000000,5.820000,0.790300,77884.580000,75,,0.021300,0.391800,True,True,True,True,False
kalimantan barat,2024-11,2024,11,0.015100,6.000000,0.016100,52703000.000000,5.820000,0.790300,77884.580000,75,,0.021300,0.391800,True,True,True,True,False
kalimantan barat,2024-12,2024,12,0.015200,6.000000,0.017100,52703000.000000,5.820000,0.790300,77884.580000,75,,0.021300,0.391800,True,True,True,True,False
kalimantan barat,2025-01,2025,1,0.015900,5.750000,0.001500,56984000.000000,5.820000,0.793700,81682.730000,75,,0.024300,0.391500,True,True,True,True,False
kalimantan barat,2025-02,2025,2,0.015300,5.750000,0.000400,56984000.000000,5.820000,0.793700,81682.730000,75,,0.024300,0.391500,True,True,True,True,False
kalimantan barat,2025-03,2025,3,,5.750000,0.009400,56984000.000000,5.820000,0.793700,81682.730000,75,,0.024300,0.391500,True,True,True,True,False
kalimantan barat,2025-04,2025,4,0.016100,5.750000,0.012000,56984000.000000,5.820000,0.793700,81682.730000,75,,0.024300,0.391500,True,True,True,True,False
kalimantan barat,2025-05,2025,5,0.018200,5.750000,0.005900,56984000.000000,5.820000,0.793700,81682.730000,75,,0.024300,0.391500,True,True,True,True,False
kalimantan barat,2025-06,2025,6,0.015400,5.500000,0.012000,56984000.000000,5.820000,0.793700,81682.730000,75,,0.024300,0.391500,True,True,True,True,False
kalimantan barat,2025-07,2025,7,0.016700,5.250000,0.021400,56984000.000000,5.820000,0.793700,81682.730000,75,,0.024300,0.391500,True,True,True,True,False
kalimantan barat,2025-08,2025,8,0.017300,5.000000,0.021300,56984000.000000,5.820000,0.793700,81682.730000,75,,0.024300,0.391500,True,True,True,True,False
kalimantan barat,2025-09,2025,9,0.020200,4.750000,0.019400,56984000.000000,5.820000,0.793700,81682.730000,75,,0.024300,0.391500,True,True,True,True,False
kalimantan barat,2025-10,2025,10,0.018600,4.750000,0.020700,56984000.000000,5.820000,0.793700,81682.730000,75,,0.024300,0.391500,True,True,True,True,False
kalimantan barat,2025-11,2025,11,0.016400,4.750000,0.020400,56984000.000000,5.820000,0.793700,81682.730000,75,,0.024300,0.391500,True,True,True,True,False
kalimantan barat,2025-12,2025,12,0.014800,4.750000,0.018500,56984000.000000,5.820000,0.793700,81682.730000,75,,0.024300,0.391500,True,True,True,True,False
kalimantan selatan,2021-01,2021,1,0.010500,3.750000,,48066000.000000,,,61619.430000,73,,0.023900,0.293600,True,False,False,True,False
kalimantan selatan,2021-02,2021,2,0.009000,3.500000,0.336700,48066000.000000,4.330000,,61619.430000,73,,0.023900,0.293600,True,True,False,True,False
kalimantan selatan,2021-03,2021,3,0.011000,3.500000,0.300000,48066000.000000,4.330000,,61619.430000,73,,0.023900,0.293600,True,True,False,True,False
kalimantan selatan,2021-04,2021,4,0.011800,3.500000,,48066000.000000,4.330000,,61619.430000,73,,0.023900,0.293600,True,True,False,True,False
kalimantan selatan,2021-05,2021,5,0.010400,3.500000,,48066000.000000,4.330000,,61619.430000,73,,0.023900,0.293600,True,True,False,True,False
kalimantan selatan,2021-06,2021,6,0.015200,3.500000,,48066000.000000,4.330000,,61619.430000,73,,0.023900,0.293600,True,True,False,True,False
kalimantan selatan,2021-07,2021,7,0.016600,3.500000,,48066000.000000,4.330000,,61619.430000,73,,0.023900,0.293600,True,True,False,True,False
kalimantan selatan,2021-08,2021,8,0.016000,3.500000,0.063300,48066000.000000,4.950000,,61619.430000,73,,0.023900,0.293600,True,True,False,True,False
kalimantan selatan,2021-09,2021,9,0.018100,3.500000,-0.086700,48066000.000000,4.950000,,61619.430000,73,,0.023900,0.293600,True,True,False,True,False
kalimantan selatan,2021-10,2021,10,0.020400,3.500000,0.213300,48066000.000000,4.950000,,61619.430000,73,,0.023900,0.293600,True,True,False,True,False
kalimantan selatan,2021-11,2021,11,0.022800,3.500000,0.446700,48066000.000000,4.950000,,61619.430000,73,,0.023900,0.293600,True,True,False,True,False
kalimantan selatan,2021-12,2021,12,0.026200,3.500000,0.623300,48066000.000000,4.950000,,61619.430000,73,,0.023900,0.293600,True,True,False,True,False
kalimantan selatan,2022-01,2022,1,0.029100,3.500000,0.796700,60213000.000000,4.950000,0.830000,71961.950000,71,,0.025700,0.341400,True,True,True,True,False
kalimantan selatan,2022-02,2022,2,0.024000,3.500000,-0.096700,60213000.000000,4.950000,0.830000,71961.950000,71,,0.025700,0.341400,True,True,True,True,False
kalimantan selatan,2022-03,2022,3,0.023900,3.500000,0.880000,60213000.000000,4.950000,0.830000,71961.950000,71,,0.025700,0.341400,True,True,True,True,False
kalimantan selatan,2022-04,2022,4,0.025100,3.500000,0.933300,60213000.000000,4.950000,0.830000,71961.950000,71,,0.025700,0.341400,True,True,True,True,False
kalimantan selatan,2022-05,2022,5,0.024400,3.500000,0.976700,60213000.000000,4.950000,0.830000,71961.950000,71,,0.025700,0.341400,True,True,True,True,False
kalimantan selatan,2022-06,2022,6,0.029000,3.500000,0.960000,60213000.000000,4.950000,0.830000,71961.950000,71,,0.025700,0.341400,True,True,True,True,False
kalimantan selatan,2022-07,2022,7,0.032400,3.500000,0.473300,60213000.000000,4.950000,0.830000,71961.950000,71,,0.025700,0.341400,True,True,True,True,False
kalimantan selatan,2022-08,2022,8,0.033700,3.750000,-0.393300,60213000.000000,4.950000,0.830000,71961.950000,71,,0.025700,0.341400,True,True,True,True,False
kalimantan selatan,2022-09,2022,9,0.034600,4.250000,0.983300,60213000.000000,4.950000,0.830000,71961.950000,71,,0.025700,0.341400,True,True,True,True,False
kalimantan selatan,2022-10,2022,10,0.020300,4.750000,0.186700,60213000.000000,4.950000,0.830000,71961.950000,71,,0.025700,0.341400,True,True,True,True,False
kalimantan selatan,2022-11,2022,11,0.024200,5.250000,0.386700,60213000.000000,4.950000,0.830000,71961.950000,71,,0.025700,0.341400,True,True,True,True,False
kalimantan selatan,2022-12,2022,12,0.023000,5.500000,0.593300,60213000.000000,4.950000,0.830000,71961.950000,71,,0.025700,0.341400,True,True,True,True,False
kalimantan selatan,2023-01,2023,1,0.022600,5.750000,0.160000,63754000.000000,4.950000,0.778200,77407.310000,71,,0.022000,0.361200,True,True,True,True,False
kalimantan selatan,2023-02,2023,2,0.021200,5.750000,0.153300,63754000.000000,4.950000,0.778200,77407.310000,71,,0.022000,0.361200,True,True,True,True,False
kalimantan selatan,2023-03,2023,3,0.023100,5.750000,0.770000,63754000.000000,4.950000,0.778200,77407.310000,71,,0.022000,0.361200,True,True,True,True,False
kalimantan selatan,2023-04,2023,4,0.023600,5.750000,0.233300,63754000.000000,4.950000,0.778200,77407.310000,71,,0.022000,0.361200,True,True,True,True,False
kalimantan selatan,2023-05,2023,5,0.026300,5.750000,0.190000,63754000.000000,4.950000,0.778200,77407.310000,71,,0.022000,0.361200,True,True,True,True,False
kalimantan selatan,2023-06,2023,6,0.024700,5.750000,0.130000,63754000.000000,4.950000,0.778200,77407.310000,71,,0.022000,0.361200,True,True,True,True,False
kalimantan selatan,2023-07,2023,7,0.027400,5.750000,0.030000,63754000.000000,4.950000,0.778200,77407.310000,71,,0.022000,0.361200,True,True,True,True,False
kalimantan selatan,2023-08,2023,8,0.022900,5.750000,-0.093300,63754000.000000,4.950000,0.778200,77407.310000,71,,0.022000,0.361200,True,True,True,True,False
kalimantan selatan,2023-09,2023,9,0.021700,5.750000,0.043300,63754000.000000,4.950000,0.778200,77407.310000,71,,0.022000,0.361200,True,True,True,True,False
kalimantan selatan,2023-10,2023,10,0.023500,6.000000,0.393300,63754000.000000,4.950000,0.778200,77407.310000,71,,0.022000,0.361200,True,True,True,True,False
kalimantan selatan,2023-11,2023,11,0.027700,6.000000,0.413300,63754000.000000,4.950000,0.778200,77407.310000,71,,0.022000,0.361200,True,True,True,True,False
kalimantan selatan,2023-12,2023,12,0.025200,6.000000,0.366700,63754000.000000,4.950000,0.778200,77407.310000,71,,0.022000,0.361200,True,True,True,True,False
kalimantan selatan,2024-01,2024,1,0.023000,6.000000,0.027900,67122000.000000,4.950000,0.717600,88274.750000,70,,0.021600,0.307000,True,True,True,True,False
kalimantan selatan,2024-02,2024,2,0.021900,6.000000,0.022700,67122000.000000,4.950000,0.717600,88274.750000,70,,0.021600,0.307000,True,True,True,True,False
kalimantan selatan,2024-03,2024,3,0.022100,6.000000,0.025800,67122000.000000,4.950000,0.717600,88274.750000,70,,0.021600,0.307000,True,True,True,True,False
kalimantan selatan,2024-04,2024,4,0.019000,6.250000,0.030000,67122000.000000,4.950000,0.717600,88274.750000,70,,0.021600,0.307000,True,True,True,True,False
kalimantan selatan,2024-05,2024,5,0.020000,6.250000,0.026300,67122000.000000,4.950000,0.717600,88274.750000,70,,0.021600,0.307000,True,True,True,True,False
kalimantan selatan,2024-06,2024,6,0.018800,6.250000,0.023400,67122000.000000,4.950000,0.717600,88274.750000,70,,0.021600,0.307000,True,True,True,True,False
kalimantan selatan,2024-07,2024,7,0.014900,6.250000,0.018500,67122000.000000,4.950000,0.717600,88274.750000,70,,0.021600,0.307000,True,True,True,True,False
kalimantan selatan,2024-08,2024,8,0.014000,6.250000,0.017100,67122000.000000,4.950000,0.717600,88274.750000,70,,0.021600,0.307000,True,True,True,True,False
kalimantan selatan,2024-09,2024,9,0.014800,6.000000,0.019800,67122000.000000,4.950000,0.717600,88274.750000,70,,0.021600,0.307000,True,True,True,True,False
kalimantan selatan,2024-10,2024,10,0.015900,6.000000,0.018100,67122000.000000,4.950000,0.717600,88274.750000,70,,0.021600,0.307000,True,True,True,True,False
kalimantan selatan,2024-11,2024,11,0.018100,6.000000,0.020100,67122000.000000,4.950000,0.717600,88274.750000,70,,0.021600,0.307000,True,True,True,True,False
kalimantan selatan,2024-12,2024,12,0.020400,6.000000,0.019500,67122000.000000,4.950000,0.717600,88274.750000,70,,0.021600,0.307000,True,True,True,True,False
kalimantan selatan,2025-01,2025,1,0.019400,5.750000,0.006200,70577000.000000,4.950000,0.646700,90939.270000,71,,0.025700,0.290500,True,True,True,True,False
kalimantan selatan,2025-02,2025,2,0.019600,5.750000,0.002500,70577000.000000,4.950000,0.646700,90939.270000,71,,0.025700,0.290500,True,True,True,True,False
kalimantan selatan,2025-03,2025,3,,5.750000,0.012000,70577000.000000,4.950000,0.646700,90939.270000,71,,0.025700,0.290500,True,True,True,True,False
kalimantan selatan,2025-04,2025,4,0.023600,5.750000,0.015700,70577000.000000,4.950000,0.646700,90939.270000,71,,0.025700,0.290500,True,True,True,True,False
kalimantan selatan,2025-05,2025,5,0.025100,5.750000,0.012500,70577000.000000,4.950000,0.646700,90939.270000,71,,0.025700,0.290500,True,True,True,True,False
kalimantan selatan,2025-06,2025,6,0.020000,5.500000,0.018100,70577000.000000,4.950000,0.646700,90939.270000,71,,0.025700,0.290500,True,True,True,True,False
kalimantan selatan,2025-07,2025,7,0.021600,5.250000,0.024800,70577000.000000,4.950000,0.646700,90939.270000,71,,0.025700,0.290500,True,True,True,True,False
kalimantan selatan,2025-08,2025,8,0.022600,5.000000,0.026800,70577000.000000,4.950000,0.646700,90939.270000,71,,0.025700,0.290500,True,True,True,True,False
kalimantan selatan,2025-09,2025,9,0.023800,4.750000,0.029100,70577000.000000,4.950000,0.646700,90939.270000,71,,0.025700,0.290500,True,True,True,True,False
kalimantan selatan,2025-10,2025,10,0.023200,4.750000,0.031100,70577000.000000,4.950000,0.646700,90939.270000,71,,0.025700,0.290500,True,True,True,True,False
kalimantan selatan,2025-11,2025,11,0.022200,4.750000,0.033500,70577000.000000,4.950000,0.646700,90939.270000,71,,0.025700,0.290500,True,True,True,True,False
kalimantan selatan,2025-12,2025,12,0.020800,4.750000,0.036600,70577000.000000,4.950000,0.646700,90939.270000,71,,0.025700,0.290500,True,True,True,True,False
kalimantan tengah,2021-01,2021,1,0.004700,3.750000,,62834000.000000,,,33507.830000,47,,0.012300,0.361000,True,False,False,True,False
kalimantan tengah,2021-02,2021,2,0.007100,3.500000,0.155000,62834000.000000,4.250000,,33507.830000,47,,0.012300,0.361000,True,True,False,True,False
kalimantan tengah,2021-03,2021,3,0.007800,3.500000,0.110000,62834000.000000,4.250000,,33507.830000,47,,0.012300,0.361000,True,True,False,True,False
kalimantan tengah,2021-04,2021,4,0.007400,3.500000,,62834000.000000,4.250000,,33507.830000,47,,0.012300,0.361000,True,True,False,True,False
kalimantan tengah,2021-05,2021,5,0.009100,3.500000,,62834000.000000,4.250000,,33507.830000,47,,0.012300,0.361000,True,True,False,True,False
kalimantan tengah,2021-06,2021,6,0.010000,3.500000,,62834000.000000,4.250000,,33507.830000,47,,0.012300,0.361000,True,True,False,True,False
kalimantan tengah,2021-07,2021,7,0.012800,3.500000,,62834000.000000,4.250000,,33507.830000,47,,0.012300,0.361000,True,True,False,True,False
kalimantan tengah,2021-08,2021,8,0.013400,3.500000,-0.160000,62834000.000000,4.530000,,33507.830000,47,,0.012300,0.361000,True,True,False,True,False
kalimantan tengah,2021-09,2021,9,0.016900,3.500000,0.105000,62834000.000000,4.530000,,33507.830000,47,,0.012300,0.361000,True,True,False,True,False
kalimantan tengah,2021-10,2021,10,0.020000,3.500000,1.135000,62834000.000000,4.530000,,33507.830000,47,,0.012300,0.361000,True,True,False,True,False
kalimantan tengah,2021-11,2021,11,0.020200,3.500000,0.290000,62834000.000000,4.530000,,33507.830000,47,,0.012300,0.361000,True,True,False,True,False
kalimantan tengah,2021-12,2021,12,0.022800,3.500000,0.825000,62834000.000000,4.530000,,33507.830000,47,,0.012300,0.361000,True,True,False,True,False
kalimantan tengah,2022-01,2022,1,0.023200,3.500000,0.600000,72973000.000000,4.530000,0.766000,35480.110000,44,,0.011500,0.396400,True,True,True,True,False
kalimantan tengah,2022-02,2022,2,0.020700,3.500000,-0.020000,72973000.000000,4.530000,0.766000,35480.110000,44,,0.011500,0.396400,True,True,True,True,False
kalimantan tengah,2022-03,2022,3,0.018600,3.500000,0.830000,72973000.000000,4.530000,0.766000,35480.110000,44,,0.011500,0.396400,True,True,True,True,False
kalimantan tengah,2022-04,2022,4,0.020800,3.500000,0.970000,72973000.000000,4.530000,0.766000,35480.110000,44,,0.011500,0.396400,True,True,True,True,False
kalimantan tengah,2022-05,2022,5,0.020800,3.500000,0.935000,72973000.000000,4.530000,0.766000,35480.110000,44,,0.011500,0.396400,True,True,True,True,False
kalimantan tengah,2022-06,2022,6,0.024700,3.500000,0.880000,72973000.000000,4.530000,0.766000,35480.110000,44,,0.011500,0.396400,True,True,True,True,False
kalimantan tengah,2022-07,2022,7,0.028500,3.500000,0.400000,72973000.000000,4.530000,0.766000,35480.110000,44,,0.011500,0.396400,True,True,True,True,False
kalimantan tengah,2022-08,2022,8,0.031300,3.750000,-0.110000,72973000.000000,4.530000,0.766000,35480.110000,44,,0.011500,0.396400,True,True,True,True,False
kalimantan tengah,2022-09,2022,9,0.033800,4.250000,1.240000,72973000.000000,4.530000,0.766000,35480.110000,44,,0.011500,0.396400,True,True,True,True,False
kalimantan tengah,2022-10,2022,10,0.020800,4.750000,-0.040000,72973000.000000,4.530000,0.766000,35480.110000,44,,0.011500,0.396400,True,True,True,True,False
kalimantan tengah,2022-11,2022,11,0.022600,5.250000,0.145000,72973000.000000,4.530000,0.766000,35480.110000,44,,0.011500,0.396400,True,True,True,True,False
kalimantan tengah,2022-12,2022,12,0.021700,5.500000,0.250000,72973000.000000,4.530000,0.766000,35480.110000,44,,0.011500,0.396400,True,True,True,True,False
kalimantan tengah,2023-01,2023,1,0.019000,5.750000,0.120000,75271000.000000,4.530000,0.735100,39743.900000,44,,0.013500,0.398000,True,True,True,True,False
kalimantan tengah,2023-02,2023,2,0.018900,5.750000,0.105000,75271000.000000,4.530000,0.735100,39743.900000,44,,0.013500,0.398000,True,True,True,True,False
kalimantan tengah,2023-03,2023,3,0.020000,5.750000,0.495000,75271000.000000,4.530000,0.735100,39743.900000,44,,0.013500,0.398000,True,True,True,True,False
kalimantan tengah,2023-04,2023,4,0.016600,5.750000,0.200000,75271000.000000,4.530000,0.735100,39743.900000,44,,0.013500,0.398000,True,True,True,True,False
kalimantan tengah,2023-05,2023,5,0.023000,5.750000,0.305000,75271000.000000,4.530000,0.735100,39743.900000,44,,0.013500,0.398000,True,True,True,True,False
kalimantan tengah,2023-06,2023,6,0.021500,5.750000,0.265000,75271000.000000,4.530000,0.735100,39743.900000,44,,0.013500,0.398000,True,True,True,True,False
kalimantan tengah,2023-07,2023,7,0.023000,5.750000,0.125000,75271000.000000,4.530000,0.735100,39743.900000,44,,0.013500,0.398000,True,True,True,True,False
kalimantan tengah,2023-08,2023,8,0.017600,5.750000,-0.200000,75271000.000000,4.530000,0.735100,39743.900000,44,,0.013500,0.398000,True,True,True,True,False
kalimantan tengah,2023-09,2023,9,0.019900,5.750000,0.110000,75271000.000000,4.530000,0.735100,39743.900000,44,,0.013500,0.398000,True,True,True,True,False
kalimantan tengah,2023-10,2023,10,0.019000,6.000000,0.555000,75271000.000000,4.530000,0.735100,39743.900000,44,,0.013500,0.398000,True,True,True,True,False
kalimantan tengah,2023-11,2023,11,0.019900,6.000000,0.215000,75271000.000000,4.530000,0.735100,39743.900000,44,,0.013500,0.398000,True,True,True,True,False
kalimantan tengah,2023-12,2023,12,0.019600,6.000000,0.290000,75271000.000000,4.530000,0.735100,39743.900000,44,,0.013500,0.398000,True,True,True,True,False
kalimantan tengah,2024-01,2024,1,0.019300,6.000000,0.034000,79320000.000000,4.530000,0.824000,43955.120000,44,,0.016100,0.392000,True,True,True,True,False
kalimantan tengah,2024-02,2024,2,0.018800,6.000000,0.024600,79320000.000000,4.530000,0.824000,43955.120000,44,,0.016100,0.392000,True,True,True,True,False
kalimantan tengah,2024-03,2024,3,0.020700,6.000000,0.027200,79320000.000000,4.530000,0.824000,43955.120000,44,,0.016100,0.392000,True,True,True,True,False
kalimantan tengah,2024-04,2024,4,0.016400,6.250000,0.029900,79320000.000000,4.530000,0.824000,43955.120000,44,,0.016100,0.392000,True,True,True,True,False
kalimantan tengah,2024-05,2024,5,0.018900,6.250000,0.027200,79320000.000000,4.530000,0.824000,43955.120000,44,,0.016100,0.392000,True,True,True,True,False
kalimantan tengah,2024-06,2024,6,0.018300,6.250000,0.022200,79320000.000000,4.530000,0.824000,43955.120000,44,,0.016100,0.392000,True,True,True,True,False
kalimantan tengah,2024-07,2024,7,0.014100,6.250000,0.012800,79320000.000000,4.530000,0.824000,43955.120000,44,,0.016100,0.392000,True,True,True,True,False
kalimantan tengah,2024-08,2024,8,0.013400,6.250000,0.012900,79320000.000000,4.530000,0.824000,43955.120000,44,,0.016100,0.392000,True,True,True,True,False
kalimantan tengah,2024-09,2024,9,0.014400,6.000000,0.014500,79320000.000000,4.530000,0.824000,43955.120000,44,,0.016100,0.392000,True,True,True,True,False
kalimantan tengah,2024-10,2024,10,0.014500,6.000000,0.010300,79320000.000000,4.530000,0.824000,43955.120000,44,,0.016100,0.392000,True,True,True,True,False
kalimantan tengah,2024-11,2024,11,0.014900,6.000000,0.010200,79320000.000000,4.530000,0.824000,43955.120000,44,,0.016100,0.392000,True,True,True,True,False
kalimantan tengah,2024-12,2024,12,0.019100,6.000000,0.010300,79320000.000000,4.530000,0.824000,43955.120000,44,,0.016100,0.392000,True,True,True,True,False
kalimantan tengah,2025-01,2025,1,0.018100,5.750000,0.002800,84730000.000000,4.530000,0.895700,47412.590000,44,,0.019400,0.385800,True,True,True,True,False
kalimantan tengah,2025-02,2025,2,0.018300,5.750000,0.002800,84730000.000000,4.530000,0.895700,47412.590000,44,,0.019400,0.385800,True,True,True,True,False
kalimantan tengah,2025-03,2025,3,,5.750000,0.013300,84730000.000000,4.530000,0.895700,47412.590000,44,,0.019400,0.385800,True,True,True,True,False
kalimantan tengah,2025-04,2025,4,0.018400,5.750000,0.012100,84730000.000000,4.530000,0.895700,47412.590000,44,,0.019400,0.385800,True,True,True,True,False
kalimantan tengah,2025-05,2025,5,0.021400,5.750000,0.004600,84730000.000000,4.530000,0.895700,47412.590000,44,,0.019400,0.385800,True,True,True,True,False
kalimantan tengah,2025-06,2025,6,0.014900,5.500000,0.010600,84730000.000000,4.530000,0.895700,47412.590000,44,,0.019400,0.385800,True,True,True,True,False
kalimantan tengah,2025-07,2025,7,0.019100,5.250000,0.021300,84730000.000000,4.530000,0.895700,47412.590000,44,,0.019400,0.385800,True,True,True,True,False
kalimantan tengah,2025-08,2025,8,0.016200,5.000000,0.020800,84730000.000000,4.530000,0.895700,47412.590000,44,,0.019400,0.385800,True,True,True,True,False
kalimantan tengah,2025-09,2025,9,0.020700,4.750000,0.023500,84730000.000000,4.530000,0.895700,47412.590000,44,,0.019400,0.385800,True,True,True,True,False
kalimantan tengah,2025-10,2025,10,0.019100,4.750000,0.027300,84730000.000000,4.530000,0.895700,47412.590000,44,,0.019400,0.385800,True,True,True,True,False
kalimantan tengah,2025-11,2025,11,0.016100,4.750000,0.025600,84730000.000000,4.530000,0.895700,47412.590000,44,,0.019400,0.385800,True,True,True,True,False
kalimantan tengah,2025-12,2025,12,0.014000,4.750000,0.031300,84730000.000000,4.530000,0.895700,47412.590000,44,,0.019400,0.385800,True,True,True,True,False
kalimantan timur,2021-01,2021,1,0.009300,3.750000,,183158000.000000,,,119519.170000,118,,0.038900,0.310200,True,False,False,True,False
kalimantan timur,2021-02,2021,2,0.009800,3.500000,0.195000,183158000.000000,6.810000,,119519.170000,118,,0.038900,0.310200,True,True,False,True,False
kalimantan timur,2021-03,2021,3,0.010300,3.500000,0.200000,183158000.000000,6.810000,,119519.170000,118,,0.038900,0.310200,True,True,False,True,False
kalimantan timur,2021-04,2021,4,0.010000,3.500000,,183158000.000000,6.810000,,119519.170000,118,,0.038900,0.310200,True,True,False,True,False
kalimantan timur,2021-05,2021,5,0.015400,3.500000,,183158000.000000,6.810000,,119519.170000,118,,0.038900,0.310200,True,True,False,True,False
kalimantan timur,2021-06,2021,6,0.012800,3.500000,,183158000.000000,6.810000,,119519.170000,118,,0.038900,0.310200,True,True,False,True,False
kalimantan timur,2021-07,2021,7,0.016000,3.500000,,183158000.000000,6.810000,,119519.170000,118,,0.038900,0.310200,True,True,False,True,False
kalimantan timur,2021-08,2021,8,0.017600,3.500000,-0.170000,183158000.000000,6.830000,,119519.170000,118,,0.038900,0.310200,True,True,False,True,False
kalimantan timur,2021-09,2021,9,0.018100,3.500000,0.155000,183158000.000000,6.830000,,119519.170000,118,,0.038900,0.310200,True,True,False,True,False
kalimantan timur,2021-10,2021,10,0.019700,3.500000,0.040000,183158000.000000,6.830000,,119519.170000,118,,0.038900,0.310200,True,True,False,True,False
kalimantan timur,2021-11,2021,11,0.019800,3.500000,0.180000,183158000.000000,6.830000,,119519.170000,118,,0.038900,0.310200,True,True,False,True,False
kalimantan timur,2021-12,2021,12,0.021400,3.500000,0.685000,183158000.000000,6.830000,,119519.170000,118,,0.038900,0.310200,True,True,False,True,False
kalimantan timur,2022-01,2022,1,0.024000,3.500000,0.860000,238917000.000000,6.830000,0.776000,141003.720000,113,,0.032700,0.366600,True,True,True,True,False
kalimantan timur,2022-02,2022,2,0.021200,3.500000,-0.355000,238917000.000000,6.830000,0.776000,141003.720000,113,,0.032700,0.366600,True,True,True,True,False
kalimantan timur,2022-03,2022,3,0.018700,3.500000,0.745000,238917000.000000,6.830000,0.776000,141003.720000,113,,0.032700,0.366600,True,True,True,True,False
kalimantan timur,2022-04,2022,4,0.018600,3.500000,1.190000,238917000.000000,6.830000,0.776000,141003.720000,113,,0.032700,0.366600,True,True,True,True,False
kalimantan timur,2022-05,2022,5,0.020600,3.500000,0.580000,238917000.000000,6.830000,0.776000,141003.720000,113,,0.032700,0.366600,True,True,True,True,False
kalimantan timur,2022-06,2022,6,0.021900,3.500000,0.475000,238917000.000000,6.830000,0.776000,141003.720000,113,,0.032700,0.366600,True,True,True,True,False
kalimantan timur,2022-07,2022,7,0.024800,3.500000,0.625000,238917000.000000,6.830000,0.776000,141003.720000,113,,0.032700,0.366600,True,True,True,True,False
kalimantan timur,2022-08,2022,8,0.025600,3.750000,-0.265000,238917000.000000,6.830000,0.776000,141003.720000,113,,0.032700,0.366600,True,True,True,True,False
kalimantan timur,2022-09,2022,9,0.026800,4.250000,0.855000,238917000.000000,6.830000,0.776000,141003.720000,113,,0.032700,0.366600,True,True,True,True,False
kalimantan timur,2022-10,2022,10,0.021600,4.750000,0.155000,238917000.000000,6.830000,0.776000,141003.720000,113,,0.032700,0.366600,True,True,True,True,False
kalimantan timur,2022-11,2022,11,0.021900,5.250000,0.145000,238917000.000000,6.830000,0.776000,141003.720000,113,,0.032700,0.366600,True,True,True,True,False
kalimantan timur,2022-12,2022,12,0.020500,5.500000,0.230000,238917000.000000,6.830000,0.776000,141003.720000,113,,0.032700,0.366600,True,True,True,True,False
kalimantan timur,2023-01,2023,1,0.018800,5.750000,0.425000,215804000.000000,6.830000,0.790100,156245.260000,112,,0.018900,0.364300,True,True,True,True,False
kalimantan timur,2023-02,2023,2,0.016600,5.750000,0.135000,215804000.000000,6.830000,0.790100,156245.260000,112,,0.018900,0.364300,True,True,True,True,False
kalimantan timur,2023-03,2023,3,0.018700,5.750000,0.595000,215804000.000000,6.830000,0.790100,156245.260000,112,,0.018900,0.364300,True,True,True,True,False
kalimantan timur,2023-04,2023,4,0.020900,5.750000,0.425000,215804000.000000,6.830000,0.790100,156245.260000,112,,0.018900,0.364300,True,True,True,True,False
kalimantan timur,2023-05,2023,5,0.024800,5.750000,0.220000,215804000.000000,6.830000,0.790100,156245.260000,112,,0.018900,0.364300,True,True,True,True,False
kalimantan timur,2023-06,2023,6,0.022700,5.750000,0.165000,215804000.000000,6.830000,0.790100,156245.260000,112,,0.018900,0.364300,True,True,True,True,False
kalimantan timur,2023-07,2023,7,0.024800,5.750000,0.435000,215804000.000000,6.830000,0.790100,156245.260000,112,,0.018900,0.364300,True,True,True,True,False
kalimantan timur,2023-08,2023,8,0.018600,5.750000,-0.030000,215804000.000000,6.830000,0.790100,156245.260000,112,,0.018900,0.364300,True,True,True,True,False
kalimantan timur,2023-09,2023,9,0.020400,5.750000,0.105000,215804000.000000,6.830000,0.790100,156245.260000,112,,0.018900,0.364300,True,True,True,True,False
kalimantan timur,2023-10,2023,10,0.021200,6.000000,0.185000,215804000.000000,6.830000,0.790100,156245.260000,112,,0.018900,0.364300,True,True,True,True,False
kalimantan timur,2023-11,2023,11,0.022000,6.000000,0.370000,215804000.000000,6.830000,0.790100,156245.260000,112,,0.018900,0.364300,True,True,True,True,False
kalimantan timur,2023-12,2023,12,0.021700,6.000000,0.400000,215804000.000000,6.830000,0.790100,156245.260000,112,,0.018900,0.364300,True,True,True,True,False
kalimantan timur,2024-01,2024,1,0.022200,6.000000,0.029500,212117000.000000,6.830000,0.806300,169406.110000,110,,0.019800,0.350300,True,True,True,True,False
kalimantan timur,2024-02,2024,2,0.023900,6.000000,0.032800,212117000.000000,6.830000,0.806300,169406.110000,110,,0.019800,0.350300,True,True,True,True,False
kalimantan timur,2024-03,2024,3,0.024200,6.000000,0.030300,212117000.000000,6.830000,0.806300,169406.110000,110,,0.019800,0.350300,True,True,True,True,False
kalimantan timur,2024-04,2024,4,0.019900,6.250000,0.032100,212117000.000000,6.830000,0.806300,169406.110000,110,,0.019800,0.350300,True,True,True,True,False
kalimantan timur,2024-05,2024,5,0.022600,6.250000,0.032900,212117000.000000,6.830000,0.806300,169406.110000,110,,0.019800,0.350300,True,True,True,True,False
kalimantan timur,2024-06,2024,6,0.018900,6.250000,0.029900,212117000.000000,6.830000,0.806300,169406.110000,110,,0.019800,0.350300,True,True,True,True,False
kalimantan timur,2024-07,2024,7,0.014800,6.250000,0.021800,212117000.000000,6.830000,0.806300,169406.110000,110,,0.019800,0.350300,True,True,True,True,False
kalimantan timur,2024-08,2024,8,0.013700,6.250000,0.021300,212117000.000000,6.830000,0.806300,169406.110000,110,,0.019800,0.350300,True,True,True,True,False
kalimantan timur,2024-09,2024,9,0.014700,6.000000,0.021600,212117000.000000,6.830000,0.806300,169406.110000,110,,0.019800,0.350300,True,True,True,True,False
kalimantan timur,2024-10,2024,10,0.015400,6.000000,0.017500,212117000.000000,6.830000,0.806300,169406.110000,110,,0.019800,0.350300,True,True,True,True,False
kalimantan timur,2024-11,2024,11,0.016100,6.000000,0.015400,212117000.000000,6.830000,0.806300,169406.110000,110,,0.019800,0.350300,True,True,True,True,False
kalimantan timur,2024-12,2024,12,0.017000,6.000000,0.014700,212117000.000000,6.830000,0.806300,169406.110000,110,,0.019800,0.350300,True,True,True,True,False
kalimantan timur,2025-01,2025,1,0.015900,5.750000,0.002100,208331000.000000,6.830000,0.888300,165206.040000,110,,0.021200,0.332200,True,True,True,True,False
kalimantan timur,2025-02,2025,2,0.018200,5.750000,-0.003000,208331000.000000,6.830000,0.888300,165206.040000,110,,0.021200,0.332200,True,True,True,True,False
kalimantan timur,2025-03,2025,3,,5.750000,0.013600,208331000.000000,6.830000,0.888300,165206.040000,110,,0.021200,0.332200,True,True,True,True,False
kalimantan timur,2025-04,2025,4,0.021000,5.750000,0.015700,208331000.000000,6.830000,0.888300,165206.040000,110,,0.021200,0.332200,True,True,True,True,False
kalimantan timur,2025-05,2025,5,0.022100,5.750000,0.010300,208331000.000000,6.830000,0.888300,165206.040000,110,,0.021200,0.332200,True,True,True,True,False
kalimantan timur,2025-06,2025,6,0.019400,5.500000,0.016200,208331000.000000,6.830000,0.888300,165206.040000,110,,0.021200,0.332200,True,True,True,True,False
kalimantan timur,2025-07,2025,7,0.018800,5.250000,0.020800,208331000.000000,6.830000,0.888300,165206.040000,110,,0.021200,0.332200,True,True,True,True,False
kalimantan timur,2025-08,2025,8,0.016600,5.000000,0.017900,208331000.000000,6.830000,0.888300,165206.040000,110,,0.021200,0.332200,True,True,True,True,False
kalimantan timur,2025-09,2025,9,0.016400,4.750000,0.017700,208331000.000000,6.830000,0.888300,165206.040000,110,,0.021200,0.332200,True,True,True,True,False
kalimantan timur,2025-10,2025,10,0.016000,4.750000,0.019400,208331000.000000,6.830000,0.888300,165206.040000,110,,0.021200,0.332200,True,True,True,True,False
kalimantan timur,2025-11,2025,11,0.016900,4.750000,0.022800,208331000.000000,6.830000,0.888300,165206.040000,110,,0.021200,0.332200,True,True,True,True,False
kalimantan timur,2025-12,2025,12,0.016300,4.750000,0.026800,208331000.000000,6.830000,0.888300,165206.040000,110,,0.021200,0.332200,True,True,True,True,False
kalimantan utara,2021-01,2021,1,0.005400,3.750000,,157092000.000000,,,,,,,,True,False,False,False,True
kalimantan utara,2021-02,2021,2,0.005400,3.500000,-0.070000,157092000.000000,4.670000,,,,,,,True,True,False,False,True
kalimantan utara,2021-03,2021,3,0.006000,3.500000,0.225000,157092000.000000,4.670000,,,,,,,True,True,False,False,True
kalimantan utara,2021-04,2021,4,0.008200,3.500000,,157092000.000000,4.670000,,,,,,,True,True,False,False,True
kalimantan utara,2021-05,2021,5,0.011800,3.500000,,157092000.000000,4.670000,,,,,,,True,True,False,False,True
kalimantan utara,2021-06,2021,6,0.014200,3.500000,,157092000.000000,4.670000,,,,,,,True,True,False,False,True
kalimantan utara,2021-07,2021,7,0.015600,3.500000,,157092000.000000,4.670000,,,,,,,True,True,False,False,True
kalimantan utara,2021-08,2021,8,0.014400,3.500000,-0.390000,157092000.000000,4.580000,,,,,,,True,True,False,False,True
kalimantan utara,2021-09,2021,9,0.016000,3.500000,0.130000,157092000.000000,4.580000,,,,,,,True,True,False,False,True
kalimantan utara,2021-10,2021,10,0.019200,3.500000,0.190000,157092000.000000,4.580000,,,,,,,True,True,False,False,True
kalimantan utara,2021-11,2021,11,0.020400,3.500000,0.615000,157092000.000000,4.580000,,,,,,,True,True,False,False,True
kalimantan utara,2021-12,2021,12,0.020400,3.500000,1.105000,157092000.000000,4.580000,,,,,,,True,True,False,False,True
kalimantan utara,2022-01,2022,1,0.023600,3.500000,0.800000,192588000.000000,4.580000,0.721000,,,,,,True,True,True,False,True
kalimantan utara,2022-02,2022,2,0.020200,3.500000,0.000000,192588000.000000,4.580000,0.721000,,,,,,True,True,True,False,True
kalimantan utara,2022-03,2022,3,0.019900,3.500000,1.010000,192588000.000000,4.580000,0.721000,,,,,,True,True,True,False,True
kalimantan utara,2022-04,2022,4,0.021900,3.500000,0.665000,192588000.000000,4.580000,0.721000,,,,,,True,True,True,False,True
kalimantan utara,2022-05,2022,5,0.026600,3.500000,0.765000,192588000.000000,4.580000,0.721000,,,,,,True,True,True,False,True
kalimantan utara,2022-06,2022,6,0.030400,3.500000,1.000000,192588000.000000,4.580000,0.721000,,,,,,True,True,True,False,True
kalimantan utara,2022-07,2022,7,0.033600,3.500000,0.420000,192588000.000000,4.580000,0.721000,,,,,,True,True,True,False,True
kalimantan utara,2022-08,2022,8,0.028100,3.750000,-0.625000,192588000.000000,4.580000,0.721000,,,,,,True,True,True,False,True
kalimantan utara,2022-09,2022,9,0.027900,4.250000,1.145000,192588000.000000,4.580000,0.721000,,,,,,True,True,True,False,True
kalimantan utara,2022-10,2022,10,0.018100,4.750000,0.080000,192588000.000000,4.580000,0.721000,,,,,,True,True,True,False,True
kalimantan utara,2022-11,2022,11,0.021600,5.250000,0.155000,192588000.000000,4.580000,0.721000,,,,,,True,True,True,False,True
kalimantan utara,2022-12,2022,12,0.019200,5.500000,0.390000,192588000.000000,4.580000,0.721000,,,,,,True,True,True,False,True
kalimantan utara,2023-01,2023,1,0.019200,5.750000,0.140000,201789000.000000,4.580000,0.747500,,,,,,True,True,True,False,True
kalimantan utara,2023-02,2023,2,0.019200,5.750000,0.170000,201789000.000000,4.580000,0.747500,,,,,,True,True,True,False,True
kalimantan utara,2023-03,2023,3,0.020200,5.750000,0.235000,201789000.000000,4.580000,0.747500,,,,,,True,True,True,False,True
kalimantan utara,2023-04,2023,4,0.018500,5.750000,0.540000,201789000.000000,4.580000,0.747500,,,,,,True,True,True,False,True
kalimantan utara,2023-05,2023,5,0.018300,5.750000,-0.085000,201789000.000000,4.580000,0.747500,,,,,,True,True,True,False,True
kalimantan utara,2023-06,2023,6,0.016600,5.750000,0.245000,201789000.000000,4.580000,0.747500,,,,,,True,True,True,False,True
kalimantan utara,2023-07,2023,7,0.021000,5.750000,0.350000,201789000.000000,4.580000,0.747500,,,,,,True,True,True,False,True
kalimantan utara,2023-08,2023,8,0.014600,5.750000,-0.045000,201789000.000000,4.580000,0.747500,,,,,,True,True,True,False,True
kalimantan utara,2023-09,2023,9,0.016100,5.750000,-0.205000,201789000.000000,4.580000,0.747500,,,,,,True,True,True,False,True
kalimantan utara,2023-10,2023,10,0.016800,6.000000,0.165000,201789000.000000,4.580000,0.747500,,,,,,True,True,True,False,True
kalimantan utara,2023-11,2023,11,0.015400,6.000000,0.345000,201789000.000000,4.580000,0.747500,,,,,,True,True,True,False,True
kalimantan utara,2023-12,2023,12,0.016500,6.000000,0.545000,201789000.000000,4.580000,0.747500,,,,,,True,True,True,False,True
kalimantan utara,2024-01,2024,1,0.016200,6.000000,0.019900,198677000.000000,4.580000,0.666900,,,,,,True,True,True,False,True
kalimantan utara,2024-02,2024,2,0.013300,6.000000,0.023300,198677000.000000,4.580000,0.666900,,,,,,True,True,True,False,True
kalimantan utara,2024-03,2024,3,0.014800,6.000000,0.026200,198677000.000000,4.580000,0.666900,,,,,,True,True,True,False,True
kalimantan utara,2024-04,2024,4,0.012200,6.250000,0.024700,198677000.000000,4.580000,0.666900,,,,,,True,True,True,False,True
kalimantan utara,2024-05,2024,5,0.013800,6.250000,0.024200,198677000.000000,4.580000,0.666900,,,,,,True,True,True,False,True
kalimantan utara,2024-06,2024,6,0.014400,6.250000,0.023900,198677000.000000,4.580000,0.666900,,,,,,True,True,True,False,True
kalimantan utara,2024-07,2024,7,0.012000,6.250000,0.019800,198677000.000000,4.580000,0.666900,,,,,,True,True,True,False,True
kalimantan utara,2024-08,2024,8,0.011000,6.250000,0.015900,198677000.000000,4.580000,0.666900,,,,,,True,True,True,False,True
kalimantan utara,2024-09,2024,9,0.011400,6.000000,0.017400,198677000.000000,4.580000,0.666900,,,,,,True,True,True,False,True
kalimantan utara,2024-10,2024,10,0.010400,6.000000,0.022000,198677000.000000,4.580000,0.666900,,,,,,True,True,True,False,True
kalimantan utara,2024-11,2024,11,0.011700,6.000000,0.016800,198677000.000000,4.580000,0.666900,,,,,,True,True,True,False,True
kalimantan utara,2024-12,2024,12,0.013800,6.000000,0.012900,198677000.000000,4.580000,0.666900,,,,,,True,True,True,False,True
kalimantan utara,2025-01,2025,1,0.013100,5.750000,-0.001200,208210000.000000,4.580000,0.701500,,,,,,True,True,True,False,True
kalimantan utara,2025-02,2025,2,0.015500,5.750000,-0.004900,208210000.000000,4.580000,0.701500,,,,,,True,True,True,False,True
kalimantan utara,2025-03,2025,3,,5.750000,0.012400,208210000.000000,4.580000,0.701500,,,,,,True,True,True,False,True
kalimantan utara,2025-04,2025,4,0.014500,5.750000,0.013000,208210000.000000,4.580000,0.701500,,,,,,True,True,True,False,True
kalimantan utara,2025-05,2025,5,0.025700,5.750000,0.012400,208210000.000000,4.580000,0.701500,,,,,,True,True,True,False,True
kalimantan utara,2025-06,2025,6,0.030800,5.500000,0.013800,208210000.000000,4.580000,0.701500,,,,,,True,True,True,False,True
kalimantan utara,2025-07,2025,7,0.031100,5.250000,0.019900,208210000.000000,4.580000,0.701500,,,,,,True,True,True,False,True
kalimantan utara,2025-08,2025,8,0.036600,5.000000,0.022400,208210000.000000,4.580000,0.701500,,,,,,True,True,True,False,True
kalimantan utara,2025-09,2025,9,0.035000,4.750000,0.023200,208210000.000000,4.580000,0.701500,,,,,,True,True,True,False,True
kalimantan utara,2025-10,2025,10,0.046100,4.750000,0.022300,208210000.000000,4.580000,0.701500,,,,,,True,True,True,False,True
kalimantan utara,2025-11,2025,11,0.044900,4.750000,0.024700,208210000.000000,4.580000,0.701500,,,,,,True,True,True,False,True
kalimantan utara,2025-12,2025,12,0.044500,4.750000,0.025700,208210000.000000,4.580000,0.701500,,,,,,True,True,True,False,True
kepulauan bangka belitung,2021-01,2021,1,0.005500,3.750000,,58406000.000000,,,22953.450000,31,,0.022100,0.406700,True,False,False,True,False
kepulauan bangka belitung,2021-02,2021,2,0.005400,3.500000,-0.025000,58406000.000000,5.040000,,22953.450000,31,,0.022100,0.406700,True,True,False,True,False
kepulauan bangka belitung,2021-03,2021,3,0.005400,3.500000,-0.150000,58406000.000000,5.040000,,22953.450000,31,,0.022100,0.406700,True,True,False,True,False
kepulauan bangka belitung,2021-04,2021,4,0.005700,3.500000,,58406000.000000,5.040000,,22953.450000,31,,0.022100,0.406700,True,True,False,True,False
kepulauan bangka belitung,2021-05,2021,5,0.010600,3.500000,,58406000.000000,5.040000,,22953.450000,31,,0.022100,0.406700,True,True,False,True,False
kepulauan bangka belitung,2021-06,2021,6,0.008600,3.500000,,58406000.000000,5.040000,,22953.450000,31,,0.022100,0.406700,True,True,False,True,False
kepulauan bangka belitung,2021-07,2021,7,0.010100,3.500000,,58406000.000000,5.040000,,22953.450000,31,,0.022100,0.406700,True,True,False,True,False
kepulauan bangka belitung,2021-08,2021,8,0.010600,3.500000,0.005000,58406000.000000,5.030000,,22953.450000,31,,0.022100,0.406700,True,True,False,True,False
kepulauan bangka belitung,2021-09,2021,9,0.015500,3.500000,0.490000,58406000.000000,5.030000,,22953.450000,31,,0.022100,0.406700,True,True,False,True,False
kepulauan bangka belitung,2021-10,2021,10,0.018200,3.500000,-0.205000,58406000.000000,5.030000,,22953.450000,31,,0.022100,0.406700,True,True,False,True,False
kepulauan bangka belitung,2021-11,2021,11,0.019000,3.500000,0.575000,58406000.000000,5.030000,,22953.450000,31,,0.022100,0.406700,True,True,False,True,False
kepulauan bangka belitung,2021-12,2021,12,0.020100,3.500000,1.205000,58406000.000000,5.030000,,22953.450000,31,,0.022100,0.406700,True,True,False,True,False
kepulauan bangka belitung,2022-01,2022,1,0.020800,3.500000,0.880000,63866000.000000,5.030000,0.801000,24448.700000,31,,0.033000,0.801200,True,True,True,True,False
kepulauan bangka belitung,2022-02,2022,2,0.018700,3.500000,-1.305000,63866000.000000,5.030000,0.801000,24448.700000,31,,0.033000,0.801200,True,True,True,True,False
kepulauan bangka belitung,2022-03,2022,3,0.017700,3.500000,1.195000,63866000.000000,5.030000,0.801000,24448.700000,31,,0.033000,0.801200,True,True,True,True,False
kepulauan bangka belitung,2022-04,2022,4,0.018800,3.500000,2.200000,63866000.000000,5.030000,0.801000,24448.700000,31,,0.033000,0.801200,True,True,True,True,False
kepulauan bangka belitung,2022-05,2022,5,0.018000,3.500000,1.545000,63866000.000000,5.030000,0.801000,24448.700000,31,,0.033000,0.801200,True,True,True,True,False
kepulauan bangka belitung,2022-06,2022,6,0.018400,3.500000,-0.125000,63866000.000000,5.030000,0.801000,24448.700000,31,,0.033000,0.801200,True,True,True,True,False
kepulauan bangka belitung,2022-07,2022,7,0.020000,3.500000,1.065000,63866000.000000,5.030000,0.801000,24448.700000,31,,0.033000,0.801200,True,True,True,True,False
kepulauan bangka belitung,2022-08,2022,8,0.020700,3.750000,-1.425000,63866000.000000,5.030000,0.801000,24448.700000,31,,0.033000,0.801200,True,True,True,True,False
kepulauan bangka belitung,2022-09,2022,9,0.023000,4.250000,0.720000,63866000.000000,5.030000,0.801000,24448.700000,31,,0.033000,0.801200,True,True,True,True,False
kepulauan bangka belitung,2022-10,2022,10,0.016500,4.750000,-0.650000,63866000.000000,5.030000,0.801000,24448.700000,31,,0.033000,0.801200,True,True,True,True,False
kepulauan bangka belitung,2022-11,2022,11,0.017500,5.250000,-0.225000,63866000.000000,5.030000,0.801000,24448.700000,31,,0.033000,0.801200,True,True,True,True,False
kepulauan bangka belitung,2022-12,2022,12,0.015100,5.500000,1.210000,63866000.000000,5.030000,0.801000,24448.700000,31,,0.033000,0.801200,True,True,True,True,False
kepulauan bangka belitung,2023-01,2023,1,0.014900,5.750000,0.805000,67813000.000000,5.030000,0.826600,23323.240000,30,,0.016300,0.781300,True,True,True,True,False
kepulauan bangka belitung,2023-02,2023,2,0.014200,5.750000,-0.285000,67813000.000000,5.030000,0.826600,23323.240000,30,,0.016300,0.781300,True,True,True,True,False
kepulauan bangka belitung,2023-03,2023,3,0.014200,5.750000,0.480000,67813000.000000,5.030000,0.826600,23323.240000,30,,0.016300,0.781300,True,True,True,True,False
kepulauan bangka belitung,2023-04,2023,4,0.012900,5.750000,0.385000,67813000.000000,5.030000,0.826600,23323.240000,30,,0.016300,0.781300,True,True,True,True,False
kepulauan bangka belitung,2023-05,2023,5,0.015100,5.750000,0.645000,67813000.000000,5.030000,0.826600,23323.240000,30,,0.016300,0.781300,True,True,True,True,False
kepulauan bangka belitung,2023-06,2023,6,0.016000,5.750000,0.185000,67813000.000000,5.030000,0.826600,23323.240000,30,,0.016300,0.781300,True,True,True,True,False
kepulauan bangka belitung,2023-07,2023,7,0.020200,5.750000,0.435000,67813000.000000,5.030000,0.826600,23323.240000,30,,0.016300,0.781300,True,True,True,True,False
kepulauan bangka belitung,2023-08,2023,8,0.011900,5.750000,-0.170000,67813000.000000,5.030000,0.826600,23323.240000,30,,0.016300,0.781300,True,True,True,True,False
kepulauan bangka belitung,2023-09,2023,9,0.012700,5.750000,1.010000,67813000.000000,5.030000,0.826600,23323.240000,30,,0.016300,0.781300,True,True,True,True,False
kepulauan bangka belitung,2023-10,2023,10,0.013000,6.000000,-0.370000,67813000.000000,5.030000,0.826600,23323.240000,30,,0.016300,0.781300,True,True,True,True,False
kepulauan bangka belitung,2023-11,2023,11,0.014200,6.000000,-0.080000,67813000.000000,5.030000,0.826600,23323.240000,30,,0.016300,0.781300,True,True,True,True,False
kepulauan bangka belitung,2023-12,2023,12,0.014200,6.000000,-0.155000,67813000.000000,5.030000,0.826600,23323.240000,30,,0.016300,0.781300,True,True,True,True,False
kepulauan bangka belitung,2024-01,2024,1,0.014100,6.000000,0.012100,70193000.000000,5.030000,0.848300,22868.340000,30,,0.016500,0.831600,True,True,True,True,False
kepulauan bangka belitung,2024-02,2024,2,0.014500,6.000000,0.018600,70193000.000000,5.030000,0.848300,22868.340000,30,,0.016500,0.831600,True,True,True,True,False
kepulauan bangka belitung,2024-03,2024,3,0.014300,6.000000,0.018000,70193000.000000,5.030000,0.848300,22868.340000,30,,0.016500,0.831600,True,True,True,True,False
kepulauan bangka belitung,2024-04,2024,4,0.011900,6.250000,0.019300,70193000.000000,5.030000,0.848300,22868.340000,30,,0.016500,0.831600,True,True,True,True,False
kepulauan bangka belitung,2024-05,2024,5,0.014200,6.250000,0.012500,70193000.000000,5.030000,0.848300,22868.340000,30,,0.016500,0.831600,True,True,True,True,False
kepulauan bangka belitung,2024-06,2024,6,0.013300,6.250000,0.010800,70193000.000000,5.030000,0.848300,22868.340000,30,,0.016500,0.831600,True,True,True,True,False
kepulauan bangka belitung,2024-07,2024,7,0.014600,6.250000,0.008400,70193000.000000,5.030000,0.848300,22868.340000,30,,0.016500,0.831600,True,True,True,True,False
kepulauan bangka belitung,2024-08,2024,8,0.016600,6.250000,0.010200,70193000.000000,5.030000,0.848300,22868.340000,30,,0.016500,0.831600,True,True,True,True,False
kepulauan bangka belitung,2024-09,2024,9,0.017800,6.000000,0.004900,70193000.000000,5.030000,0.848300,22868.340000,30,,0.016500,0.831600,True,True,True,True,False
kepulauan bangka belitung,2024-10,2024,10,0.020100,6.000000,0.002200,70193000.000000,5.030000,0.848300,22868.340000,30,,0.016500,0.831600,True,True,True,True,False
kepulauan bangka belitung,2024-11,2024,11,0.020000,6.000000,0.002200,70193000.000000,5.030000,0.848300,22868.340000,30,,0.016500,0.831600,True,True,True,True,False
kepulauan bangka belitung,2024-12,2024,12,0.020100,6.000000,0.007500,70193000.000000,5.030000,0.848300,22868.340000,30,,0.016500,0.831600,True,True,True,True,False
kepulauan bangka belitung,2025-01,2025,1,0.020800,5.750000,-0.002300,75323000.000000,5.030000,0.808800,24610.480000,30,,0.020000,0.878000,True,True,True,True,False
kepulauan bangka belitung,2025-02,2025,2,0.020600,5.750000,-0.006400,75323000.000000,5.030000,0.808800,24610.480000,30,,0.020000,0.878000,True,True,True,True,False
kepulauan bangka belitung,2025-03,2025,3,,5.750000,0.011300,75323000.000000,5.030000,0.808800,24610.480000,30,,0.020000,0.878000,True,True,True,True,False
kepulauan bangka belitung,2025-04,2025,4,0.019800,5.750000,0.013700,75323000.000000,5.030000,0.808800,24610.480000,30,,0.020000,0.878000,True,True,True,True,False
kepulauan bangka belitung,2025-05,2025,5,0.019500,5.750000,0.007900,75323000.000000,5.030000,0.808800,24610.480000,30,,0.020000,0.878000,True,True,True,True,False
kepulauan bangka belitung,2025-06,2025,6,0.016000,5.500000,0.009900,75323000.000000,5.030000,0.808800,24610.480000,30,,0.020000,0.878000,True,True,True,True,False
kepulauan bangka belitung,2025-07,2025,7,0.016300,5.250000,0.020500,75323000.000000,5.030000,0.808800,24610.480000,30,,0.020000,0.878000,True,True,True,True,False
kepulauan bangka belitung,2025-08,2025,8,0.018100,5.000000,0.013400,75323000.000000,5.030000,0.808800,24610.480000,30,,0.020000,0.878000,True,True,True,True,False
kepulauan bangka belitung,2025-09,2025,9,0.013800,4.750000,0.018200,75323000.000000,5.030000,0.808800,24610.480000,30,,0.020000,0.878000,True,True,True,True,False
kepulauan bangka belitung,2025-10,2025,10,0.014500,4.750000,0.025100,75323000.000000,5.030000,0.808800,24610.480000,30,,0.020000,0.878000,True,True,True,True,False
kepulauan bangka belitung,2025-11,2025,11,0.015000,4.750000,0.028700,75323000.000000,5.030000,0.808800,24610.480000,30,,0.020000,0.878000,True,True,True,True,False
kepulauan bangka belitung,2025-12,2025,12,0.015700,4.750000,0.027700,75323000.000000,5.030000,0.808800,24610.480000,30,,0.020000,0.878000,True,True,True,True,False
kepulauan riau,2021-01,2021,1,0.011000,3.750000,,131884000.000000,,,53870.550000,61,,0.029900,0.244500,True,False,False,True,False
kepulauan riau,2021-02,2021,2,0.008800,3.500000,-0.595000,131884000.000000,10.120000,,53870.550000,61,,0.029900,0.244500,True,True,False,True,False
kepulauan riau,2021-03,2021,3,0.008800,3.500000,-0.220000,131884000.000000,10.120000,,53870.550000,61,,0.029900,0.244500,True,True,False,True,False
kepulauan riau,2021-04,2021,4,0.009000,3.500000,,131884000.000000,10.120000,,53870.550000,61,,0.029900,0.244500,True,True,False,True,False
kepulauan riau,2021-05,2021,5,0.007600,3.500000,,131884000.000000,10.120000,,53870.550000,61,,0.029900,0.244500,True,True,False,True,False
kepulauan riau,2021-06,2021,6,0.010800,3.500000,,131884000.000000,10.120000,,53870.550000,61,,0.029900,0.244500,True,True,False,True,False
kepulauan riau,2021-07,2021,7,0.013500,3.500000,,131884000.000000,10.120000,,53870.550000,61,,0.029900,0.244500,True,True,False,True,False
kepulauan riau,2021-08,2021,8,0.013500,3.500000,-0.380000,131884000.000000,9.910000,,53870.550000,61,,0.029900,0.244500,True,True,False,True,False
kepulauan riau,2021-09,2021,9,0.014800,3.500000,0.260000,131884000.000000,9.910000,,53870.550000,61,,0.029900,0.244500,True,True,False,True,False
kepulauan riau,2021-10,2021,10,0.017400,3.500000,0.240000,131884000.000000,9.910000,,53870.550000,61,,0.029900,0.244500,True,True,False,True,False
kepulauan riau,2021-11,2021,11,0.018900,3.500000,0.855000,131884000.000000,9.910000,,53870.550000,61,,0.029900,0.244500,True,True,False,True,False
kepulauan riau,2021-12,2021,12,0.020400,3.500000,0.500000,131884000.000000,9.910000,,53870.550000,61,,0.029900,0.244500,True,True,False,True,False
kepulauan riau,2022-01,2022,1,0.022000,3.500000,0.560000,145530000.000000,9.910000,0.737000,64186.110000,58,,0.019100,0.790900,True,True,True,True,False
kepulauan riau,2022-02,2022,2,0.020900,3.500000,-0.200000,145530000.000000,9.910000,0.737000,64186.110000,58,,0.019100,0.790900,True,True,True,True,False
kepulauan riau,2022-03,2022,3,0.024200,3.500000,0.545000,145530000.000000,9.910000,0.737000,64186.110000,58,,0.019100,0.790900,True,True,True,True,False
kepulauan riau,2022-04,2022,4,0.024900,3.500000,0.980000,145530000.000000,9.910000,0.737000,64186.110000,58,,0.019100,0.790900,True,True,True,True,False
kepulauan riau,2022-05,2022,5,0.021100,3.500000,0.905000,145530000.000000,9.910000,0.737000,64186.110000,58,,0.019100,0.790900,True,True,True,True,False
kepulauan riau,2022-06,2022,6,0.023700,3.500000,0.820000,145530000.000000,9.910000,0.737000,64186.110000,58,,0.019100,0.790900,True,True,True,True,False
kepulauan riau,2022-07,2022,7,0.027100,3.500000,0.635000,145530000.000000,9.910000,0.737000,64186.110000,58,,0.019100,0.790900,True,True,True,True,False
kepulauan riau,2022-08,2022,8,0.028100,3.750000,-0.520000,145530000.000000,9.910000,0.737000,64186.110000,58,,0.019100,0.790900,True,True,True,True,False
kepulauan riau,2022-09,2022,9,0.028700,4.250000,1.000000,145530000.000000,9.910000,0.737000,64186.110000,58,,0.019100,0.790900,True,True,True,True,False
kepulauan riau,2022-10,2022,10,0.025800,4.750000,-0.190000,145530000.000000,9.910000,0.737000,64186.110000,58,,0.019100,0.790900,True,True,True,True,False
kepulauan riau,2022-11,2022,11,0.024600,5.250000,-0.190000,145530000.000000,9.910000,0.737000,64186.110000,58,,0.019100,0.790900,True,True,True,True,False
kepulauan riau,2022-12,2022,12,0.023400,5.500000,0.995000,145530000.000000,9.910000,0.737000,64186.110000,58,,0.019100,0.790900,True,True,True,True,False
kepulauan riau,2023-01,2023,1,0.021700,5.750000,-0.185000,154065000.000000,9.910000,0.756700,71196.760000,61,,0.038100,0.780500,True,True,True,True,False
kepulauan riau,2023-02,2023,2,0.019200,5.750000,0.410000,154065000.000000,9.910000,0.756700,71196.760000,61,,0.038100,0.780500,True,True,True,True,False
kepulauan riau,2023-03,2023,3,0.022000,5.750000,-0.180000,154065000.000000,9.910000,0.756700,71196.760000,61,,0.038100,0.780500,True,True,True,True,False
kepulauan riau,2023-04,2023,4,0.017300,5.750000,0.345000,154065000.000000,9.910000,0.756700,71196.760000,61,,0.038100,0.780500,True,True,True,True,False
kepulauan riau,2023-05,2023,5,0.022000,5.750000,-0.260000,154065000.000000,9.910000,0.756700,71196.760000,61,,0.038100,0.780500,True,True,True,True,False
kepulauan riau,2023-06,2023,6,0.021100,5.750000,0.405000,154065000.000000,9.910000,0.756700,71196.760000,61,,0.038100,0.780500,True,True,True,True,False
kepulauan riau,2023-07,2023,7,0.023500,5.750000,0.310000,154065000.000000,9.910000,0.756700,71196.760000,61,,0.038100,0.780500,True,True,True,True,False
kepulauan riau,2023-08,2023,8,0.017500,5.750000,0.095000,154065000.000000,9.910000,0.756700,71196.760000,61,,0.038100,0.780500,True,True,True,True,False
kepulauan riau,2023-09,2023,9,0.018700,5.750000,0.270000,154065000.000000,9.910000,0.756700,71196.760000,61,,0.038100,0.780500,True,True,True,True,False
kepulauan riau,2023-10,2023,10,0.017900,6.000000,0.220000,154065000.000000,9.910000,0.756700,71196.760000,61,,0.038100,0.780500,True,True,True,True,False
kepulauan riau,2023-11,2023,11,0.017900,6.000000,0.725000,154065000.000000,9.910000,0.756700,71196.760000,61,,0.038100,0.780500,True,True,True,True,False
kepulauan riau,2023-12,2023,12,0.021500,6.000000,0.325000,154065000.000000,9.910000,0.756700,71196.760000,61,,0.038100,0.780500,True,True,True,True,False
kepulauan riau,2024-01,2024,1,0.018300,6.000000,0.033800,161424000.000000,9.910000,0.810900,74243.230000,58,,0.036100,0.759500,True,True,True,True,False
kepulauan riau,2024-02,2024,2,0.016900,6.000000,0.026500,161424000.000000,9.910000,0.810900,74243.230000,58,,0.036100,0.759500,True,True,True,True,False
kepulauan riau,2024-03,2024,3,0.017600,6.000000,0.033700,161424000.000000,9.910000,0.810900,74243.230000,58,,0.036100,0.759500,True,True,True,True,False
kepulauan riau,2024-04,2024,4,0.015500,6.250000,0.030400,161424000.000000,9.910000,0.810900,74243.230000,58,,0.036100,0.759500,True,True,True,True,False
kepulauan riau,2024-05,2024,5,0.019500,6.250000,0.036700,161424000.000000,9.910000,0.810900,74243.230000,58,,0.036100,0.759500,True,True,True,True,False
kepulauan riau,2024-06,2024,6,0.018700,6.250000,0.035400,161424000.000000,9.910000,0.810900,74243.230000,58,,0.036100,0.759500,True,True,True,True,False
kepulauan riau,2024-07,2024,7,0.016100,6.250000,0.028100,161424000.000000,9.910000,0.810900,74243.230000,58,,0.036100,0.759500,True,True,True,True,False
kepulauan riau,2024-08,2024,8,0.015200,6.250000,0.026400,161424000.000000,9.910000,0.810900,74243.230000,58,,0.036100,0.759500,True,True,True,True,False
kepulauan riau,2024-09,2024,9,0.015100,6.000000,0.025300,161424000.000000,9.910000,0.810900,74243.230000,58,,0.036100,0.759500,True,True,True,True,False
kepulauan riau,2024-10,2024,10,0.014900,6.000000,0.023100,161424000.000000,9.910000,0.810900,74243.230000,58,,0.036100,0.759500,True,True,True,True,False
kepulauan riau,2024-11,2024,11,0.016500,6.000000,0.018900,161424000.000000,9.910000,0.810900,74243.230000,58,,0.036100,0.759500,True,True,True,True,False
kepulauan riau,2024-12,2024,12,0.016400,6.000000,0.020900,161424000.000000,9.910000,0.810900,74243.230000,58,,0.036100,0.759500,True,True,True,True,False
kepulauan riau,2025-01,2025,1,0.016000,5.750000,0.020100,172459000.000000,9.910000,0.810300,76973.610000,59,,0.033100,0.717700,True,True,True,True,False
kepulauan riau,2025-02,2025,2,0.016400,5.750000,0.020900,172459000.000000,9.910000,0.810300,76973.610000,59,,0.033100,0.717700,True,True,True,True,False
kepulauan riau,2025-03,2025,3,,5.750000,0.020100,172459000.000000,9.910000,0.810300,76973.610000,59,,0.033100,0.717700,True,True,True,True,False
kepulauan riau,2025-04,2025,4,0.020500,5.750000,0.025600,172459000.000000,9.910000,0.810300,76973.610000,59,,0.033100,0.717700,True,True,True,True,False
kepulauan riau,2025-05,2025,5,0.020700,5.750000,0.017300,172459000.000000,9.910000,0.810300,76973.610000,59,,0.033100,0.717700,True,True,True,True,False
kepulauan riau,2025-06,2025,6,0.018000,5.500000,0.013200,172459000.000000,9.910000,0.810300,76973.610000,59,,0.033100,0.717700,True,True,True,True,False
kepulauan riau,2025-07,2025,7,0.017400,5.250000,0.019700,172459000.000000,9.910000,0.810300,76973.610000,59,,0.033100,0.717700,True,True,True,True,False
kepulauan riau,2025-08,2025,8,0.015000,5.000000,0.021900,172459000.000000,9.910000,0.810300,76973.610000,59,,0.033100,0.717700,True,True,True,True,False
kepulauan riau,2025-09,2025,9,0.016400,4.750000,0.027000,172459000.000000,9.910000,0.810300,76973.610000,59,,0.033100,0.717700,True,True,True,True,False
kepulauan riau,2025-10,2025,10,0.016800,4.750000,0.030100,172459000.000000,9.910000,0.810300,76973.610000,59,,0.033100,0.717700,True,True,True,True,False
kepulauan riau,2025-11,2025,11,0.016400,4.750000,0.030000,172459000.000000,9.910000,0.810300,76973.610000,59,,0.033100,0.717700,True,True,True,True,False
kepulauan riau,2025-12,2025,12,0.016200,4.750000,0.034700,172459000.000000,9.910000,0.810300,76973.610000,59,,0.033100,0.717700,True,True,True,True,False
lampung,2021-01,2021,1,0.018900,3.750000,,40807000.000000,,,50422.040000,66,,0.053600,0.400100,True,False,False,True,False
lampung,2021-02,2021,2,0.016400,3.500000,0.205000,40807000.000000,4.540000,,50422.040000,66,,0.053600,0.400100,True,True,False,True,False
lampung,2021-03,2021,3,0.017500,3.500000,-0.260000,40807000.000000,4.540000,,50422.040000,66,,0.053600,0.400100,True,True,False,True,False
lampung,2021-04,2021,4,0.018900,3.500000,,40807000.000000,4.540000,,50422.040000,66,,0.053600,0.400100,True,True,False,True,False
lampung,2021-05,2021,5,0.012000,3.500000,,40807000.000000,4.540000,,50422.040000,66,,0.053600,0.400100,True,True,False,True,False
lampung,2021-06,2021,6,0.020500,3.500000,,40807000.000000,4.540000,,50422.040000,66,,0.053600,0.400100,True,True,False,True,False
lampung,2021-07,2021,7,0.022100,3.500000,,40807000.000000,4.540000,,50422.040000,66,,0.053600,0.400100,True,True,False,True,False
lampung,2021-08,2021,8,0.021000,3.500000,-0.405000,40807000.000000,4.690000,,50422.040000,66,,0.053600,0.400100,True,True,False,True,False
lampung,2021-09,2021,9,0.021400,3.500000,-0.020000,40807000.000000,4.690000,,50422.040000,66,,0.053600,0.400100,True,True,False,True,False
lampung,2021-10,2021,10,0.022800,3.500000,0.195000,40807000.000000,4.690000,,50422.040000,66,,0.053600,0.400100,True,True,False,True,False
lampung,2021-11,2021,11,0.022700,3.500000,0.505000,40807000.000000,4.690000,,50422.040000,66,,0.053600,0.400100,True,True,False,True,False
lampung,2021-12,2021,12,0.024000,3.500000,0.990000,40807000.000000,4.690000,,50422.040000,66,,0.053600,0.400100,True,True,False,True,False
lampung,2022-01,2022,1,0.026400,3.500000,0.465000,44982000.000000,4.690000,0.772000,52656.140000,65,,0.048700,0.454100,True,True,True,True,False
lampung,2022-02,2022,2,0.024800,3.500000,-0.300000,44982000.000000,4.690000,0.772000,52656.140000,65,,0.048700,0.454100,True,True,True,True,False
lampung,2022-03,2022,3,0.025800,3.500000,0.895000,44982000.000000,4.690000,0.772000,52656.140000,65,,0.048700,0.454100,True,True,True,True,False
lampung,2022-04,2022,4,0.028800,3.500000,1.020000,44982000.000000,4.690000,0.772000,52656.140000,65,,0.048700,0.454100,True,True,True,True,False
lampung,2022-05,2022,5,0.028100,3.500000,0.610000,44982000.000000,4.690000,0.772000,52656.140000,65,,0.048700,0.454100,True,True,True,True,False
lampung,2022-06,2022,6,0.031200,3.500000,1.145000,44982000.000000,4.690000,0.772000,52656.140000,65,,0.048700,0.454100,True,True,True,True,False
lampung,2022-07,2022,7,0.034400,3.500000,0.665000,44982000.000000,4.690000,0.772000,52656.140000,65,,0.048700,0.454100,True,True,True,True,False
lampung,2022-08,2022,8,0.035100,3.750000,-0.640000,44982000.000000,4.690000,0.772000,52656.140000,65,,0.048700,0.454100,True,True,True,True,False
lampung,2022-09,2022,9,0.034900,4.250000,1.180000,44982000.000000,4.690000,0.772000,52656.140000,65,,0.048700,0.454100,True,True,True,True,False
lampung,2022-10,2022,10,0.023700,4.750000,-0.350000,44982000.000000,4.690000,0.772000,52656.140000,65,,0.048700,0.454100,True,True,True,True,False
lampung,2022-11,2022,11,0.024900,5.250000,0.030000,44982000.000000,4.690000,0.772000,52656.140000,65,,0.048700,0.454100,True,True,True,True,False
lampung,2022-12,2022,12,0.021000,5.500000,0.625000,44982000.000000,4.690000,0.772000,52656.140000,65,,0.048700,0.454100,True,True,True,True,False
lampung,2023-01,2023,1,0.021600,5.750000,0.790000,48188000.000000,4.690000,0.758600,53539.910000,65,,0.026000,0.493800,True,True,True,True,False
lampung,2023-02,2023,2,0.021100,5.750000,0.160000,48188000.000000,4.690000,0.758600,53539.910000,65,,0.026000,0.493800,True,True,True,True,False
lampung,2023-03,2023,3,0.021100,5.750000,-0.075000,48188000.000000,4.690000,0.758600,53539.910000,65,,0.026000,0.493800,True,True,True,True,False
lampung,2023-04,2023,4,0.021900,5.750000,0.300000,48188000.000000,4.690000,0.758600,53539.910000,65,,0.026000,0.493800,True,True,True,True,False
lampung,2023-05,2023,5,0.025800,5.750000,0.070000,48188000.000000,4.690000,0.758600,53539.910000,65,,0.026000,0.493800,True,True,True,True,False
lampung,2023-06,2023,6,0.028800,5.750000,0.090000,48188000.000000,4.690000,0.758600,53539.910000,65,,0.026000,0.493800,True,True,True,True,False
lampung,2023-07,2023,7,0.032200,5.750000,0.135000,48188000.000000,4.690000,0.758600,53539.910000,65,,0.026000,0.493800,True,True,True,True,False
lampung,2023-08,2023,8,0.027700,5.750000,0.135000,48188000.000000,4.690000,0.758600,53539.910000,65,,0.026000,0.493800,True,True,True,True,False
lampung,2023-09,2023,9,0.027900,5.750000,0.330000,48188000.000000,4.690000,0.758600,53539.910000,65,,0.026000,0.493800,True,True,True,True,False
lampung,2023-10,2023,10,0.028200,6.000000,0.360000,48188000.000000,4.690000,0.758600,53539.910000,65,,0.026000,0.493800,True,True,True,True,False
lampung,2023-11,2023,11,0.025300,6.000000,0.940000,48188000.000000,4.690000,0.758600,53539.910000,65,,0.026000,0.493800,True,True,True,True,False
lampung,2023-12,2023,12,0.026000,6.000000,-0.005000,48188000.000000,4.690000,0.758600,53539.910000,65,,0.026000,0.493800,True,True,True,True,False
lampung,2024-01,2024,1,0.027500,6.000000,0.032800,51387000.000000,4.690000,0.777500,57454.120000,65,,0.027800,0.480000,True,True,True,True,False
lampung,2024-02,2024,2,0.030400,6.000000,0.032800,51387000.000000,4.690000,0.777500,57454.120000,65,,0.027800,0.480000,True,True,True,True,False
lampung,2024-03,2024,3,0.031500,6.000000,0.034500,51387000.000000,4.690000,0.777500,57454.120000,65,,0.027800,0.480000,True,True,True,True,False
lampung,2024-04,2024,4,0.028000,6.250000,0.032900,51387000.000000,4.690000,0.777500,57454.120000,65,,0.027800,0.480000,True,True,True,True,False
lampung,2024-05,2024,5,0.030500,6.250000,0.030900,51387000.000000,4.690000,0.777500,57454.120000,65,,0.027800,0.480000,True,True,True,True,False
lampung,2024-06,2024,6,0.027400,6.250000,0.028400,51387000.000000,4.690000,0.777500,57454.120000,65,,0.027800,0.480000,True,True,True,True,False
lampung,2024-07,2024,7,0.028500,6.250000,0.025500,51387000.000000,4.690000,0.777500,57454.120000,65,,0.027800,0.480000,True,True,True,True,False
lampung,2024-08,2024,8,0.028300,6.250000,0.023300,51387000.000000,4.690000,0.777500,57454.120000,65,,0.027800,0.480000,True,True,True,True,False
lampung,2024-09,2024,9,0.026100,6.000000,0.021600,51387000.000000,4.690000,0.777500,57454.120000,65,,0.027800,0.480000,True,True,True,True,False
lampung,2024-10,2024,10,0.026500,6.000000,0.019400,51387000.000000,4.690000,0.777500,57454.120000,65,,0.027800,0.480000,True,True,True,True,False
lampung,2024-11,2024,11,0.024000,6.000000,0.015000,51387000.000000,4.690000,0.777500,57454.120000,65,,0.027800,0.480000,True,True,True,True,False
lampung,2024-12,2024,12,0.023700,6.000000,0.015700,51387000.000000,4.690000,0.777500,57454.120000,65,,0.027800,0.480000,True,True,True,True,False
lampung,2025-01,2025,1,0.024600,5.750000,0.010400,55009000.000000,4.690000,0.782600,60319.760000,64,,0.027700,0.474600,True,True,True,True,False
lampung,2025-02,2025,2,0.028300,5.750000,-0.000200,55009000.000000,4.690000,0.782600,60319.760000,64,,0.027700,0.474600,True,True,True,True,False
lampung,2025-03,2025,3,,5.750000,0.015800,55009000.000000,4.690000,0.782600,60319.760000,64,,0.027700,0.474600,True,True,True,True,False
lampung,2025-04,2025,4,0.031400,5.750000,0.028000,55009000.000000,4.690000,0.782600,60319.760000,64,,0.027700,0.474600,True,True,True,True,False
lampung,2025-05,2025,5,0.034200,5.750000,0.021200,55009000.000000,4.690000,0.782600,60319.760000,64,,0.027700,0.474600,True,True,True,True,False
lampung,2025-06,2025,6,0.028100,5.500000,0.022700,55009000.000000,4.690000,0.782600,60319.760000,64,,0.027700,0.474600,True,True,True,True,False
lampung,2025-07,2025,7,0.027800,5.250000,0.026300,55009000.000000,4.690000,0.782600,60319.760000,64,,0.027700,0.474600,True,True,True,True,False
lampung,2025-08,2025,8,0.028400,5.000000,0.010500,55009000.000000,4.690000,0.782600,60319.760000,64,,0.027700,0.474600,True,True,True,True,False
lampung,2025-09,2025,9,0.028400,4.750000,0.011700,55009000.000000,4.690000,0.782600,60319.760000,64,,0.027700,0.474600,True,True,True,True,False
lampung,2025-10,2025,10,0.024800,4.750000,0.012000,55009000.000000,4.690000,0.782600,60319.760000,64,,0.027700,0.474600,True,True,True,True,False
lampung,2025-11,2025,11,0.026000,4.750000,0.011400,55009000.000000,4.690000,0.782600,60319.760000,64,,0.027700,0.474600,True,True,True,True,False
lampung,2025-12,2025,12,0.023800,4.750000,0.012500,55009000.000000,4.690000,0.782600,60319.760000,64,,0.027700,0.474600,True,True,True,True,False
maluku,2021-01,2021,1,0.006400,3.750000,,26153000.000000,,,14303.770000,35,,0.018000,0.352400,True,False,False,True,False
maluku,2021-02,2021,2,0.005300,3.500000,-0.255000,26153000.000000,6.730000,,14303.770000,35,,0.018000,0.352400,True,True,False,True,False
maluku,2021-03,2021,3,0.006200,3.500000,0.290000,26153000.000000,6.730000,,14303.770000,35,,0.018000,0.352400,True,True,False,True,False
maluku,2021-04,2021,4,0.005900,3.500000,,26153000.000000,6.730000,,14303.770000,35,,0.018000,0.352400,True,True,False,True,False
maluku,2021-05,2021,5,0.009100,3.500000,,26153000.000000,6.730000,,14303.770000,35,,0.018000,0.352400,True,True,False,True,False
maluku,2021-06,2021,6,0.009700,3.500000,,26153000.000000,6.730000,,14303.770000,35,,0.018000,0.352400,True,True,False,True,False
maluku,2021-07,2021,7,0.011700,3.500000,,26153000.000000,6.730000,,14303.770000,35,,0.018000,0.352400,True,True,False,True,False
maluku,2021-08,2021,8,0.010300,3.500000,-0.005000,26153000.000000,6.930000,,14303.770000,35,,0.018000,0.352400,True,True,False,True,False
maluku,2021-09,2021,9,0.010800,3.500000,0.095000,26153000.000000,6.930000,,14303.770000,35,,0.018000,0.352400,True,True,False,True,False
maluku,2021-10,2021,10,0.012400,3.500000,-0.165000,26153000.000000,6.930000,,14303.770000,35,,0.018000,0.352400,True,True,False,True,False
maluku,2021-11,2021,11,0.046000,3.500000,0.490000,26153000.000000,6.930000,,14303.770000,35,,0.018000,0.352400,True,True,False,True,False
maluku,2021-12,2021,12,0.045400,3.500000,1.115000,26153000.000000,6.930000,,14303.770000,35,,0.018000,0.352400,True,True,False,True,False
maluku,2022-01,2022,1,0.047400,3.500000,0.270000,28537000.000000,6.930000,0.705000,14033.570000,35,,0.017400,0.371000,True,True,True,True,False
maluku,2022-02,2022,2,0.016500,3.500000,-0.780000,28537000.000000,6.930000,0.705000,14033.570000,35,,0.017400,0.371000,True,True,True,True,False
maluku,2022-03,2022,3,0.013600,3.500000,0.105000,28537000.000000,6.930000,0.705000,14033.570000,35,,0.017400,0.371000,True,True,True,True,False
maluku,2022-04,2022,4,0.014700,3.500000,1.230000,28537000.000000,6.930000,0.705000,14033.570000,35,,0.017400,0.371000,True,True,True,True,False
maluku,2022-05,2022,5,0.016200,3.500000,0.955000,28537000.000000,6.930000,0.705000,14033.570000,35,,0.017400,0.371000,True,True,True,True,False
maluku,2022-06,2022,6,0.020500,3.500000,0.365000,28537000.000000,6.930000,0.705000,14033.570000,35,,0.017400,0.371000,True,True,True,True,False
maluku,2022-07,2022,7,0.023100,3.500000,1.665000,28537000.000000,6.930000,0.705000,14033.570000,35,,0.017400,0.371000,True,True,True,True,False
maluku,2022-08,2022,8,0.044500,3.750000,-0.045000,28537000.000000,6.930000,0.705000,14033.570000,35,,0.017400,0.371000,True,True,True,True,False
maluku,2022-09,2022,9,0.043000,4.250000,0.660000,28537000.000000,6.930000,0.705000,14033.570000,35,,0.017400,0.371000,True,True,True,True,False
maluku,2022-10,2022,10,0.035800,4.750000,-0.735000,28537000.000000,6.930000,0.705000,14033.570000,35,,0.017400,0.371000,True,True,True,True,False
maluku,2022-11,2022,11,0.037700,5.250000,0.995000,28537000.000000,6.930000,0.705000,14033.570000,35,,0.017400,0.371000,True,True,True,True,False
maluku,2022-12,2022,12,0.035400,5.500000,0.680000,28537000.000000,6.930000,0.705000,14033.570000,35,,0.017400,0.371000,True,True,True,True,False
maluku,2023-01,2023,1,0.032700,5.750000,0.160000,30455000.000000,6.930000,0.749900,14371.650000,36,,0.022300,0.391300,True,True,True,True,False
maluku,2023-02,2023,2,0.029200,5.750000,0.015000,30455000.000000,6.930000,0.749900,14371.650000,36,,0.022300,0.391300,True,True,True,True,False
maluku,2023-03,2023,3,0.031200,5.750000,0.300000,30455000.000000,6.930000,0.749900,14371.650000,36,,0.022300,0.391300,True,True,True,True,False
maluku,2023-04,2023,4,0.012500,5.750000,0.380000,30455000.000000,6.930000,0.749900,14371.650000,36,,0.022300,0.391300,True,True,True,True,False
maluku,2023-05,2023,5,0.018600,5.750000,0.775000,30455000.000000,6.930000,0.749900,14371.650000,36,,0.022300,0.391300,True,True,True,True,False
maluku,2023-06,2023,6,0.019600,5.750000,0.860000,30455000.000000,6.930000,0.749900,14371.650000,36,,0.022300,0.391300,True,True,True,True,False
maluku,2023-07,2023,7,0.023400,5.750000,-0.280000,30455000.000000,6.930000,0.749900,14371.650000,36,,0.022300,0.391300,True,True,True,True,False
maluku,2023-08,2023,8,0.013900,5.750000,0.025000,30455000.000000,6.930000,0.749900,14371.650000,36,,0.022300,0.391300,True,True,True,True,False
maluku,2023-09,2023,9,0.013300,5.750000,0.430000,30455000.000000,6.930000,0.749900,14371.650000,36,,0.022300,0.391300,True,True,True,True,False
maluku,2023-10,2023,10,0.013100,6.000000,-0.345000,30455000.000000,6.930000,0.749900,14371.650000,36,,0.022300,0.391300,True,True,True,True,False
maluku,2023-11,2023,11,0.011900,6.000000,0.025000,30455000.000000,6.930000,0.749900,14371.650000,36,,0.022300,0.391300,True,True,True,True,False
maluku,2023-12,2023,12,0.013100,6.000000,0.675000,30455000.000000,6.930000,0.749900,14371.650000,36,,0.022300,0.391300,True,True,True,True,False
maluku,2024-01,2024,1,0.014400,6.000000,0.041200,32199000.000000,6.930000,0.656800,14445.460000,36,,0.024600,0.377100,True,True,True,True,False
maluku,2024-02,2024,2,0.012200,6.000000,0.030200,32199000.000000,6.930000,0.656800,14445.460000,36,,0.024600,0.377100,True,True,True,True,False
maluku,2024-03,2024,3,0.014400,6.000000,0.027500,32199000.000000,6.930000,0.656800,14445.460000,36,,0.024600,0.377100,True,True,True,True,False
maluku,2024-04,2024,4,0.009600,6.250000,0.024300,32199000.000000,6.930000,0.656800,14445.460000,36,,0.024600,0.377100,True,True,True,True,False
maluku,2024-05,2024,5,0.012200,6.250000,0.032100,32199000.000000,6.930000,0.656800,14445.460000,36,,0.024600,0.377100,True,True,True,True,False
maluku,2024-06,2024,6,0.010200,6.250000,0.036300,32199000.000000,6.930000,0.656800,14445.460000,36,,0.024600,0.377100,True,True,True,True,False
maluku,2024-07,2024,7,0.007700,6.250000,0.027100,32199000.000000,6.930000,0.656800,14445.460000,36,,0.024600,0.377100,True,True,True,True,False
maluku,2024-08,2024,8,0.007400,6.250000,0.025800,32199000.000000,6.930000,0.656800,14445.460000,36,,0.024600,0.377100,True,True,True,True,False
maluku,2024-09,2024,9,0.006800,6.000000,0.017900,32199000.000000,6.930000,0.656800,14445.460000,36,,0.024600,0.377100,True,True,True,True,False
maluku,2024-10,2024,10,0.007200,6.000000,0.021300,32199000.000000,6.930000,0.656800,14445.460000,36,,0.024600,0.377100,True,True,True,True,False
maluku,2024-11,2024,11,0.007000,6.000000,0.022300,32199000.000000,6.930000,0.656800,14445.460000,36,,0.024600,0.377100,True,True,True,True,False
maluku,2024-12,2024,12,0.007800,6.000000,0.012800,32199000.000000,6.930000,0.656800,14445.460000,36,,0.024600,0.377100,True,True,True,True,False
maluku,2025-01,2025,1,0.007800,5.750000,0.007600,33652000.000000,6.930000,0.654800,14975.420000,36,,0.028200,0.378400,True,True,True,True,False
maluku,2025-02,2025,2,0.007600,5.750000,0.013300,33652000.000000,6.930000,0.654800,14975.420000,36,,0.028200,0.378400,True,True,True,True,False
maluku,2025-03,2025,3,,5.750000,0.035400,33652000.000000,6.930000,0.654800,14975.420000,36,,0.028200,0.378400,True,True,True,True,False
maluku,2025-04,2025,4,0.010100,5.750000,0.033400,33652000.000000,6.930000,0.654800,14975.420000,36,,0.028200,0.378400,True,True,True,True,False
maluku,2025-05,2025,5,0.010200,5.750000,0.022400,33652000.000000,6.930000,0.654800,14975.420000,36,,0.028200,0.378400,True,True,True,True,False
maluku,2025-06,2025,6,0.008400,5.500000,0.018800,33652000.000000,6.930000,0.654800,14975.420000,36,,0.028200,0.378400,True,True,True,True,False
maluku,2025-07,2025,7,0.011500,5.250000,0.029900,33652000.000000,6.930000,0.654800,14975.420000,36,,0.028200,0.378400,True,True,True,True,False
maluku,2025-08,2025,8,0.010600,5.000000,0.032500,33652000.000000,6.930000,0.654800,14975.420000,36,,0.028200,0.378400,True,True,True,True,False
maluku,2025-09,2025,9,0.009000,4.750000,0.030100,33652000.000000,6.930000,0.654800,14975.420000,36,,0.028200,0.378400,True,True,True,True,False
maluku,2025-10,2025,10,0.006800,4.750000,0.023000,33652000.000000,6.930000,0.654800,14975.420000,36,,0.028200,0.378400,True,True,True,True,False
maluku,2025-11,2025,11,0.007900,4.750000,0.023300,33652000.000000,6.930000,0.654800,14975.420000,36,,0.028200,0.378400,True,True,True,True,False
maluku,2025-12,2025,12,0.006600,4.750000,0.035800,33652000.000000,6.930000,0.654800,14975.420000,36,,0.028200,0.378400,True,True,True,True,False
maluku utara,2021-01,2021,1,0.005100,3.750000,,40381000.000000,,,9029.950000,23,,0.013400,0.279200,True,False,False,True,False
maluku utara,2021-02,2021,2,0.006000,3.500000,0.540000,40381000.000000,5.060000,,9029.950000,23,,0.013400,0.279200,True,True,False,True,False
maluku utara,2021-03,2021,3,0.006200,3.500000,0.080000,40381000.000000,5.060000,,9029.950000,23,,0.013400,0.279200,True,True,False,True,False
maluku utara,2021-04,2021,4,0.006900,3.500000,,40381000.000000,5.060000,,9029.950000,23,,0.013400,0.279200,True,True,False,True,False
maluku utara,2021-05,2021,5,0.008500,3.500000,,40381000.000000,5.060000,,9029.950000,23,,0.013400,0.279200,True,True,False,True,False
maluku utara,2021-06,2021,6,0.009600,3.500000,,40381000.000000,5.060000,,9029.950000,23,,0.013400,0.279200,True,True,False,True,False
maluku utara,2021-07,2021,7,0.010500,3.500000,,40381000.000000,5.060000,,9029.950000,23,,0.013400,0.279200,True,True,False,True,False
maluku utara,2021-08,2021,8,0.007800,3.500000,-0.610000,40381000.000000,4.710000,,9029.950000,23,,0.013400,0.279200,True,True,False,True,False
maluku utara,2021-09,2021,9,0.006800,3.500000,-0.110000,40381000.000000,4.710000,,9029.950000,23,,0.013400,0.279200,True,True,False,True,False
maluku utara,2021-10,2021,10,0.009200,3.500000,0.660000,40381000.000000,4.710000,,9029.950000,23,,0.013400,0.279200,True,True,False,True,False
maluku utara,2021-11,2021,11,0.013000,3.500000,0.250000,40381000.000000,4.710000,,9029.950000,23,,0.013400,0.279200,True,True,False,True,False
maluku utara,2021-12,2021,12,0.017400,3.500000,1.030000,40381000.000000,4.710000,,9029.950000,23,,0.013400,0.279200,True,True,False,True,False
maluku utara,2022-01,2022,1,0.016300,3.500000,-0.220000,53776000.000000,4.710000,0.686000,9975.770000,22,,0.010700,0.276200,True,True,True,True,False
maluku utara,2022-02,2022,2,0.014300,3.500000,-1.110000,53776000.000000,4.710000,0.686000,9975.770000,22,,0.010700,0.276200,True,True,True,True,False
maluku utara,2022-03,2022,3,0.012400,3.500000,0.340000,53776000.000000,4.710000,0.686000,9975.770000,22,,0.010700,0.276200,True,True,True,True,False
maluku utara,2022-04,2022,4,0.014100,3.500000,0.820000,53776000.000000,4.710000,0.686000,9975.770000,22,,0.010700,0.276200,True,True,True,True,False
maluku utara,2022-05,2022,5,0.013200,3.500000,0.270000,53776000.000000,4.710000,0.686000,9975.770000,22,,0.010700,0.276200,True,True,True,True,False
maluku utara,2022-06,2022,6,0.016300,3.500000,0.330000,53776000.000000,4.710000,0.686000,9975.770000,22,,0.010700,0.276200,True,True,True,True,False
maluku utara,2022-07,2022,7,0.018000,3.500000,1.820000,53776000.000000,4.710000,0.686000,9975.770000,22,,0.010700,0.276200,True,True,True,True,False
maluku utara,2022-08,2022,8,0.019400,3.750000,-0.240000,53776000.000000,4.710000,0.686000,9975.770000,22,,0.010700,0.276200,True,True,True,True,False
maluku utara,2022-09,2022,9,0.021500,4.250000,0.510000,53776000.000000,4.710000,0.686000,9975.770000,22,,0.010700,0.276200,True,True,True,True,False
maluku utara,2022-10,2022,10,0.013500,4.750000,-0.490000,53776000.000000,4.710000,0.686000,9975.770000,22,,0.010700,0.276200,True,True,True,True,False
maluku utara,2022-11,2022,11,0.015500,5.250000,0.190000,53776000.000000,4.710000,0.686000,9975.770000,22,,0.010700,0.276200,True,True,True,True,False
maluku utara,2022-12,2022,12,0.017800,5.500000,1.140000,53776000.000000,4.710000,0.686000,9975.770000,22,,0.010700,0.276200,True,True,True,True,False
maluku utara,2023-01,2023,1,0.015700,5.750000,0.100000,64270000.000000,4.710000,0.712500,10636.620000,22,,0.015200,0.295500,True,True,True,True,False
maluku utara,2023-02,2023,2,0.011100,5.750000,1.850000,64270000.000000,4.710000,0.712500,10636.620000,22,,0.015200,0.295500,True,True,True,True,False
maluku utara,2023-03,2023,3,0.014100,5.750000,-1.260000,64270000.000000,4.710000,0.712500,10636.620000,22,,0.015200,0.295500,True,True,True,True,False
maluku utara,2023-04,2023,4,0.011000,5.750000,1.320000,64270000.000000,4.710000,0.712500,10636.620000,22,,0.015200,0.295500,True,True,True,True,False
maluku utara,2023-05,2023,5,0.014200,5.750000,0.340000,64270000.000000,4.710000,0.712500,10636.620000,22,,0.015200,0.295500,True,True,True,True,False
maluku utara,2023-06,2023,6,0.014200,5.750000,0.010000,64270000.000000,4.710000,0.712500,10636.620000,22,,0.015200,0.295500,True,True,True,True,False
maluku utara,2023-07,2023,7,0.017400,5.750000,0.300000,64270000.000000,4.710000,0.712500,10636.620000,22,,0.015200,0.295500,True,True,True,True,False
maluku utara,2023-08,2023,8,0.011500,5.750000,0.260000,64270000.000000,4.710000,0.712500,10636.620000,22,,0.015200,0.295500,True,True,True,True,False
maluku utara,2023-09,2023,9,0.011900,5.750000,-0.420000,64270000.000000,4.710000,0.712500,10636.620000,22,,0.015200,0.295500,True,True,True,True,False
maluku utara,2023-10,2023,10,0.012400,6.000000,0.430000,64270000.000000,4.710000,0.712500,10636.620000,22,,0.015200,0.295500,True,True,True,True,False
maluku utara,2023-11,2023,11,0.012200,6.000000,-0.200000,64270000.000000,4.710000,0.712500,10636.620000,22,,0.015200,0.295500,True,True,True,True,False
maluku utara,2023-12,2023,12,0.011000,6.000000,1.640000,64270000.000000,4.710000,0.712500,10636.620000,22,,0.015200,0.295500,True,True,True,True,False
maluku utara,2024-01,2024,1,0.011100,6.000000,0.043300,71517000.000000,4.710000,0.684500,12495.510000,22,,0.022600,0.286600,True,True,True,True,False
maluku utara,2024-02,2024,2,0.011600,6.000000,0.027100,71517000.000000,4.710000,0.684500,12495.510000,22,,0.022600,0.286600,True,True,True,True,False
maluku utara,2024-03,2024,3,0.013200,6.000000,0.035700,71517000.000000,4.710000,0.684500,12495.510000,22,,0.022600,0.286600,True,True,True,True,False
maluku utara,2024-04,2024,4,0.009800,6.250000,0.029300,71517000.000000,4.710000,0.684500,12495.510000,22,,0.022600,0.286600,True,True,True,True,False
maluku utara,2024-05,2024,5,0.012200,6.250000,0.032700,71517000.000000,4.710000,0.684500,12495.510000,22,,0.022600,0.286600,True,True,True,True,False
maluku utara,2024-06,2024,6,0.009900,6.250000,0.032100,71517000.000000,4.710000,0.684500,12495.510000,22,,0.022600,0.286600,True,True,True,True,False
maluku utara,2024-07,2024,7,0.007200,6.250000,0.029600,71517000.000000,4.710000,0.684500,12495.510000,22,,0.022600,0.286600,True,True,True,True,False
maluku utara,2024-08,2024,8,0.007500,6.250000,0.028900,71517000.000000,4.710000,0.684500,12495.510000,22,,0.022600,0.286600,True,True,True,True,False
maluku utara,2024-09,2024,9,0.007600,6.000000,0.035600,71517000.000000,4.710000,0.684500,12495.510000,22,,0.022600,0.286600,True,True,True,True,False
maluku utara,2024-10,2024,10,0.008000,6.000000,0.022000,71517000.000000,4.710000,0.684500,12495.510000,22,,0.022600,0.286600,True,True,True,True,False
maluku utara,2024-11,2024,11,0.007200,6.000000,0.027800,71517000.000000,4.710000,0.684500,12495.510000,22,,0.022600,0.286600,True,True,True,True,False
maluku utara,2024-12,2024,12,0.008200,6.000000,0.015000,71517000.000000,4.710000,0.684500,12495.510000,22,,0.022600,0.286600,True,True,True,True,False
maluku utara,2025-01,2025,1,0.007900,5.750000,-0.001500,97262000.000000,4.710000,0.674700,14972.340000,22,,0.028300,0.284300,True,True,True,True,False
maluku utara,2025-02,2025,2,0.008200,5.750000,0.001600,97262000.000000,4.710000,0.674700,14972.340000,22,,0.028300,0.284300,True,True,True,True,False
maluku utara,2025-03,2025,3,,5.750000,0.023200,97262000.000000,4.710000,0.674700,14972.340000,22,,0.028300,0.284300,True,True,True,True,False
maluku utara,2025-04,2025,4,0.010100,5.750000,0.032300,97262000.000000,4.710000,0.674700,14972.340000,22,,0.028300,0.284300,True,True,True,True,False
maluku utara,2025-05,2025,5,0.008700,5.750000,0.018900,97262000.000000,4.710000,0.674700,14972.340000,22,,0.028300,0.284300,True,True,True,True,False
maluku utara,2025-06,2025,6,0.006200,5.500000,0.020100,97262000.000000,4.710000,0.674700,14972.340000,22,,0.028300,0.284300,True,True,True,True,False
maluku utara,2025-07,2025,7,0.006300,5.250000,0.024600,97262000.000000,4.710000,0.674700,14972.340000,22,,0.028300,0.284300,True,True,True,True,False
maluku utara,2025-08,2025,8,0.006600,5.000000,0.004300,97262000.000000,4.710000,0.674700,14972.340000,22,,0.028300,0.284300,True,True,True,True,False
maluku utara,2025-09,2025,9,0.007200,4.750000,-0.001700,97262000.000000,4.710000,0.674700,14972.340000,22,,0.028300,0.284300,True,True,True,True,False
maluku utara,2025-10,2025,10,0.006000,4.750000,0.011800,97262000.000000,4.710000,0.674700,14972.340000,22,,0.028300,0.284300,True,True,True,True,False
maluku utara,2025-11,2025,11,0.006700,4.750000,0.018900,97262000.000000,4.710000,0.674700,14972.340000,22,,0.028300,0.284300,True,True,True,True,False
maluku utara,2025-12,2025,12,0.012500,4.750000,0.016300,97262000.000000,4.710000,0.674700,14972.340000,22,,0.028300,0.284300,True,True,True,True,False
nusa tenggara barat,2021-01,2021,1,0.005200,3.750000,,26009000.000000,,,31807.050000,55,,0.013700,0.302200,True,False,False,True,False
nusa tenggara barat,2021-02,2021,2,0.005400,3.500000,0.100000,26009000.000000,3.970000,,31807.050000,55,,0.013700,0.302200,True,True,False,True,False
nusa tenggara barat,2021-03,2021,3,0.004000,3.500000,0.265000,26009000.000000,3.970000,,31807.050000,55,,0.013700,0.302200,True,True,False,True,False
nusa tenggara barat,2021-04,2021,4,0.005100,3.500000,,26009000.000000,3.970000,,31807.050000,55,,0.013700,0.302200,True,True,False,True,False
nusa tenggara barat,2021-05,2021,5,0.012300,3.500000,,26009000.000000,3.970000,,31807.050000,55,,0.013700,0.302200,True,True,False,True,False
nusa tenggara barat,2021-06,2021,6,0.008600,3.500000,,26009000.000000,3.970000,,31807.050000,55,,0.013700,0.302200,True,True,False,True,False
nusa tenggara barat,2021-07,2021,7,0.011400,3.500000,,26009000.000000,3.970000,,31807.050000,55,,0.013700,0.302200,True,True,False,True,False
nusa tenggara barat,2021-08,2021,8,0.018200,3.500000,-0.080000,26009000.000000,3.010000,,31807.050000,55,,0.013700,0.302200,True,True,False,True,False
nusa tenggara barat,2021-09,2021,9,0.025200,3.500000,0.010000,26009000.000000,3.010000,,31807.050000,55,,0.013700,0.302200,True,True,False,True,False
nusa tenggara barat,2021-10,2021,10,0.014800,3.500000,0.095000,26009000.000000,3.010000,,31807.050000,55,,0.013700,0.302200,True,True,False,True,False
nusa tenggara barat,2021-11,2021,11,0.016400,3.500000,0.035000,26009000.000000,3.010000,,31807.050000,55,,0.013700,0.302200,True,True,False,True,False
nusa tenggara barat,2021-12,2021,12,0.016000,3.500000,0.615000,26009000.000000,3.010000,,31807.050000,55,,0.013700,0.302200,True,True,False,True,False
nusa tenggara barat,2022-01,2022,1,0.015500,3.500000,0.755000,28671000.000000,3.010000,0.651000,33799.070000,49,,0.016400,0.358900,True,True,True,True,False
nusa tenggara barat,2022-02,2022,2,0.014800,3.500000,-0.135000,28671000.000000,3.010000,0.651000,33799.070000,49,,0.016400,0.358900,True,True,True,True,False
nusa tenggara barat,2022-03,2022,3,0.022800,3.500000,0.835000,28671000.000000,3.010000,0.651000,33799.070000,49,,0.016400,0.358900,True,True,True,True,False
nusa tenggara barat,2022-04,2022,4,0.022600,3.500000,1.235000,28671000.000000,3.010000,0.651000,33799.070000,49,,0.016400,0.358900,True,True,True,True,False
nusa tenggara barat,2022-05,2022,5,0.028100,3.500000,0.590000,28671000.000000,3.010000,0.651000,33799.070000,49,,0.016400,0.358900,True,True,True,True,False
nusa tenggara barat,2022-06,2022,6,0.022900,3.500000,0.985000,28671000.000000,3.010000,0.651000,33799.070000,49,,0.016400,0.358900,True,True,True,True,False
nusa tenggara barat,2022-07,2022,7,0.029600,3.500000,1.270000,28671000.000000,3.010000,0.651000,33799.070000,49,,0.016400,0.358900,True,True,True,True,False
nusa tenggara barat,2022-08,2022,8,0.037300,3.750000,-0.895000,28671000.000000,3.010000,0.651000,33799.070000,49,,0.016400,0.358900,True,True,True,True,False
nusa tenggara barat,2022-09,2022,9,0.040700,4.250000,1.045000,28671000.000000,3.010000,0.651000,33799.070000,49,,0.016400,0.358900,True,True,True,True,False
nusa tenggara barat,2022-10,2022,10,0.037000,4.750000,0.040000,28671000.000000,3.010000,0.651000,33799.070000,49,,0.016400,0.358900,True,True,True,True,False
nusa tenggara barat,2022-11,2022,11,0.044000,5.250000,0.095000,28671000.000000,3.010000,0.651000,33799.070000,49,,0.016400,0.358900,True,True,True,True,False
nusa tenggara barat,2022-12,2022,12,0.053700,5.500000,0.315000,28671000.000000,3.010000,0.651000,33799.070000,49,,0.016400,0.358900,True,True,True,True,False
nusa tenggara barat,2023-01,2023,1,0.061000,5.750000,0.175000,29926000.000000,3.010000,0.713500,36458.790000,48,,0.011500,0.338400,True,True,True,True,False
nusa tenggara barat,2023-02,2023,2,0.062200,5.750000,0.450000,29926000.000000,3.010000,0.713500,36458.790000,48,,0.011500,0.338400,True,True,True,True,False
nusa tenggara barat,2023-03,2023,3,0.067500,5.750000,-0.080000,29926000.000000,3.010000,0.713500,36458.790000,48,,0.011500,0.338400,True,True,True,True,False
nusa tenggara barat,2023-04,2023,4,0.076700,5.750000,0.310000,29926000.000000,3.010000,0.713500,36458.790000,48,,0.011500,0.338400,True,True,True,True,False
nusa tenggara barat,2023-05,2023,5,0.075900,5.750000,0.085000,29926000.000000,3.010000,0.713500,36458.790000,48,,0.011500,0.338400,True,True,True,True,False
nusa tenggara barat,2023-06,2023,6,0.071800,5.750000,0.080000,29926000.000000,3.010000,0.713500,36458.790000,48,,0.011500,0.338400,True,True,True,True,False
nusa tenggara barat,2023-07,2023,7,0.067400,5.750000,0.320000,29926000.000000,3.010000,0.713500,36458.790000,48,,0.011500,0.338400,True,True,True,True,False
nusa tenggara barat,2023-08,2023,8,0.062300,5.750000,0.090000,29926000.000000,3.010000,0.713500,36458.790000,48,,0.011500,0.338400,True,True,True,True,False
nusa tenggara barat,2023-09,2023,9,0.060000,5.750000,0.525000,29926000.000000,3.010000,0.713500,36458.790000,48,,0.011500,0.338400,True,True,True,True,False
nusa tenggara barat,2023-10,2023,10,0.058100,6.000000,0.155000,29926000.000000,3.010000,0.713500,36458.790000,48,,0.011500,0.338400,True,True,True,True,False
nusa tenggara barat,2023-11,2023,11,0.058000,6.000000,0.405000,29926000.000000,3.010000,0.713500,36458.790000,48,,0.011500,0.338400,True,True,True,True,False
nusa tenggara barat,2023-12,2023,12,0.059100,6.000000,0.425000,29926000.000000,3.010000,0.713500,36458.790000,48,,0.011500,0.338400,True,True,True,True,False
nusa tenggara barat,2024-01,2024,1,0.056600,6.000000,0.028700,32282000.000000,3.010000,0.661100,42514.350000,47,,0.020200,0.329100,True,True,True,True,False
nusa tenggara barat,2024-02,2024,2,0.057100,6.000000,0.030000,32282000.000000,3.010000,0.661100,42514.350000,47,,0.020200,0.329100,True,True,True,True,False
nusa tenggara barat,2024-03,2024,3,0.053200,6.000000,0.036300,32282000.000000,3.010000,0.661100,42514.350000,47,,0.020200,0.329100,True,True,True,True,False
nusa tenggara barat,2024-04,2024,4,0.051100,6.250000,0.033100,32282000.000000,3.010000,0.661100,42514.350000,47,,0.020200,0.329100,True,True,True,True,False
nusa tenggara barat,2024-05,2024,5,0.051100,6.250000,0.027700,32282000.000000,3.010000,0.661100,42514.350000,47,,0.020200,0.329100,True,True,True,True,False
nusa tenggara barat,2024-06,2024,6,0.050400,6.250000,0.021200,32282000.000000,3.010000,0.661100,42514.350000,47,,0.020200,0.329100,True,True,True,True,False
nusa tenggara barat,2024-07,2024,7,0.049200,6.250000,0.019100,32282000.000000,3.010000,0.661100,42514.350000,47,,0.020200,0.329100,True,True,True,True,False
nusa tenggara barat,2024-08,2024,8,0.049900,6.250000,0.020100,32282000.000000,3.010000,0.661100,42514.350000,47,,0.020200,0.329100,True,True,True,True,False
nusa tenggara barat,2024-09,2024,9,0.049500,6.000000,0.017700,32282000.000000,3.010000,0.661100,42514.350000,47,,0.020200,0.329100,True,True,True,True,False
nusa tenggara barat,2024-10,2024,10,0.052500,6.000000,0.014400,32282000.000000,3.010000,0.661100,42514.350000,47,,0.020200,0.329100,True,True,True,True,False
nusa tenggara barat,2024-11,2024,11,0.052600,6.000000,0.014600,32282000.000000,3.010000,0.661100,42514.350000,47,,0.020200,0.329100,True,True,True,True,False
nusa tenggara barat,2024-12,2024,12,0.032900,6.000000,0.012800,32282000.000000,3.010000,0.661100,42514.350000,47,,0.020200,0.329100,True,True,True,True,False
nusa tenggara barat,2025-01,2025,1,0.036900,5.750000,0.006800,33667000.000000,3.010000,0.728800,42454.700000,47,,0.023600,0.305700,True,True,True,True,False
nusa tenggara barat,2025-02,2025,2,0.036900,5.750000,-0.000100,33667000.000000,3.010000,0.728800,42454.700000,47,,0.023600,0.305700,True,True,True,True,False
nusa tenggara barat,2025-03,2025,3,,5.750000,0.011500,33667000.000000,3.010000,0.728800,42454.700000,47,,0.023600,0.305700,True,True,True,True,False
nusa tenggara barat,2025-04,2025,4,0.042100,5.750000,0.018000,33667000.000000,3.010000,0.728800,42454.700000,47,,0.023600,0.305700,True,True,True,True,False
nusa tenggara barat,2025-05,2025,5,0.047700,5.750000,0.016300,33667000.000000,3.010000,0.728800,42454.700000,47,,0.023600,0.305700,True,True,True,True,False
nusa tenggara barat,2025-06,2025,6,0.043600,5.500000,0.025100,33667000.000000,3.010000,0.728800,42454.700000,47,,0.023600,0.305700,True,True,True,True,False
nusa tenggara barat,2025-07,2025,7,0.043700,5.250000,0.030500,33667000.000000,3.010000,0.728800,42454.700000,47,,0.023600,0.305700,True,True,True,True,False
nusa tenggara barat,2025-08,2025,8,0.041200,5.000000,0.025600,33667000.000000,3.010000,0.728800,42454.700000,47,,0.023600,0.305700,True,True,True,True,False
nusa tenggara barat,2025-09,2025,9,0.040200,4.750000,0.026900,33667000.000000,3.010000,0.728800,42454.700000,47,,0.023600,0.305700,True,True,True,True,False
nusa tenggara barat,2025-10,2025,10,0.038700,4.750000,0.029600,33667000.000000,3.010000,0.728800,42454.700000,47,,0.023600,0.305700,True,True,True,True,False
nusa tenggara barat,2025-11,2025,11,0.039200,4.750000,0.027400,33667000.000000,3.010000,0.728800,42454.700000,47,,0.023600,0.305700,True,True,True,True,False
nusa tenggara barat,2025-12,2025,12,0.033900,4.750000,0.030100,33667000.000000,3.010000,0.728800,42454.700000,47,,0.023600,0.305700,True,True,True,True,False
nusa tenggara timur,2021-01,2021,1,0.006800,3.750000,,20555000.000000,,,32982.120000,59,,0.012600,0.382800,True,False,False,True,False
nusa tenggara timur,2021-02,2021,2,0.007200,3.500000,0.596700,20555000.000000,3.380000,,32982.120000,59,,0.012600,0.382800,True,True,False,True,False
nusa tenggara timur,2021-03,2021,3,0.009000,3.500000,-0.363300,20555000.000000,3.380000,,32982.120000,59,,0.012600,0.382800,True,True,False,True,False
nusa tenggara timur,2021-04,2021,4,0.008700,3.500000,,20555000.000000,3.380000,,32982.120000,59,,0.012600,0.382800,True,True,False,True,False
nusa tenggara timur,2021-05,2021,5,0.007600,3.500000,,20555000.000000,3.380000,,32982.120000,59,,0.012600,0.382800,True,True,False,True,False
nusa tenggara timur,2021-06,2021,6,0.014600,3.500000,,20555000.000000,3.380000,,32982.120000,59,,0.012600,0.382800,True,True,False,True,False
nusa tenggara timur,2021-07,2021,7,0.017600,3.500000,,20555000.000000,3.380000,,32982.120000,59,,0.012600,0.382800,True,True,False,True,False
nusa tenggara timur,2021-08,2021,8,0.016000,3.500000,-0.633300,20555000.000000,3.770000,,32982.120000,59,,0.012600,0.382800,True,True,False,True,False
nusa tenggara timur,2021-09,2021,9,0.016500,3.500000,-0.056700,20555000.000000,3.770000,,32982.120000,59,,0.012600,0.382800,True,True,False,True,False
nusa tenggara timur,2021-10,2021,10,0.017500,3.500000,0.026700,20555000.000000,3.770000,,32982.120000,59,,0.012600,0.382800,True,True,False,True,False
nusa tenggara timur,2021-11,2021,11,0.017900,3.500000,0.246700,20555000.000000,3.770000,,32982.120000,59,,0.012600,0.382800,True,True,False,True,False
nusa tenggara timur,2021-12,2021,12,0.019700,3.500000,0.753300,20555000.000000,3.770000,,32982.120000,59,,0.012600,0.382800,True,True,False,True,False
nusa tenggara timur,2022-01,2022,1,0.020700,3.500000,1.073300,21658000.000000,3.770000,0.719000,32858.500000,58,,0.013400,0.412600,True,True,True,True,False
nusa tenggara timur,2022-02,2022,2,0.019300,3.500000,0.196700,21658000.000000,3.770000,0.719000,32858.500000,58,,0.013400,0.412600,True,True,True,True,False
nusa tenggara timur,2022-03,2022,3,0.019800,3.500000,0.290000,21658000.000000,3.770000,0.719000,32858.500000,58,,0.013400,0.412600,True,True,True,True,False
nusa tenggara timur,2022-04,2022,4,0.019800,3.500000,1.016700,21658000.000000,3.770000,0.719000,32858.500000,58,,0.013400,0.412600,True,True,True,True,False
nusa tenggara timur,2022-05,2022,5,0.018700,3.500000,0.433300,21658000.000000,3.770000,0.719000,32858.500000,58,,0.013400,0.412600,True,True,True,True,False
nusa tenggara timur,2022-06,2022,6,0.020900,3.500000,0.513300,21658000.000000,3.770000,0.719000,32858.500000,58,,0.013400,0.412600,True,True,True,True,False
nusa tenggara timur,2022-07,2022,7,0.022500,3.500000,1.020000,21658000.000000,3.770000,0.719000,32858.500000,58,,0.013400,0.412600,True,True,True,True,False
nusa tenggara timur,2022-08,2022,8,0.022700,3.750000,-1.110000,21658000.000000,3.770000,0.719000,32858.500000,58,,0.013400,0.412600,True,True,True,True,False
nusa tenggara timur,2022-09,2022,9,0.022600,4.250000,1.190000,21658000.000000,3.770000,0.719000,32858.500000,58,,0.013400,0.412600,True,True,True,True,False
nusa tenggara timur,2022-10,2022,10,0.014900,4.750000,-0.016700,21658000.000000,3.770000,0.719000,32858.500000,58,,0.013400,0.412600,True,True,True,True,False
nusa tenggara timur,2022-11,2022,11,0.016200,5.250000,-0.086700,21658000.000000,3.770000,0.719000,32858.500000,58,,0.013400,0.412600,True,True,True,True,False
nusa tenggara timur,2022-12,2022,12,0.017000,5.500000,0.986700,21658000.000000,3.770000,0.719000,32858.500000,58,,0.013400,0.412600,True,True,True,True,False
nusa tenggara timur,2023-01,2023,1,0.012900,5.750000,1.026700,23079000.000000,3.770000,0.721100,34690.920000,60,,0.016500,0.416200,True,True,True,True,False
nusa tenggara timur,2023-02,2023,2,0.013700,5.750000,-0.336700,23079000.000000,3.770000,0.721100,34690.920000,60,,0.016500,0.416200,True,True,True,True,False
nusa tenggara timur,2023-03,2023,3,0.015600,5.750000,1.130000,23079000.000000,3.770000,0.721100,34690.920000,60,,0.016500,0.416200,True,True,True,True,False
nusa tenggara timur,2023-04,2023,4,0.011900,5.750000,0.213300,23079000.000000,3.770000,0.721100,34690.920000,60,,0.016500,0.416200,True,True,True,True,False
nusa tenggara timur,2023-05,2023,5,0.018900,5.750000,-0.290000,23079000.000000,3.770000,0.721100,34690.920000,60,,0.016500,0.416200,True,True,True,True,False
nusa tenggara timur,2023-06,2023,6,0.017900,5.750000,0.573300,23079000.000000,3.770000,0.721100,34690.920000,60,,0.016500,0.416200,True,True,True,True,False
nusa tenggara timur,2023-07,2023,7,0.020200,5.750000,0.450000,23079000.000000,3.770000,0.721100,34690.920000,60,,0.016500,0.416200,True,True,True,True,False
nusa tenggara timur,2023-08,2023,8,0.011000,5.750000,-0.603300,23079000.000000,3.770000,0.721100,34690.920000,60,,0.016500,0.416200,True,True,True,True,False
nusa tenggara timur,2023-09,2023,9,0.009600,5.750000,-0.093300,23079000.000000,3.770000,0.721100,34690.920000,60,,0.016500,0.416200,True,True,True,True,False
nusa tenggara timur,2023-10,2023,10,0.015800,6.000000,0.316700,23079000.000000,3.770000,0.721100,34690.920000,60,,0.016500,0.416200,True,True,True,True,False
nusa tenggara timur,2023-11,2023,11,0.007600,6.000000,0.096700,23079000.000000,3.770000,0.721100,34690.920000,60,,0.016500,0.416200,True,True,True,True,False
nusa tenggara timur,2023-12,2023,12,0.007500,6.000000,0.430000,23079000.000000,3.770000,0.721100,34690.920000,60,,0.016500,0.416200,True,True,True,True,False
nusa tenggara timur,2024-01,2024,1,0.007000,6.000000,0.027000,24303000.000000,3.770000,0.677500,34538.090000,60,,0.032500,0.401700,True,True,True,True,False
nusa tenggara timur,2024-02,2024,2,0.006900,6.000000,0.030100,24303000.000000,3.770000,0.677500,34538.090000,60,,0.032500,0.401700,True,True,True,True,False
nusa tenggara timur,2024-03,2024,3,0.006500,6.000000,0.019200,24303000.000000,3.770000,0.677500,34538.090000,60,,0.032500,0.401700,True,True,True,True,False
nusa tenggara timur,2024-04,2024,4,0.004700,6.250000,0.023500,24303000.000000,3.770000,0.677500,34538.090000,60,,0.032500,0.401700,True,True,True,True,False
nusa tenggara timur,2024-05,2024,5,0.005700,6.250000,0.024100,24303000.000000,3.770000,0.677500,34538.090000,60,,0.032500,0.401700,True,True,True,True,False
nusa tenggara timur,2024-06,2024,6,0.006300,6.250000,0.015400,24303000.000000,3.770000,0.677500,34538.090000,60,,0.032500,0.401700,True,True,True,True,False
nusa tenggara timur,2024-07,2024,7,0.004900,6.250000,0.008500,24303000.000000,3.770000,0.677500,34538.090000,60,,0.032500,0.401700,True,True,True,True,False
nusa tenggara timur,2024-08,2024,8,0.004400,6.250000,0.012200,24303000.000000,3.770000,0.677500,34538.090000,60,,0.032500,0.401700,True,True,True,True,False
nusa tenggara timur,2024-09,2024,9,0.005900,6.000000,0.010700,24303000.000000,3.770000,0.677500,34538.090000,60,,0.032500,0.401700,True,True,True,True,False
nusa tenggara timur,2024-10,2024,10,0.009700,6.000000,0.011300,24303000.000000,3.770000,0.677500,34538.090000,60,,0.032500,0.401700,True,True,True,True,False
nusa tenggara timur,2024-11,2024,11,0.014300,6.000000,0.008300,24303000.000000,3.770000,0.677500,34538.090000,60,,0.032500,0.401700,True,True,True,True,False
nusa tenggara timur,2024-12,2024,12,0.008000,6.000000,0.011900,24303000.000000,3.770000,0.677500,34538.090000,60,,0.032500,0.401700,True,True,True,True,False
nusa tenggara timur,2025-01,2025,1,0.010300,5.750000,-0.000600,25837000.000000,3.770000,0.696900,36437.480000,60,,0.038100,0.391800,True,True,True,True,False
nusa tenggara timur,2025-02,2025,2,0.012800,5.750000,0.004700,25837000.000000,3.770000,0.696900,36437.480000,60,,0.038100,0.391800,True,True,True,True,False
nusa tenggara timur,2025-03,2025,3,,5.750000,0.018600,25837000.000000,3.770000,0.696900,36437.480000,60,,0.038100,0.391800,True,True,True,True,False
nusa tenggara timur,2025-04,2025,4,0.013500,5.750000,0.017700,25837000.000000,3.770000,0.696900,36437.480000,60,,0.038100,0.391800,True,True,True,True,False
nusa tenggara timur,2025-05,2025,5,0.013500,5.750000,0.016000,25837000.000000,3.770000,0.696900,36437.480000,60,,0.038100,0.391800,True,True,True,True,False
nusa tenggara timur,2025-06,2025,6,0.014100,5.500000,0.017200,25837000.000000,3.770000,0.696900,36437.480000,60,,0.038100,0.391800,True,True,True,True,False
nusa tenggara timur,2025-07,2025,7,0.016800,5.250000,0.030300,25837000.000000,3.770000,0.696900,36437.480000,60,,0.038100,0.391800,True,True,True,True,False
nusa tenggara timur,2025-08,2025,8,0.019400,5.000000,0.027100,25837000.000000,3.770000,0.696900,36437.480000,60,,0.038100,0.391800,True,True,True,True,False
nusa tenggara timur,2025-09,2025,9,0.018600,4.750000,0.023000,25837000.000000,3.770000,0.696900,36437.480000,60,,0.038100,0.391800,True,True,True,True,False
nusa tenggara timur,2025-10,2025,10,0.018900,4.750000,0.020000,25837000.000000,3.770000,0.696900,36437.480000,60,,0.038100,0.391800,True,True,True,True,False
nusa tenggara timur,2025-11,2025,11,0.020600,4.750000,0.024000,25837000.000000,3.770000,0.696900,36437.480000,60,,0.038100,0.391800,True,True,True,True,False
nusa tenggara timur,2025-12,2025,12,0.015300,4.750000,0.023900,25837000.000000,3.770000,0.696900,36437.480000,60,,0.038100,0.391800,True,True,True,True,False
riau,2021-01,2021,1,0.007800,3.750000,,129741000.000000,,,105705.690000,91,,0.022800,0.396200,True,False,False,True,False
riau,2021-02,2021,2,0.008100,3.500000,-0.270000,129741000.000000,4.960000,,105705.690000,91,,0.022800,0.396200,True,True,False,True,False
riau,2021-03,2021,3,0.008100,3.500000,0.013300,129741000.000000,4.960000,,105705.690000,91,,0.022800,0.396200,True,True,False,True,False
riau,2021-04,2021,4,0.008600,3.500000,,129741000.000000,4.960000,,105705.690000,91,,0.022800,0.396200,True,True,False,True,False
riau,2021-05,2021,5,0.010600,3.500000,,129741000.000000,4.960000,,105705.690000,91,,0.022800,0.396200,True,True,False,True,False
riau,2021-06,2021,6,0.011200,3.500000,,129741000.000000,4.960000,,105705.690000,91,,0.022800,0.396200,True,True,False,True,False
riau,2021-07,2021,7,0.013800,3.500000,,129741000.000000,4.960000,,105705.690000,91,,0.022800,0.396200,True,True,False,True,False
riau,2021-08,2021,8,0.014500,3.500000,-0.250000,129741000.000000,4.420000,,105705.690000,91,,0.022800,0.396200,True,True,False,True,False
riau,2021-09,2021,9,0.015100,3.500000,0.233300,129741000.000000,4.420000,,105705.690000,91,,0.022800,0.396200,True,True,False,True,False
riau,2021-10,2021,10,0.015900,3.500000,0.376700,129741000.000000,4.420000,,105705.690000,91,,0.022800,0.396200,True,True,False,True,False
riau,2021-11,2021,11,0.016400,3.500000,0.360000,129741000.000000,4.420000,,105705.690000,91,,0.022800,0.396200,True,True,False,True,False
riau,2021-12,2021,12,0.018300,3.500000,0.076700,129741000.000000,4.420000,,105705.690000,91,,0.022800,0.396200,True,True,False,True,False
riau,2022-01,2022,1,0.020800,3.500000,0.920000,151259000.000000,4.420000,0.756000,108539.590000,84,,0.019500,0.424900,True,True,True,True,False
riau,2022-02,2022,2,0.018900,3.500000,-0.243300,151259000.000000,4.420000,0.756000,108539.590000,84,,0.019500,0.424900,True,True,True,True,False
riau,2022-03,2022,3,0.017500,3.500000,0.923300,151259000.000000,4.420000,0.756000,108539.590000,84,,0.019500,0.424900,True,True,True,True,False
riau,2022-04,2022,4,0.017900,3.500000,0.620000,151259000.000000,4.420000,0.756000,108539.590000,84,,0.019500,0.424900,True,True,True,True,False
riau,2022-05,2022,5,0.017400,3.500000,1.063300,151259000.000000,4.420000,0.756000,108539.590000,84,,0.019500,0.424900,True,True,True,True,False
riau,2022-06,2022,6,0.019400,3.500000,1.450000,151259000.000000,4.420000,0.756000,108539.590000,84,,0.019500,0.424900,True,True,True,True,False
riau,2022-07,2022,7,0.022100,3.500000,0.786700,151259000.000000,4.420000,0.756000,108539.590000,84,,0.019500,0.424900,True,True,True,True,False
riau,2022-08,2022,8,0.023100,3.750000,-1.283300,151259000.000000,4.420000,0.756000,108539.590000,84,,0.019500,0.424900,True,True,True,True,False
riau,2022-09,2022,9,0.024700,4.250000,1.340000,151259000.000000,4.420000,0.756000,108539.590000,84,,0.019500,0.424900,True,True,True,True,False
riau,2022-10,2022,10,0.017300,4.750000,-0.670000,151259000.000000,4.420000,0.756000,108539.590000,84,,0.019500,0.424900,True,True,True,True,False
riau,2022-11,2022,11,0.018300,5.250000,0.160000,151259000.000000,4.420000,0.756000,108539.590000,84,,0.019500,0.424900,True,True,True,True,False
riau,2022-12,2022,12,0.016900,5.500000,0.916700,151259000.000000,4.420000,0.756000,108539.590000,84,,0.019500,0.424900,True,True,True,True,False
riau,2023-01,2023,1,0.015400,5.750000,0.663300,154522000.000000,4.420000,0.771400,110730.930000,86,,0.021800,0.447000,True,True,True,True,False
riau,2023-02,2023,2,0.013600,5.750000,0.086700,154522000.000000,4.420000,0.771400,110730.930000,86,,0.021800,0.447000,True,True,True,True,False
riau,2023-03,2023,3,0.014600,5.750000,-0.126700,154522000.000000,4.420000,0.771400,110730.930000,86,,0.021800,0.447000,True,True,True,True,False
riau,2023-04,2023,4,0.013900,5.750000,0.083300,154522000.000000,4.420000,0.771400,110730.930000,86,,0.021800,0.447000,True,True,True,True,False
riau,2023-05,2023,5,0.017400,5.750000,0.140000,154522000.000000,4.420000,0.771400,110730.930000,86,,0.021800,0.447000,True,True,True,True,False
riau,2023-06,2023,6,0.017200,5.750000,0.173300,154522000.000000,4.420000,0.771400,110730.930000,86,,0.021800,0.447000,True,True,True,True,False
riau,2023-07,2023,7,0.021100,5.750000,0.496700,154522000.000000,4.420000,0.771400,110730.930000,86,,0.021800,0.447000,True,True,True,True,False
riau,2023-08,2023,8,0.016600,5.750000,-0.230000,154522000.000000,4.420000,0.771400,110730.930000,86,,0.021800,0.447000,True,True,True,True,False
riau,2023-09,2023,9,0.015300,5.750000,0.316700,154522000.000000,4.420000,0.771400,110730.930000,86,,0.021800,0.447000,True,True,True,True,False
riau,2023-10,2023,10,0.015900,6.000000,-0.130000,154522000.000000,4.420000,0.771400,110730.930000,86,,0.021800,0.447000,True,True,True,True,False
riau,2023-11,2023,11,0.014700,6.000000,0.683300,154522000.000000,4.420000,0.771400,110730.930000,86,,0.021800,0.447000,True,True,True,True,False
riau,2023-12,2023,12,0.014400,6.000000,0.096700,154522000.000000,4.420000,0.771400,110730.930000,86,,0.021800,0.447000,True,True,True,True,False
riau,2024-01,2024,1,0.013900,6.000000,0.023500,165350000.000000,4.420000,0.824900,117909.720000,85,,0.020800,0.426900,True,True,True,True,False
riau,2024-02,2024,2,0.014100,6.000000,0.028600,165350000.000000,4.420000,0.824900,117909.720000,85,,0.020800,0.426900,True,True,True,True,False
riau,2024-03,2024,3,0.013800,6.000000,0.035700,165350000.000000,4.420000,0.824900,117909.720000,85,,0.020800,0.426900,True,True,True,True,False
riau,2024-04,2024,4,0.013300,6.250000,0.039900,165350000.000000,4.420000,0.824900,117909.720000,85,,0.020800,0.426900,True,True,True,True,False
riau,2024-05,2024,5,0.015900,6.250000,0.044100,165350000.000000,4.420000,0.824900,117909.720000,85,,0.020800,0.426900,True,True,True,True,False
riau,2024-06,2024,6,0.014400,6.250000,0.035600,165350000.000000,4.420000,0.824900,117909.720000,85,,0.020800,0.426900,True,True,True,True,False
riau,2024-07,2024,7,0.013100,6.250000,0.022200,165350000.000000,4.420000,0.824900,117909.720000,85,,0.020800,0.426900,True,True,True,True,False
riau,2024-08,2024,8,0.013500,6.250000,0.019900,165350000.000000,4.420000,0.824900,117909.720000,85,,0.020800,0.426900,True,True,True,True,False
riau,2024-09,2024,9,0.013000,6.000000,0.013800,165350000.000000,4.420000,0.824900,117909.720000,85,,0.020800,0.426900,True,True,True,True,False
riau,2024-10,2024,10,0.014100,6.000000,0.015100,165350000.000000,4.420000,0.824900,117909.720000,85,,0.020800,0.426900,True,True,True,True,False
riau,2024-11,2024,11,0.014700,6.000000,0.008700,165350000.000000,4.420000,0.824900,117909.720000,85,,0.020800,0.426900,True,True,True,True,False
riau,2024-12,2024,12,0.015200,6.000000,0.012500,165350000.000000,4.420000,0.824900,117909.720000,85,,0.020800,0.426900,True,True,True,True,False
riau,2025-01,2025,1,0.015500,5.750000,0.011200,176385000.000000,4.420000,0.808100,120812.210000,84,,0.022900,0.422300,True,True,True,True,False
riau,2025-02,2025,2,0.015700,5.750000,0.000200,176385000.000000,4.420000,0.808100,120812.210000,84,,0.022900,0.422300,True,True,True,True,False
riau,2025-03,2025,3,,5.750000,0.006800,176385000.000000,4.420000,0.808100,120812.210000,84,,0.022900,0.422300,True,True,True,True,False
riau,2025-04,2025,4,0.018600,5.750000,0.020700,176385000.000000,4.420000,0.808100,120812.210000,84,,0.022900,0.422300,True,True,True,True,False
riau,2025-05,2025,5,0.019700,5.750000,0.009800,176385000.000000,4.420000,0.808100,120812.210000,84,,0.022900,0.422300,True,True,True,True,False
riau,2025-06,2025,6,0.016600,5.500000,0.009800,176385000.000000,4.420000,0.808100,120812.210000,84,,0.022900,0.422300,True,True,True,True,False
riau,2025-07,2025,7,0.017200,5.250000,0.024200,176385000.000000,4.420000,0.808100,120812.210000,84,,0.022900,0.422300,True,True,True,True,False
riau,2025-08,2025,8,0.017100,5.000000,0.035800,176385000.000000,4.420000,0.808100,120812.210000,84,,0.022900,0.422300,True,True,True,True,False
riau,2025-09,2025,9,0.018200,4.750000,0.050800,176385000.000000,4.420000,0.808100,120812.210000,84,,0.022900,0.422300,True,True,True,True,False
riau,2025-10,2025,10,0.017600,4.750000,0.049500,176385000.000000,4.420000,0.808100,120812.210000,84,,0.022900,0.422300,True,True,True,True,False
riau,2025-11,2025,11,0.018300,4.750000,0.042700,176385000.000000,4.420000,0.808100,120812.210000,84,,0.022900,0.422300,True,True,True,True,False
riau,2025-12,2025,12,0.016300,4.750000,0.048800,176385000.000000,4.420000,0.808100,120812.210000,84,,0.022900,0.422300,True,True,True,True,False
sulawesi barat,2021-01,2021,1,0.008300,3.750000,,35195000.000000,,,5857.860000,16,,0.013100,0.594800,True,False,False,True,False
sulawesi barat,2021-02,2021,2,0.011800,3.500000,1.120000,35195000.000000,3.280000,,5857.860000,16,,0.013100,0.594800,True,True,False,True,False
sulawesi barat,2021-03,2021,3,0.008000,3.500000,0.360000,35195000.000000,3.280000,,5857.860000,16,,0.013100,0.594800,True,True,False,True,False
sulawesi barat,2021-04,2021,4,0.008600,3.500000,,35195000.000000,3.280000,,5857.860000,16,,0.013100,0.594800,True,True,False,True,False
sulawesi barat,2021-05,2021,5,0.012600,3.500000,,35195000.000000,3.280000,,5857.860000,16,,0.013100,0.594800,True,True,False,True,False
sulawesi barat,2021-06,2021,6,0.013500,3.500000,,35195000.000000,3.280000,,5857.860000,16,,0.013100,0.594800,True,True,False,True,False
sulawesi barat,2021-07,2021,7,0.015800,3.500000,,35195000.000000,3.280000,,5857.860000,16,,0.013100,0.594800,True,True,False,True,False
sulawesi barat,2021-08,2021,8,0.011600,3.500000,-0.100000,35195000.000000,3.130000,,5857.860000,16,,0.013100,0.594800,True,True,False,True,False
sulawesi barat,2021-09,2021,9,0.012000,3.500000,-0.770000,35195000.000000,3.130000,,5857.860000,16,,0.013100,0.594800,True,True,False,True,False
sulawesi barat,2021-10,2021,10,0.011200,3.500000,-0.070000,35195000.000000,3.130000,,5857.860000,16,,0.013100,0.594800,True,True,False,True,False
sulawesi barat,2021-11,2021,11,0.012200,3.500000,0.330000,35195000.000000,3.130000,,5857.860000,16,,0.013100,0.594800,True,True,False,True,False
sulawesi barat,2021-12,2021,12,0.012500,3.500000,1.000000,35195000.000000,3.130000,,5857.860000,16,,0.013100,0.594800,True,True,False,True,False
sulawesi barat,2022-01,2022,1,0.013400,3.500000,1.210000,37034000.000000,3.130000,0.576000,5701.060000,17,,0.018900,0.609800,True,True,True,True,False
sulawesi barat,2022-02,2022,2,0.012600,3.500000,-0.120000,37034000.000000,3.130000,0.576000,5701.060000,17,,0.018900,0.609800,True,True,True,True,False
sulawesi barat,2022-03,2022,3,0.011300,3.500000,0.680000,37034000.000000,3.130000,0.576000,5701.060000,17,,0.018900,0.609800,True,True,True,True,False
sulawesi barat,2022-04,2022,4,0.013300,3.500000,0.710000,37034000.000000,3.130000,0.576000,5701.060000,17,,0.018900,0.609800,True,True,True,True,False
sulawesi barat,2022-05,2022,5,0.012100,3.500000,0.690000,37034000.000000,3.130000,0.576000,5701.060000,17,,0.018900,0.609800,True,True,True,True,False
sulawesi barat,2022-06,2022,6,0.013000,3.500000,0.690000,37034000.000000,3.130000,0.576000,5701.060000,17,,0.018900,0.609800,True,True,True,True,False
sulawesi barat,2022-07,2022,7,0.014400,3.500000,0.880000,37034000.000000,3.130000,0.576000,5701.060000,17,,0.018900,0.609800,True,True,True,True,False
sulawesi barat,2022-08,2022,8,0.013100,3.750000,-0.540000,37034000.000000,3.130000,0.576000,5701.060000,17,,0.018900,0.609800,True,True,True,True,False
sulawesi barat,2022-09,2022,9,0.013200,4.250000,1.080000,37034000.000000,3.130000,0.576000,5701.060000,17,,0.018900,0.609800,True,True,True,True,False
sulawesi barat,2022-10,2022,10,0.011600,4.750000,-1.440000,37034000.000000,3.130000,0.576000,5701.060000,17,,0.018900,0.609800,True,True,True,True,False
sulawesi barat,2022-11,2022,11,0.012700,5.250000,0.420000,37034000.000000,3.130000,0.576000,5701.060000,17,,0.018900,0.609800,True,True,True,True,False
sulawesi barat,2022-12,2022,12,0.009400,5.500000,0.520000,37034000.000000,3.130000,0.576000,5701.060000,17,,0.018900,0.609800,True,True,True,True,False
sulawesi barat,2023-01,2023,1,0.008700,5.750000,0.630000,39547000.000000,3.130000,0.607800,5884.600000,17,,0.021800,0.624400,True,True,True,True,False
sulawesi barat,2023-02,2023,2,0.008500,5.750000,0.160000,39547000.000000,3.130000,0.607800,5884.600000,17,,0.021800,0.624400,True,True,True,True,False
sulawesi barat,2023-03,2023,3,0.011000,5.750000,0.050000,39547000.000000,3.130000,0.607800,5884.600000,17,,0.021800,0.624400,True,True,True,True,False
sulawesi barat,2023-04,2023,4,0.010200,5.750000,-0.180000,39547000.000000,3.130000,0.607800,5884.600000,17,,0.021800,0.624400,True,True,True,True,False
sulawesi barat,2023-05,2023,5,0.012200,5.750000,0.010000,39547000.000000,3.130000,0.607800,5884.600000,17,,0.021800,0.624400,True,True,True,True,False
sulawesi barat,2023-06,2023,6,0.012400,5.750000,0.700000,39547000.000000,3.130000,0.607800,5884.600000,17,,0.021800,0.624400,True,True,True,True,False
sulawesi barat,2023-07,2023,7,0.014200,5.750000,-0.040000,39547000.000000,3.130000,0.607800,5884.600000,17,,0.021800,0.624400,True,True,True,True,False
sulawesi barat,2023-08,2023,8,0.011000,5.750000,0.300000,39547000.000000,3.130000,0.607800,5884.600000,17,,0.021800,0.624400,True,True,True,True,False
sulawesi barat,2023-09,2023,9,0.010900,5.750000,0.080000,39547000.000000,3.130000,0.607800,5884.600000,17,,0.021800,0.624400,True,True,True,True,False
sulawesi barat,2023-10,2023,10,0.010600,6.000000,0.250000,39547000.000000,3.130000,0.607800,5884.600000,17,,0.021800,0.624400,True,True,True,True,False
sulawesi barat,2023-11,2023,11,0.008800,6.000000,-0.280000,39547000.000000,3.130000,0.607800,5884.600000,17,,0.021800,0.624400,True,True,True,True,False
sulawesi barat,2023-12,2023,12,0.007300,6.000000,0.140000,39547000.000000,3.130000,0.607800,5884.600000,17,,0.021800,0.624400,True,True,True,True,False
sulawesi barat,2024-01,2024,1,0.007400,6.000000,0.022500,42718000.000000,3.130000,0.591100,6192.230000,17,,0.021500,0.612700,True,True,True,True,False
sulawesi barat,2024-02,2024,2,0.007000,6.000000,0.022200,42718000.000000,3.130000,0.591100,6192.230000,17,,0.021500,0.612700,True,True,True,True,False
sulawesi barat,2024-03,2024,3,0.006000,6.000000,0.027600,42718000.000000,3.130000,0.591100,6192.230000,17,,0.021500,0.612700,True,True,True,True,False
sulawesi barat,2024-04,2024,4,0.005700,6.250000,0.020200,42718000.000000,3.130000,0.591100,6192.230000,17,,0.021500,0.612700,True,True,True,True,False
sulawesi barat,2024-05,2024,5,0.006600,6.250000,0.012500,42718000.000000,3.130000,0.591100,6192.230000,17,,0.021500,0.612700,True,True,True,True,False
sulawesi barat,2024-06,2024,6,0.006500,6.250000,0.023200,42718000.000000,3.130000,0.591100,6192.230000,17,,0.021500,0.612700,True,True,True,True,False
sulawesi barat,2024-07,2024,7,0.006800,6.250000,0.020800,42718000.000000,3.130000,0.591100,6192.230000,17,,0.021500,0.612700,True,True,True,True,False
sulawesi barat,2024-08,2024,8,0.006700,6.250000,0.015900,42718000.000000,3.130000,0.591100,6192.230000,17,,0.021500,0.612700,True,True,True,True,False
sulawesi barat,2024-09,2024,9,0.006800,6.000000,0.020500,42718000.000000,3.130000,0.591100,6192.230000,17,,0.021500,0.612700,True,True,True,True,False
sulawesi barat,2024-10,2024,10,0.009400,6.000000,0.016300,42718000.000000,3.130000,0.591100,6192.230000,17,,0.021500,0.612700,True,True,True,True,False
sulawesi barat,2024-11,2024,11,0.009900,6.000000,0.011800,42718000.000000,3.130000,0.591100,6192.230000,17,,0.021500,0.612700,True,True,True,True,False
sulawesi barat,2024-12,2024,12,0.019400,6.000000,0.014900,42718000.000000,3.130000,0.591100,6192.230000,17,,0.021500,0.612700,True,True,True,True,False
sulawesi barat,2025-01,2025,1,0.012500,5.750000,0.003200,46654000.000000,3.130000,0.530300,6534.580000,17,,0.028100,0.605200,True,True,True,True,False
sulawesi barat,2025-02,2025,2,0.012400,5.750000,-0.002400,46654000.000000,3.130000,0.530300,6534.580000,17,,0.028100,0.605200,True,True,True,True,False
sulawesi barat,2025-03,2025,3,,5.750000,0.015500,46654000.000000,3.130000,0.530300,6534.580000,17,,0.028100,0.605200,True,True,True,True,False
sulawesi barat,2025-04,2025,4,0.012700,5.750000,0.033600,46654000.000000,3.130000,0.530300,6534.580000,17,,0.028100,0.605200,True,True,True,True,False
sulawesi barat,2025-05,2025,5,0.012100,5.750000,0.032100,46654000.000000,3.130000,0.530300,6534.580000,17,,0.028100,0.605200,True,True,True,True,False
sulawesi barat,2025-06,2025,6,0.011900,5.500000,0.025700,46654000.000000,3.130000,0.530300,6534.580000,17,,0.028100,0.605200,True,True,True,True,False
sulawesi barat,2025-07,2025,7,0.013100,5.250000,0.035700,46654000.000000,3.130000,0.530300,6534.580000,17,,0.028100,0.605200,True,True,True,True,False
sulawesi barat,2025-08,2025,8,0.013200,5.000000,0.035200,46654000.000000,3.130000,0.530300,6534.580000,17,,0.028100,0.605200,True,True,True,True,False
sulawesi barat,2025-09,2025,9,0.013400,4.750000,0.030400,46654000.000000,3.130000,0.530300,6534.580000,17,,0.028100,0.605200,True,True,True,True,False
sulawesi barat,2025-10,2025,10,0.012400,4.750000,0.026400,46654000.000000,3.130000,0.530300,6534.580000,17,,0.028100,0.605200,True,True,True,True,False
sulawesi barat,2025-11,2025,11,0.012500,4.750000,0.025600,46654000.000000,3.130000,0.530300,6534.580000,17,,0.028100,0.605200,True,True,True,True,False
sulawesi barat,2025-12,2025,12,0.011000,4.750000,0.024800,46654000.000000,3.130000,0.530300,6534.580000,17,,0.028100,0.605200,True,True,True,True,False
sulawesi selatan,2021-01,2021,1,0.018100,3.750000,,59503000.000000,,,109527.590000,137,,0.032900,0.376600,True,False,False,True,False
sulawesi selatan,2021-02,2021,2,0.019000,3.500000,0.306000,59503000.000000,5.790000,,109527.590000,137,,0.032900,0.376600,True,True,False,True,False
sulawesi selatan,2021-03,2021,3,0.011300,3.500000,0.108000,59503000.000000,5.790000,,109527.590000,137,,0.032900,0.376600,True,True,False,True,False
sulawesi selatan,2021-04,2021,4,0.010600,3.500000,,59503000.000000,5.790000,,109527.590000,137,,0.032900,0.376600,True,True,False,True,False
sulawesi selatan,2021-05,2021,5,0.007900,3.500000,,59503000.000000,5.790000,,109527.590000,137,,0.032900,0.376600,True,True,False,True,False
sulawesi selatan,2021-06,2021,6,0.014200,3.500000,,59503000.000000,5.790000,,109527.590000,137,,0.032900,0.376600,True,True,False,True,False
sulawesi selatan,2021-07,2021,7,0.015000,3.500000,,59503000.000000,5.790000,,109527.590000,137,,0.032900,0.376600,True,True,False,True,False
sulawesi selatan,2021-08,2021,8,0.014100,3.500000,-0.212000,59503000.000000,5.720000,,109527.590000,137,,0.032900,0.376600,True,True,False,True,False
sulawesi selatan,2021-09,2021,9,0.016500,3.500000,-0.156000,59503000.000000,5.720000,,109527.590000,137,,0.032900,0.376600,True,True,False,True,False
sulawesi selatan,2021-10,2021,10,0.017400,3.500000,-0.038000,59503000.000000,5.720000,,109527.590000,137,,0.032900,0.376600,True,True,False,True,False
sulawesi selatan,2021-11,2021,11,0.017300,3.500000,0.376000,59503000.000000,5.720000,,109527.590000,137,,0.032900,0.376600,True,True,False,True,False
sulawesi selatan,2021-12,2021,12,0.016400,3.500000,0.898000,59503000.000000,5.720000,,109527.590000,137,,0.032900,0.376600,True,True,False,True,False
sulawesi selatan,2022-01,2022,1,0.021900,3.500000,0.604000,65353000.000000,5.720000,0.758000,112190.900000,135,,0.025000,0.401400,True,True,True,True,False
sulawesi selatan,2022-02,2022,2,0.016400,3.500000,-0.044000,65353000.000000,5.720000,0.758000,112190.900000,135,,0.025000,0.401400,True,True,True,True,False
sulawesi selatan,2022-03,2022,3,0.013200,3.500000,0.744000,65353000.000000,5.720000,0.758000,112190.900000,135,,0.025000,0.401400,True,True,True,True,False
sulawesi selatan,2022-04,2022,4,0.014900,3.500000,0.994000,65353000.000000,5.720000,0.758000,112190.900000,135,,0.025000,0.401400,True,True,True,True,False
sulawesi selatan,2022-05,2022,5,0.015500,3.500000,0.680000,65353000.000000,5.720000,0.758000,112190.900000,135,,0.025000,0.401400,True,True,True,True,False
sulawesi selatan,2022-06,2022,6,0.018600,3.500000,0.464000,65353000.000000,5.720000,0.758000,112190.900000,135,,0.025000,0.401400,True,True,True,True,False
sulawesi selatan,2022-07,2022,7,0.023800,3.500000,0.698000,65353000.000000,5.720000,0.758000,112190.900000,135,,0.025000,0.401400,True,True,True,True,False
sulawesi selatan,2022-08,2022,8,0.023500,3.750000,-0.286000,65353000.000000,5.720000,0.758000,112190.900000,135,,0.025000,0.401400,True,True,True,True,False
sulawesi selatan,2022-09,2022,9,0.023400,4.250000,1.206000,65353000.000000,5.720000,0.758000,112190.900000,135,,0.025000,0.401400,True,True,True,True,False
sulawesi selatan,2022-10,2022,10,0.021500,4.750000,-0.384000,65353000.000000,5.720000,0.758000,112190.900000,135,,0.025000,0.401400,True,True,True,True,False
sulawesi selatan,2022-11,2022,11,0.020500,5.250000,0.074000,65353000.000000,5.720000,0.758000,112190.900000,135,,0.025000,0.401400,True,True,True,True,False
sulawesi selatan,2022-12,2022,12,0.019900,5.500000,0.582000,65353000.000000,5.720000,0.758000,112190.900000,135,,0.025000,0.401400,True,True,True,True,False
sulawesi selatan,2023-01,2023,1,0.018300,5.750000,0.524000,69710000.000000,5.720000,0.761300,122158.080000,133,,0.028100,0.385800,True,True,True,True,False
sulawesi selatan,2023-02,2023,2,0.017100,5.750000,-0.078000,69710000.000000,5.720000,0.761300,122158.080000,133,,0.028100,0.385800,True,True,True,True,False
sulawesi selatan,2023-03,2023,3,0.021400,5.750000,0.686000,69710000.000000,5.720000,0.761300,122158.080000,133,,0.028100,0.385800,True,True,True,True,False
sulawesi selatan,2023-04,2023,4,0.020300,5.750000,0.230000,69710000.000000,5.720000,0.761300,122158.080000,133,,0.028100,0.385800,True,True,True,True,False
sulawesi selatan,2023-05,2023,5,0.026600,5.750000,0.234000,69710000.000000,5.720000,0.761300,122158.080000,133,,0.028100,0.385800,True,True,True,True,False
sulawesi selatan,2023-06,2023,6,0.023400,5.750000,-0.024000,69710000.000000,5.720000,0.761300,122158.080000,133,,0.028100,0.385800,True,True,True,True,False
sulawesi selatan,2023-07,2023,7,0.022400,5.750000,0.036000,69710000.000000,5.720000,0.761300,122158.080000,133,,0.028100,0.385800,True,True,True,True,False
sulawesi selatan,2023-08,2023,8,0.017700,5.750000,-0.116000,69710000.000000,5.720000,0.761300,122158.080000,133,,0.028100,0.385800,True,True,True,True,False
sulawesi selatan,2023-09,2023,9,0.020600,5.750000,0.090000,69710000.000000,5.720000,0.761300,122158.080000,133,,0.028100,0.385800,True,True,True,True,False
sulawesi selatan,2023-10,2023,10,0.020500,6.000000,0.258000,69710000.000000,5.720000,0.761300,122158.080000,133,,0.028100,0.385800,True,True,True,True,False
sulawesi selatan,2023-11,2023,11,0.018600,6.000000,0.154000,69710000.000000,5.720000,0.761300,122158.080000,133,,0.028100,0.385800,True,True,True,True,False
sulawesi selatan,2023-12,2023,12,0.017900,6.000000,0.572000,69710000.000000,5.720000,0.761300,122158.080000,133,,0.028100,0.385800,True,True,True,True,False
sulawesi selatan,2024-01,2024,1,0.018900,6.000000,0.023800,73573000.000000,5.720000,0.718100,127591.140000,132,,0.026900,0.374300,True,True,True,True,False
sulawesi selatan,2024-02,2024,2,0.020000,6.000000,0.029300,73573000.000000,5.720000,0.718100,127591.140000,132,,0.026900,0.374300,True,True,True,True,False
sulawesi selatan,2024-03,2024,3,0.018900,6.000000,0.027500,73573000.000000,5.720000,0.718100,127591.140000,132,,0.026900,0.374300,True,True,True,True,False
sulawesi selatan,2024-04,2024,4,0.015600,6.250000,0.026100,73573000.000000,5.720000,0.718100,127591.140000,132,,0.026900,0.374300,True,True,True,True,False
sulawesi selatan,2024-05,2024,5,0.017300,6.250000,0.024200,73573000.000000,5.720000,0.718100,127591.140000,132,,0.026900,0.374300,True,True,True,True,False
sulawesi selatan,2024-06,2024,6,0.020600,6.250000,0.020300,73573000.000000,5.720000,0.718100,127591.140000,132,,0.026900,0.374300,True,True,True,True,False
sulawesi selatan,2024-07,2024,7,0.018600,6.250000,0.017400,73573000.000000,5.720000,0.718100,127591.140000,132,,0.026900,0.374300,True,True,True,True,False
sulawesi selatan,2024-08,2024,8,0.013900,6.250000,0.017700,73573000.000000,5.720000,0.718100,127591.140000,132,,0.026900,0.374300,True,True,True,True,False
sulawesi selatan,2024-09,2024,9,0.014800,6.000000,0.016700,73573000.000000,5.720000,0.718100,127591.140000,132,,0.026900,0.374300,True,True,True,True,False
sulawesi selatan,2024-10,2024,10,0.015400,6.000000,0.015300,73573000.000000,5.720000,0.718100,127591.140000,132,,0.026900,0.374300,True,True,True,True,False
sulawesi selatan,2024-11,2024,11,0.015700,6.000000,0.015200,73573000.000000,5.720000,0.718100,127591.140000,132,,0.026900,0.374300,True,True,True,True,False
sulawesi selatan,2024-12,2024,12,0.015900,6.000000,0.012300,73573000.000000,5.720000,0.718100,127591.140000,132,,0.026900,0.374300,True,True,True,True,False
sulawesi selatan,2025-01,2025,1,0.016900,5.750000,0.001000,78748000.000000,5.720000,0.760300,131955.270000,132,,0.030000,0.367200,True,True,True,True,False
sulawesi selatan,2025-02,2025,2,0.017500,5.750000,-0.010900,78748000.000000,5.720000,0.760300,131955.270000,132,,0.030000,0.367200,True,True,True,True,False
sulawesi selatan,2025-03,2025,3,,5.750000,0.006700,78748000.000000,5.720000,0.760300,131955.270000,132,,0.030000,0.367200,True,True,True,True,False
sulawesi selatan,2025-04,2025,4,0.018200,5.750000,0.022800,78748000.000000,5.720000,0.760300,131955.270000,132,,0.030000,0.367200,True,True,True,True,False
sulawesi selatan,2025-05,2025,5,0.019000,5.750000,0.020400,78748000.000000,5.720000,0.760300,131955.270000,132,,0.030000,0.367200,True,True,True,True,False
sulawesi selatan,2025-06,2025,6,0.016700,5.500000,0.022400,78748000.000000,5.720000,0.760300,131955.270000,132,,0.030000,0.367200,True,True,True,True,False
sulawesi selatan,2025-07,2025,7,0.015900,5.250000,0.030500,78748000.000000,5.720000,0.760300,131955.270000,132,,0.030000,0.367200,True,True,True,True,False
sulawesi selatan,2025-08,2025,8,0.015300,5.000000,0.031200,78748000.000000,5.720000,0.760300,131955.270000,132,,0.030000,0.367200,True,True,True,True,False
sulawesi selatan,2025-09,2025,9,0.015600,4.750000,0.030300,78748000.000000,5.720000,0.760300,131955.270000,132,,0.030000,0.367200,True,True,True,True,False
sulawesi selatan,2025-10,2025,10,0.015700,4.750000,0.029800,78748000.000000,5.720000,0.760300,131955.270000,132,,0.030000,0.367200,True,True,True,True,False
sulawesi selatan,2025-11,2025,11,0.017000,4.750000,0.027300,78748000.000000,5.720000,0.760300,131955.270000,132,,0.030000,0.367200,True,True,True,True,False
sulawesi selatan,2025-12,2025,12,0.016700,4.750000,0.028400,78748000.000000,5.720000,0.760300,131955.270000,132,,0.030000,0.367200,True,True,True,True,False
sulawesi tengah,2021-01,2021,1,0.007900,3.750000,,82017000.000000,,,29368.110000,46,,0.019100,0.301900,True,False,False,True,False
sulawesi tengah,2021-02,2021,2,0.009800,3.500000,0.050000,82017000.000000,3.730000,,29368.110000,46,,0.019100,0.301900,True,True,False,True,False
sulawesi tengah,2021-03,2021,3,0.008400,3.500000,0.170000,82017000.000000,3.730000,,29368.110000,46,,0.019100,0.301900,True,True,False,True,False
sulawesi tengah,2021-04,2021,4,0.007800,3.500000,,82017000.000000,3.730000,,29368.110000,46,,0.019100,0.301900,True,True,False,True,False
sulawesi tengah,2021-05,2021,5,0.012200,3.500000,,82017000.000000,3.730000,,29368.110000,46,,0.019100,0.301900,True,True,False,True,False
sulawesi tengah,2021-06,2021,6,0.010300,3.500000,,82017000.000000,3.730000,,29368.110000,46,,0.019100,0.301900,True,True,False,True,False
sulawesi tengah,2021-07,2021,7,0.013900,3.500000,,82017000.000000,3.730000,,29368.110000,46,,0.019100,0.301900,True,True,False,True,False
sulawesi tengah,2021-08,2021,8,0.012800,3.500000,0.160000,82017000.000000,3.750000,,29368.110000,46,,0.019100,0.301900,True,True,False,True,False
sulawesi tengah,2021-09,2021,9,0.011400,3.500000,-0.085000,82017000.000000,3.750000,,29368.110000,46,,0.019100,0.301900,True,True,False,True,False
sulawesi tengah,2021-10,2021,10,0.011300,3.500000,0.175000,82017000.000000,3.750000,,29368.110000,46,,0.019100,0.301900,True,True,False,True,False
sulawesi tengah,2021-11,2021,11,0.012600,3.500000,0.200000,82017000.000000,3.750000,,29368.110000,46,,0.019100,0.301900,True,True,False,True,False
sulawesi tengah,2021-12,2021,12,0.012500,3.500000,0.910000,82017000.000000,3.750000,,29368.110000,46,,0.019100,0.301900,True,True,False,True,False
sulawesi tengah,2022-01,2022,1,0.013700,3.500000,0.865000,106068000.000000,3.750000,0.773000,29803.270000,45,,0.016700,0.307700,True,True,True,True,False
sulawesi tengah,2022-02,2022,2,0.011700,3.500000,-0.280000,106068000.000000,3.750000,0.773000,29803.270000,45,,0.016700,0.307700,True,True,True,True,False
sulawesi tengah,2022-03,2022,3,0.011300,3.500000,1.015000,106068000.000000,3.750000,0.773000,29803.270000,45,,0.016700,0.307700,True,True,True,True,False
sulawesi tengah,2022-04,2022,4,0.015600,3.500000,1.365000,106068000.000000,3.750000,0.773000,29803.270000,45,,0.016700,0.307700,True,True,True,True,False
sulawesi tengah,2022-05,2022,5,0.014700,3.500000,0.345000,106068000.000000,3.750000,0.773000,29803.270000,45,,0.016700,0.307700,True,True,True,True,False
sulawesi tengah,2022-06,2022,6,0.011700,3.500000,0.650000,106068000.000000,3.750000,0.773000,29803.270000,45,,0.016700,0.307700,True,True,True,True,False
sulawesi tengah,2022-07,2022,7,0.014900,3.500000,1.025000,106068000.000000,3.750000,0.773000,29803.270000,45,,0.016700,0.307700,True,True,True,True,False
sulawesi tengah,2022-08,2022,8,0.015700,3.750000,0.395000,106068000.000000,3.000000,0.773000,29803.270000,45,,0.016700,0.307700,True,True,True,True,False
sulawesi tengah,2022-09,2022,9,0.020000,4.250000,0.445000,106068000.000000,3.000000,0.773000,29803.270000,45,,0.016700,0.307700,True,True,True,True,False
sulawesi tengah,2022-10,2022,10,0.015800,4.750000,-0.335000,106068000.000000,3.000000,0.773000,29803.270000,45,,0.016700,0.307700,True,True,True,True,False
sulawesi tengah,2022-11,2022,11,0.016500,5.250000,-0.245000,106068000.000000,3.000000,0.773000,29803.270000,45,,0.016700,0.307700,True,True,True,True,False
sulawesi tengah,2022-12,2022,12,0.015500,5.500000,0.810000,106068000.000000,3.000000,0.773000,29803.270000,45,,0.016700,0.307700,True,True,True,True,False
sulawesi tengah,2023-01,2023,1,0.014400,5.750000,0.635000,112461000.000000,3.000000,0.644400,29551.880000,48,,0.017400,0.326200,True,True,True,True,False
sulawesi tengah,2023-02,2023,2,0.011600,5.750000,-0.110000,112461000.000000,3.000000,0.644400,29551.880000,48,,0.017400,0.326200,True,True,True,True,False
sulawesi tengah,2023-03,2023,3,0.013400,5.750000,0.695000,112461000.000000,3.000000,0.644400,29551.880000,48,,0.017400,0.326200,True,True,True,True,False
sulawesi tengah,2023-04,2023,4,0.011600,5.750000,0.175000,112461000.000000,3.000000,0.644400,29551.880000,48,,0.017400,0.326200,True,True,True,True,False
sulawesi tengah,2023-05,2023,5,0.017900,5.750000,0.255000,112461000.000000,3.000000,0.644400,29551.880000,48,,0.017400,0.326200,True,True,True,True,False
sulawesi tengah,2023-06,2023,6,0.019200,5.750000,0.450000,112461000.000000,3.000000,0.644400,29551.880000,48,,0.017400,0.326200,True,True,True,True,False
sulawesi tengah,2023-07,2023,7,0.021000,5.750000,0.420000,112461000.000000,3.000000,0.644400,29551.880000,48,,0.017400,0.326200,True,True,True,True,False
sulawesi tengah,2023-08,2023,8,0.017500,5.750000,0.245000,112461000.000000,3.000000,0.644400,29551.880000,48,,0.017400,0.326200,True,True,True,True,False
sulawesi tengah,2023-09,2023,9,0.019300,5.750000,0.135000,112461000.000000,3.000000,0.644400,29551.880000,48,,0.017400,0.326200,True,True,True,True,False
sulawesi tengah,2023-10,2023,10,0.020400,6.000000,-0.245000,112461000.000000,3.000000,0.644400,29551.880000,48,,0.017400,0.326200,True,True,True,True,False
sulawesi tengah,2023-11,2023,11,0.019400,6.000000,0.055000,112461000.000000,3.000000,0.644400,29551.880000,48,,0.017400,0.326200,True,True,True,True,False
sulawesi tengah,2023-12,2023,12,0.019400,6.000000,0.360000,112461000.000000,3.000000,0.644400,29551.880000,48,,0.017400,0.326200,True,True,True,True,False
sulawesi tengah,2024-01,2024,1,0.017900,6.000000,0.029700,120750000.000000,3.000000,0.604700,32273.100000,48,,0.014300,0.292400,True,True,True,True,False
sulawesi tengah,2024-02,2024,2,0.017500,6.000000,0.033700,120750000.000000,3.000000,0.604700,32273.100000,48,,0.014300,0.292400,True,True,True,True,False
sulawesi tengah,2024-03,2024,3,0.015900,6.000000,0.033800,120750000.000000,3.000000,0.604700,32273.100000,48,,0.014300,0.292400,True,True,True,True,False
sulawesi tengah,2024-04,2024,4,0.013600,6.250000,0.034000,120750000.000000,3.000000,0.604700,32273.100000,48,,0.014300,0.292400,True,True,True,True,False
sulawesi tengah,2024-05,2024,5,0.019300,6.250000,0.031000,120750000.000000,3.000000,0.604700,32273.100000,48,,0.014300,0.292400,True,True,True,True,False
sulawesi tengah,2024-06,2024,6,0.018700,6.250000,0.028200,120750000.000000,3.000000,0.604700,32273.100000,48,,0.014300,0.292400,True,True,True,True,False
sulawesi tengah,2024-07,2024,7,0.013400,6.250000,0.024500,120750000.000000,3.000000,0.604700,32273.100000,48,,0.014300,0.292400,True,True,True,True,False
sulawesi tengah,2024-08,2024,8,0.015500,6.250000,0.021400,120750000.000000,3.000000,0.604700,32273.100000,48,,0.014300,0.292400,True,True,True,True,False
sulawesi tengah,2024-09,2024,9,0.015400,6.000000,0.021500,120750000.000000,3.000000,0.604700,32273.100000,48,,0.014300,0.292400,True,True,True,True,False
sulawesi tengah,2024-10,2024,10,0.016000,6.000000,0.019100,120750000.000000,3.000000,0.604700,32273.100000,48,,0.014300,0.292400,True,True,True,True,False
sulawesi tengah,2024-11,2024,11,0.015700,6.000000,0.017100,120750000.000000,3.000000,0.604700,32273.100000,48,,0.014300,0.292400,True,True,True,True,False
sulawesi tengah,2024-12,2024,12,0.013800,6.000000,0.012900,120750000.000000,3.000000,0.604700,32273.100000,48,,0.014300,0.292400,True,True,True,True,False
sulawesi tengah,2025-01,2025,1,0.017200,5.750000,0.000200,131643000.000000,3.000000,0.635700,32901.740000,48,,0.018800,0.307000,True,True,True,True,False
sulawesi tengah,2025-02,2025,2,0.016600,5.750000,-0.003800,131643000.000000,3.000000,0.635700,32901.740000,48,,0.018800,0.307000,True,True,True,True,False
sulawesi tengah,2025-03,2025,3,,5.750000,0.018800,131643000.000000,3.000000,0.635700,32901.740000,48,,0.018800,0.307000,True,True,True,True,False
sulawesi tengah,2025-04,2025,4,0.016900,5.750000,0.029700,131643000.000000,3.000000,0.635700,32901.740000,48,,0.018800,0.307000,True,True,True,True,False
sulawesi tengah,2025-05,2025,5,0.016800,5.750000,0.026100,131643000.000000,3.000000,0.635700,32901.740000,48,,0.018800,0.307000,True,True,True,True,False
sulawesi tengah,2025-06,2025,6,0.015400,5.500000,0.024700,131643000.000000,3.000000,0.635700,32901.740000,48,,0.018800,0.307000,True,True,True,True,False
sulawesi tengah,2025-07,2025,7,0.015700,5.250000,0.036900,131643000.000000,3.000000,0.635700,32901.740000,48,,0.018800,0.307000,True,True,True,True,False
sulawesi tengah,2025-08,2025,8,0.015600,5.000000,0.040200,131643000.000000,3.000000,0.635700,32901.740000,48,,0.018800,0.307000,True,True,True,True,False
sulawesi tengah,2025-09,2025,9,0.015600,4.750000,0.038800,131643000.000000,3.000000,0.635700,32901.740000,48,,0.018800,0.307000,True,True,True,True,False
sulawesi tengah,2025-10,2025,10,0.015600,4.750000,0.039200,131643000.000000,3.000000,0.635700,32901.740000,48,,0.018800,0.307000,True,True,True,True,False
sulawesi tengah,2025-11,2025,11,0.016500,4.750000,0.035000,131643000.000000,3.000000,0.635700,32901.740000,48,,0.018800,0.307000,True,True,True,True,False
sulawesi tengah,2025-12,2025,12,0.017100,4.750000,0.033100,131643000.000000,3.000000,0.635700,32901.740000,48,,0.018800,0.307000,True,True,True,True,False
sulawesi tenggara,2021-01,2021,1,0.004300,3.750000,,52436000.000000,,,29049.630000,45,,0.017400,0.333700,True,False,False,True,False
sulawesi tenggara,2021-02,2021,2,0.005800,3.500000,0.210000,52436000.000000,4.220000,,29049.630000,45,,0.017400,0.333700,True,True,False,True,False
sulawesi tenggara,2021-03,2021,3,0.006100,3.500000,-0.300000,52436000.000000,4.220000,,29049.630000,45,,0.017400,0.333700,True,True,False,True,False
sulawesi tenggara,2021-04,2021,4,0.005500,3.500000,,52436000.000000,4.220000,,29049.630000,45,,0.017400,0.333700,True,True,False,True,False
sulawesi tenggara,2021-05,2021,5,0.013900,3.500000,,52436000.000000,4.220000,,29049.630000,45,,0.017400,0.333700,True,True,False,True,False
sulawesi tenggara,2021-06,2021,6,0.008000,3.500000,,52436000.000000,4.220000,,29049.630000,45,,0.017400,0.333700,True,True,False,True,False
sulawesi tenggara,2021-07,2021,7,0.009500,3.500000,,52436000.000000,4.220000,,29049.630000,45,,0.017400,0.333700,True,True,False,True,False
sulawesi tenggara,2021-08,2021,8,0.009000,3.500000,0.370000,52436000.000000,3.920000,,29049.630000,45,,0.017400,0.333700,True,True,False,True,False
sulawesi tenggara,2021-09,2021,9,0.009700,3.500000,-0.050000,52436000.000000,3.920000,,29049.630000,45,,0.017400,0.333700,True,True,False,True,False
sulawesi tenggara,2021-10,2021,10,0.010200,3.500000,-0.570000,52436000.000000,3.920000,,29049.630000,45,,0.017400,0.333700,True,True,False,True,False
sulawesi tenggara,2021-11,2021,11,0.011600,3.500000,0.495000,52436000.000000,3.920000,,29049.630000,45,,0.017400,0.333700,True,True,False,True,False
sulawesi tenggara,2021-12,2021,12,0.011700,3.500000,0.180000,52436000.000000,3.920000,,29049.630000,45,,0.017400,0.333700,True,True,False,True,False
sulawesi tenggara,2022-01,2022,1,0.013600,3.500000,0.715000,58715000.000000,3.920000,0.736000,29600.600000,41,,0.014800,0.150900,True,True,True,True,False
sulawesi tenggara,2022-02,2022,2,0.011300,3.500000,0.030000,58715000.000000,3.920000,0.736000,29600.600000,41,,0.014800,0.150900,True,True,True,True,False
sulawesi tenggara,2022-03,2022,3,0.010900,3.500000,0.440000,58715000.000000,3.920000,0.736000,29600.600000,41,,0.014800,0.150900,True,True,True,True,False
sulawesi tenggara,2022-04,2022,4,0.011500,3.500000,1.460000,58715000.000000,3.920000,0.736000,29600.600000,41,,0.014800,0.150900,True,True,True,True,False
sulawesi tenggara,2022-05,2022,5,0.010100,3.500000,1.020000,58715000.000000,3.920000,0.736000,29600.600000,41,,0.014800,0.150900,True,True,True,True,False
sulawesi tenggara,2022-06,2022,6,0.010900,3.500000,0.180000,58715000.000000,3.920000,0.736000,29600.600000,41,,0.014800,0.150900,True,True,True,True,False
sulawesi tenggara,2022-07,2022,7,0.012500,3.500000,1.850000,58715000.000000,3.920000,0.736000,29600.600000,41,,0.014800,0.150900,True,True,True,True,False
sulawesi tenggara,2022-08,2022,8,0.012800,3.750000,-0.175000,58715000.000000,3.920000,0.736000,29600.600000,41,,0.014800,0.150900,True,True,True,True,False
sulawesi tenggara,2022-09,2022,9,0.014200,4.250000,0.450000,58715000.000000,3.920000,0.736000,29600.600000,41,,0.014800,0.150900,True,True,True,True,False
sulawesi tenggara,2022-10,2022,10,0.009300,4.750000,0.185000,58715000.000000,3.920000,0.736000,29600.600000,41,,0.014800,0.150900,True,True,True,True,False
sulawesi tenggara,2022-11,2022,11,0.009300,5.250000,0.325000,58715000.000000,3.920000,0.736000,29600.600000,41,,0.014800,0.150900,True,True,True,True,False
sulawesi tenggara,2022-12,2022,12,0.009000,5.500000,1.010000,58715000.000000,3.920000,0.736000,29600.600000,41,,0.014800,0.150900,True,True,True,True,False
sulawesi tenggara,2023-01,2023,1,0.008900,5.750000,-0.335000,64088000.000000,3.920000,0.739200,30234.600000,44,,0.016200,0.155300,True,True,True,True,False
sulawesi tenggara,2023-02,2023,2,0.009000,5.750000,-0.215000,64088000.000000,3.920000,0.739200,30234.600000,44,,0.016200,0.155300,True,True,True,True,False
sulawesi tenggara,2023-03,2023,3,0.009000,5.750000,0.365000,64088000.000000,3.920000,0.739200,30234.600000,44,,0.016200,0.155300,True,True,True,True,False
sulawesi tenggara,2023-04,2023,4,0.007800,5.750000,0.365000,64088000.000000,3.920000,0.739200,30234.600000,44,,0.016200,0.155300,True,True,True,True,False
sulawesi tenggara,2023-05,2023,5,0.010500,5.750000,0.775000,64088000.000000,3.920000,0.739200,30234.600000,44,,0.016200,0.155300,True,True,True,True,False
sulawesi tenggara,2023-06,2023,6,0.010700,5.750000,0.115000,64088000.000000,3.920000,0.739200,30234.600000,44,,0.016200,0.155300,True,True,True,True,False
sulawesi tenggara,2023-07,2023,7,0.013400,5.750000,0.420000,64088000.000000,3.920000,0.739200,30234.600000,44,,0.016200,0.155300,True,True,True,True,False
sulawesi tenggara,2023-08,2023,8,0.008800,5.750000,0.215000,64088000.000000,3.920000,0.739200,30234.600000,44,,0.016200,0.155300,True,True,True,True,False
sulawesi tenggara,2023-09,2023,9,0.008700,5.750000,0.330000,64088000.000000,3.920000,0.739200,30234.600000,44,,0.016200,0.155300,True,True,True,True,False
sulawesi tenggara,2023-10,2023,10,0.009400,6.000000,-0.140000,64088000.000000,3.920000,0.739200,30234.600000,44,,0.016200,0.155300,True,True,True,True,False
sulawesi tenggara,2023-11,2023,11,0.009200,6.000000,-0.035000,64088000.000000,3.920000,0.739200,30234.600000,44,,0.016200,0.155300,True,True,True,True,False
sulawesi tenggara,2023-12,2023,12,0.009100,6.000000,0.660000,64088000.000000,3.920000,0.739200,30234.600000,44,,0.016200,0.155300,True,True,True,True,False
sulawesi tenggara,2024-01,2024,1,0.008700,6.000000,0.024600,67840000.000000,3.920000,0.650500,31624.720000,44,,0.016300,0.126500,True,True,True,True,False
sulawesi tenggara,2024-02,2024,2,0.009200,6.000000,0.029000,67840000.000000,3.920000,0.650500,31624.720000,44,,0.016300,0.126500,True,True,True,True,False
sulawesi tenggara,2024-03,2024,3,0.007700,6.000000,0.029300,67840000.000000,3.920000,0.650500,31624.720000,44,,0.016300,0.126500,True,True,True,True,False
sulawesi tenggara,2024-04,2024,4,0.011500,6.250000,0.029300,67840000.000000,3.920000,0.650500,31624.720000,44,,0.016300,0.126500,True,True,True,True,False
sulawesi tenggara,2024-05,2024,5,0.029100,6.250000,0.025700,67840000.000000,3.920000,0.650500,31624.720000,44,,0.016300,0.126500,True,True,True,True,False
sulawesi tenggara,2024-06,2024,6,0.024200,6.250000,0.023500,67840000.000000,3.920000,0.650500,31624.720000,44,,0.016300,0.126500,True,True,True,True,False
sulawesi tenggara,2024-07,2024,7,0.022500,6.250000,0.017300,67840000.000000,3.920000,0.650500,31624.720000,44,,0.016300,0.126500,True,True,True,True,False
sulawesi tenggara,2024-08,2024,8,0.021800,6.250000,0.016200,67840000.000000,3.920000,0.650500,31624.720000,44,,0.016300,0.126500,True,True,True,True,False
sulawesi tenggara,2024-09,2024,9,0.016500,6.000000,0.010600,67840000.000000,3.920000,0.650500,31624.720000,44,,0.016300,0.126500,True,True,True,True,False
sulawesi tenggara,2024-10,2024,10,0.018400,6.000000,0.007100,67840000.000000,3.920000,0.650500,31624.720000,44,,0.016300,0.126500,True,True,True,True,False
sulawesi tenggara,2024-11,2024,11,0.017400,6.000000,0.010500,67840000.000000,3.920000,0.650500,31624.720000,44,,0.016300,0.126500,True,True,True,True,False
sulawesi tenggara,2024-12,2024,12,0.014200,6.000000,0.010500,67840000.000000,3.920000,0.650500,31624.720000,44,,0.016300,0.126500,True,True,True,True,False
sulawesi tenggara,2025-01,2025,1,0.015300,5.750000,-0.003900,72031000.000000,3.920000,0.738200,30892.800000,44,,0.019200,0.128800,True,True,True,True,False
sulawesi tenggara,2025-02,2025,2,0.014400,5.750000,-0.002200,72031000.000000,3.920000,0.738200,30892.800000,44,,0.019200,0.128800,True,True,True,True,False
sulawesi tenggara,2025-03,2025,3,,5.750000,0.015300,72031000.000000,3.920000,0.738200,30892.800000,44,,0.019200,0.128800,True,True,True,True,False
sulawesi tenggara,2025-04,2025,4,0.015900,5.750000,0.019600,72031000.000000,3.920000,0.738200,30892.800000,44,,0.019200,0.128800,True,True,True,True,False
sulawesi tenggara,2025-05,2025,5,0.015900,5.750000,0.017100,72031000.000000,3.920000,0.738200,30892.800000,44,,0.019200,0.128800,True,True,True,True,False
sulawesi tenggara,2025-06,2025,6,0.014400,5.500000,0.025200,72031000.000000,3.920000,0.738200,30892.800000,44,,0.019200,0.128800,True,True,True,True,False
sulawesi tenggara,2025-07,2025,7,0.014800,5.250000,0.037200,72031000.000000,3.920000,0.738200,30892.800000,44,,0.019200,0.128800,True,True,True,True,False
sulawesi tenggara,2025-08,2025,8,0.014300,5.000000,0.037500,72031000.000000,3.920000,0.738200,30892.800000,44,,0.019200,0.128800,True,True,True,True,False
sulawesi tenggara,2025-09,2025,9,0.013900,4.750000,0.036800,72031000.000000,3.920000,0.738200,30892.800000,44,,0.019200,0.128800,True,True,True,True,False
sulawesi tenggara,2025-10,2025,10,0.014200,4.750000,0.032600,72031000.000000,3.920000,0.738200,30892.800000,44,,0.019200,0.128800,True,True,True,True,False
sulawesi tenggara,2025-11,2025,11,0.015000,4.750000,0.029400,72031000.000000,3.920000,0.738200,30892.800000,44,,0.019200,0.128800,True,True,True,True,False
sulawesi tenggara,2025-12,2025,12,0.014800,4.750000,0.028600,72031000.000000,3.920000,0.738200,30892.800000,44,,0.019200,0.128800,True,True,True,True,False
sulawesi utara,2021-01,2021,1,0.009800,3.750000,,54034000.000000,,,27177.520000,62,,0.031800,0.282100,True,False,False,True,False
sulawesi utara,2021-02,2021,2,0.008900,3.500000,-0.085000,54034000.000000,7.280000,,27177.520000,62,,0.031800,0.282100,True,True,False,True,False
sulawesi utara,2021-03,2021,3,0.008400,3.500000,-0.080000,54034000.000000,7.280000,,27177.520000,62,,0.031800,0.282100,True,True,False,True,False
sulawesi utara,2021-04,2021,4,0.008400,3.500000,,54034000.000000,7.280000,,27177.520000,62,,0.031800,0.282100,True,True,False,True,False
sulawesi utara,2021-05,2021,5,0.008500,3.500000,,54034000.000000,7.280000,,27177.520000,62,,0.031800,0.282100,True,True,False,True,False
sulawesi utara,2021-06,2021,6,0.011300,3.500000,,54034000.000000,7.280000,,27177.520000,62,,0.031800,0.282100,True,True,False,True,False
sulawesi utara,2021-07,2021,7,0.013700,3.500000,,54034000.000000,7.280000,,27177.520000,62,,0.031800,0.282100,True,True,False,True,False
sulawesi utara,2021-08,2021,8,0.014200,3.500000,-0.180000,54034000.000000,7.060000,,27177.520000,62,,0.031800,0.282100,True,True,False,True,False
sulawesi utara,2021-09,2021,9,0.014900,3.500000,-0.550000,54034000.000000,7.060000,,27177.520000,62,,0.031800,0.282100,True,True,False,True,False
sulawesi utara,2021-10,2021,10,0.017100,3.500000,0.455000,54034000.000000,7.060000,,27177.520000,62,,0.031800,0.282100,True,True,False,True,False
sulawesi utara,2021-11,2021,11,0.019100,3.500000,-0.250000,54034000.000000,7.060000,,27177.520000,62,,0.031800,0.282100,True,True,False,True,False
sulawesi utara,2021-12,2021,12,0.025800,3.500000,1.200000,54034000.000000,7.060000,,27177.520000,62,,0.031800,0.282100,True,True,False,True,False
sulawesi utara,2022-01,2022,1,0.022000,3.500000,-0.245000,59021000.000000,7.060000,0.805000,27300.690000,61,,0.027500,0.288500,True,True,True,True,False
sulawesi utara,2022-02,2022,2,0.020200,3.500000,-0.325000,59021000.000000,7.060000,0.805000,27300.690000,61,,0.027500,0.288500,True,True,True,True,False
sulawesi utara,2022-03,2022,3,0.017900,3.500000,0.635000,59021000.000000,7.060000,0.805000,27300.690000,61,,0.027500,0.288500,True,True,True,True,False
sulawesi utara,2022-04,2022,4,0.018000,3.500000,1.490000,59021000.000000,7.060000,0.805000,27300.690000,61,,0.027500,0.288500,True,True,True,True,False
sulawesi utara,2022-05,2022,5,0.018400,3.500000,-0.015000,59021000.000000,7.060000,0.805000,27300.690000,61,,0.027500,0.288500,True,True,True,True,False
sulawesi utara,2022-06,2022,6,0.021700,3.500000,1.160000,59021000.000000,7.060000,0.805000,27300.690000,61,,0.027500,0.288500,True,True,True,True,False
sulawesi utara,2022-07,2022,7,0.024300,3.500000,0.700000,59021000.000000,7.060000,0.805000,27300.690000,61,,0.027500,0.288500,True,True,True,True,False
sulawesi utara,2022-08,2022,8,0.024400,3.750000,-0.460000,59021000.000000,7.060000,0.805000,27300.690000,61,,0.027500,0.288500,True,True,True,True,False
sulawesi utara,2022-09,2022,9,0.024100,4.250000,1.130000,59021000.000000,7.060000,0.805000,27300.690000,61,,0.027500,0.288500,True,True,True,True,False
sulawesi utara,2022-10,2022,10,0.018100,4.750000,-0.165000,59021000.000000,7.060000,0.805000,27300.690000,61,,0.027500,0.288500,True,True,True,True,False
sulawesi utara,2022-11,2022,11,0.018100,5.250000,0.000000,59021000.000000,7.060000,0.805000,27300.690000,61,,0.027500,0.288500,True,True,True,True,False
sulawesi utara,2022-12,2022,12,0.016400,5.500000,1.020000,59021000.000000,7.060000,0.805000,27300.690000,61,,0.027500,0.288500,True,True,True,True,False
sulawesi utara,2023-01,2023,1,0.015300,5.750000,0.505000,64131000.000000,7.060000,0.778800,28351.020000,61,,0.024700,0.274000,True,True,True,True,False
sulawesi utara,2023-02,2023,2,0.013900,5.750000,-0.075000,64131000.000000,7.060000,0.778800,28351.020000,61,,0.024700,0.274000,True,True,True,True,False
sulawesi utara,2023-03,2023,3,0.020900,5.750000,0.640000,64131000.000000,7.060000,0.778800,28351.020000,61,,0.024700,0.274000,True,True,True,True,False
sulawesi utara,2023-04,2023,4,0.012900,5.750000,0.120000,64131000.000000,7.060000,0.778800,28351.020000,61,,0.024700,0.274000,True,True,True,True,False
sulawesi utara,2023-05,2023,5,0.017800,5.750000,0.030000,64131000.000000,7.060000,0.778800,28351.020000,61,,0.024700,0.274000,True,True,True,True,False
sulawesi utara,2023-06,2023,6,0.018100,5.750000,0.015000,64131000.000000,7.060000,0.778800,28351.020000,61,,0.024700,0.274000,True,True,True,True,False
sulawesi utara,2023-07,2023,7,0.019900,5.750000,0.080000,64131000.000000,7.060000,0.778800,28351.020000,61,,0.024700,0.274000,True,True,True,True,False
sulawesi utara,2023-08,2023,8,0.013400,5.750000,-0.095000,64131000.000000,7.060000,0.778800,28351.020000,61,,0.024700,0.274000,True,True,True,True,False
sulawesi utara,2023-09,2023,9,0.014400,5.750000,-0.125000,64131000.000000,7.060000,0.778800,28351.020000,61,,0.024700,0.274000,True,True,True,True,False
sulawesi utara,2023-10,2023,10,0.016500,6.000000,0.765000,64131000.000000,7.060000,0.778800,28351.020000,61,,0.024700,0.274000,True,True,True,True,False
sulawesi utara,2023-11,2023,11,0.015000,6.000000,0.425000,64131000.000000,7.060000,0.778800,28351.020000,61,,0.024700,0.274000,True,True,True,True,False
sulawesi utara,2023-12,2023,12,0.015100,6.000000,0.810000,64131000.000000,7.060000,0.778800,28351.020000,61,,0.024700,0.274000,True,True,True,True,False
sulawesi utara,2024-01,2024,1,0.015300,6.000000,0.038100,69352000.000000,7.060000,0.718100,28247.960000,60,,0.020900,0.261400,True,True,True,True,False
sulawesi utara,2024-02,2024,2,0.013500,6.000000,0.035500,69352000.000000,7.060000,0.718100,28247.960000,60,,0.020900,0.261400,True,True,True,True,False
sulawesi utara,2024-03,2024,3,0.012500,6.000000,0.038200,69352000.000000,7.060000,0.718100,28247.960000,60,,0.020900,0.261400,True,True,True,True,False
sulawesi utara,2024-04,2024,4,0.011600,6.250000,0.042400,69352000.000000,7.060000,0.718100,28247.960000,60,,0.020900,0.261400,True,True,True,True,False
sulawesi utara,2024-05,2024,5,0.013700,6.250000,0.041500,69352000.000000,7.060000,0.718100,28247.960000,60,,0.020900,0.261400,True,True,True,True,False
sulawesi utara,2024-06,2024,6,0.011200,6.250000,0.044200,69352000.000000,7.060000,0.718100,28247.960000,60,,0.020900,0.261400,True,True,True,True,False
sulawesi utara,2024-07,2024,7,0.010900,6.250000,0.040300,69352000.000000,7.060000,0.718100,28247.960000,60,,0.020900,0.261400,True,True,True,True,False
sulawesi utara,2024-08,2024,8,0.010100,6.250000,0.042900,69352000.000000,7.060000,0.718100,28247.960000,60,,0.020900,0.261400,True,True,True,True,False
sulawesi utara,2024-09,2024,9,0.010900,6.000000,0.036600,69352000.000000,7.060000,0.718100,28247.960000,60,,0.020900,0.261400,True,True,True,True,False
sulawesi utara,2024-10,2024,10,0.012100,6.000000,0.025800,69352000.000000,7.060000,0.718100,28247.960000,60,,0.020900,0.261400,True,True,True,True,False
sulawesi utara,2024-11,2024,11,0.013100,6.000000,0.021200,69352000.000000,7.060000,0.718100,28247.960000,60,,0.020900,0.261400,True,True,True,True,False
sulawesi utara,2024-12,2024,12,0.013100,6.000000,0.004400,69352000.000000,7.060000,0.718100,28247.960000,60,,0.020900,0.261400,True,True,True,True,False
sulawesi utara,2025-01,2025,1,0.014100,5.750000,-0.002500,75235000.000000,7.060000,0.738400,31083.560000,59,,0.023800,0.259700,True,True,True,True,False
sulawesi utara,2025-02,2025,2,0.019600,5.750000,-0.001500,75235000.000000,7.060000,0.738400,31083.560000,59,,0.023800,0.259700,True,True,True,True,False
sulawesi utara,2025-03,2025,3,,5.750000,0.014100,75235000.000000,7.060000,0.738400,31083.560000,59,,0.023800,0.259700,True,True,True,True,False
sulawesi utara,2025-04,2025,4,0.017800,5.750000,0.022700,75235000.000000,7.060000,0.738400,31083.560000,59,,0.023800,0.259700,True,True,True,True,False
sulawesi utara,2025-05,2025,5,0.015800,5.750000,0.015300,75235000.000000,7.060000,0.738400,31083.560000,59,,0.023800,0.259700,True,True,True,True,False
sulawesi utara,2025-06,2025,6,0.013500,5.500000,0.017100,75235000.000000,7.060000,0.738400,31083.560000,59,,0.023800,0.259700,True,True,True,True,False
sulawesi utara,2025-07,2025,7,0.013900,5.250000,0.020400,75235000.000000,7.060000,0.738400,31083.560000,59,,0.023800,0.259700,True,True,True,True,False
sulawesi utara,2025-08,2025,8,0.014700,5.000000,0.009400,75235000.000000,7.060000,0.738400,31083.560000,59,,0.023800,0.259700,True,True,True,True,False
sulawesi utara,2025-09,2025,9,0.017600,4.750000,0.015700,75235000.000000,7.060000,0.738400,31083.560000,59,,0.023800,0.259700,True,True,True,True,False
sulawesi utara,2025-10,2025,10,0.021000,4.750000,0.014800,75235000.000000,7.060000,0.738400,31083.560000,59,,0.023800,0.259700,True,True,True,True,False
sulawesi utara,2025-11,2025,11,0.027100,4.750000,0.006500,75235000.000000,7.060000,0.738400,31083.560000,59,,0.023800,0.259700,True,True,True,True,False
sulawesi utara,2025-12,2025,12,0.026700,4.750000,0.012300,75235000.000000,7.060000,0.738400,31083.560000,59,,0.023800,0.259700,True,True,True,True,False
sumatera barat,2021-01,2021,1,0.007400,3.750000,,45218000.000000,,,49209.370000,88,,0.017700,0.378000,True,False,False,True,False
sumatera barat,2021-02,2021,2,0.006800,3.500000,-0.265000,45218000.000000,6.670000,,49209.370000,88,,0.017700,0.378000,True,True,False,True,False
sumatera barat,2021-03,2021,3,0.006800,3.500000,0.315000,45218000.000000,6.670000,,49209.370000,88,,0.017700,0.378000,True,True,False,True,False
sumatera barat,2021-04,2021,4,0.006700,3.500000,,45218000.000000,6.670000,,49209.370000,88,,0.017700,0.378000,True,True,False,True,False
sumatera barat,2021-05,2021,5,0.010900,3.500000,,45218000.000000,6.670000,,49209.370000,88,,0.017700,0.378000,True,True,False,True,False
sumatera barat,2021-06,2021,6,0.008900,3.500000,,45218000.000000,6.670000,,49209.370000,88,,0.017700,0.378000,True,True,False,True,False
sumatera barat,2021-07,2021,7,0.010500,3.500000,,45218000.000000,6.670000,,49209.370000,88,,0.017700,0.378000,True,True,False,True,False
sumatera barat,2021-08,2021,8,0.011100,3.500000,-0.185000,45218000.000000,6.520000,,49209.370000,88,,0.017700,0.378000,True,True,False,True,False
sumatera barat,2021-09,2021,9,0.010500,3.500000,0.285000,45218000.000000,6.520000,,49209.370000,88,,0.017700,0.378000,True,True,False,True,False
sumatera barat,2021-10,2021,10,0.011700,3.500000,0.380000,45218000.000000,6.520000,,49209.370000,88,,0.017700,0.378000,True,True,False,True,False
sumatera barat,2021-11,2021,11,0.012600,3.500000,0.550000,45218000.000000,6.520000,,49209.370000,88,,0.017700,0.378000,True,True,False,True,False
sumatera barat,2021-12,2021,12,0.013800,3.500000,0.220000,45218000.000000,6.520000,,49209.370000,88,,0.017700,0.378000,True,True,False,True,False
sumatera barat,2022-01,2022,1,0.014100,3.500000,0.990000,50264000.000000,6.520000,0.754000,51357.660000,84,,0.016800,0.434000,True,True,True,True,False
sumatera barat,2022-02,2022,2,0.013100,3.500000,0.000000,50264000.000000,6.520000,0.754000,51357.660000,84,,0.016800,0.434000,True,True,True,True,False
sumatera barat,2022-03,2022,3,0.012600,3.500000,0.950000,50264000.000000,6.520000,0.754000,51357.660000,84,,0.016800,0.434000,True,True,True,True,False
sumatera barat,2022-04,2022,4,0.013200,3.500000,0.850000,50264000.000000,6.520000,0.754000,51357.660000,84,,0.016800,0.434000,True,True,True,True,False
sumatera barat,2022-05,2022,5,0.014800,3.500000,1.465000,50264000.000000,6.520000,0.754000,51357.660000,84,,0.016800,0.434000,True,True,True,True,False
sumatera barat,2022-06,2022,6,0.015400,3.500000,1.220000,50264000.000000,6.520000,0.754000,51357.660000,84,,0.016800,0.434000,True,True,True,True,False
sumatera barat,2022-07,2022,7,0.015400,3.500000,0.795000,50264000.000000,6.520000,0.754000,51357.660000,84,,0.016800,0.434000,True,True,True,True,False
sumatera barat,2022-08,2022,8,0.016300,3.750000,-0.940000,50264000.000000,6.520000,0.754000,51357.660000,84,,0.016800,0.434000,True,True,True,True,False
sumatera barat,2022-09,2022,9,0.015300,4.250000,1.605000,50264000.000000,6.520000,0.754000,51357.660000,84,,0.016800,0.434000,True,True,True,True,False
sumatera barat,2022-10,2022,10,0.014400,4.750000,-0.235000,50264000.000000,6.520000,0.754000,51357.660000,84,,0.016800,0.434000,True,True,True,True,False
sumatera barat,2022-11,2022,11,0.015000,5.250000,-0.170000,50264000.000000,6.520000,0.754000,51357.660000,84,,0.016800,0.434000,True,True,True,True,False
sumatera barat,2022-12,2022,12,0.015600,5.500000,0.820000,50264000.000000,6.520000,0.754000,51357.660000,84,,0.016800,0.434000,True,True,True,True,False
sumatera barat,2023-01,2023,1,0.015000,5.750000,0.420000,54334000.000000,6.520000,0.803100,50438.370000,84,,0.017500,0.443000,True,True,True,True,False
sumatera barat,2023-02,2023,2,0.015000,5.750000,0.115000,54334000.000000,6.520000,0.803100,50438.370000,84,,0.017500,0.443000,True,True,True,True,False
sumatera barat,2023-03,2023,3,0.016100,5.750000,-0.065000,54334000.000000,6.520000,0.803100,50438.370000,84,,0.017500,0.443000,True,True,True,True,False
sumatera barat,2023-04,2023,4,0.017400,5.750000,0.015000,54334000.000000,6.520000,0.803100,50438.370000,84,,0.017500,0.443000,True,True,True,True,False
sumatera barat,2023-05,2023,5,0.021100,5.750000,0.290000,54334000.000000,6.520000,0.803100,50438.370000,84,,0.017500,0.443000,True,True,True,True,False
sumatera barat,2023-06,2023,6,0.019600,5.750000,0.030000,54334000.000000,6.520000,0.803100,50438.370000,84,,0.017500,0.443000,True,True,True,True,False
sumatera barat,2023-07,2023,7,0.023200,5.750000,0.425000,54334000.000000,6.520000,0.803100,50438.370000,84,,0.017500,0.443000,True,True,True,True,False
sumatera barat,2023-08,2023,8,0.021900,5.750000,-0.010000,54334000.000000,6.520000,0.803100,50438.370000,84,,0.017500,0.443000,True,True,True,True,False
sumatera barat,2023-09,2023,9,0.023300,5.750000,0.365000,54334000.000000,6.520000,0.803100,50438.370000,84,,0.017500,0.443000,True,True,True,True,False
sumatera barat,2023-10,2023,10,0.023500,6.000000,0.030000,54334000.000000,6.520000,0.803100,50438.370000,84,,0.017500,0.443000,True,True,True,True,False
sumatera barat,2023-11,2023,11,0.021600,6.000000,0.470000,54334000.000000,6.520000,0.803100,50438.370000,84,,0.017500,0.443000,True,True,True,True,False
sumatera barat,2023-12,2023,12,0.022300,6.000000,0.100000,54334000.000000,6.520000,0.803100,50438.370000,84,,0.017500,0.443000,True,True,True,True,False
sumatera barat,2024-01,2024,1,0.021900,6.000000,0.025700,57083000.000000,6.520000,0.751400,52018.810000,83,,0.018900,0.429800,True,True,True,True,False
sumatera barat,2024-02,2024,2,0.023200,6.000000,0.033200,57083000.000000,6.520000,0.751400,52018.810000,83,,0.018900,0.429800,True,True,True,True,False
sumatera barat,2024-03,2024,3,0.018300,6.000000,0.039300,57083000.000000,6.520000,0.751400,52018.810000,83,,0.018900,0.429800,True,True,True,True,False
sumatera barat,2024-04,2024,4,0.019600,6.250000,0.038100,57083000.000000,6.520000,0.751400,52018.810000,83,,0.018900,0.429800,True,True,True,True,False
sumatera barat,2024-05,2024,5,0.022400,6.250000,0.041700,57083000.000000,6.520000,0.751400,52018.810000,83,,0.018900,0.429800,True,True,True,True,False
sumatera barat,2024-06,2024,6,0.017100,6.250000,0.040400,57083000.000000,6.520000,0.751400,52018.810000,83,,0.018900,0.429800,True,True,True,True,False
sumatera barat,2024-07,2024,7,0.023600,6.250000,0.024400,57083000.000000,6.520000,0.751400,52018.810000,83,,0.018900,0.429800,True,True,True,True,False
sumatera barat,2024-08,2024,8,0.024000,6.250000,0.022200,57083000.000000,6.520000,0.751400,52018.810000,83,,0.018900,0.429800,True,True,True,True,False
sumatera barat,2024-09,2024,9,0.022900,6.000000,0.015200,57083000.000000,6.520000,0.751400,52018.810000,83,,0.018900,0.429800,True,True,True,True,False
sumatera barat,2024-10,2024,10,0.025200,6.000000,0.016500,57083000.000000,6.520000,0.751400,52018.810000,83,,0.018900,0.429800,True,True,True,True,False
sumatera barat,2024-11,2024,11,0.026100,6.000000,0.008000,57083000.000000,6.520000,0.751400,52018.810000,83,,0.018900,0.429800,True,True,True,True,False
sumatera barat,2024-12,2024,12,0.028100,6.000000,0.008900,57083000.000000,6.520000,0.751400,52018.810000,83,,0.018900,0.429800,True,True,True,True,False
sumatera barat,2025-01,2025,1,0.031100,5.750000,0.012400,59549000.000000,6.520000,0.764500,54261.070000,82,,0.023700,0.430800,True,True,True,True,False
sumatera barat,2025-02,2025,2,0.031600,5.750000,-0.000900,59549000.000000,6.520000,0.764500,54261.070000,82,,0.023700,0.430800,True,True,True,True,False
sumatera barat,2025-03,2025,3,,5.750000,0.003000,59549000.000000,6.520000,0.764500,54261.070000,82,,0.023700,0.430800,True,True,True,True,False
sumatera barat,2025-04,2025,4,0.031900,5.750000,0.023800,59549000.000000,6.520000,0.764500,54261.070000,82,,0.023700,0.430800,True,True,True,True,False
sumatera barat,2025-05,2025,5,0.031600,5.750000,0.008500,59549000.000000,6.520000,0.764500,54261.070000,82,,0.023700,0.430800,True,True,True,True,False
sumatera barat,2025-06,2025,6,0.024000,5.500000,0.004500,59549000.000000,6.520000,0.764500,54261.070000,82,,0.023700,0.430800,True,True,True,True,False
sumatera barat,2025-07,2025,7,0.022800,5.250000,0.021900,59549000.000000,6.520000,0.764500,54261.070000,82,,0.023700,0.430800,True,True,True,True,False
sumatera barat,2025-08,2025,8,0.021400,5.000000,0.028900,59549000.000000,6.520000,0.764500,54261.070000,82,,0.023700,0.430800,True,True,True,True,False
sumatera barat,2025-09,2025,9,0.022000,4.750000,0.042200,59549000.000000,6.520000,0.764500,54261.070000,82,,0.023700,0.430800,True,True,True,True,False
sumatera barat,2025-10,2025,10,0.021700,4.750000,0.045200,59549000.000000,6.520000,0.764500,54261.070000,82,,0.023700,0.430800,True,True,True,True,False
sumatera barat,2025-11,2025,11,0.022400,4.750000,0.039800,59549000.000000,6.520000,0.764500,54261.070000,82,,0.023700,0.430800,True,True,True,True,False
sumatera barat,2025-12,2025,12,0.018800,4.750000,0.051500,59549000.000000,6.520000,0.764500,54261.070000,82,,0.023700,0.430800,True,True,True,True,False
sumatera selatan,2021-01,2021,1,0.012300,3.750000,,57745000.000000,,,97241.130000,108,,0.030700,0.320800,True,False,False,True,False
sumatera selatan,2021-02,2021,2,0.008600,3.500000,-0.090000,57745000.000000,5.170000,,97241.130000,108,,0.030700,0.320800,True,True,False,True,False
sumatera selatan,2021-03,2021,3,0.008700,3.500000,0.070000,57745000.000000,5.170000,,97241.130000,108,,0.030700,0.320800,True,True,False,True,False
sumatera selatan,2021-04,2021,4,0.009400,3.500000,,57745000.000000,5.170000,,97241.130000,108,,0.030700,0.320800,True,True,False,True,False
sumatera selatan,2021-05,2021,5,0.011700,3.500000,,57745000.000000,5.170000,,97241.130000,108,,0.030700,0.320800,True,True,False,True,False
sumatera selatan,2021-06,2021,6,0.014600,3.500000,,57745000.000000,5.170000,,97241.130000,108,,0.030700,0.320800,True,True,False,True,False
sumatera selatan,2021-07,2021,7,0.023200,3.500000,,57745000.000000,5.170000,,97241.130000,108,,0.030700,0.320800,True,True,False,True,False
sumatera selatan,2021-08,2021,8,0.022200,3.500000,-0.125000,57745000.000000,4.980000,,97241.130000,108,,0.030700,0.320800,True,True,False,True,False
sumatera selatan,2021-09,2021,9,0.017700,3.500000,0.140000,57745000.000000,4.980000,,97241.130000,108,,0.030700,0.320800,True,True,False,True,False
sumatera selatan,2021-10,2021,10,0.018700,3.500000,0.190000,57745000.000000,4.980000,,97241.130000,108,,0.030700,0.320800,True,True,False,True,False
sumatera selatan,2021-11,2021,11,0.020500,3.500000,0.425000,57745000.000000,4.980000,,97241.130000,108,,0.030700,0.320800,True,True,False,True,False
sumatera selatan,2021-12,2021,12,0.022100,3.500000,0.385000,57745000.000000,4.980000,,97241.130000,108,,0.030700,0.320800,True,True,False,True,False
sumatera selatan,2022-01,2022,1,0.022900,3.500000,0.885000,68239000.000000,4.980000,0.810000,106026.100000,98,,0.029500,0.069300,True,True,True,True,False
sumatera selatan,2022-02,2022,2,0.023900,3.500000,-0.030000,68239000.000000,4.980000,0.810000,106026.100000,98,,0.029500,0.069300,True,True,True,True,False
sumatera selatan,2022-03,2022,3,0.021300,3.500000,0.680000,68239000.000000,4.980000,0.810000,106026.100000,98,,0.029500,0.069300,True,True,True,True,False
sumatera selatan,2022-04,2022,4,0.021900,3.500000,0.920000,68239000.000000,4.980000,0.810000,106026.100000,98,,0.029500,0.069300,True,True,True,True,False
sumatera selatan,2022-05,2022,5,0.021600,3.500000,0.895000,68239000.000000,4.980000,0.810000,106026.100000,98,,0.029500,0.069300,True,True,True,True,False
sumatera selatan,2022-06,2022,6,0.025000,3.500000,0.875000,68239000.000000,4.980000,0.810000,106026.100000,98,,0.029500,0.069300,True,True,True,True,False
sumatera selatan,2022-07,2022,7,0.027600,3.500000,0.720000,68239000.000000,4.980000,0.810000,106026.100000,98,,0.029500,0.069300,True,True,True,True,False
sumatera selatan,2022-08,2022,8,0.027500,3.750000,-0.675000,68239000.000000,4.980000,0.810000,106026.100000,98,,0.029500,0.069300,True,True,True,True,False
sumatera selatan,2022-09,2022,9,0.030000,4.250000,1.160000,68239000.000000,4.980000,0.810000,106026.100000,98,,0.029500,0.069300,True,True,True,True,False
sumatera selatan,2022-10,2022,10,0.021600,4.750000,-0.140000,68239000.000000,4.980000,0.810000,106026.100000,98,,0.029500,0.069300,True,True,True,True,False
sumatera selatan,2022-11,2022,11,0.021500,5.250000,-0.070000,68239000.000000,4.980000,0.810000,106026.100000,98,,0.029500,0.069300,True,True,True,True,False
sumatera selatan,2022-12,2022,12,0.019700,5.500000,0.530000,68239000.000000,4.980000,0.810000,106026.100000,98,,0.029500,0.069300,True,True,True,True,False
sumatera selatan,2023-01,2023,1,0.018200,5.750000,0.345000,71958000.000000,4.980000,0.700200,98718.510000,98,,0.034200,0.071600,True,True,True,True,False
sumatera selatan,2023-02,2023,2,0.017300,5.750000,0.065000,71958000.000000,4.980000,0.700200,98718.510000,98,,0.034200,0.071600,True,True,True,True,False
sumatera selatan,2023-03,2023,3,0.019400,5.750000,0.160000,71958000.000000,4.980000,0.700200,98718.510000,98,,0.034200,0.071600,True,True,True,True,False
sumatera selatan,2023-04,2023,4,0.018300,5.750000,0.340000,71958000.000000,4.980000,0.700200,98718.510000,98,,0.034200,0.071600,True,True,True,True,False
sumatera selatan,2023-05,2023,5,0.025200,5.750000,0.040000,71958000.000000,4.980000,0.700200,98718.510000,98,,0.034200,0.071600,True,True,True,True,False
sumatera selatan,2023-06,2023,6,0.024300,5.750000,0.320000,71958000.000000,4.980000,0.700200,98718.510000,98,,0.034200,0.071600,True,True,True,True,False
sumatera selatan,2023-07,2023,7,0.027700,5.750000,0.300000,71958000.000000,4.980000,0.700200,98718.510000,98,,0.034200,0.071600,True,True,True,True,False
sumatera selatan,2023-08,2023,8,0.024400,5.750000,-0.040000,71958000.000000,4.980000,0.700200,98718.510000,98,,0.034200,0.071600,True,True,True,True,False
sumatera selatan,2023-09,2023,9,0.024700,5.750000,0.355000,71958000.000000,4.980000,0.700200,98718.510000,98,,0.034200,0.071600,True,True,True,True,False
sumatera selatan,2023-10,2023,10,0.025600,6.000000,0.360000,71958000.000000,4.980000,0.700200,98718.510000,98,,0.034200,0.071600,True,True,True,True,False
sumatera selatan,2023-11,2023,11,0.025400,6.000000,0.440000,71958000.000000,4.980000,0.700200,98718.510000,98,,0.034200,0.071600,True,True,True,True,False
sumatera selatan,2023-12,2023,12,0.027200,6.000000,0.200000,71958000.000000,4.980000,0.700200,98718.510000,98,,0.034200,0.071600,True,True,True,True,False
sumatera selatan,2024-01,2024,1,0.028000,6.000000,0.033500,75132000.000000,4.980000,0.746200,102606.000000,97,,0.022400,0.063600,True,True,True,True,False
sumatera selatan,2024-02,2024,2,0.027500,6.000000,0.031500,75132000.000000,4.980000,0.746200,102606.000000,97,,0.022400,0.063600,True,True,True,True,False
sumatera selatan,2024-03,2024,3,0.024700,6.000000,0.032400,75132000.000000,4.980000,0.746200,102606.000000,97,,0.022400,0.063600,True,True,True,True,False
sumatera selatan,2024-04,2024,4,0.024400,6.250000,0.031200,75132000.000000,4.980000,0.746200,102606.000000,97,,0.022400,0.063600,True,True,True,True,False
sumatera selatan,2024-05,2024,5,0.036600,6.250000,0.029800,75132000.000000,4.980000,0.746200,102606.000000,97,,0.022400,0.063600,True,True,True,True,False
sumatera selatan,2024-06,2024,6,0.034800,6.250000,0.024800,75132000.000000,4.980000,0.746200,102606.000000,97,,0.022400,0.063600,True,True,True,True,False
sumatera selatan,2024-07,2024,7,0.030300,6.250000,0.018700,75132000.000000,4.980000,0.746200,102606.000000,97,,0.022400,0.063600,True,True,True,True,False
sumatera selatan,2024-08,2024,8,0.028000,6.250000,0.018000,75132000.000000,4.980000,0.746200,102606.000000,97,,0.022400,0.063600,True,True,True,True,False
sumatera selatan,2024-09,2024,9,0.027900,6.000000,0.014000,75132000.000000,4.980000,0.746200,102606.000000,97,,0.022400,0.063600,True,True,True,True,False
sumatera selatan,2024-10,2024,10,0.027800,6.000000,0.010900,75132000.000000,4.980000,0.746200,102606.000000,97,,0.022400,0.063600,True,True,True,True,False
sumatera selatan,2024-11,2024,11,0.029500,6.000000,0.007300,75132000.000000,4.980000,0.746200,102606.000000,97,,0.022400,0.063600,True,True,True,True,False
sumatera selatan,2024-12,2024,12,0.030200,6.000000,0.012000,75132000.000000,4.980000,0.746200,102606.000000,97,,0.022400,0.063600,True,True,True,True,False
sumatera selatan,2025-01,2025,1,0.031400,5.750000,0.009200,80663000.000000,4.980000,0.769800,107536.030000,98,,0.024600,0.060300,True,True,True,True,False
sumatera selatan,2025-02,2025,2,0.031000,5.750000,0.004900,80663000.000000,4.980000,0.769800,107536.030000,98,,0.024600,0.060300,True,True,True,True,False
sumatera selatan,2025-03,2025,3,,5.750000,0.017700,80663000.000000,4.980000,0.769800,107536.030000,98,,0.024600,0.060300,True,True,True,True,False
sumatera selatan,2025-04,2025,4,0.027300,5.750000,0.027400,80663000.000000,4.980000,0.769800,107536.030000,98,,0.024600,0.060300,True,True,True,True,False
sumatera selatan,2025-05,2025,5,0.028200,5.750000,0.023300,80663000.000000,4.980000,0.769800,107536.030000,98,,0.024600,0.060300,True,True,True,True,False
sumatera selatan,2025-06,2025,6,0.026600,5.500000,0.024400,80663000.000000,4.980000,0.769800,107536.030000,98,,0.024600,0.060300,True,True,True,True,False
sumatera selatan,2025-07,2025,7,0.025100,5.250000,0.028800,80663000.000000,4.980000,0.769800,107536.030000,98,,0.024600,0.060300,True,True,True,True,False
sumatera selatan,2025-08,2025,8,0.024600,5.000000,0.030400,80663000.000000,4.980000,0.769800,107536.030000,98,,0.024600,0.060300,True,True,True,True,False
sumatera selatan,2025-09,2025,9,0.028000,4.750000,0.034400,80663000.000000,4.980000,0.769800,107536.030000,98,,0.024600,0.060300,True,True,True,True,False
sumatera selatan,2025-10,2025,10,0.027700,4.750000,0.034900,80663000.000000,4.980000,0.769800,107536.030000,98,,0.024600,0.060300,True,True,True,True,False
sumatera selatan,2025-11,2025,11,0.030900,4.750000,0.029100,80663000.000000,4.980000,0.769800,107536.030000,98,,0.024600,0.060300,True,True,True,True,False
sumatera selatan,2025-12,2025,12,0.030800,4.750000,0.029100,80663000.000000,4.980000,0.769800,107536.030000,98,,0.024600,0.060300,True,True,True,True,False
sumatera utara,2021-01,2021,1,0.012900,3.750000,,57442000.000000,,,263300.010000,204,,0.026100,0.285900,True,False,False,True,False
sumatera utara,2021-02,2021,2,0.012600,3.500000,-0.660000,57442000.000000,6.010000,,263300.010000,204,,0.026100,0.285900,True,True,False,True,False
sumatera utara,2021-03,2021,3,0.012700,3.500000,-0.332000,57442000.000000,6.010000,,263300.010000,204,,0.026100,0.285900,True,True,False,True,False
sumatera utara,2021-04,2021,4,0.012100,3.500000,,57442000.000000,6.010000,,263300.010000,204,,0.026100,0.285900,True,True,False,True,False
sumatera utara,2021-05,2021,5,0.008300,3.500000,,57442000.000000,6.010000,,263300.010000,204,,0.026100,0.285900,True,True,False,True,False
sumatera utara,2021-06,2021,6,0.016500,3.500000,,57442000.000000,6.010000,,263300.010000,204,,0.026100,0.285900,True,True,False,True,False
sumatera utara,2021-07,2021,7,0.017900,3.500000,,57442000.000000,6.010000,,263300.010000,204,,0.026100,0.285900,True,True,False,True,False
sumatera utara,2021-08,2021,8,0.015500,3.500000,0.002000,57442000.000000,6.330000,,263300.010000,204,,0.026100,0.285900,True,True,False,True,False
sumatera utara,2021-09,2021,9,0.016800,3.500000,0.172000,57442000.000000,6.330000,,263300.010000,204,,0.026100,0.285900,True,True,False,True,False
sumatera utara,2021-10,2021,10,0.017500,3.500000,-0.062000,57442000.000000,6.330000,,263300.010000,204,,0.026100,0.285900,True,True,False,True,False
sumatera utara,2021-11,2021,11,0.018400,3.500000,0.532000,57442000.000000,6.330000,,263300.010000,204,,0.026100,0.285900,True,True,False,True,False
sumatera utara,2021-12,2021,12,0.019700,3.500000,0.486000,57442000.000000,6.330000,,263300.010000,204,,0.026100,0.285900,True,True,False,True,False
sumatera utara,2022-01,2022,1,0.021800,3.500000,1.072000,62922000.000000,6.330000,0.793000,278253.650000,196,,0.023200,0.315700,True,True,True,True,False
sumatera utara,2022-02,2022,2,0.019800,3.500000,0.098000,62922000.000000,6.330000,0.793000,278253.650000,196,,0.023200,0.315700,True,True,True,True,False
sumatera utara,2022-03,2022,3,0.018700,3.500000,0.776000,62922000.000000,6.330000,0.793000,278253.650000,196,,0.023200,0.315700,True,True,True,True,False
sumatera utara,2022-04,2022,4,0.019500,3.500000,0.440000,62922000.000000,6.330000,0.793000,278253.650000,196,,0.023200,0.315700,True,True,True,True,False
sumatera utara,2022-05,2022,5,0.019700,3.500000,0.610000,62922000.000000,6.330000,0.793000,278253.650000,196,,0.023200,0.315700,True,True,True,True,False
sumatera utara,2022-06,2022,6,0.019900,3.500000,1.576000,62922000.000000,6.330000,0.793000,278253.650000,196,,0.023200,0.315700,True,True,True,True,False
sumatera utara,2022-07,2022,7,0.021400,3.500000,0.756000,62922000.000000,6.330000,0.793000,278253.650000,196,,0.023200,0.315700,True,True,True,True,False
sumatera utara,2022-08,2022,8,0.022900,3.750000,-0.560000,62922000.000000,6.330000,0.793000,278253.650000,196,,0.023200,0.315700,True,True,True,True,False
sumatera utara,2022-09,2022,9,0.024900,4.250000,0.882000,62922000.000000,6.330000,0.793000,278253.650000,196,,0.023200,0.315700,True,True,True,True,False
sumatera utara,2022-10,2022,10,0.020800,4.750000,-0.838000,62922000.000000,6.330000,0.793000,278253.650000,196,,0.023200,0.315700,True,True,True,True,False
sumatera utara,2022-11,2022,11,0.019400,5.250000,-0.180000,62922000.000000,6.330000,0.793000,278253.650000,196,,0.023200,0.315700,True,True,True,True,False
sumatera utara,2022-12,2022,12,0.017900,5.500000,1.404000,62922000.000000,6.330000,0.793000,278253.650000,196,,0.023200,0.315700,True,True,True,True,False
sumatera utara,2023-01,2023,1,0.015700,5.750000,1.266000,68306000.000000,6.330000,0.671200,286846.320000,193,,0.018500,0.314700,True,True,True,True,False
sumatera utara,2023-02,2023,2,0.014300,5.750000,-0.132000,68306000.000000,6.330000,0.671200,286846.320000,193,,0.018500,0.314700,True,True,True,True,False
sumatera utara,2023-03,2023,3,0.015800,5.750000,-0.468000,68306000.000000,6.330000,0.671200,286846.320000,193,,0.018500,0.314700,True,True,True,True,False
sumatera utara,2023-04,2023,4,0.014500,5.750000,-0.128000,68306000.000000,6.330000,0.671200,286846.320000,193,,0.018500,0.314700,True,True,True,True,False
sumatera utara,2023-05,2023,5,0.019400,5.750000,0.344000,68306000.000000,6.330000,0.671200,286846.320000,193,,0.018500,0.314700,True,True,True,True,False
sumatera utara,2023-06,2023,6,0.019100,5.750000,0.370000,68306000.000000,6.330000,0.671200,286846.320000,193,,0.018500,0.314700,True,True,True,True,False
sumatera utara,2023-07,2023,7,0.024300,5.750000,0.498000,68306000.000000,6.330000,0.671200,286846.320000,193,,0.018500,0.314700,True,True,True,True,False
sumatera utara,2023-08,2023,8,0.019300,5.750000,-0.008000,68306000.000000,6.330000,0.671200,286846.320000,193,,0.018500,0.314700,True,True,True,True,False
sumatera utara,2023-09,2023,9,0.020300,5.750000,0.370000,68306000.000000,6.330000,0.671200,286846.320000,193,,0.018500,0.314700,True,True,True,True,False
sumatera utara,2023-10,2023,10,0.020200,6.000000,-0.208000,68306000.000000,6.330000,0.671200,286846.320000,193,,0.018500,0.314700,True,True,True,True,False
sumatera utara,2023-11,2023,11,0.019100,6.000000,0.274000,68306000.000000,6.330000,0.671200,286846.320000,193,,0.018500,0.314700,True,True,True,True,False
sumatera utara,2023-12,2023,12,0.019900,6.000000,0.330000,68306000.000000,6.330000,0.671200,286846.320000,193,,0.018500,0.314700,True,True,True,True,False
sumatera utara,2024-01,2024,1,0.018700,6.000000,0.021600,73575000.000000,6.330000,0.731500,292162.630000,191,,0.016300,0.288200,True,True,True,True,False
sumatera utara,2024-02,2024,2,0.019500,6.000000,0.025000,73575000.000000,6.330000,0.731500,292162.630000,191,,0.016300,0.288200,True,True,True,True,False
sumatera utara,2024-03,2024,3,0.016800,6.000000,0.036700,73575000.000000,6.330000,0.731500,292162.630000,191,,0.016300,0.288200,True,True,True,True,False
sumatera utara,2024-04,2024,4,0.015600,6.250000,0.039600,73575000.000000,6.330000,0.731500,292162.630000,191,,0.016300,0.288200,True,True,True,True,False
sumatera utara,2024-05,2024,5,0.017200,6.250000,0.042600,73575000.000000,6.330000,0.731500,292162.630000,191,,0.016300,0.288200,True,True,True,True,False
sumatera utara,2024-06,2024,6,0.015500,6.250000,0.033500,73575000.000000,6.330000,0.731500,292162.630000,191,,0.016300,0.288200,True,True,True,True,False
sumatera utara,2024-07,2024,7,0.014900,6.250000,0.020600,73575000.000000,6.330000,0.731500,292162.630000,191,,0.016300,0.288200,True,True,True,True,False
sumatera utara,2024-08,2024,8,0.013900,6.250000,0.018600,73575000.000000,6.330000,0.731500,292162.630000,191,,0.016300,0.288200,True,True,True,True,False
sumatera utara,2024-09,2024,9,0.014600,6.000000,0.014000,73575000.000000,6.330000,0.731500,292162.630000,191,,0.016300,0.288200,True,True,True,True,False
sumatera utara,2024-10,2024,10,0.015400,6.000000,0.015900,73575000.000000,6.330000,0.731500,292162.630000,191,,0.016300,0.288200,True,True,True,True,False
sumatera utara,2024-11,2024,11,0.016800,6.000000,0.014900,73575000.000000,6.330000,0.731500,292162.630000,191,,0.016300,0.288200,True,True,True,True,False
sumatera utara,2024-12,2024,12,0.017600,6.000000,0.021200,73575000.000000,6.330000,0.731500,292162.630000,191,,0.016300,0.288200,True,True,True,True,False
sumatera utara,2025-01,2025,1,0.018900,5.750000,0.017800,78310000.000000,6.330000,0.700300,301109.140000,192,,0.020100,0.288600,True,True,True,True,False
sumatera utara,2025-02,2025,2,0.018600,5.750000,0.007300,78310000.000000,6.330000,0.700300,301109.140000,192,,0.020100,0.288600,True,True,True,True,False
sumatera utara,2025-03,2025,3,,5.750000,0.006900,78310000.000000,6.330000,0.700300,301109.140000,192,,0.020100,0.288600,True,True,True,True,False
sumatera utara,2025-04,2025,4,0.020700,5.750000,0.020900,78310000.000000,6.330000,0.700300,301109.140000,192,,0.020100,0.288600,True,True,True,True,False
sumatera utara,2025-05,2025,5,0.020700,5.750000,0.011100,78310000.000000,6.330000,0.700300,301109.140000,192,,0.020100,0.288600,True,True,True,True,False
sumatera utara,2025-06,2025,6,0.015500,5.500000,0.012500,78310000.000000,6.330000,0.700300,301109.140000,192,,0.020100,0.288600,True,True,True,True,False
sumatera utara,2025-07,2025,7,0.015900,5.250000,0.028600,78310000.000000,6.330000,0.700300,301109.140000,192,,0.020100,0.288600,True,True,True,True,False
sumatera utara,2025-08,2025,8,0.016000,5.000000,0.044200,78310000.000000,6.330000,0.700300,301109.140000,192,,0.020100,0.288600,True,True,True,True,False
sumatera utara,2025-09,2025,9,0.019100,4.750000,0.053200,78310000.000000,6.330000,0.700300,301109.140000,192,,0.020100,0.288600,True,True,True,True,False
sumatera utara,2025-10,2025,10,0.019000,4.750000,0.049700,78310000.000000,6.330000,0.700300,301109.140000,192,,0.020100,0.288600,True,True,True,True,False
sumatera utara,2025-11,2025,11,0.018800,4.750000,0.039600,78310000.000000,6.330000,0.700300,301109.140000,192,,0.020100,0.288600,True,True,True,True,False
sumatera utara,2025-12,2025,12,0.017000,4.750000,0.046600,78310000.000000,6.330000,0.700300,301109.140000,192,,0.020100,0.288600,True,True,True,True,False
