provinsi_id,nama_provinsi,tanggal,tahun,bulan,twp90_pct,x1_bi_rate_pct,x2_inflasi_yoy,x3_pdrb_per_kapita,x4_tpt_pct,x5_penetrasi_internet_pct,x6_tabungan_miliar,x7_jumlah_kc_bank,x8_ldr_pct,x9_npl_ratio,x10_rasio_umkm
1,Banten,2021-01-01,2021,1,0.0155,3.75,0.00373,55383000.0,,0.7290000000000001,224668.73,104.0,0.7589,0.0226,0.2728
1,Banten,2021-02-01,2021,2,0.0163,3.5,0.00233,55383000.0,9.01,0.7290000000000001,224668.73,104.0,0.7589,0.0226,0.2728
1,Banten,2021-03-01,2021,3,0.014,3.5,0.0014,55383000.0,,0.7290000000000001,224668.73,104.0,0.7589,0.0226,0.2728
1,Banten,2021-04-01,2021,4,0.013,3.5,0.00187,55383000.0,,0.7290000000000001,224668.73,104.0,0.7589,0.0226,0.2728
1,Banten,2021-05-01,2021,5,0.0131,3.5,0.00257,55383000.0,,0.7290000000000001,224668.73,104.0,0.7589,0.0226,0.2728
1,Banten,2021-06-01,2021,6,0.0149,3.5,-0.00097,55383000.0,,0.7290000000000001,224668.73,104.0,0.7589,0.0226,0.2728
1,Banten,2021-07-01,2021,7,0.0174,3.5,0.00037,55383000.0,,0.7290000000000001,224668.73,104.0,0.7589,0.0226,0.2728
1,Banten,2021-08-01,2021,8,0.0164,3.5,0.00083,55383000.0,8.98,0.7290000000000001,224668.73,104.0,0.7589,0.0226,0.2728
1,Banten,2021-09-01,2021,9,0.0171,3.5,-0.00167,55383000.0,,0.7290000000000001,224668.73,104.0,0.7589,0.0226,0.2728
1,Banten,2021-10-01,2021,10,0.019,3.5,0.00103,55383000.0,,0.7290000000000001,224668.73,104.0,0.7589,0.0226,0.2728
1,Banten,2021-11-01,2021,11,0.0201,3.5,0.00217,55383000.0,,0.7290000000000001,224668.73,104.0,0.7589,0.0226,0.2728
1,Banten,2021-12-01,2021,12,0.0204,3.5,0.00693,55383000.0,,0.7290000000000001,224668.73,104.0,0.7589,0.0226,0.2728
1,Banten,2022-01-01,2022,1,0.0217,3.5,0.0081,61414000.0,,0.81,236586.03,96.0,0.7703,0.0202,0.2979
1,Banten,2022-02-01,2022,2,0.0217,3.5,0.00017,61414000.0,8.53,0.81,236586.03,96.0,0.7703,0.0202,0.2979
1,Banten,2022-03-01,2022,3,0.0225,3.5,0.01087,61414000.0,,0.81,236586.03,96.0,0.7703,0.0202,0.2979
1,Banten,2022-04-01,2022,4,0.0238,3.5,0.00973,61414000.0,,0.81,236586.03,96.0,0.7703,0.0202,0.2979
1,Banten,2022-05-01,2022,5,0.0255,3.5,0.00383,61414000.0,,0.81,236586.03,96.0,0.7703,0.0202,0.2979
1,Banten,2022-06-01,2022,6,0.0262,3.5,0.0075,61414000.0,,0.81,236586.03,96.0,0.7703,0.0202,0.2979
1,Banten,2022-07-01,2022,7,0.0287,3.5,0.00383,61414000.0,,0.81,236586.03,96.0,0.7703,0.0202,0.2979
1,Banten,2022-08-01,2022,8,0.028,3.75,-0.0024,61414000.0,8.09,0.81,236586.03,96.0,0.7703,0.0202,0.2979
1,Banten,2022-09-01,2022,9,0.028,4.25,0.0123,61414000.0,,0.81,236586.03,96.0,0.7703,0.0202,0.2979
1,Banten,2022-10-01,2022,10,0.0257,4.75,-0.00113,61414000.0,,0.81,236586.03,96.0,0.7703,0.0202,0.2979
1,Banten,2022-11-01,2022,11,0.0253,5.25,-0.00013,61414000.0,,0.81,236586.03,96.0,0.7703,0.0202,0.2979
1,Banten,2022-12-01,2022,12,0.0246,5.5,0.00483,61414000.0,,0.81,236586.03,96.0,0.7703,0.0202,0.2979
1,Banten,2023-01-01,2023,1,0.0236,5.75,0.0055,66147000.0,,0.891,246873.64,94.0,0.7934,0.0173,0.2995
1,Banten,2023-02-01,2023,2,0.0217,5.75,0.00257,66147000.0,7.97,0.891,246873.64,94.0,0.7934,0.0173,0.2995
1,Banten,2023-03-01,2023,3,0.022,5.75,0.00107,66147000.0,,0.891,246873.64,94.0,0.7934,0.0173,0.2995
1,Banten,2023-04-01,2023,4,0.0226,5.75,0.0041,66147000.0,,0.891,246873.64,94.0,0.7934,0.0173,0.2995
1,Banten,2023-05-01,2023,5,0.0484,5.75,0.00203,66147000.0,,0.891,246873.64,94.0,0.7934,0.0173,0.2995
1,Banten,2023-06-01,2023,6,0.0513,5.75,0.00117,66147000.0,,0.891,246873.64,94.0,0.7934,0.0173,0.2995
1,Banten,2023-07-01,2023,7,0.0489,5.75,0.00093,66147000.0,,0.891,246873.64,94.0,0.7934,0.0173,0.2995
1,Banten,2023-08-01,2023,8,0.0229,5.75,-0.0013,66147000.0,7.52,0.891,246873.64,94.0,0.7934,0.0173,0.2995
1,Banten,2023-09-01,2023,9,0.0216,5.75,0.00197,66147000.0,,0.891,246873.64,94.0,0.7934,0.0173,0.2995
1,Banten,2023-10-01,2023,10,0.0222,6.0,0.0013,66147000.0,,0.891,246873.64,94.0,0.7934,0.0173,0.2995
1,Banten,2023-11-01,2023,11,0.0219,6.0,0.00523,66147000.0,,0.891,246873.64,94.0,0.7934,0.0173,0.2995
1,Banten,2023-12-01,2023,12,0.0234,6.0,0.00437,66147000.0,,0.891,246873.64,94.0,0.7934,0.0173,0.2995
1,Banten,2024-01-01,2024,1,0.024,6.0,0.0259,70276000.0,,0.8455,268171.77,96.0,0.7943,0.0232,0.2826
1,Banten,2024-02-01,2024,2,0.0261,6.0,0.0281,70276000.0,7.02,0.8455,268171.77,96.0,0.7943,0.0232,0.2826
1,Banten,2024-03-01,2024,3,0.0266,6.0,0.0342,70276000.0,,0.8455,268171.77,96.0,0.7943,0.0232,0.2826
1,Banten,2024-04-01,2024,4,0.0237,6.25,0.0342,70276000.0,,0.8455,268171.77,96.0,0.7943,0.0232,0.2826
1,Banten,2024-05-01,2024,5,0.0246,6.25,0.0286,70276000.0,,0.8455,268171.77,96.0,0.7943,0.0232,0.2826
1,Banten,2024-06-01,2024,6,0.0236,6.25,0.0249,70276000.0,,0.8455,268171.77,96.0,0.7943,0.0232,0.2826
1,Banten,2024-07-01,2024,7,0.0203,6.25,0.023,70276000.0,,0.8455,268171.77,96.0,0.7943,0.0232,0.2826
1,Banten,2024-08-01,2024,8,0.0189,6.25,0.0245,70276000.0,6.68,0.8455,268171.77,96.0,0.7943,0.0232,0.2826
1,Banten,2024-09-01,2024,9,0.0194,6.0,0.0203,70276000.0,,0.8455,268171.77,96.0,0.7943,0.0232,0.2826
1,Banten,2024-10-01,2024,10,0.019,6.0,0.0194,70276000.0,,0.8455,268171.77,96.0,0.7943,0.0232,0.2826
1,Banten,2024-11-01,2024,11,0.0202,6.0,0.019,70276000.0,,0.8455,268171.77,96.0,0.7943,0.0232,0.2826
1,Banten,2024-12-01,2024,12,0.0211,6.0,0.0188,70276000.0,,0.8455,268171.77,96.0,0.7943,0.0232,0.2826
1,Banten,2025-01-01,2025,1,0.0201,5.75,0.0085,74673000.0,,0.8399,268278.77,97.0,0.7998,0.0281,0.2756
1,Banten,2025-02-01,2025,2,0.0274,5.75,-0.0033,74673000.0,6.64,0.8399,268278.77,97.0,0.7998,0.0281,0.2756
1,Banten,2025-03-01,2025,3,0.0271,5.75,0.007,74673000.0,,0.8399,268278.77,97.0,0.7998,0.0281,0.2756
1,Banten,2025-04-01,2025,4,0.0227,5.75,0.0159,74673000.0,,0.8399,268278.77,97.0,0.7998,0.0281,0.2756
1,Banten,2025-05-01,2025,5,0.0267,5.75,0.0157,74673000.0,,0.8399,268278.77,97.0,0.7998,0.0281,0.2756
1,Banten,2025-06-01,2025,6,0.0273,5.5,0.0183,74673000.0,,0.8399,268278.77,97.0,0.7998,0.0281,0.2756
1,Banten,2025-07-01,2025,7,0.0247,5.25,0.0229,74673000.0,,0.8399,268278.77,97.0,0.7998,0.0281,0.2756
1,Banten,2025-08-01,2025,8,0.0233,5.0,0.0195,74673000.0,6.69,0.8399,268278.77,97.0,0.7998,0.0281,0.2756
1,Banten,2025-09-01,2025,9,0.0199,4.75,0.0231,74673000.0,,0.8399,268278.77,97.0,0.7998,0.0281,0.2756
1,Banten,2025-10-01,2025,10,0.0201,4.75,0.0275,74673000.0,,0.8399,268278.77,97.0,0.7998,0.0281,0.2756
1,Banten,2025-11-01,2025,11,0.0258,4.75,0.0256,74673000.0,,0.8399,268278.77,97.0,0.7998,0.0281,0.2756
1,Banten,2025-12-01,2025,12,0.0243,4.75,0.0274,74673000.0,,0.8399,268278.77,97.0,0.7998,0.0281,0.2756
2,Dki Jakarta,2021-01-01,2021,1,0.0214,3.75,0.0014,27466000.0,,0.7983999999999999,3108906.38,456.0,0.8792,0.0295,0.0474
2,Dki Jakarta,2021-02-01,2021,2,0.0106,3.5,0.0018,27466000.0,8.51,0.7983999999999999,3108906.38,456.0,0.8792,0.0295,0.0474
2,Dki Jakarta,2021-03-01,2021,3,0.0099,3.5,0.0006,27466000.0,,0.7983999999999999,3108906.38,456.0,0.8792,0.0295,0.0474
2,Dki Jakarta,2021-04-01,2021,4,0.0122,3.5,0.0008,27466000.0,,0.7983999999999999,3108906.38,456.0,0.8792,0.0295,0.0474
2,Dki Jakarta,2021-05-01,2021,5,0.0173,3.5,0.0041,27466000.0,,0.7983999999999999,3108906.38,456.0,0.8792,0.0295,0.0474
2,Dki Jakarta,2021-06-01,2021,6,0.013,3.5,-0.0027,27466000.0,,0.7983999999999999,3108906.38,456.0,0.8792,0.0295,0.0474
2,Dki Jakarta,2021-07-01,2021,7,0.0169,3.5,-0.0004,27466000.0,,0.7983999999999999,3108906.38,456.0,0.8792,0.0295,0.0474
2,Dki Jakarta,2021-08-01,2021,8,0.0176,3.5,0.0008,27466000.0,8.5,0.7983999999999999,3108906.38,456.0,0.8792,0.0295,0.0474
2,Dki Jakarta,2021-09-01,2021,9,0.0202,3.5,-0.0006,27466000.0,,0.7983999999999999,3108906.38,456.0,0.8792,0.0295,0.0474
2,Dki Jakarta,2021-10-01,2021,10,0.0231,3.5,0.0008,27466000.0,,0.7983999999999999,3108906.38,456.0,0.8792,0.0295,0.0474
2,Dki Jakarta,2021-11-01,2021,11,0.0232,3.5,0.004,27466000.0,,0.7983999999999999,3108906.38,456.0,0.8792,0.0295,0.0474
2,Dki Jakarta,2021-12-01,2021,12,0.0231,3.5,0.0045,27466000.0,,0.7983999999999999,3108906.38,456.0,0.8792,0.0295,0.0474
2,Dki Jakarta,2022-01-01,2022,1,0.0234,3.5,0.0046,299675000.0,,0.834,3393358.58,451.0,0.9222,0.0217,0.0461
2,Dki Jakarta,2022-02-01,2022,2,0.0218,3.5,-0.0005,299675000.0,8.0,0.834,3393358.58,451.0,0.9222,0.0217,0.0461
2,Dki Jakarta,2022-03-01,2022,3,0.0223,3.5,0.0044,299675000.0,,0.834,3393358.58,451.0,0.9222,0.0217,0.0461
2,Dki Jakarta,2022-04-01,2022,4,0.0205,3.5,0.007,299675000.0,,0.834,3393358.58,451.0,0.9222,0.0217,0.0461
2,Dki Jakarta,2022-05-01,2022,5,0.0209,3.5,0.0006,299675000.0,,0.834,3393358.58,451.0,0.9222,0.0217,0.0461
2,Dki Jakarta,2022-06-01,2022,6,0.0242,3.5,0.0032,299675000.0,,0.834,3393358.58,451.0,0.9222,0.0217,0.0461
2,Dki Jakarta,2022-07-01,2022,7,0.0243,3.5,0.0057,299675000.0,,0.834,3393358.58,451.0,0.9222,0.0217,0.0461
2,Dki Jakarta,2022-08-01,2022,8,0.0278,3.75,-0.0011,299675000.0,7.18,0.834,3393358.58,451.0,0.9222,0.0217,0.0461
2,Dki Jakarta,2022-09-01,2022,9,0.028,4.25,0.0121,299675000.0,,0.834,3393358.58,451.0,0.9222,0.0217,0.0461
2,Dki Jakarta,2022-10-01,2022,10,0.0336,4.75,-0.0005,299675000.0,,0.834,3393358.58,451.0,0.9222,0.0217,0.0461
2,Dki Jakarta,2022-11-01,2022,11,0.0304,5.25,0.0005,299675000.0,,0.834,3393358.58,451.0,0.9222,0.0217,0.0461
2,Dki Jakarta,2022-12-01,2022,12,0.0287,5.5,0.0055,299675000.0,,0.834,3393358.58,451.0,0.9222,0.0217,0.0461
2,Dki Jakarta,2023-01-01,2023,1,0.0305,5.75,0.0009,322651000.0,,0.8696,3467900.74,446.0,1.0211,0.0185,0.0424
2,Dki Jakarta,2023-02-01,2023,2,0.0279,5.75,0.0019,322651000.0,7.57,0.8696,3467900.74,446.0,1.0211,0.0185,0.0424
2,Dki Jakarta,2023-03-01,2023,3,0.0279,5.75,0.0036,322651000.0,,0.8696,3467900.74,446.0,1.0211,0.0185,0.0424
2,Dki Jakarta,2023-04-01,2023,4,0.0294,5.75,0.004,322651000.0,,0.8696,3467900.74,446.0,1.0211,0.0185,0.0424
2,Dki Jakarta,2023-05-01,2023,5,0.0323,5.75,-0.001,322651000.0,,0.8696,3467900.74,446.0,1.0211,0.0185,0.0424
2,Dki Jakarta,2023-06-01,2023,6,0.0313,5.75,0.0001,322651000.0,,0.8696,3467900.74,446.0,1.0211,0.0185,0.0424
2,Dki Jakarta,2023-07-01,2023,7,0.031,5.75,0.0019,322651000.0,,0.8696,3467900.74,446.0,1.0211,0.0185,0.0424
2,Dki Jakarta,2023-08-01,2023,8,0.0281,5.75,0.0001,322651000.0,6.53,0.8696,3467900.74,446.0,1.0211,0.0185,0.0424
2,Dki Jakarta,2023-09-01,2023,9,0.0273,5.75,0.0019,322651000.0,,0.8696,3467900.74,446.0,1.0211,0.0185,0.0424
2,Dki Jakarta,2023-10-01,2023,10,0.0285,6.0,0.0013,322651000.0,,0.8696,3467900.74,446.0,1.0211,0.0185,0.0424
2,Dki Jakarta,2023-11-01,2023,11,0.0283,6.0,0.003,322651000.0,,0.8696,3467900.74,446.0,1.0211,0.0185,0.0424
2,Dki Jakarta,2023-12-01,2023,12,0.0312,6.0,0.005,322651000.0,,0.8696,3467900.74,446.0,1.0211,0.0185,0.0424
2,Dki Jakarta,2024-01-01,2024,1,0.034,6.0,0.0183,344383000.0,,0.8751,3579123.95,447.0,1.1058,0.0172,0.0392
2,Dki Jakarta,2024-02-01,2024,2,0.0309,6.0,0.0212,344383000.0,6.03,0.8751,3579123.95,447.0,1.1058,0.0172,0.0392
2,Dki Jakarta,2024-03-01,2024,3,0.0313,6.0,0.0218,344383000.0,,0.8751,3579123.95,447.0,1.1058,0.0172,0.0392
2,Dki Jakarta,2024-04-01,2024,4,0.0331,6.25,0.0211,344383000.0,,0.8751,3579123.95,447.0,1.1058,0.0172,0.0392
2,Dki Jakarta,2024-05-01,2024,5,0.0356,6.25,0.0208,344383000.0,,0.8751,3579123.95,447.0,1.1058,0.0172,0.0392
2,Dki Jakarta,2024-06-01,2024,6,0.0351,6.25,0.0223,344383000.0,,0.8751,3579123.95,447.0,1.1058,0.0172,0.0392
2,Dki Jakarta,2024-07-01,2024,7,0.032,6.25,0.0197,344383000.0,,0.8751,3579123.95,447.0,1.1058,0.0172,0.0392
2,Dki Jakarta,2024-08-01,2024,8,0.0294,6.25,0.0198,344383000.0,6.21,0.8751,3579123.95,447.0,1.1058,0.0172,0.0392
2,Dki Jakarta,2024-09-01,2024,9,0.0283,6.0,0.017,344383000.0,,0.8751,3579123.95,447.0,1.1058,0.0172,0.0392
2,Dki Jakarta,2024-10-01,2024,10,0.0266,6.0,0.0158,344383000.0,,0.8751,3579123.95,447.0,1.1058,0.0172,0.0392
2,Dki Jakarta,2024-11-01,2024,11,0.029,6.0,0.0158,344383000.0,,0.8751,3579123.95,447.0,1.1058,0.0172,0.0392
2,Dki Jakarta,2024-12-01,2024,12,0.0296,6.0,0.0148,344383000.0,,0.8751,3579123.95,447.0,1.1058,0.0172,0.0392
2,Dki Jakarta,2025-01-01,2025,1,0.0287,5.75,0.0014,367687000.0,,0.9135,3893790.76,450.0,1.0624,0.0158,0.0372
2,Dki Jakarta,2025-02-01,2025,2,0.0321,5.75,-0.0059,367687000.0,6.18,0.9135,3893790.76,450.0,1.0624,0.0158,0.0372
2,Dki Jakarta,2025-03-01,2025,3,0.0308,5.75,0.0102,367687000.0,,0.9135,3893790.76,450.0,1.0624,0.0158,0.0372
2,Dki Jakarta,2025-04-01,2025,4,0.031,5.75,0.0221,367687000.0,,0.9135,3893790.76,450.0,1.0624,0.0158,0.0372
2,Dki Jakarta,2025-05-01,2025,5,0.036,5.75,0.0207,367687000.0,,0.9135,3893790.76,450.0,1.0624,0.0158,0.0372
2,Dki Jakarta,2025-06-01,2025,6,0.0356,5.5,0.0207,367687000.0,,0.9135,3893790.76,450.0,1.0624,0.0158,0.0372
2,Dki Jakarta,2025-07-01,2025,7,0.0319,5.25,0.0225,367687000.0,,0.9135,3893790.76,450.0,1.0624,0.0158,0.0372
2,Dki Jakarta,2025-08-01,2025,8,0.0302,5.0,0.0216,367687000.0,6.05,0.9135,3893790.76,450.0,1.0624,0.0158,0.0372
2,Dki Jakarta,2025-09-01,2025,9,0.0364,4.75,0.024,367687000.0,,0.9135,3893790.76,450.0,1.0624,0.0158,0.0372
2,Dki Jakarta,2025-10-01,2025,10,0.0361,4.75,0.0269,367687000.0,,0.9135,3893790.76,450.0,1.0624,0.0158,0.0372
2,Dki Jakarta,2025-11-01,2025,11,0.1156,4.75,0.0267,367687000.0,,0.9135,3893790.76,450.0,1.0624,0.0158,0.0372
2,Dki Jakarta,2025-12-01,2025,12,0.1158,4.75,0.0263,367687000.0,,0.9135,3893790.76,450.0,1.0624,0.0158,0.0372
3,Jawa Barat,2021-01-01,2021,1,0.0193,3.75,0.00173,45234000.0,,0.8206999999999999,565609.64,398.0,0.8866,0.0353,0.312
3,Jawa Barat,2021-02-01,2021,2,0.0213,3.5,0.00131,45234000.0,8.92,0.8206999999999999,565609.64,398.0,0.8866,0.0353,0.312
3,Jawa Barat,2021-03-01,2021,3,0.0154,3.5,0.00051,45234000.0,,0.8206999999999999,565609.64,398.0,0.8866,0.0353,0.312
3,Jawa Barat,2021-04-01,2021,4,0.015,3.5,0.00271,45234000.0,,0.8206999999999999,565609.64,398.0,0.8866,0.0353,0.312
3,Jawa Barat,2021-05-01,2021,5,0.0174,3.5,0.0032,45234000.0,,0.8206999999999999,565609.64,398.0,0.8866,0.0353,0.312
3,Jawa Barat,2021-06-01,2021,6,0.0168,3.5,-0.00174,45234000.0,,0.8206999999999999,565609.64,398.0,0.8866,0.0353,0.312
3,Jawa Barat,2021-07-01,2021,7,0.0194,3.5,0.00089,45234000.0,,0.8206999999999999,565609.64,398.0,0.8866,0.0353,0.312
3,Jawa Barat,2021-08-01,2021,8,0.0179,3.5,0.0008,45234000.0,9.82,0.8206999999999999,565609.64,398.0,0.8866,0.0353,0.312
3,Jawa Barat,2021-09-01,2021,9,0.0186,3.5,-0.00119,45234000.0,,0.8206999999999999,565609.64,398.0,0.8866,0.0353,0.312
3,Jawa Barat,2021-10-01,2021,10,0.0212,3.5,0.00071,45234000.0,,0.8206999999999999,565609.64,398.0,0.8866,0.0353,0.312
3,Jawa Barat,2021-11-01,2021,11,0.0236,3.5,0.00309,45234000.0,,0.8206999999999999,565609.64,398.0,0.8866,0.0353,0.312
3,Jawa Barat,2021-12-01,2021,12,0.0247,3.5,0.0046,45234000.0,,0.8206999999999999,565609.64,398.0,0.8866,0.0353,0.312
3,Jawa Barat,2022-01-01,2022,1,0.0282,3.5,0.00494,49137000.0,,0.824,588747.81,375.0,0.9226,0.0304,0.3409
3,Jawa Barat,2022-02-01,2022,2,0.0264,3.5,0.00229,49137000.0,8.35,0.824,588747.81,375.0,0.9226,0.0304,0.3409
3,Jawa Barat,2022-03-01,2022,3,0.026,3.5,0.0077,49137000.0,,0.824,588747.81,375.0,0.9226,0.0304,0.3409
3,Jawa Barat,2022-04-01,2022,4,0.0267,3.5,0.00999,49137000.0,,0.824,588747.81,375.0,0.9226,0.0304,0.3409
3,Jawa Barat,2022-05-01,2022,5,0.0261,3.5,0.00414,49137000.0,,0.824,588747.81,375.0,0.9226,0.0304,0.3409
3,Jawa Barat,2022-06-01,2022,6,0.0275,3.5,0.00569,49137000.0,,0.824,588747.81,375.0,0.9226,0.0304,0.3409
3,Jawa Barat,2022-07-01,2022,7,0.029,3.5,0.00549,49137000.0,,0.824,588747.81,375.0,0.9226,0.0304,0.3409
3,Jawa Barat,2022-08-01,2022,8,0.0318,3.75,-0.00124,49137000.0,8.31,0.824,588747.81,375.0,0.9226,0.0304,0.3409
3,Jawa Barat,2022-09-01,2022,9,0.0359,4.25,0.01159,49137000.0,,0.824,588747.81,375.0,0.9226,0.0304,0.3409
3,Jawa Barat,2022-10-01,2022,10,0.0346,4.75,-0.0006,49137000.0,,0.824,588747.81,375.0,0.9226,0.0304,0.3409
3,Jawa Barat,2022-11-01,2022,11,0.0342,5.25,0.00131,49137000.0,,0.824,588747.81,375.0,0.9226,0.0304,0.3409
3,Jawa Barat,2022-12-01,2022,12,0.0338,5.5,0.0067,49137000.0,,0.824,588747.81,375.0,0.9226,0.0304,0.3409
3,Jawa Barat,2023-01-01,2023,1,0.033,5.75,0.00557,52651000.0,,0.8273,609314.93,371.0,0.9474,0.0299,0.3334
3,Jawa Barat,2023-02-01,2023,2,0.0346,5.75,0.00351,52651000.0,7.89,0.8273,609314.93,371.0,0.9474,0.0299,0.3334
3,Jawa Barat,2023-03-01,2023,3,0.036,5.75,-0.00096,52651000.0,,0.8273,609314.93,371.0,0.9474,0.0299,0.3334
3,Jawa Barat,2023-04-01,2023,4,0.036,5.75,0.00416,52651000.0,,0.8273,609314.93,371.0,0.9474,0.0299,0.3334
3,Jawa Barat,2023-05-01,2023,5,0.0392,5.75,0.0016,52651000.0,,0.8273,609314.93,371.0,0.9474,0.0299,0.3334
3,Jawa Barat,2023-06-01,2023,6,0.0372,5.75,0.00144,52651000.0,,0.8273,609314.93,371.0,0.9474,0.0299,0.3334
3,Jawa Barat,2023-07-01,2023,7,0.0414,5.75,0.00211,52651000.0,,0.8273,609314.93,371.0,0.9474,0.0299,0.3334
3,Jawa Barat,2023-08-01,2023,8,0.037,5.75,-0.00054,52651000.0,7.44,0.8273,609314.93,371.0,0.9474,0.0299,0.3334
3,Jawa Barat,2023-09-01,2023,9,0.0369,5.75,0.0017,52651000.0,,0.8273,609314.93,371.0,0.9474,0.0299,0.3334
3,Jawa Barat,2023-10-01,2023,10,0.0375,6.0,0.00084,52651000.0,,0.8273,609314.93,371.0,0.9474,0.0299,0.3334
3,Jawa Barat,2023-11-01,2023,11,0.0367,6.0,0.0035,52651000.0,,0.8273,609314.93,371.0,0.9474,0.0299,0.3334
3,Jawa Barat,2023-12-01,2023,12,0.0382,6.0,0.003,52651000.0,,0.8273,609314.93,371.0,0.9474,0.0299,0.3334
3,Jawa Barat,2024-01-01,2024,1,0.0377,6.0,0.0302,56082000.0,,0.8552,635255.39,372.0,0.9761,0.0311,0.311
3,Jawa Barat,2024-02-01,2024,2,0.039,6.0,0.0309,56082000.0,6.91,0.8552,635255.39,372.0,0.9761,0.0311,0.311
3,Jawa Barat,2024-03-01,2024,3,0.0396,6.0,0.0348,56082000.0,,0.8552,635255.39,372.0,0.9761,0.0311,0.311
3,Jawa Barat,2024-04-01,2024,4,0.0375,6.25,0.0307,56082000.0,,0.8552,635255.39,372.0,0.9761,0.0311,0.311
3,Jawa Barat,2024-05-01,2024,5,0.0369,6.25,0.0278,56082000.0,,0.8552,635255.39,372.0,0.9761,0.0311,0.311
3,Jawa Barat,2024-06-01,2024,6,0.0351,6.25,0.0238,56082000.0,,0.8552,635255.39,372.0,0.9761,0.0311,0.311
3,Jawa Barat,2024-07-01,2024,7,0.0309,6.25,0.0225,56082000.0,,0.8552,635255.39,372.0,0.9761,0.0311,0.311
3,Jawa Barat,2024-08-01,2024,8,0.0287,6.25,0.0239,56082000.0,6.75,0.8552,635255.39,372.0,0.9761,0.0311,0.311
3,Jawa Barat,2024-09-01,2024,9,0.0286,6.0,0.0209,56082000.0,,0.8552,635255.39,372.0,0.9761,0.0311,0.311
3,Jawa Barat,2024-10-01,2024,10,0.0288,6.0,0.0192,56082000.0,,0.8552,635255.39,372.0,0.9761,0.0311,0.311
3,Jawa Barat,2024-11-01,2024,11,0.0301,6.0,0.0167,56082000.0,,0.8552,635255.39,372.0,0.9761,0.0311,0.311
3,Jawa Barat,2024-12-01,2024,12,0.033,6.0,0.0164,56082000.0,,0.8552,635255.39,372.0,0.9761,0.0311,0.311
3,Jawa Barat,2025-01-01,2025,1,0.0309,5.75,0.0079,59865000.0,,0.8652,640716.9,371.0,0.9799,0.0397,0.3024
3,Jawa Barat,2025-02-01,2025,2,0.0338,5.75,-0.0027,59865000.0,6.74,0.8652,640716.9,371.0,0.9799,0.0397,0.3024
3,Jawa Barat,2025-03-01,2025,3,0.0334,5.75,0.0081,59865000.0,,0.8652,640716.9,371.0,0.9799,0.0397,0.3024
3,Jawa Barat,2025-04-01,2025,4,0.0372,5.75,0.0167,59865000.0,,0.8652,640716.9,371.0,0.9799,0.0397,0.3024
3,Jawa Barat,2025-05-01,2025,5,0.0396,5.75,0.0147,59865000.0,,0.8652,640716.9,371.0,0.9799,0.0397,0.3024
3,Jawa Barat,2025-06-01,2025,6,0.0341,5.5,0.0178,59865000.0,,0.8652,640716.9,371.0,0.9799,0.0397,0.3024
3,Jawa Barat,2025-07-01,2025,7,0.0323,5.25,0.0203,59865000.0,,0.8652,640716.9,371.0,0.9799,0.0397,0.3024
3,Jawa Barat,2025-08-01,2025,8,0.0305,5.0,0.0177,59865000.0,6.77,0.8652,640716.9,371.0,0.9799,0.0397,0.3024
3,Jawa Barat,2025-09-01,2025,9,0.0339,4.75,0.0219,59865000.0,,0.8652,640716.9,371.0,0.9799,0.0397,0.3024
3,Jawa Barat,2025-10-01,2025,10,0.0322,4.75,0.0263,59865000.0,,0.8652,640716.9,371.0,0.9799,0.0397,0.3024
3,Jawa Barat,2025-11-01,2025,11,0.0322,4.75,0.0254,59865000.0,,0.8652,640716.9,371.0,0.9799,0.0397,0.3024
3,Jawa Barat,2025-12-01,2025,12,0.0329,4.75,0.0263,59865000.0,,0.8652,640716.9,371.0,0.9799,0.0397,0.3024
4,Jawa Tengah,2021-01-01,2021,1,0.0129,3.75,0.00257,38568000.0,,0.7626000000000001,354904.36,332.0,0.8976,0.0507,0.4485
4,Jawa Tengah,2021-02-01,2021,2,0.0184,3.5,0.0019,38568000.0,5.96,0.7626000000000001,354904.36,332.0,0.8976,0.0507,0.4485
4,Jawa Tengah,2021-03-01,2021,3,0.0171,3.5,0.00063,38568000.0,,0.7626000000000001,354904.36,332.0,0.8976,0.0507,0.4485
4,Jawa Tengah,2021-04-01,2021,4,0.0177,3.5,0.00028,38568000.0,,0.7626000000000001,354904.36,332.0,0.8976,0.0507,0.4485
4,Jawa Tengah,2021-05-01,2021,5,0.0229,3.5,0.00188,38568000.0,,0.7626000000000001,354904.36,332.0,0.8976,0.0507,0.4485
4,Jawa Tengah,2021-06-01,2021,6,0.0183,3.5,-0.0021,38568000.0,,0.7626000000000001,354904.36,332.0,0.8976,0.0507,0.4485
4,Jawa Tengah,2021-07-01,2021,7,0.0186,3.5,0.00068,38568000.0,,0.7626000000000001,354904.36,332.0,0.8976,0.0507,0.4485
4,Jawa Tengah,2021-08-01,2021,8,0.0193,3.5,0.00033,38568000.0,5.95,0.7626000000000001,354904.36,332.0,0.8976,0.0507,0.4485
4,Jawa Tengah,2021-09-01,2021,9,0.0199,3.5,-0.00065,38568000.0,,0.7626000000000001,354904.36,332.0,0.8976,0.0507,0.4485
4,Jawa Tengah,2021-10-01,2021,10,0.0222,3.5,0.00273,38568000.0,,0.7626000000000001,354904.36,332.0,0.8976,0.0507,0.4485
4,Jawa Tengah,2021-11-01,2021,11,0.0228,3.5,0.00365,38568000.0,,0.7626000000000001,354904.36,332.0,0.8976,0.0507,0.4485
4,Jawa Tengah,2021-12-01,2021,12,0.0241,3.5,0.00672,38568000.0,,0.7626000000000001,354904.36,332.0,0.8976,0.0507,0.4485
4,Jawa Tengah,2022-01-01,2022,1,0.0295,3.5,0.00587,41934000.0,,0.769,366687.0,326.0,0.9582,0.0414,0.4892
4,Jawa Tengah,2022-02-01,2022,2,0.0263,3.5,0.00098,41934000.0,5.75,0.769,366687.0,326.0,0.9582,0.0414,0.4892
4,Jawa Tengah,2022-03-01,2022,3,0.0255,3.5,0.00883,41934000.0,,0.769,366687.0,326.0,0.9582,0.0414,0.4892
4,Jawa Tengah,2022-04-01,2022,4,0.0243,3.5,0.01305,41934000.0,,0.769,366687.0,326.0,0.9582,0.0414,0.4892
4,Jawa Tengah,2022-05-01,2022,5,0.0231,3.5,0.00645,41934000.0,,0.769,366687.0,326.0,0.9582,0.0414,0.4892
4,Jawa Tengah,2022-06-01,2022,6,0.0308,3.5,0.00735,41934000.0,,0.769,366687.0,326.0,0.9582,0.0414,0.4892
4,Jawa Tengah,2022-07-01,2022,7,0.0284,3.5,0.00442,41934000.0,,0.769,366687.0,326.0,0.9582,0.0414,0.4892
4,Jawa Tengah,2022-08-01,2022,8,0.0317,3.75,-0.00407,41934000.0,5.57,0.769,366687.0,326.0,0.9582,0.0414,0.4892
4,Jawa Tengah,2022-09-01,2022,9,0.0342,4.25,0.01238,41934000.0,,0.769,366687.0,326.0,0.9582,0.0414,0.4892
4,Jawa Tengah,2022-10-01,2022,10,0.0238,4.75,-0.00043,41934000.0,,0.769,366687.0,326.0,0.9582,0.0414,0.4892
4,Jawa Tengah,2022-11-01,2022,11,0.0241,5.25,0.00182,41934000.0,,0.769,366687.0,326.0,0.9582,0.0414,0.4892
4,Jawa Tengah,2022-12-01,2022,12,0.0251,5.5,0.005,41934000.0,,0.769,366687.0,326.0,0.9582,0.0414,0.4892
4,Jawa Tengah,2023-01-01,2023,1,0.0245,5.75,0.00358,45162000.0,,0.7754,388275.56,318.0,0.9625,0.0409,0.4972
4,Jawa Tengah,2023-02-01,2023,2,0.0258,5.75,0.00373,45162000.0,5.24,0.7754,388275.56,318.0,0.9625,0.0409,0.4972
4,Jawa Tengah,2023-03-01,2023,3,0.0271,5.75,0.00158,45162000.0,,0.7754,388275.56,318.0,0.9625,0.0409,0.4972
4,Jawa Tengah,2023-04-01,2023,4,0.0266,5.75,0.00293,45162000.0,,0.7754,388275.56,318.0,0.9625,0.0409,0.4972
4,Jawa Tengah,2023-05-01,2023,5,0.0307,5.75,0.0023,45162000.0,,0.7754,388275.56,318.0,0.9625,0.0409,0.4972
4,Jawa Tengah,2023-06-01,2023,6,0.0296,5.75,0.00038,45162000.0,,0.7754,388275.56,318.0,0.9625,0.0409,0.4972
4,Jawa Tengah,2023-07-01,2023,7,0.033,5.75,0.0016,45162000.0,,0.7754,388275.56,318.0,0.9625,0.0409,0.4972
4,Jawa Tengah,2023-08-01,2023,8,0.0285,5.75,0.0003,45162000.0,5.13,0.7754,388275.56,318.0,0.9625,0.0409,0.4972
4,Jawa Tengah,2023-09-01,2023,9,0.0265,5.75,0.00407,45162000.0,,0.7754,388275.56,318.0,0.9625,0.0409,0.4972
4,Jawa Tengah,2023-10-01,2023,10,0.0281,6.0,0.00198,45162000.0,,0.7754,388275.56,318.0,0.9625,0.0409,0.4972
4,Jawa Tengah,2023-11-01,2023,11,0.0271,6.0,0.00453,45162000.0,,0.7754,388275.56,318.0,0.9625,0.0409,0.4972
4,Jawa Tengah,2023-12-01,2023,12,0.0274,6.0,0.00193,45162000.0,,0.7754,388275.56,318.0,0.9625,0.0409,0.4972
4,Jawa Tengah,2024-01-01,2024,1,0.0269,6.0,0.0269,47970000.0,,0.8132,407782.29,315.0,0.9479,0.041,0.4921
4,Jawa Tengah,2024-02-01,2024,2,0.0273,6.0,0.0298,47970000.0,4.39,0.8132,407782.29,315.0,0.9479,0.041,0.4921
4,Jawa Tengah,2024-03-01,2024,3,0.0279,6.0,0.034,47970000.0,,0.8132,407782.29,315.0,0.9479,0.041,0.4921
4,Jawa Tengah,2024-04-01,2024,4,0.026,6.25,0.0327,47970000.0,,0.8132,407782.29,315.0,0.9479,0.041,0.4921
4,Jawa Tengah,2024-05-01,2024,5,0.0274,6.25,0.0266,47970000.0,,0.8132,407782.29,315.0,0.9479,0.041,0.4921
4,Jawa Tengah,2024-06-01,2024,6,0.0256,6.25,0.0222,47970000.0,,0.8132,407782.29,315.0,0.9479,0.041,0.4921
4,Jawa Tengah,2024-07-01,2024,7,0.0255,6.25,0.0186,47970000.0,,0.8132,407782.29,315.0,0.9479,0.041,0.4921
4,Jawa Tengah,2024-08-01,2024,8,0.0246,6.25,0.0177,47970000.0,4.78,0.8132,407782.29,315.0,0.9479,0.041,0.4921
4,Jawa Tengah,2024-09-01,2024,9,0.0248,6.0,0.0157,47970000.0,,0.8132,407782.29,315.0,0.9479,0.041,0.4921
4,Jawa Tengah,2024-10-01,2024,10,0.0238,6.0,0.016,47970000.0,,0.8132,407782.29,315.0,0.9479,0.041,0.4921
4,Jawa Tengah,2024-11-01,2024,11,0.024,6.0,0.0133,47970000.0,,0.8132,407782.29,315.0,0.9479,0.041,0.4921
4,Jawa Tengah,2024-12-01,2024,12,0.0249,6.0,0.0167,47970000.0,,0.8132,407782.29,315.0,0.9479,0.041,0.4921
4,Jawa Tengah,2025-01-01,2025,1,0.0248,5.75,0.0128,50824000.0,,0.8257,407163.64,311.0,0.9411,0.0471,0.4896
4,Jawa Tengah,2025-02-01,2025,2,0.0284,5.75,-0.0008,50824000.0,4.33,0.8257,407163.64,311.0,0.9411,0.0471,0.4896
4,Jawa Tengah,2025-03-01,2025,3,0.029,5.75,0.0075,50824000.0,,0.8257,407163.64,311.0,0.9411,0.0471,0.4896
4,Jawa Tengah,2025-04-01,2025,4,0.0332,5.75,0.0194,50824000.0,,0.8257,407163.64,311.0,0.9411,0.0471,0.4896
4,Jawa Tengah,2025-05-01,2025,5,0.0352,5.75,0.0166,50824000.0,,0.8257,407163.64,311.0,0.9411,0.0471,0.4896
4,Jawa Tengah,2025-06-01,2025,6,0.0277,5.5,0.022,50824000.0,,0.8257,407163.64,311.0,0.9411,0.0471,0.4896
4,Jawa Tengah,2025-07-01,2025,7,0.0265,5.25,0.0252,50824000.0,,0.8257,407163.64,311.0,0.9411,0.0471,0.4896
4,Jawa Tengah,2025-08-01,2025,8,0.0246,5.0,0.0248,50824000.0,4.66,0.8257,407163.64,311.0,0.9411,0.0471,0.4896
4,Jawa Tengah,2025-09-01,2025,9,0.0262,4.75,0.0265,50824000.0,,0.8257,407163.64,311.0,0.9411,0.0471,0.4896
4,Jawa Tengah,2025-10-01,2025,10,0.0258,4.75,0.0286,50824000.0,,0.8257,407163.64,311.0,0.9411,0.0471,0.4896
4,Jawa Tengah,2025-11-01,2025,11,0.0294,4.75,0.0279,50824000.0,,0.8257,407163.64,311.0,0.9411,0.0471,0.4896
4,Jawa Tengah,2025-12-01,2025,12,0.0281,4.75,0.0272,50824000.0,,0.8257,407163.64,311.0,0.9411,0.0471,0.4896
5,Daerah Istimewa Yogyakarta,2021-01-01,2021,1,0.0334,3.75,0.0054,40516000.0,,0.7817000000000001,72599.09,61.0,0.5882,0.0263,0.4486
5,Daerah Istimewa Yogyakarta,2021-02-01,2021,2,0.0218,3.5,0.0014,40516000.0,4.28,0.7817000000000001,72599.09,61.0,0.5882,0.0263,0.4486
5,Daerah Istimewa Yogyakarta,2021-03-01,2021,3,0.0186,3.5,0.0008,40516000.0,,0.7817000000000001,72599.09,61.0,0.5882,0.0263,0.4486
5,Daerah Istimewa Yogyakarta,2021-04-01,2021,4,0.0195,3.5,0.0001,40516000.0,,0.7817000000000001,72599.09,61.0,0.5882,0.0263,0.4486
5,Daerah Istimewa Yogyakarta,2021-05-01,2021,5,0.0191,3.5,0.0007,40516000.0,,0.7817000000000001,72599.09,61.0,0.5882,0.0263,0.4486
5,Daerah Istimewa Yogyakarta,2021-06-01,2021,6,0.0221,3.5,0.0005,40516000.0,,0.7817000000000001,72599.09,61.0,0.5882,0.0263,0.4486
5,Daerah Istimewa Yogyakarta,2021-07-01,2021,7,0.0213,3.5,0.0011,40516000.0,,0.7817000000000001,72599.09,61.0,0.5882,0.0263,0.4486
5,Daerah Istimewa Yogyakarta,2021-08-01,2021,8,0.0197,3.5,0.0005,40516000.0,4.56,0.7817000000000001,72599.09,61.0,0.5882,0.0263,0.4486
5,Daerah Istimewa Yogyakarta,2021-09-01,2021,9,0.0204,3.5,-0.0017,40516000.0,,0.7817000000000001,72599.09,61.0,0.5882,0.0263,0.4486
5,Daerah Istimewa Yogyakarta,2021-10-01,2021,10,0.0218,3.5,0.0024,40516000.0,,0.7817000000000001,72599.09,61.0,0.5882,0.0263,0.4486
5,Daerah Istimewa Yogyakarta,2021-11-01,2021,11,0.0221,3.5,0.0045,40516000.0,,0.7817000000000001,72599.09,61.0,0.5882,0.0263,0.4486
5,Daerah Istimewa Yogyakarta,2021-12-01,2021,12,0.0219,3.5,0.0071,40516000.0,,0.7817000000000001,72599.09,61.0,0.5882,0.0263,0.4486
5,Daerah Istimewa Yogyakarta,2022-01-01,2022,1,0.0233,3.5,0.0059,44639000.0,,0.786,76380.46,59.0,0.62,0.0266,0.4696
5,Daerah Istimewa Yogyakarta,2022-02-01,2022,2,0.0214,3.5,0.0005,44639000.0,3.73,0.786,76380.46,59.0,0.62,0.0266,0.4696
5,Daerah Istimewa Yogyakarta,2022-03-01,2022,3,0.0207,3.5,0.0077,44639000.0,,0.786,76380.46,59.0,0.62,0.0266,0.4696
5,Daerah Istimewa Yogyakarta,2022-04-01,2022,4,0.0202,3.5,0.0114,44639000.0,,0.786,76380.46,59.0,0.62,0.0266,0.4696
5,Daerah Istimewa Yogyakarta,2022-05-01,2022,5,0.0191,3.5,0.0075,44639000.0,,0.786,76380.46,59.0,0.62,0.0266,0.4696
5,Daerah Istimewa Yogyakarta,2022-06-01,2022,6,0.0205,3.5,0.0052,44639000.0,,0.786,76380.46,59.0,0.62,0.0266,0.4696
5,Daerah Istimewa Yogyakarta,2022-07-01,2022,7,0.0231,3.5,0.0047,44639000.0,,0.786,76380.46,59.0,0.62,0.0266,0.4696
5,Daerah Istimewa Yogyakarta,2022-08-01,2022,8,0.0254,3.75,-0.0012,44639000.0,4.06,0.786,76380.46,59.0,0.62,0.0266,0.4696
5,Daerah Istimewa Yogyakarta,2022-09-01,2022,9,0.0286,4.25,0.0105,44639000.0,,0.786,76380.46,59.0,0.62,0.0266,0.4696
5,Daerah Istimewa Yogyakarta,2022-10-01,2022,10,0.0241,4.75,0.0011,44639000.0,,0.786,76380.46,59.0,0.62,0.0266,0.4696
5,Daerah Istimewa Yogyakarta,2022-11-01,2022,11,0.0253,5.25,0.0032,44639000.0,,0.786,76380.46,59.0,0.62,0.0266,0.4696
5,Daerah Istimewa Yogyakarta,2022-12-01,2022,12,0.0258,5.5,0.0065,44639000.0,,0.786,76380.46,59.0,0.62,0.0266,0.4696
5,Daerah Istimewa Yogyakarta,2023-01-01,2023,1,0.0229,5.75,0.0017,48373000.0,,0.7903,79202.04,59.0,0.6488,0.0259,0.4487
5,Daerah Istimewa Yogyakarta,2023-02-01,2023,2,0.0206,5.75,0.0027,48373000.0,3.58,0.7903,79202.04,59.0,0.6488,0.0259,0.4487
5,Daerah Istimewa Yogyakarta,2023-03-01,2023,3,0.0213,5.75,0.006,48373000.0,,0.7903,79202.04,59.0,0.6488,0.0259,0.4487
5,Daerah Istimewa Yogyakarta,2023-04-01,2023,4,0.0204,5.75,0.0022,48373000.0,,0.7903,79202.04,59.0,0.6488,0.0259,0.4487
5,Daerah Istimewa Yogyakarta,2023-05-01,2023,5,0.0268,5.75,0.0035,48373000.0,,0.7903,79202.04,59.0,0.6488,0.0259,0.4487
5,Daerah Istimewa Yogyakarta,2023-06-01,2023,6,0.0248,5.75,0.0002,48373000.0,,0.7903,79202.04,59.0,0.6488,0.0259,0.4487
5,Daerah Istimewa Yogyakarta,2023-07-01,2023,7,0.0254,5.75,0.0028,48373000.0,,0.7903,79202.04,59.0,0.6488,0.0259,0.4487
5,Daerah Istimewa Yogyakarta,2023-08-01,2023,8,0.0208,5.75,-0.0004,48373000.0,3.69,0.7903,79202.04,59.0,0.6488,0.0259,0.4487
5,Daerah Istimewa Yogyakarta,2023-09-01,2023,9,0.0213,5.75,0.0029,48373000.0,,0.7903,79202.04,59.0,0.6488,0.0259,0.4487
5,Daerah Istimewa Yogyakarta,2023-10-01,2023,10,0.0226,6.0,0.0025,48373000.0,,0.7903,79202.04,59.0,0.6488,0.0259,0.4487
5,Daerah Istimewa Yogyakarta,2023-11-01,2023,11,0.0257,6.0,0.0035,48373000.0,,0.7903,79202.04,59.0,0.6488,0.0259,0.4487
5,Daerah Istimewa Yogyakarta,2023-12-01,2023,12,0.0332,6.0,0.0035,48373000.0,,0.7903,79202.04,59.0,0.6488,0.0259,0.4487
5,Daerah Istimewa Yogyakarta,2024-01-01,2024,1,0.0338,6.0,0.026,51486000.0,,0.8873,82759.06,58.0,0.6732,0.0282,0.4131
5,Daerah Istimewa Yogyakarta,2024-02-01,2024,2,0.0328,6.0,0.0275,51486000.0,3.24,0.8873,82759.06,58.0,0.6732,0.0282,0.4131
5,Daerah Istimewa Yogyakarta,2024-03-01,2024,3,0.032,6.0,0.0295,51486000.0,,0.8873,82759.06,58.0,0.6732,0.0282,0.4131
5,Daerah Istimewa Yogyakarta,2024-04-01,2024,4,0.0321,6.25,0.0287,51486000.0,,0.8873,82759.06,58.0,0.6732,0.0282,0.4131
5,Daerah Istimewa Yogyakarta,2024-05-01,2024,5,0.0302,6.25,0.0228,51486000.0,,0.8873,82759.06,58.0,0.6732,0.0282,0.4131
5,Daerah Istimewa Yogyakarta,2024-06-01,2024,6,0.0301,6.25,0.0235,51486000.0,,0.8873,82759.06,58.0,0.6732,0.0282,0.4131
5,Daerah Istimewa Yogyakarta,2024-07-01,2024,7,0.0319,6.25,0.0216,51486000.0,,0.8873,82759.06,58.0,0.6732,0.0282,0.4131
5,Daerah Istimewa Yogyakarta,2024-08-01,2024,8,0.0311,6.25,0.0233,51486000.0,3.48,0.8873,82759.06,58.0,0.6732,0.0282,0.4131
5,Daerah Istimewa Yogyakarta,2024-09-01,2024,9,0.0282,6.0,0.0185,51486000.0,,0.8873,82759.06,58.0,0.6732,0.0282,0.4131
5,Daerah Istimewa Yogyakarta,2024-10-01,2024,10,0.0219,6.0,0.0157,51486000.0,,0.8873,82759.06,58.0,0.6732,0.0282,0.4131
5,Daerah Istimewa Yogyakarta,2024-11-01,2024,11,0.0204,6.0,0.0114,51486000.0,,0.8873,82759.06,58.0,0.6732,0.0282,0.4131
5,Daerah Istimewa Yogyakarta,2024-12-01,2024,12,0.0206,6.0,0.0128,51486000.0,,0.8873,82759.06,58.0,0.6732,0.0282,0.4131
5,Daerah Istimewa Yogyakarta,2025-01-01,2025,1,0.0185,5.75,0.0095,55039000.0,,0.9118,83745.45,61.0,0.6953,0.033,0.3903
5,Daerah Istimewa Yogyakarta,2025-02-01,2025,2,0.0199,5.75,-0.003,55039000.0,3.18,0.9118,83745.45,61.0,0.6953,0.033,0.3903
5,Daerah Istimewa Yogyakarta,2025-03-01,2025,3,0.0295,5.75,0.0052,55039000.0,,0.9118,83745.45,61.0,0.6953,0.033,0.3903
5,Daerah Istimewa Yogyakarta,2025-04-01,2025,4,0.0415,5.75,0.021,55039000.0,,0.9118,83745.45,61.0,0.6953,0.033,0.3903
5,Daerah Istimewa Yogyakarta,2025-05-01,2025,5,0.042,5.75,0.0204,55039000.0,,0.9118,83745.45,61.0,0.6953,0.033,0.3903
5,Daerah Istimewa Yogyakarta,2025-06-01,2025,6,0.0331,5.5,0.0252,55039000.0,,0.9118,83745.45,61.0,0.6953,0.033,0.3903
5,Daerah Istimewa Yogyakarta,2025-07-01,2025,7,0.0279,5.25,0.026,55039000.0,,0.9118,83745.45,61.0,0.6953,0.033,0.3903
5,Daerah Istimewa Yogyakarta,2025-08-01,2025,8,0.0266,5.0,0.023,55039000.0,3.46,0.9118,83745.45,61.0,0.6953,0.033,0.3903
5,Daerah Istimewa Yogyakarta,2025-09-01,2025,9,0.0242,4.75,0.0256,55039000.0,,0.9118,83745.45,61.0,0.6953,0.033,0.3903
5,Daerah Istimewa Yogyakarta,2025-10-01,2025,10,0.023,4.75,0.029,55039000.0,,0.9118,83745.45,61.0,0.6953,0.033,0.3903
5,Daerah Istimewa Yogyakarta,2025-11-01,2025,11,0.0288,4.75,0.0292,55039000.0,,0.9118,83745.45,61.0,0.6953,0.033,0.3903
5,Daerah Istimewa Yogyakarta,2025-12-01,2025,12,0.0285,4.75,0.0311,55039000.0,,0.9118,83745.45,61.0,0.6953,0.033,0.3903
6,Jawa Timur,2021-01-01,2021,1,0.0189,3.75,0.00245,59988000.0,,0.6454,635067.11,408.0,0.7735,0.0357,0.3486
6,Jawa Timur,2021-02-01,2021,2,0.0229,3.5,0.00089,59988000.0,5.17,0.6454,635067.11,408.0,0.7735,0.0357,0.3486
6,Jawa Timur,2021-03-01,2021,3,0.0184,3.5,0.00196,59988000.0,,0.6454,635067.11,408.0,0.7735,0.0357,0.3486
6,Jawa Timur,2021-04-01,2021,4,0.0173,3.5,0.0016,59988000.0,,0.6454,635067.11,408.0,0.7735,0.0357,0.3486
6,Jawa Timur,2021-05-01,2021,5,0.0127,3.5,0.00193,59988000.0,,0.6454,635067.11,408.0,0.7735,0.0357,0.3486
6,Jawa Timur,2021-06-01,2021,6,0.0181,3.5,-0.00194,59988000.0,,0.6454,635067.11,408.0,0.7735,0.0357,0.3486
6,Jawa Timur,2021-07-01,2021,7,0.0218,3.5,0.00138,59988000.0,,0.6454,635067.11,408.0,0.7735,0.0357,0.3486
6,Jawa Timur,2021-08-01,2021,8,0.0199,3.5,0.00041,59988000.0,5.74,0.6454,635067.11,408.0,0.7735,0.0357,0.3486
6,Jawa Timur,2021-09-01,2021,9,0.0215,3.5,-0.00105,59988000.0,,0.6454,635067.11,408.0,0.7735,0.0357,0.3486
6,Jawa Timur,2021-10-01,2021,10,0.0242,3.5,0.00109,59988000.0,,0.6454,635067.11,408.0,0.7735,0.0357,0.3486
6,Jawa Timur,2021-11-01,2021,11,0.0256,3.5,0.00325,59988000.0,,0.6454,635067.11,408.0,0.7735,0.0357,0.3486
6,Jawa Timur,2021-12-01,2021,12,0.0244,3.5,0.00808,59988000.0,,0.6454,635067.11,408.0,0.7735,0.0357,0.3486
6,Jawa Timur,2022-01-01,2022,1,0.0287,3.5,0.00424,66248000.0,,0.729,656259.04,397.0,0.7932,0.0336,0.3827
6,Jawa Timur,2022-02-01,2022,2,0.0269,3.5,3e-05,66248000.0,4.81,0.729,656259.04,397.0,0.7932,0.0336,0.3827
6,Jawa Timur,2022-03-01,2022,3,0.0257,3.5,0.00793,66248000.0,,0.729,656259.04,397.0,0.7932,0.0336,0.3827
6,Jawa Timur,2022-04-01,2022,4,0.0255,3.5,0.0113,66248000.0,,0.729,656259.04,397.0,0.7932,0.0336,0.3827
6,Jawa Timur,2022-05-01,2022,5,0.0239,3.5,0.0053,66248000.0,,0.729,656259.04,397.0,0.7932,0.0336,0.3827
6,Jawa Timur,2022-06-01,2022,6,0.025,3.5,0.00628,66248000.0,,0.729,656259.04,397.0,0.7932,0.0336,0.3827
6,Jawa Timur,2022-07-01,2022,7,0.028,3.5,0.00679,66248000.0,,0.729,656259.04,397.0,0.7932,0.0336,0.3827
6,Jawa Timur,2022-08-01,2022,8,0.0296,3.75,-0.00375,66248000.0,5.49,0.729,656259.04,397.0,0.7932,0.0336,0.3827
6,Jawa Timur,2022-09-01,2022,9,0.0322,4.25,0.01174,66248000.0,,0.729,656259.04,397.0,0.7932,0.0336,0.3827
6,Jawa Timur,2022-10-01,2022,10,0.0287,4.75,-0.00024,66248000.0,,0.729,656259.04,397.0,0.7932,0.0336,0.3827
6,Jawa Timur,2022-11-01,2022,11,0.0304,5.25,0.00435,66248000.0,,0.729,656259.04,397.0,0.7932,0.0336,0.3827
6,Jawa Timur,2022-12-01,2022,12,0.0318,5.5,0.00678,66248000.0,,0.729,656259.04,397.0,0.7932,0.0336,0.3827
6,Jawa Timur,2023-01-01,2023,1,0.0316,5.75,0.00308,71122000.0,,0.8126,682940.16,383.0,0.807,0.0301,0.3908
6,Jawa Timur,2023-02-01,2023,2,0.0303,5.75,0.001,71122000.0,4.33,0.8126,682940.16,383.0,0.807,0.0301,0.3908
6,Jawa Timur,2023-03-01,2023,3,0.0326,5.75,0.00384,71122000.0,,0.8126,682940.16,383.0,0.807,0.0301,0.3908
6,Jawa Timur,2023-04-01,2023,4,0.0325,5.75,0.00278,71122000.0,,0.8126,682940.16,383.0,0.807,0.0301,0.3908
6,Jawa Timur,2023-05-01,2023,5,0.0353,5.75,0.0027,71122000.0,,0.8126,682940.16,383.0,0.807,0.0301,0.3908
6,Jawa Timur,2023-06-01,2023,6,0.0361,5.75,0.00054,71122000.0,,0.8126,682940.16,383.0,0.807,0.0301,0.3908
6,Jawa Timur,2023-07-01,2023,7,0.0367,5.75,0.00095,71122000.0,,0.8126,682940.16,383.0,0.807,0.0301,0.3908
6,Jawa Timur,2023-08-01,2023,8,0.0329,5.75,0.00071,71122000.0,4.88,0.8126,682940.16,383.0,0.807,0.0301,0.3908
6,Jawa Timur,2023-09-01,2023,9,0.0308,5.75,0.00306,71122000.0,,0.8126,682940.16,383.0,0.807,0.0301,0.3908
6,Jawa Timur,2023-10-01,2023,10,0.0302,6.0,0.00243,71122000.0,,0.8126,682940.16,383.0,0.807,0.0301,0.3908
6,Jawa Timur,2023-11-01,2023,11,0.0281,6.0,0.00441,71122000.0,,0.8126,682940.16,383.0,0.807,0.0301,0.3908
6,Jawa Timur,2023-12-01,2023,12,0.0279,6.0,0.00284,71122000.0,,0.8126,682940.16,383.0,0.807,0.0301,0.3908
6,Jawa Timur,2024-01-01,2024,1,0.028,6.0,0.0247,75770000.0,,0.8179,712523.25,379.0,0.8356,0.0261,0.379
6,Jawa Timur,2024-02-01,2024,2,0.0278,6.0,0.0281,75770000.0,3.74,0.8179,712523.25,379.0,0.8356,0.0261,0.379
6,Jawa Timur,2024-03-01,2024,3,0.028,6.0,0.0304,75770000.0,,0.8179,712523.25,379.0,0.8356,0.0261,0.379
6,Jawa Timur,2024-04-01,2024,4,0.0259,6.25,0.0325,75770000.0,,0.8179,712523.25,379.0,0.8356,0.0261,0.379
6,Jawa Timur,2024-05-01,2024,5,0.0262,6.25,0.0283,75770000.0,,0.8179,712523.25,379.0,0.8356,0.0261,0.379
6,Jawa Timur,2024-06-01,2024,6,0.0251,6.25,0.0221,75770000.0,,0.8179,712523.25,379.0,0.8356,0.0261,0.379
6,Jawa Timur,2024-07-01,2024,7,0.0234,6.25,0.0213,75770000.0,,0.8179,712523.25,379.0,0.8356,0.0261,0.379
6,Jawa Timur,2024-08-01,2024,8,0.0226,6.25,0.0205,75770000.0,4.19,0.8179,712523.25,379.0,0.8356,0.0261,0.379
6,Jawa Timur,2024-09-01,2024,9,0.0237,6.0,0.0173,75770000.0,,0.8179,712523.25,379.0,0.8356,0.0261,0.379
6,Jawa Timur,2024-10-01,2024,10,0.0248,6.0,0.0166,75770000.0,,0.8179,712523.25,379.0,0.8356,0.0261,0.379
6,Jawa Timur,2024-11-01,2024,11,0.0291,6.0,0.0141,75770000.0,,0.8179,712523.25,379.0,0.8356,0.0261,0.379
6,Jawa Timur,2024-12-01,2024,12,0.0289,6.0,0.0151,75770000.0,,0.8179,712523.25,379.0,0.8356,0.0261,0.379
6,Jawa Timur,2025-01-01,2025,1,0.0276,5.75,0.0106,80856000.0,,0.8219,726507.91,378.0,0.8189,0.0328,0.3816
6,Jawa Timur,2025-02-01,2025,2,0.0298,5.75,-0.0003,80856000.0,3.61,0.8219,726507.91,378.0,0.8189,0.0328,0.3816
6,Jawa Timur,2025-03-01,2025,3,0.0294,5.75,0.0077,80856000.0,,0.8219,726507.91,378.0,0.8189,0.0328,0.3816
6,Jawa Timur,2025-04-01,2025,4,0.0302,5.75,0.0135,80856000.0,,0.8219,726507.91,378.0,0.8189,0.0328,0.3816
6,Jawa Timur,2025-05-01,2025,5,0.0341,5.75,0.0122,80856000.0,,0.8219,726507.91,378.0,0.8189,0.0328,0.3816
6,Jawa Timur,2025-06-01,2025,6,0.0329,5.5,0.0202,80856000.0,,0.8219,726507.91,378.0,0.8189,0.0328,0.3816
6,Jawa Timur,2025-07-01,2025,7,0.0328,5.25,0.0221,80856000.0,,0.8219,726507.91,378.0,0.8189,0.0328,0.3816
6,Jawa Timur,2025-08-01,2025,8,0.0304,5.0,0.0217,80856000.0,3.88,0.8219,726507.91,378.0,0.8189,0.0328,0.3816
6,Jawa Timur,2025-09-01,2025,9,0.0327,4.75,0.0253,80856000.0,,0.8219,726507.91,378.0,0.8189,0.0328,0.3816
6,Jawa Timur,2025-10-01,2025,10,0.0317,4.75,0.0269,80856000.0,,0.8219,726507.91,378.0,0.8189,0.0328,0.3816
6,Jawa Timur,2025-11-01,2025,11,0.047,4.75,0.0263,80856000.0,,0.8219,726507.91,378.0,0.8189,0.0328,0.3816
6,Jawa Timur,2025-12-01,2025,12,0.0502,4.75,0.0293,80856000.0,,0.8219,726507.91,378.0,0.8189,0.0328,0.3816
7,Aceh,2021-01-01,2021,1,0.0053,3.75,0.008,34674000.0,,0.6839000000000001,38938.98,62.0,0.8004,0.0194,0.0654
7,Aceh,2021-02-01,2021,2,0.0065,3.5,-0.00737,34674000.0,6.3,0.6839000000000001,38938.98,62.0,0.8004,0.0194,0.0654
7,Aceh,2021-03-01,2021,3,0.007,3.5,-0.0037,34674000.0,,0.6839000000000001,38938.98,62.0,0.8004,0.0194,0.0654
7,Aceh,2021-04-01,2021,4,0.0134,3.5,0.00497,34674000.0,,0.6839000000000001,38938.98,62.0,0.8004,0.0194,0.0654
7,Aceh,2021-05-01,2021,5,0.0171,3.5,0.00383,34674000.0,,0.6839000000000001,38938.98,62.0,0.8004,0.0194,0.0654
7,Aceh,2021-06-01,2021,6,0.0138,3.5,-0.0006,34674000.0,,0.6839000000000001,38938.98,62.0,0.8004,0.0194,0.0654
7,Aceh,2021-07-01,2021,7,0.0169,3.5,-3e-05,34674000.0,,0.6839000000000001,38938.98,62.0,0.8004,0.0194,0.0654
7,Aceh,2021-08-01,2021,8,0.0173,3.5,7e-05,34674000.0,6.3,0.6839000000000001,38938.98,62.0,0.8004,0.0194,0.0654
7,Aceh,2021-09-01,2021,9,0.0218,3.5,-0.00293,34674000.0,,0.6839000000000001,38938.98,62.0,0.8004,0.0194,0.0654
7,Aceh,2021-10-01,2021,10,0.0306,3.5,0.00483,34674000.0,,0.6839000000000001,38938.98,62.0,0.8004,0.0194,0.0654
7,Aceh,2021-11-01,2021,11,0.0322,3.5,0.00723,34674000.0,,0.6839000000000001,38938.98,62.0,0.8004,0.0194,0.0654
7,Aceh,2021-12-01,2021,12,0.0316,3.5,0.00713,34674000.0,,0.6839000000000001,38938.98,62.0,0.8004,0.0194,0.0654
7,Aceh,2022-01-01,2022,1,0.0291,3.5,0.01027,38767000.0,,0.681,39252.83,52.0,0.8721,0.0153,0.3147
7,Aceh,2022-02-01,2022,2,0.0137,3.5,-0.00733,38767000.0,5.97,0.681,39252.83,52.0,0.8721,0.0153,0.3147
7,Aceh,2022-03-01,2022,3,0.013,3.5,0.0071,38767000.0,,0.681,39252.83,52.0,0.8721,0.0153,0.3147
7,Aceh,2022-04-01,2022,4,0.0104,3.5,0.01233,38767000.0,,0.681,39252.83,52.0,0.8721,0.0153,0.3147
7,Aceh,2022-05-01,2022,5,0.0116,3.5,0.0107,38767000.0,,0.681,39252.83,52.0,0.8721,0.0153,0.3147
7,Aceh,2022-06-01,2022,6,0.0136,3.5,0.00847,38767000.0,,0.681,39252.83,52.0,0.8721,0.0153,0.3147
7,Aceh,2022-07-01,2022,7,0.0122,3.5,0.00857,38767000.0,,0.681,39252.83,52.0,0.8721,0.0153,0.3147
7,Aceh,2022-08-01,2022,8,0.0145,3.75,-0.00543,38767000.0,6.17,0.681,39252.83,52.0,0.8721,0.0153,0.3147
7,Aceh,2022-09-01,2022,9,0.0141,4.25,0.00723,38767000.0,,0.681,39252.83,52.0,0.8721,0.0153,0.3147
7,Aceh,2022-10-01,2022,10,0.0129,4.75,-0.00087,38767000.0,,0.681,39252.83,52.0,0.8721,0.0153,0.3147
7,Aceh,2022-11-01,2022,11,0.0143,5.25,-0.0029,38767000.0,,0.681,39252.83,52.0,0.8721,0.0153,0.3147
7,Aceh,2022-12-01,2022,12,0.0164,5.5,0.01043,38767000.0,,0.681,39252.83,52.0,0.8721,0.0153,0.3147
7,Aceh,2023-01-01,2023,1,0.011,5.75,0.00707,41408000.0,,0.6781,41485.84,52.0,0.9296,0.0157,0.3139
7,Aceh,2023-02-01,2023,2,0.0132,5.75,0.0049,41408000.0,5.75,0.6781,41485.84,52.0,0.9296,0.0157,0.3139
7,Aceh,2023-03-01,2023,3,0.0135,5.75,-0.00513,41408000.0,,0.6781,41485.84,52.0,0.9296,0.0157,0.3139
7,Aceh,2023-04-01,2023,4,0.0102,5.75,-0.00313,41408000.0,,0.6781,41485.84,52.0,0.9296,0.0157,0.3139
7,Aceh,2023-05-01,2023,5,0.0158,5.75,0.00407,41408000.0,,0.6781,41485.84,52.0,0.9296,0.0157,0.3139
7,Aceh,2023-06-01,2023,6,0.0134,5.75,0.002,41408000.0,,0.6781,41485.84,52.0,0.9296,0.0157,0.3139
7,Aceh,2023-07-01,2023,7,0.0192,5.75,0.0016,41408000.0,,0.6781,41485.84,52.0,0.9296,0.0157,0.3139
7,Aceh,2023-08-01,2023,8,0.0104,5.75,-0.0006,41408000.0,6.03,0.6781,41485.84,52.0,0.9296,0.0157,0.3139
7,Aceh,2023-09-01,2023,9,0.0092,5.75,0.00287,41408000.0,,0.6781,41485.84,52.0,0.9296,0.0157,0.3139
7,Aceh,2023-10-01,2023,10,0.0103,6.0,-0.0002,41408000.0,,0.6781,41485.84,52.0,0.9296,0.0157,0.3139
7,Aceh,2023-11-01,2023,11,0.0105,6.0,0.00263,41408000.0,,0.6781,41485.84,52.0,0.9296,0.0157,0.3139
7,Aceh,2023-12-01,2023,12,0.0109,6.0,-0.001,41408000.0,,0.6781,41485.84,52.0,0.9296,0.0157,0.3139
7,Aceh,2024-01-01,2024,1,0.0106,6.0,0.0212,43782000.0,,0.7599,45184.4,53.0,0.9734,0.0179,0.3042
7,Aceh,2024-02-01,2024,2,0.0118,6.0,0.0233,43782000.0,5.56,0.7599,45184.4,53.0,0.9734,0.0179,0.3042
7,Aceh,2024-03-01,2024,3,0.0125,6.0,0.0325,43782000.0,,0.7599,45184.4,53.0,0.9734,0.0179,0.3042
7,Aceh,2024-04-01,2024,4,0.0075,6.25,0.0314,43782000.0,,0.7599,45184.4,53.0,0.9734,0.0179,0.3042
7,Aceh,2024-05-01,2024,5,0.0095,6.25,0.0332,43782000.0,,0.7599,45184.4,53.0,0.9734,0.0179,0.3042
7,Aceh,2024-06-01,2024,6,0.012,6.25,0.0309,43782000.0,,0.7599,45184.4,53.0,0.9734,0.0179,0.3042
7,Aceh,2024-07-01,2024,7,0.0077,6.25,0.0251,43782000.0,,0.7599,45184.4,53.0,0.9734,0.0179,0.3042
7,Aceh,2024-08-01,2024,8,0.0076,6.25,0.0229,43782000.0,5.75,0.7599,45184.4,53.0,0.9734,0.0179,0.3042
7,Aceh,2024-09-01,2024,9,0.0086,6.0,0.015,43782000.0,,0.7599,45184.4,53.0,0.9734,0.0179,0.3042
7,Aceh,2024-10-01,2024,10,0.0097,6.0,0.0169,43782000.0,,0.7599,45184.4,53.0,0.9734,0.0179,0.3042
7,Aceh,2024-11-01,2024,11,0.0099,6.0,0.0155,43782000.0,,0.7599,45184.4,53.0,0.9734,0.0179,0.3042
7,Aceh,2024-12-01,2024,12,0.0104,6.0,0.0217,43782000.0,,0.7599,45184.4,53.0,0.9734,0.0179,0.3042
7,Aceh,2025-01-01,2025,1,0.0087,5.75,0.0161,45770000.0,,0.7565,44260.48,53.0,1.0176,0.0206,0.291
7,Aceh,2025-02-01,2025,2,0.0092,5.75,0.0041,45770000.0,5.5,0.7565,44260.48,53.0,1.0176,0.0206,0.291
7,Aceh,2025-03-01,2025,3,0.0109,5.75,0.0153,45770000.0,,0.7565,44260.48,53.0,1.0176,0.0206,0.291
7,Aceh,2025-04-01,2025,4,0.0139,5.75,0.0311,45770000.0,,0.7565,44260.48,53.0,1.0176,0.0206,0.291
7,Aceh,2025-05-01,2025,5,0.0201,5.75,0.0235,45770000.0,,0.7565,44260.48,53.0,1.0176,0.0206,0.291
7,Aceh,2025-06-01,2025,6,0.0082,5.5,0.0219,45770000.0,,0.7565,44260.48,53.0,1.0176,0.0206,0.291
7,Aceh,2025-07-01,2025,7,0.0086,5.25,0.03,45770000.0,,0.7565,44260.48,53.0,1.0176,0.0206,0.291
7,Aceh,2025-08-01,2025,8,0.0094,5.0,0.037,45770000.0,5.64,0.7565,44260.48,53.0,1.0176,0.0206,0.291
7,Aceh,2025-09-01,2025,9,0.0088,4.75,0.0445,45770000.0,,0.7565,44260.48,53.0,1.0176,0.0206,0.291
7,Aceh,2025-10-01,2025,10,0.008,4.75,0.0466,45770000.0,,0.7565,44260.48,53.0,1.0176,0.0206,0.291
7,Aceh,2025-11-01,2025,11,0.0082,4.75,0.0358,45770000.0,,0.7565,44260.48,53.0,1.0176,0.0206,0.291
7,Aceh,2025-12-01,2025,12,0.009,4.75,0.0671,45770000.0,,0.7565,44260.48,53.0,1.0176,0.0206,0.291
8,Sumatera Utara,2021-01-01,2021,1,0.0129,3.75,0.00742,57442000.0,,0.9148000000000001,263300.01,204.0,0.803,0.0261,0.2859
8,Sumatera Utara,2021-02-01,2021,2,0.0126,3.5,-0.0066,57442000.0,6.01,0.9148000000000001,263300.01,204.0,0.803,0.0261,0.2859
8,Sumatera Utara,2021-03-01,2021,3,0.0127,3.5,-0.00332,57442000.0,,0.9148000000000001,263300.01,204.0,0.803,0.0261,0.2859
8,Sumatera Utara,2021-04-01,2021,4,0.0121,3.5,0.00328,57442000.0,,0.9148000000000001,263300.01,204.0,0.803,0.0261,0.2859
8,Sumatera Utara,2021-05-01,2021,5,0.0083,3.5,8e-05,57442000.0,,0.9148000000000001,263300.01,204.0,0.803,0.0261,0.2859
8,Sumatera Utara,2021-06-01,2021,6,0.0165,3.5,6e-05,57442000.0,,0.9148000000000001,263300.01,204.0,0.803,0.0261,0.2859
8,Sumatera Utara,2021-07-01,2021,7,0.0179,3.5,0.0032,57442000.0,,0.9148000000000001,263300.01,204.0,0.803,0.0261,0.2859
8,Sumatera Utara,2021-08-01,2021,8,0.0155,3.5,2e-05,57442000.0,6.33,0.9148000000000001,263300.01,204.0,0.803,0.0261,0.2859
8,Sumatera Utara,2021-09-01,2021,9,0.0168,3.5,0.00172,57442000.0,,0.9148000000000001,263300.01,204.0,0.803,0.0261,0.2859
8,Sumatera Utara,2021-10-01,2021,10,0.0175,3.5,-0.00062,57442000.0,,0.9148000000000001,263300.01,204.0,0.803,0.0261,0.2859
8,Sumatera Utara,2021-11-01,2021,11,0.0184,3.5,0.00532,57442000.0,,0.9148000000000001,263300.01,204.0,0.803,0.0261,0.2859
8,Sumatera Utara,2021-12-01,2021,12,0.0197,3.5,0.00486,57442000.0,,0.9148000000000001,263300.01,204.0,0.803,0.0261,0.2859
8,Sumatera Utara,2022-01-01,2022,1,0.0218,3.5,0.01072,62922000.0,,0.793,278253.65,196.0,0.8011,0.0232,0.3157
8,Sumatera Utara,2022-02-01,2022,2,0.0198,3.5,0.00098,62922000.0,5.47,0.793,278253.65,196.0,0.8011,0.0232,0.3157
8,Sumatera Utara,2022-03-01,2022,3,0.0187,3.5,0.00776,62922000.0,,0.793,278253.65,196.0,0.8011,0.0232,0.3157
8,Sumatera Utara,2022-04-01,2022,4,0.0195,3.5,0.0044,62922000.0,,0.793,278253.65,196.0,0.8011,0.0232,0.3157
8,Sumatera Utara,2022-05-01,2022,5,0.0197,3.5,0.0061,62922000.0,,0.793,278253.65,196.0,0.8011,0.0232,0.3157
8,Sumatera Utara,2022-06-01,2022,6,0.0199,3.5,0.01576,62922000.0,,0.793,278253.65,196.0,0.8011,0.0232,0.3157
8,Sumatera Utara,2022-07-01,2022,7,0.0214,3.5,0.00756,62922000.0,,0.793,278253.65,196.0,0.8011,0.0232,0.3157
8,Sumatera Utara,2022-08-01,2022,8,0.0229,3.75,-0.0056,62922000.0,6.16,0.793,278253.65,196.0,0.8011,0.0232,0.3157
8,Sumatera Utara,2022-09-01,2022,9,0.0249,4.25,0.00882,62922000.0,,0.793,278253.65,196.0,0.8011,0.0232,0.3157
8,Sumatera Utara,2022-10-01,2022,10,0.0208,4.75,-0.00838,62922000.0,,0.793,278253.65,196.0,0.8011,0.0232,0.3157
8,Sumatera Utara,2022-11-01,2022,11,0.0194,5.25,-0.0018,62922000.0,,0.793,278253.65,196.0,0.8011,0.0232,0.3157
8,Sumatera Utara,2022-12-01,2022,12,0.0179,5.5,0.01404,62922000.0,,0.793,278253.65,196.0,0.8011,0.0232,0.3157
8,Sumatera Utara,2023-01-01,2023,1,0.0157,5.75,0.01266,68306000.0,,0.6712,286846.32,193.0,0.8723,0.0185,0.3147
8,Sumatera Utara,2023-02-01,2023,2,0.0143,5.75,-0.00132,68306000.0,5.24,0.6712,286846.32,193.0,0.8723,0.0185,0.3147
8,Sumatera Utara,2023-03-01,2023,3,0.0158,5.75,-0.00468,68306000.0,,0.6712,286846.32,193.0,0.8723,0.0185,0.3147
8,Sumatera Utara,2023-04-01,2023,4,0.0145,5.75,-0.00128,68306000.0,,0.6712,286846.32,193.0,0.8723,0.0185,0.3147
8,Sumatera Utara,2023-05-01,2023,5,0.0194,5.75,0.00344,68306000.0,,0.6712,286846.32,193.0,0.8723,0.0185,0.3147
8,Sumatera Utara,2023-06-01,2023,6,0.0191,5.75,0.0037,68306000.0,,0.6712,286846.32,193.0,0.8723,0.0185,0.3147
8,Sumatera Utara,2023-07-01,2023,7,0.0243,5.75,0.00498,68306000.0,,0.6712,286846.32,193.0,0.8723,0.0185,0.3147
8,Sumatera Utara,2023-08-01,2023,8,0.0193,5.75,-8e-05,68306000.0,5.89,0.6712,286846.32,193.0,0.8723,0.0185,0.3147
8,Sumatera Utara,2023-09-01,2023,9,0.0203,5.75,0.0037,68306000.0,,0.6712,286846.32,193.0,0.8723,0.0185,0.3147
8,Sumatera Utara,2023-10-01,2023,10,0.0202,6.0,-0.00208,68306000.0,,0.6712,286846.32,193.0,0.8723,0.0185,0.3147
8,Sumatera Utara,2023-11-01,2023,11,0.0191,6.0,0.00274,68306000.0,,0.6712,286846.32,193.0,0.8723,0.0185,0.3147
8,Sumatera Utara,2023-12-01,2023,12,0.0199,6.0,0.0033,68306000.0,,0.6712,286846.32,193.0,0.8723,0.0185,0.3147
8,Sumatera Utara,2024-01-01,2024,1,0.0187,6.0,0.0216,73575000.0,,0.7315,292162.63,191.0,0.9616,0.0163,0.2882
8,Sumatera Utara,2024-02-01,2024,2,0.0195,6.0,0.025,73575000.0,5.1,0.7315,292162.63,191.0,0.9616,0.0163,0.2882
8,Sumatera Utara,2024-03-01,2024,3,0.0168,6.0,0.0367,73575000.0,,0.7315,292162.63,191.0,0.9616,0.0163,0.2882
8,Sumatera Utara,2024-04-01,2024,4,0.0156,6.25,0.0396,73575000.0,,0.7315,292162.63,191.0,0.9616,0.0163,0.2882
8,Sumatera Utara,2024-05-01,2024,5,0.0172,6.25,0.0426,73575000.0,,0.7315,292162.63,191.0,0.9616,0.0163,0.2882
8,Sumatera Utara,2024-06-01,2024,6,0.0155,6.25,0.0335,73575000.0,,0.7315,292162.63,191.0,0.9616,0.0163,0.2882
8,Sumatera Utara,2024-07-01,2024,7,0.0149,6.25,0.0206,73575000.0,,0.7315,292162.63,191.0,0.9616,0.0163,0.2882
8,Sumatera Utara,2024-08-01,2024,8,0.0139,6.25,0.0186,73575000.0,5.6,0.7315,292162.63,191.0,0.9616,0.0163,0.2882
8,Sumatera Utara,2024-09-01,2024,9,0.0146,6.0,0.014,73575000.0,,0.7315,292162.63,191.0,0.9616,0.0163,0.2882
8,Sumatera Utara,2024-10-01,2024,10,0.0154,6.0,0.0159,73575000.0,,0.7315,292162.63,191.0,0.9616,0.0163,0.2882
8,Sumatera Utara,2024-11-01,2024,11,0.0168,6.0,0.0149,73575000.0,,0.7315,292162.63,191.0,0.9616,0.0163,0.2882
8,Sumatera Utara,2024-12-01,2024,12,0.0176,6.0,0.0212,73575000.0,,0.7315,292162.63,191.0,0.9616,0.0163,0.2882
8,Sumatera Utara,2025-01-01,2025,1,0.0189,5.75,0.0178,78310000.0,,0.7003,301109.14,192.0,0.9391,0.0201,0.2886
8,Sumatera Utara,2025-02-01,2025,2,0.0186,5.75,0.0073,78310000.0,5.05,0.7003,301109.14,192.0,0.9391,0.0201,0.2886
8,Sumatera Utara,2025-03-01,2025,3,0.0203,5.75,0.0069,78310000.0,,0.7003,301109.14,192.0,0.9391,0.0201,0.2886
8,Sumatera Utara,2025-04-01,2025,4,0.0207,5.75,0.0209,78310000.0,,0.7003,301109.14,192.0,0.9391,0.0201,0.2886
8,Sumatera Utara,2025-05-01,2025,5,0.0207,5.75,0.0111,78310000.0,,0.7003,301109.14,192.0,0.9391,0.0201,0.2886
8,Sumatera Utara,2025-06-01,2025,6,0.0155,5.5,0.0125,78310000.0,,0.7003,301109.14,192.0,0.9391,0.0201,0.2886
8,Sumatera Utara,2025-07-01,2025,7,0.0159,5.25,0.0286,78310000.0,,0.7003,301109.14,192.0,0.9391,0.0201,0.2886
8,Sumatera Utara,2025-08-01,2025,8,0.016,5.0,0.0442,78310000.0,5.32,0.7003,301109.14,192.0,0.9391,0.0201,0.2886
8,Sumatera Utara,2025-09-01,2025,9,0.0191,4.75,0.0532,78310000.0,,0.7003,301109.14,192.0,0.9391,0.0201,0.2886
8,Sumatera Utara,2025-10-01,2025,10,0.019,4.75,0.0497,78310000.0,,0.7003,301109.14,192.0,0.9391,0.0201,0.2886
8,Sumatera Utara,2025-11-01,2025,11,0.0188,4.75,0.0396,78310000.0,,0.7003,301109.14,192.0,0.9391,0.0201,0.2886
8,Sumatera Utara,2025-12-01,2025,12,0.017,4.75,0.0466,78310000.0,,0.7003,301109.14,192.0,0.9391,0.0201,0.2886
9,Sumatera Barat,2021-01-01,2021,1,0.0074,3.75,0.002,45218000.0,,0.7049,49209.37,88.0,1.1915,0.0177,0.378
9,Sumatera Barat,2021-02-01,2021,2,0.0068,3.5,-0.00265,45218000.0,6.67,0.7049,49209.37,88.0,1.1915,0.0177,0.378
9,Sumatera Barat,2021-03-01,2021,3,0.0068,3.5,0.00315,45218000.0,,0.7049,49209.37,88.0,1.1915,0.0177,0.378
9,Sumatera Barat,2021-04-01,2021,4,0.0067,3.5,0.0007,45218000.0,,0.7049,49209.37,88.0,1.1915,0.0177,0.378
9,Sumatera Barat,2021-05-01,2021,5,0.0109,3.5,0.00225,45218000.0,,0.7049,49209.37,88.0,1.1915,0.0177,0.378
9,Sumatera Barat,2021-06-01,2021,6,0.0089,3.5,-0.0021,45218000.0,,0.7049,49209.37,88.0,1.1915,0.0177,0.378
9,Sumatera Barat,2021-07-01,2021,7,0.0105,3.5,-0.0006,45218000.0,,0.7049,49209.37,88.0,1.1915,0.0177,0.378
9,Sumatera Barat,2021-08-01,2021,8,0.0111,3.5,-0.00185,45218000.0,6.52,0.7049,49209.37,88.0,1.1915,0.0177,0.378
9,Sumatera Barat,2021-09-01,2021,9,0.0105,3.5,0.00285,45218000.0,,0.7049,49209.37,88.0,1.1915,0.0177,0.378
9,Sumatera Barat,2021-10-01,2021,10,0.0117,3.5,0.0038,45218000.0,,0.7049,49209.37,88.0,1.1915,0.0177,0.378
9,Sumatera Barat,2021-11-01,2021,11,0.0126,3.5,0.0055,45218000.0,,0.7049,49209.37,88.0,1.1915,0.0177,0.378
9,Sumatera Barat,2021-12-01,2021,12,0.0138,3.5,0.0022,45218000.0,,0.7049,49209.37,88.0,1.1915,0.0177,0.378
9,Sumatera Barat,2022-01-01,2022,1,0.0141,3.5,0.0099,50264000.0,,0.754,51357.66,84.0,1.2332,0.0168,0.434
9,Sumatera Barat,2022-02-01,2022,2,0.0131,3.5,0.0,50264000.0,6.17,0.754,51357.66,84.0,1.2332,0.0168,0.434
9,Sumatera Barat,2022-03-01,2022,3,0.0126,3.5,0.0095,50264000.0,,0.754,51357.66,84.0,1.2332,0.0168,0.434
9,Sumatera Barat,2022-04-01,2022,4,0.0132,3.5,0.0085,50264000.0,,0.754,51357.66,84.0,1.2332,0.0168,0.434
9,Sumatera Barat,2022-05-01,2022,5,0.0148,3.5,0.01465,50264000.0,,0.754,51357.66,84.0,1.2332,0.0168,0.434
9,Sumatera Barat,2022-06-01,2022,6,0.0154,3.5,0.0122,50264000.0,,0.754,51357.66,84.0,1.2332,0.0168,0.434
9,Sumatera Barat,2022-07-01,2022,7,0.0154,3.5,0.00795,50264000.0,,0.754,51357.66,84.0,1.2332,0.0168,0.434
9,Sumatera Barat,2022-08-01,2022,8,0.0163,3.75,-0.0094,50264000.0,6.28,0.754,51357.66,84.0,1.2332,0.0168,0.434
9,Sumatera Barat,2022-09-01,2022,9,0.0153,4.25,0.01605,50264000.0,,0.754,51357.66,84.0,1.2332,0.0168,0.434
9,Sumatera Barat,2022-10-01,2022,10,0.0144,4.75,-0.00235,50264000.0,,0.754,51357.66,84.0,1.2332,0.0168,0.434
9,Sumatera Barat,2022-11-01,2022,11,0.015,5.25,-0.0017,50264000.0,,0.754,51357.66,84.0,1.2332,0.0168,0.434
9,Sumatera Barat,2022-12-01,2022,12,0.0156,5.5,0.0082,50264000.0,,0.754,51357.66,84.0,1.2332,0.0168,0.434
9,Sumatera Barat,2023-01-01,2023,1,0.015,5.75,0.0042,54334000.0,,0.8031,50438.37,84.0,1.3428,0.0175,0.443
9,Sumatera Barat,2023-02-01,2023,2,0.015,5.75,0.00115,54334000.0,5.9,0.8031,50438.37,84.0,1.3428,0.0175,0.443
9,Sumatera Barat,2023-03-01,2023,3,0.0161,5.75,-0.00065,54334000.0,,0.8031,50438.37,84.0,1.3428,0.0175,0.443
9,Sumatera Barat,2023-04-01,2023,4,0.0174,5.75,0.00015,54334000.0,,0.8031,50438.37,84.0,1.3428,0.0175,0.443
9,Sumatera Barat,2023-05-01,2023,5,0.0211,5.75,0.0029,54334000.0,,0.8031,50438.37,84.0,1.3428,0.0175,0.443
9,Sumatera Barat,2023-06-01,2023,6,0.0196,5.75,0.0003,54334000.0,,0.8031,50438.37,84.0,1.3428,0.0175,0.443
9,Sumatera Barat,2023-07-01,2023,7,0.0232,5.75,0.00425,54334000.0,,0.8031,50438.37,84.0,1.3428,0.0175,0.443
9,Sumatera Barat,2023-08-01,2023,8,0.0219,5.75,-0.0001,54334000.0,5.94,0.8031,50438.37,84.0,1.3428,0.0175,0.443
9,Sumatera Barat,2023-09-01,2023,9,0.0233,5.75,0.00365,54334000.0,,0.8031,50438.37,84.0,1.3428,0.0175,0.443
9,Sumatera Barat,2023-10-01,2023,10,0.0235,6.0,0.0003,54334000.0,,0.8031,50438.37,84.0,1.3428,0.0175,0.443
9,Sumatera Barat,2023-11-01,2023,11,0.0216,6.0,0.0047,54334000.0,,0.8031,50438.37,84.0,1.3428,0.0175,0.443
9,Sumatera Barat,2023-12-01,2023,12,0.0223,6.0,0.001,54334000.0,,0.8031,50438.37,84.0,1.3428,0.0175,0.443
9,Sumatera Barat,2024-01-01,2024,1,0.0219,6.0,0.0257,57083000.0,,0.7514,52018.81,83.0,1.3696,0.0189,0.4298
9,Sumatera Barat,2024-02-01,2024,2,0.0232,6.0,0.0332,57083000.0,5.79,0.7514,52018.81,83.0,1.3696,0.0189,0.4298
9,Sumatera Barat,2024-03-01,2024,3,0.0183,6.0,0.0393,57083000.0,,0.7514,52018.81,83.0,1.3696,0.0189,0.4298
9,Sumatera Barat,2024-04-01,2024,4,0.0196,6.25,0.0381,57083000.0,,0.7514,52018.81,83.0,1.3696,0.0189,0.4298
9,Sumatera Barat,2024-05-01,2024,5,0.0224,6.25,0.0417,57083000.0,,0.7514,52018.81,83.0,1.3696,0.0189,0.4298
9,Sumatera Barat,2024-06-01,2024,6,0.0171,6.25,0.0404,57083000.0,,0.7514,52018.81,83.0,1.3696,0.0189,0.4298
9,Sumatera Barat,2024-07-01,2024,7,0.0236,6.25,0.0244,57083000.0,,0.7514,52018.81,83.0,1.3696,0.0189,0.4298
9,Sumatera Barat,2024-08-01,2024,8,0.024,6.25,0.0222,57083000.0,5.75,0.7514,52018.81,83.0,1.3696,0.0189,0.4298
9,Sumatera Barat,2024-09-01,2024,9,0.0229,6.0,0.0152,57083000.0,,0.7514,52018.81,83.0,1.3696,0.0189,0.4298
9,Sumatera Barat,2024-10-01,2024,10,0.0252,6.0,0.0165,57083000.0,,0.7514,52018.81,83.0,1.3696,0.0189,0.4298
9,Sumatera Barat,2024-11-01,2024,11,0.0261,6.0,0.008,57083000.0,,0.7514,52018.81,83.0,1.3696,0.0189,0.4298
9,Sumatera Barat,2024-12-01,2024,12,0.0281,6.0,0.0089,57083000.0,,0.7514,52018.81,83.0,1.3696,0.0189,0.4298
9,Sumatera Barat,2025-01-01,2025,1,0.0311,5.75,0.0124,59549000.0,,0.7645,54261.07,82.0,1.3104,0.0237,0.4308
9,Sumatera Barat,2025-02-01,2025,2,0.0316,5.75,-0.0009,59549000.0,5.69,0.7645,54261.07,82.0,1.3104,0.0237,0.4308
9,Sumatera Barat,2025-03-01,2025,3,0.034,5.75,0.003,59549000.0,,0.7645,54261.07,82.0,1.3104,0.0237,0.4308
9,Sumatera Barat,2025-04-01,2025,4,0.0319,5.75,0.0238,59549000.0,,0.7645,54261.07,82.0,1.3104,0.0237,0.4308
9,Sumatera Barat,2025-05-01,2025,5,0.0316,5.75,0.0085,59549000.0,,0.7645,54261.07,82.0,1.3104,0.0237,0.4308
9,Sumatera Barat,2025-06-01,2025,6,0.024,5.5,0.0045,59549000.0,,0.7645,54261.07,82.0,1.3104,0.0237,0.4308
9,Sumatera Barat,2025-07-01,2025,7,0.0228,5.25,0.0219,59549000.0,,0.7645,54261.07,82.0,1.3104,0.0237,0.4308
9,Sumatera Barat,2025-08-01,2025,8,0.0214,5.0,0.0289,59549000.0,5.62,0.7645,54261.07,82.0,1.3104,0.0237,0.4308
9,Sumatera Barat,2025-09-01,2025,9,0.022,4.75,0.0422,59549000.0,,0.7645,54261.07,82.0,1.3104,0.0237,0.4308
9,Sumatera Barat,2025-10-01,2025,10,0.0217,4.75,0.0452,59549000.0,,0.7645,54261.07,82.0,1.3104,0.0237,0.4308
9,Sumatera Barat,2025-11-01,2025,11,0.0224,4.75,0.0398,59549000.0,,0.7645,54261.07,82.0,1.3104,0.0237,0.4308
9,Sumatera Barat,2025-12-01,2025,12,0.0188,4.75,0.0515,59549000.0,,0.7645,54261.07,82.0,1.3104,0.0237,0.4308
10,Riau,2021-01-01,2021,1,0.0078,3.75,0.0039,129741000.0,,0.7406,105705.69,91.0,0.7344,0.0228,0.3962
10,Riau,2021-02-01,2021,2,0.0081,3.5,-0.0027,129741000.0,4.96,0.7406,105705.69,91.0,0.7344,0.0228,0.3962
10,Riau,2021-03-01,2021,3,0.0081,3.5,0.00013,129741000.0,,0.7406,105705.69,91.0,0.7344,0.0228,0.3962
10,Riau,2021-04-01,2021,4,0.0086,3.5,0.00243,129741000.0,,0.7406,105705.69,91.0,0.7344,0.0228,0.3962
10,Riau,2021-05-01,2021,5,0.0106,3.5,0.00207,129741000.0,,0.7406,105705.69,91.0,0.7344,0.0228,0.3962
10,Riau,2021-06-01,2021,6,0.0112,3.5,-0.00097,129741000.0,,0.7406,105705.69,91.0,0.7344,0.0228,0.3962
10,Riau,2021-07-01,2021,7,0.0138,3.5,0.00143,129741000.0,,0.7406,105705.69,91.0,0.7344,0.0228,0.3962
10,Riau,2021-08-01,2021,8,0.0145,3.5,-0.0025,129741000.0,4.42,0.7406,105705.69,91.0,0.7344,0.0228,0.3962
10,Riau,2021-09-01,2021,9,0.0151,3.5,0.00233,129741000.0,,0.7406,105705.69,91.0,0.7344,0.0228,0.3962
10,Riau,2021-10-01,2021,10,0.0159,3.5,0.00377,129741000.0,,0.7406,105705.69,91.0,0.7344,0.0228,0.3962
10,Riau,2021-11-01,2021,11,0.0164,3.5,0.0036,129741000.0,,0.7406,105705.69,91.0,0.7344,0.0228,0.3962
10,Riau,2021-12-01,2021,12,0.0183,3.5,0.00077,129741000.0,,0.7406,105705.69,91.0,0.7344,0.0228,0.3962
10,Riau,2022-01-01,2022,1,0.0208,3.5,0.0092,151259000.0,,0.756,108539.59,84.0,0.7825,0.0195,0.4249
10,Riau,2022-02-01,2022,2,0.0189,3.5,-0.00243,151259000.0,4.4,0.756,108539.59,84.0,0.7825,0.0195,0.4249
10,Riau,2022-03-01,2022,3,0.0175,3.5,0.00923,151259000.0,,0.756,108539.59,84.0,0.7825,0.0195,0.4249
10,Riau,2022-04-01,2022,4,0.0179,3.5,0.0062,151259000.0,,0.756,108539.59,84.0,0.7825,0.0195,0.4249
10,Riau,2022-05-01,2022,5,0.0174,3.5,0.01063,151259000.0,,0.756,108539.59,84.0,0.7825,0.0195,0.4249
10,Riau,2022-06-01,2022,6,0.0194,3.5,0.0145,151259000.0,,0.756,108539.59,84.0,0.7825,0.0195,0.4249
10,Riau,2022-07-01,2022,7,0.0221,3.5,0.00787,151259000.0,,0.756,108539.59,84.0,0.7825,0.0195,0.4249
10,Riau,2022-08-01,2022,8,0.0231,3.75,-0.01283,151259000.0,4.37,0.756,108539.59,84.0,0.7825,0.0195,0.4249
10,Riau,2022-09-01,2022,9,0.0247,4.25,0.0134,151259000.0,,0.756,108539.59,84.0,0.7825,0.0195,0.4249
10,Riau,2022-10-01,2022,10,0.0173,4.75,-0.0067,151259000.0,,0.756,108539.59,84.0,0.7825,0.0195,0.4249
10,Riau,2022-11-01,2022,11,0.0183,5.25,0.0016,151259000.0,,0.756,108539.59,84.0,0.7825,0.0195,0.4249
10,Riau,2022-12-01,2022,12,0.0169,5.5,0.00917,151259000.0,,0.756,108539.59,84.0,0.7825,0.0195,0.4249
10,Riau,2023-01-01,2023,1,0.0154,5.75,0.00663,154522000.0,,0.7714,110730.93,86.0,0.8306,0.0218,0.447
10,Riau,2023-02-01,2023,2,0.0136,5.75,0.00087,154522000.0,4.25,0.7714,110730.93,86.0,0.8306,0.0218,0.447
10,Riau,2023-03-01,2023,3,0.0146,5.75,-0.00127,154522000.0,,0.7714,110730.93,86.0,0.8306,0.0218,0.447
10,Riau,2023-04-01,2023,4,0.0139,5.75,0.00083,154522000.0,,0.7714,110730.93,86.0,0.8306,0.0218,0.447
10,Riau,2023-05-01,2023,5,0.0174,5.75,0.0014,154522000.0,,0.7714,110730.93,86.0,0.8306,0.0218,0.447
10,Riau,2023-06-01,2023,6,0.0172,5.75,0.00173,154522000.0,,0.7714,110730.93,86.0,0.8306,0.0218,0.447
10,Riau,2023-07-01,2023,7,0.0211,5.75,0.00497,154522000.0,,0.7714,110730.93,86.0,0.8306,0.0218,0.447
10,Riau,2023-08-01,2023,8,0.0166,5.75,-0.0023,154522000.0,4.23,0.7714,110730.93,86.0,0.8306,0.0218,0.447
10,Riau,2023-09-01,2023,9,0.0153,5.75,0.00317,154522000.0,,0.7714,110730.93,86.0,0.8306,0.0218,0.447
10,Riau,2023-10-01,2023,10,0.0159,6.0,-0.0013,154522000.0,,0.7714,110730.93,86.0,0.8306,0.0218,0.447
10,Riau,2023-11-01,2023,11,0.0147,6.0,0.00683,154522000.0,,0.7714,110730.93,86.0,0.8306,0.0218,0.447
10,Riau,2023-12-01,2023,12,0.0144,6.0,0.00097,154522000.0,,0.7714,110730.93,86.0,0.8306,0.0218,0.447
10,Riau,2024-01-01,2024,1,0.0139,6.0,0.0235,165350000.0,,0.8249,117909.72,85.0,0.858,0.0208,0.4269
10,Riau,2024-02-01,2024,2,0.0141,6.0,0.0286,165350000.0,3.85,0.8249,117909.72,85.0,0.858,0.0208,0.4269
10,Riau,2024-03-01,2024,3,0.0138,6.0,0.0357,165350000.0,,0.8249,117909.72,85.0,0.858,0.0208,0.4269
10,Riau,2024-04-01,2024,4,0.0133,6.25,0.0399,165350000.0,,0.8249,117909.72,85.0,0.858,0.0208,0.4269
10,Riau,2024-05-01,2024,5,0.0159,6.25,0.0441,165350000.0,,0.8249,117909.72,85.0,0.858,0.0208,0.4269
10,Riau,2024-06-01,2024,6,0.0144,6.25,0.0356,165350000.0,,0.8249,117909.72,85.0,0.858,0.0208,0.4269
10,Riau,2024-07-01,2024,7,0.0131,6.25,0.0222,165350000.0,,0.8249,117909.72,85.0,0.858,0.0208,0.4269
10,Riau,2024-08-01,2024,8,0.0135,6.25,0.0199,165350000.0,3.7,0.8249,117909.72,85.0,0.858,0.0208,0.4269
10,Riau,2024-09-01,2024,9,0.013,6.0,0.0138,165350000.0,,0.8249,117909.72,85.0,0.858,0.0208,0.4269
10,Riau,2024-10-01,2024,10,0.0141,6.0,0.0151,165350000.0,,0.8249,117909.72,85.0,0.858,0.0208,0.4269
10,Riau,2024-11-01,2024,11,0.0147,6.0,0.0087,165350000.0,,0.8249,117909.72,85.0,0.858,0.0208,0.4269
10,Riau,2024-12-01,2024,12,0.0152,6.0,0.0125,165350000.0,,0.8249,117909.72,85.0,0.858,0.0208,0.4269
10,Riau,2025-01-01,2025,1,0.0155,5.75,0.0112,176385000.0,,0.8081,120812.21,84.0,0.852,0.0229,0.4223
10,Riau,2025-02-01,2025,2,0.0157,5.75,0.0002,176385000.0,4.12,0.8081,120812.21,84.0,0.852,0.0229,0.4223
10,Riau,2025-03-01,2025,3,0.0165,5.75,0.0068,176385000.0,,0.8081,120812.21,84.0,0.852,0.0229,0.4223
10,Riau,2025-04-01,2025,4,0.0186,5.75,0.0207,176385000.0,,0.8081,120812.21,84.0,0.852,0.0229,0.4223
10,Riau,2025-05-01,2025,5,0.0197,5.75,0.0098,176385000.0,,0.8081,120812.21,84.0,0.852,0.0229,0.4223
10,Riau,2025-06-01,2025,6,0.0166,5.5,0.0098,176385000.0,,0.8081,120812.21,84.0,0.852,0.0229,0.4223
10,Riau,2025-07-01,2025,7,0.0172,5.25,0.0242,176385000.0,,0.8081,120812.21,84.0,0.852,0.0229,0.4223
10,Riau,2025-08-01,2025,8,0.0171,5.0,0.0358,176385000.0,4.16,0.8081,120812.21,84.0,0.852,0.0229,0.4223
10,Riau,2025-09-01,2025,9,0.0182,4.75,0.0508,176385000.0,,0.8081,120812.21,84.0,0.852,0.0229,0.4223
10,Riau,2025-10-01,2025,10,0.0176,4.75,0.0495,176385000.0,,0.8081,120812.21,84.0,0.852,0.0229,0.4223
10,Riau,2025-11-01,2025,11,0.0183,4.75,0.0427,176385000.0,,0.8081,120812.21,84.0,0.852,0.0229,0.4223
10,Riau,2025-12-01,2025,12,0.0163,4.75,0.0488,176385000.0,,0.8081,120812.21,84.0,0.852,0.0229,0.4223
11,Kepulauan Riau,2021-01-01,2021,1,0.011,3.75,0.0062,131884000.0,,0.7172999999999999,53870.55,61.0,0.747,0.0299,0.2445
11,Kepulauan Riau,2021-02-01,2021,2,0.0088,3.5,-0.00595,131884000.0,10.12,0.7172999999999999,53870.55,61.0,0.747,0.0299,0.2445
11,Kepulauan Riau,2021-03-01,2021,3,0.0088,3.5,-0.0022,131884000.0,,0.7172999999999999,53870.55,61.0,0.747,0.0299,0.2445
11,Kepulauan Riau,2021-04-01,2021,4,0.009,3.5,-0.00105,131884000.0,,0.7172999999999999,53870.55,61.0,0.747,0.0299,0.2445
11,Kepulauan Riau,2021-05-01,2021,5,0.0076,3.5,0.00145,131884000.0,,0.7172999999999999,53870.55,61.0,0.747,0.0299,0.2445
11,Kepulauan Riau,2021-06-01,2021,6,0.0108,3.5,-0.00085,131884000.0,,0.7172999999999999,53870.55,61.0,0.747,0.0299,0.2445
11,Kepulauan Riau,2021-07-01,2021,7,0.0135,3.5,0.00405,131884000.0,,0.7172999999999999,53870.55,61.0,0.747,0.0299,0.2445
11,Kepulauan Riau,2021-08-01,2021,8,0.0135,3.5,-0.0038,131884000.0,9.91,0.7172999999999999,53870.55,61.0,0.747,0.0299,0.2445
11,Kepulauan Riau,2021-09-01,2021,9,0.0148,3.5,0.0026,131884000.0,,0.7172999999999999,53870.55,61.0,0.747,0.0299,0.2445
11,Kepulauan Riau,2021-10-01,2021,10,0.0174,3.5,0.0024,131884000.0,,0.7172999999999999,53870.55,61.0,0.747,0.0299,0.2445
11,Kepulauan Riau,2021-11-01,2021,11,0.0189,3.5,0.00855,131884000.0,,0.7172999999999999,53870.55,61.0,0.747,0.0299,0.2445
11,Kepulauan Riau,2021-12-01,2021,12,0.0204,3.5,0.005,131884000.0,,0.7172999999999999,53870.55,61.0,0.747,0.0299,0.2445
11,Kepulauan Riau,2022-01-01,2022,1,0.022,3.5,0.0056,145530000.0,,0.737,64186.11,58.0,0.7124,0.0191,0.7909
11,Kepulauan Riau,2022-02-01,2022,2,0.0209,3.5,-0.002,145530000.0,8.02,0.737,64186.11,58.0,0.7124,0.0191,0.7909
11,Kepulauan Riau,2022-03-01,2022,3,0.0242,3.5,0.00545,145530000.0,,0.737,64186.11,58.0,0.7124,0.0191,0.7909
11,Kepulauan Riau,2022-04-01,2022,4,0.0249,3.5,0.0098,145530000.0,,0.737,64186.11,58.0,0.7124,0.0191,0.7909
11,Kepulauan Riau,2022-05-01,2022,5,0.0211,3.5,0.00905,145530000.0,,0.737,64186.11,58.0,0.7124,0.0191,0.7909
11,Kepulauan Riau,2022-06-01,2022,6,0.0237,3.5,0.0082,145530000.0,,0.737,64186.11,58.0,0.7124,0.0191,0.7909
11,Kepulauan Riau,2022-07-01,2022,7,0.0271,3.5,0.00635,145530000.0,,0.737,64186.11,58.0,0.7124,0.0191,0.7909
11,Kepulauan Riau,2022-08-01,2022,8,0.0281,3.75,-0.0052,145530000.0,8.23,0.737,64186.11,58.0,0.7124,0.0191,0.7909
11,Kepulauan Riau,2022-09-01,2022,9,0.0287,4.25,0.01,145530000.0,,0.737,64186.11,58.0,0.7124,0.0191,0.7909
11,Kepulauan Riau,2022-10-01,2022,10,0.0258,4.75,-0.0019,145530000.0,,0.737,64186.11,58.0,0.7124,0.0191,0.7909
11,Kepulauan Riau,2022-11-01,2022,11,0.0246,5.25,-0.0019,145530000.0,,0.737,64186.11,58.0,0.7124,0.0191,0.7909
11,Kepulauan Riau,2022-12-01,2022,12,0.0234,5.5,0.00995,145530000.0,,0.737,64186.11,58.0,0.7124,0.0191,0.7909
11,Kepulauan Riau,2023-01-01,2023,1,0.0217,5.75,-0.00185,154065000.0,,0.7567,71196.76,61.0,0.6944,0.0381,0.7805
11,Kepulauan Riau,2023-02-01,2023,2,0.0192,5.75,0.0041,154065000.0,7.61,0.7567,71196.76,61.0,0.6944,0.0381,0.7805
11,Kepulauan Riau,2023-03-01,2023,3,0.022,5.75,-0.0018,154065000.0,,0.7567,71196.76,61.0,0.6944,0.0381,0.7805
11,Kepulauan Riau,2023-04-01,2023,4,0.0173,5.75,0.00345,154065000.0,,0.7567,71196.76,61.0,0.6944,0.0381,0.7805
11,Kepulauan Riau,2023-05-01,2023,5,0.022,5.75,-0.0026,154065000.0,,0.7567,71196.76,61.0,0.6944,0.0381,0.7805
11,Kepulauan Riau,2023-06-01,2023,6,0.0211,5.75,0.00405,154065000.0,,0.7567,71196.76,61.0,0.6944,0.0381,0.7805
11,Kepulauan Riau,2023-07-01,2023,7,0.0235,5.75,0.0031,154065000.0,,0.7567,71196.76,61.0,0.6944,0.0381,0.7805
11,Kepulauan Riau,2023-08-01,2023,8,0.0175,5.75,0.00095,154065000.0,6.8,0.7567,71196.76,61.0,0.6944,0.0381,0.7805
11,Kepulauan Riau,2023-09-01,2023,9,0.0187,5.75,0.0027,154065000.0,,0.7567,71196.76,61.0,0.6944,0.0381,0.7805
11,Kepulauan Riau,2023-10-01,2023,10,0.0179,6.0,0.0022,154065000.0,,0.7567,71196.76,61.0,0.6944,0.0381,0.7805
11,Kepulauan Riau,2023-11-01,2023,11,0.0179,6.0,0.00725,154065000.0,,0.7567,71196.76,61.0,0.6944,0.0381,0.7805
11,Kepulauan Riau,2023-12-01,2023,12,0.0215,6.0,0.00325,154065000.0,,0.7567,71196.76,61.0,0.6944,0.0381,0.7805
11,Kepulauan Riau,2024-01-01,2024,1,0.0183,6.0,0.0338,161424000.0,,0.8109,74243.23,58.0,0.7181,0.0361,0.7595
11,Kepulauan Riau,2024-02-01,2024,2,0.0169,6.0,0.0265,161424000.0,6.94,0.8109,74243.23,58.0,0.7181,0.0361,0.7595
11,Kepulauan Riau,2024-03-01,2024,3,0.0176,6.0,0.0337,161424000.0,,0.8109,74243.23,58.0,0.7181,0.0361,0.7595
11,Kepulauan Riau,2024-04-01,2024,4,0.0155,6.25,0.0304,161424000.0,,0.8109,74243.23,58.0,0.7181,0.0361,0.7595
11,Kepulauan Riau,2024-05-01,2024,5,0.0195,6.25,0.0367,161424000.0,,0.8109,74243.23,58.0,0.7181,0.0361,0.7595
11,Kepulauan Riau,2024-06-01,2024,6,0.0187,6.25,0.0354,161424000.0,,0.8109,74243.23,58.0,0.7181,0.0361,0.7595
11,Kepulauan Riau,2024-07-01,2024,7,0.0161,6.25,0.0281,161424000.0,,0.8109,74243.23,58.0,0.7181,0.0361,0.7595
11,Kepulauan Riau,2024-08-01,2024,8,0.0152,6.25,0.0264,161424000.0,6.39,0.8109,74243.23,58.0,0.7181,0.0361,0.7595
11,Kepulauan Riau,2024-09-01,2024,9,0.0151,6.0,0.0253,161424000.0,,0.8109,74243.23,58.0,0.7181,0.0361,0.7595
11,Kepulauan Riau,2024-10-01,2024,10,0.0149,6.0,0.0231,161424000.0,,0.8109,74243.23,58.0,0.7181,0.0361,0.7595
11,Kepulauan Riau,2024-11-01,2024,11,0.0165,6.0,0.0189,161424000.0,,0.8109,74243.23,58.0,0.7181,0.0361,0.7595
11,Kepulauan Riau,2024-12-01,2024,12,0.0164,6.0,0.0209,161424000.0,,0.8109,74243.23,58.0,0.7181,0.0361,0.7595
11,Kepulauan Riau,2025-01-01,2025,1,0.016,5.75,0.0201,172459000.0,,0.8103,76973.61,59.0,0.748,0.0331,0.7177
11,Kepulauan Riau,2025-02-01,2025,2,0.0164,5.75,0.0209,172459000.0,6.89,0.8103,76973.61,59.0,0.748,0.0331,0.7177
11,Kepulauan Riau,2025-03-01,2025,3,0.0172,5.75,0.0201,172459000.0,,0.8103,76973.61,59.0,0.748,0.0331,0.7177
11,Kepulauan Riau,2025-04-01,2025,4,0.0205,5.75,0.0256,172459000.0,,0.8103,76973.61,59.0,0.748,0.0331,0.7177
11,Kepulauan Riau,2025-05-01,2025,5,0.0207,5.75,0.0173,172459000.0,,0.8103,76973.61,59.0,0.748,0.0331,0.7177
11,Kepulauan Riau,2025-06-01,2025,6,0.018,5.5,0.0132,172459000.0,,0.8103,76973.61,59.0,0.748,0.0331,0.7177
11,Kepulauan Riau,2025-07-01,2025,7,0.0174,5.25,0.0197,172459000.0,,0.8103,76973.61,59.0,0.748,0.0331,0.7177
11,Kepulauan Riau,2025-08-01,2025,8,0.015,5.0,0.0219,172459000.0,6.45,0.8103,76973.61,59.0,0.748,0.0331,0.7177
11,Kepulauan Riau,2025-09-01,2025,9,0.0164,4.75,0.027,172459000.0,,0.8103,76973.61,59.0,0.748,0.0331,0.7177
11,Kepulauan Riau,2025-10-01,2025,10,0.0168,4.75,0.0301,172459000.0,,0.8103,76973.61,59.0,0.748,0.0331,0.7177
11,Kepulauan Riau,2025-11-01,2025,11,0.0164,4.75,0.03,172459000.0,,0.8103,76973.61,59.0,0.748,0.0331,0.7177
11,Kepulauan Riau,2025-12-01,2025,12,0.0162,4.75,0.0347,172459000.0,,0.8103,76973.61,59.0,0.748,0.0331,0.7177
12,Kepulauan Bangka Belitung,2021-01-01,2021,1,0.0055,3.75,0.011,58406000.0,,0.7754000000000001,22953.45,31.0,0.5676,0.0221,0.4067
12,Kepulauan Bangka Belitung,2021-02-01,2021,2,0.0054,3.5,-0.00025,58406000.0,5.04,0.7754000000000001,22953.45,31.0,0.5676,0.0221,0.4067
12,Kepulauan Bangka Belitung,2021-03-01,2021,3,0.0054,3.5,-0.0015,58406000.0,,0.7754000000000001,22953.45,31.0,0.5676,0.0221,0.4067
12,Kepulauan Bangka Belitung,2021-04-01,2021,4,0.0057,3.5,0.0014,58406000.0,,0.7754000000000001,22953.45,31.0,0.5676,0.0221,0.4067
12,Kepulauan Bangka Belitung,2021-05-01,2021,5,0.0106,3.5,0.00375,58406000.0,,0.7754000000000001,22953.45,31.0,0.5676,0.0221,0.4067
12,Kepulauan Bangka Belitung,2021-06-01,2021,6,0.0086,3.5,0.00295,58406000.0,,0.7754000000000001,22953.45,31.0,0.5676,0.0221,0.4067
12,Kepulauan Bangka Belitung,2021-07-01,2021,7,0.0101,3.5,-0.0005,58406000.0,,0.7754000000000001,22953.45,31.0,0.5676,0.0221,0.4067
12,Kepulauan Bangka Belitung,2021-08-01,2021,8,0.0106,3.5,5e-05,58406000.0,5.03,0.7754000000000001,22953.45,31.0,0.5676,0.0221,0.4067
12,Kepulauan Bangka Belitung,2021-09-01,2021,9,0.0155,3.5,0.0049,58406000.0,,0.7754000000000001,22953.45,31.0,0.5676,0.0221,0.4067
12,Kepulauan Bangka Belitung,2021-10-01,2021,10,0.0182,3.5,-0.00205,58406000.0,,0.7754000000000001,22953.45,31.0,0.5676,0.0221,0.4067
12,Kepulauan Bangka Belitung,2021-11-01,2021,11,0.019,3.5,0.00575,58406000.0,,0.7754000000000001,22953.45,31.0,0.5676,0.0221,0.4067
12,Kepulauan Bangka Belitung,2021-12-01,2021,12,0.0201,3.5,0.01205,58406000.0,,0.7754000000000001,22953.45,31.0,0.5676,0.0221,0.4067
12,Kepulauan Bangka Belitung,2022-01-01,2022,1,0.0208,3.5,0.0088,63866000.0,,0.801,24448.7,31.0,0.592,0.033,0.8012
12,Kepulauan Bangka Belitung,2022-02-01,2022,2,0.0187,3.5,-0.01305,63866000.0,4.18,0.801,24448.7,31.0,0.592,0.033,0.8012
12,Kepulauan Bangka Belitung,2022-03-01,2022,3,0.0177,3.5,0.01195,63866000.0,,0.801,24448.7,31.0,0.592,0.033,0.8012
12,Kepulauan Bangka Belitung,2022-04-01,2022,4,0.0188,3.5,0.022,63866000.0,,0.801,24448.7,31.0,0.592,0.033,0.8012
12,Kepulauan Bangka Belitung,2022-05-01,2022,5,0.018,3.5,0.01545,63866000.0,,0.801,24448.7,31.0,0.592,0.033,0.8012
12,Kepulauan Bangka Belitung,2022-06-01,2022,6,0.0184,3.5,-0.00125,63866000.0,,0.801,24448.7,31.0,0.592,0.033,0.8012
12,Kepulauan Bangka Belitung,2022-07-01,2022,7,0.02,3.5,0.01065,63866000.0,,0.801,24448.7,31.0,0.592,0.033,0.8012
12,Kepulauan Bangka Belitung,2022-08-01,2022,8,0.0207,3.75,-0.01425,63866000.0,4.77,0.801,24448.7,31.0,0.592,0.033,0.8012
12,Kepulauan Bangka Belitung,2022-09-01,2022,9,0.023,4.25,0.0072,63866000.0,,0.801,24448.7,31.0,0.592,0.033,0.8012
12,Kepulauan Bangka Belitung,2022-10-01,2022,10,0.0165,4.75,-0.0065,63866000.0,,0.801,24448.7,31.0,0.592,0.033,0.8012
12,Kepulauan Bangka Belitung,2022-11-01,2022,11,0.0175,5.25,-0.00225,63866000.0,,0.801,24448.7,31.0,0.592,0.033,0.8012
12,Kepulauan Bangka Belitung,2022-12-01,2022,12,0.0151,5.5,0.0121,63866000.0,,0.801,24448.7,31.0,0.592,0.033,0.8012
12,Kepulauan Bangka Belitung,2023-01-01,2023,1,0.0149,5.75,0.00805,67813000.0,,0.8266,23323.24,30.0,0.6929,0.0163,0.7813
12,Kepulauan Bangka Belitung,2023-02-01,2023,2,0.0142,5.75,-0.00285,67813000.0,3.89,0.8266,23323.24,30.0,0.6929,0.0163,0.7813
12,Kepulauan Bangka Belitung,2023-03-01,2023,3,0.0142,5.75,0.0048,67813000.0,,0.8266,23323.24,30.0,0.6929,0.0163,0.7813
12,Kepulauan Bangka Belitung,2023-04-01,2023,4,0.0129,5.75,0.00385,67813000.0,,0.8266,23323.24,30.0,0.6929,0.0163,0.7813
12,Kepulauan Bangka Belitung,2023-05-01,2023,5,0.0151,5.75,0.00645,67813000.0,,0.8266,23323.24,30.0,0.6929,0.0163,0.7813
12,Kepulauan Bangka Belitung,2023-06-01,2023,6,0.016,5.75,0.00185,67813000.0,,0.8266,23323.24,30.0,0.6929,0.0163,0.7813
12,Kepulauan Bangka Belitung,2023-07-01,2023,7,0.0202,5.75,0.00435,67813000.0,,0.8266,23323.24,30.0,0.6929,0.0163,0.7813
12,Kepulauan Bangka Belitung,2023-08-01,2023,8,0.0119,5.75,-0.0017,67813000.0,4.56,0.8266,23323.24,30.0,0.6929,0.0163,0.7813
12,Kepulauan Bangka Belitung,2023-09-01,2023,9,0.0127,5.75,0.0101,67813000.0,,0.8266,23323.24,30.0,0.6929,0.0163,0.7813
12,Kepulauan Bangka Belitung,2023-10-01,2023,10,0.013,6.0,-0.0037,67813000.0,,0.8266,23323.24,30.0,0.6929,0.0163,0.7813
12,Kepulauan Bangka Belitung,2023-11-01,2023,11,0.0142,6.0,-0.0008,67813000.0,,0.8266,23323.24,30.0,0.6929,0.0163,0.7813
12,Kepulauan Bangka Belitung,2023-12-01,2023,12,0.0142,6.0,-0.00155,67813000.0,,0.8266,23323.24,30.0,0.6929,0.0163,0.7813
12,Kepulauan Bangka Belitung,2024-01-01,2024,1,0.0141,6.0,0.0121,70193000.0,,0.8483,22868.34,30.0,0.7788,0.0165,0.8316
12,Kepulauan Bangka Belitung,2024-02-01,2024,2,0.0145,6.0,0.0186,70193000.0,3.85,0.8483,22868.34,30.0,0.7788,0.0165,0.8316
12,Kepulauan Bangka Belitung,2024-03-01,2024,3,0.0143,6.0,0.018,70193000.0,,0.8483,22868.34,30.0,0.7788,0.0165,0.8316
12,Kepulauan Bangka Belitung,2024-04-01,2024,4,0.0119,6.25,0.0193,70193000.0,,0.8483,22868.34,30.0,0.7788,0.0165,0.8316
12,Kepulauan Bangka Belitung,2024-05-01,2024,5,0.0142,6.25,0.0125,70193000.0,,0.8483,22868.34,30.0,0.7788,0.0165,0.8316
12,Kepulauan Bangka Belitung,2024-06-01,2024,6,0.0133,6.25,0.0108,70193000.0,,0.8483,22868.34,30.0,0.7788,0.0165,0.8316
12,Kepulauan Bangka Belitung,2024-07-01,2024,7,0.0146,6.25,0.0084,70193000.0,,0.8483,22868.34,30.0,0.7788,0.0165,0.8316
12,Kepulauan Bangka Belitung,2024-08-01,2024,8,0.0166,6.25,0.0102,70193000.0,4.63,0.8483,22868.34,30.0,0.7788,0.0165,0.8316
12,Kepulauan Bangka Belitung,2024-09-01,2024,9,0.0178,6.0,0.0049,70193000.0,,0.8483,22868.34,30.0,0.7788,0.0165,0.8316
12,Kepulauan Bangka Belitung,2024-10-01,2024,10,0.0201,6.0,0.0022,70193000.0,,0.8483,22868.34,30.0,0.7788,0.0165,0.8316
12,Kepulauan Bangka Belitung,2024-11-01,2024,11,0.02,6.0,0.0022,70193000.0,,0.8483,22868.34,30.0,0.7788,0.0165,0.8316
12,Kepulauan Bangka Belitung,2024-12-01,2024,12,0.0201,6.0,0.0075,70193000.0,,0.8483,22868.34,30.0,0.7788,0.0165,0.8316
12,Kepulauan Bangka Belitung,2025-01-01,2025,1,0.0208,5.75,-0.0023,75323000.0,,0.8088,24610.48,30.0,0.7442,0.02,0.878
12,Kepulauan Bangka Belitung,2025-02-01,2025,2,0.0206,5.75,-0.0064,75323000.0,4.17,0.8088,24610.48,30.0,0.7442,0.02,0.878
12,Kepulauan Bangka Belitung,2025-03-01,2025,3,0.0193,5.75,0.0113,75323000.0,,0.8088,24610.48,30.0,0.7442,0.02,0.878
12,Kepulauan Bangka Belitung,2025-04-01,2025,4,0.0198,5.75,0.0137,75323000.0,,0.8088,24610.48,30.0,0.7442,0.02,0.878
12,Kepulauan Bangka Belitung,2025-05-01,2025,5,0.0195,5.75,0.0079,75323000.0,,0.8088,24610.48,30.0,0.7442,0.02,0.878
12,Kepulauan Bangka Belitung,2025-06-01,2025,6,0.016,5.5,0.0099,75323000.0,,0.8088,24610.48,30.0,0.7442,0.02,0.878
12,Kepulauan Bangka Belitung,2025-07-01,2025,7,0.0163,5.25,0.0205,75323000.0,,0.8088,24610.48,30.0,0.7442,0.02,0.878
12,Kepulauan Bangka Belitung,2025-08-01,2025,8,0.0181,5.0,0.0134,75323000.0,4.45,0.8088,24610.48,30.0,0.7442,0.02,0.878
12,Kepulauan Bangka Belitung,2025-09-01,2025,9,0.0138,4.75,0.0182,75323000.0,,0.8088,24610.48,30.0,0.7442,0.02,0.878
12,Kepulauan Bangka Belitung,2025-10-01,2025,10,0.0145,4.75,0.0251,75323000.0,,0.8088,24610.48,30.0,0.7442,0.02,0.878
12,Kepulauan Bangka Belitung,2025-11-01,2025,11,0.015,4.75,0.0287,75323000.0,,0.8088,24610.48,30.0,0.7442,0.02,0.878
12,Kepulauan Bangka Belitung,2025-12-01,2025,12,0.0157,4.75,0.0277,75323000.0,,0.8088,24610.48,30.0,0.7442,0.02,0.878
13,Jambi,2021-01-01,2021,1,0.007,3.75,0.0059,64771000.0,,0.6093999999999999,42164.2,65.0,1.0549,0.0202,0.4019
13,Jambi,2021-02-01,2021,2,0.0074,3.5,-0.00465,64771000.0,4.76,0.6093999999999999,42164.2,65.0,1.0549,0.0202,0.4019
13,Jambi,2021-03-01,2021,3,0.0083,3.5,0.0034,64771000.0,,0.6093999999999999,42164.2,65.0,1.0549,0.0202,0.4019
13,Jambi,2021-04-01,2021,4,0.0081,3.5,-0.00305,64771000.0,,0.6093999999999999,42164.2,65.0,1.0549,0.0202,0.4019
13,Jambi,2021-05-01,2021,5,0.0128,3.5,0.003,64771000.0,,0.6093999999999999,42164.2,65.0,1.0549,0.0202,0.4019
13,Jambi,2021-06-01,2021,6,0.0121,3.5,-0.00295,64771000.0,,0.6093999999999999,42164.2,65.0,1.0549,0.0202,0.4019
13,Jambi,2021-07-01,2021,7,0.013,3.5,-5e-05,64771000.0,,0.6093999999999999,42164.2,65.0,1.0549,0.0202,0.4019
13,Jambi,2021-08-01,2021,8,0.0134,3.5,-0.0032,64771000.0,5.09,0.6093999999999999,42164.2,65.0,1.0549,0.0202,0.4019
13,Jambi,2021-09-01,2021,9,0.014,3.5,0.0009,64771000.0,,0.6093999999999999,42164.2,65.0,1.0549,0.0202,0.4019
13,Jambi,2021-10-01,2021,10,0.0158,3.5,0.00715,64771000.0,,0.6093999999999999,42164.2,65.0,1.0549,0.0202,0.4019
13,Jambi,2021-11-01,2021,11,0.0168,3.5,0.00545,64771000.0,,0.6093999999999999,42164.2,65.0,1.0549,0.0202,0.4019
13,Jambi,2021-12-01,2021,12,0.019,3.5,0.00465,64771000.0,,0.6093999999999999,42164.2,65.0,1.0549,0.0202,0.4019
13,Jambi,2022-01-01,2022,1,0.0216,3.5,0.0126,76224000.0,,0.707,43793.87,61.0,1.0794,0.0189,0.4616
13,Jambi,2022-02-01,2022,2,0.0205,3.5,-0.00615,76224000.0,4.7,0.707,43793.87,61.0,1.0794,0.0189,0.4616
13,Jambi,2022-03-01,2022,3,0.0177,3.5,0.01225,76224000.0,,0.707,43793.87,61.0,1.0794,0.0189,0.4616
13,Jambi,2022-04-01,2022,4,0.0186,3.5,0.0139,76224000.0,,0.707,43793.87,61.0,1.0794,0.0189,0.4616
13,Jambi,2022-05-01,2022,5,0.0183,3.5,0.00845,76224000.0,,0.707,43793.87,61.0,1.0794,0.0189,0.4616
13,Jambi,2022-06-01,2022,6,0.0217,3.5,0.0149,76224000.0,,0.707,43793.87,61.0,1.0794,0.0189,0.4616
13,Jambi,2022-07-01,2022,7,0.0242,3.5,0.01175,76224000.0,,0.707,43793.87,61.0,1.0794,0.0189,0.4616
13,Jambi,2022-08-01,2022,8,0.0265,3.75,-0.013,76224000.0,4.59,0.707,43793.87,61.0,1.0794,0.0189,0.4616
13,Jambi,2022-09-01,2022,9,0.0282,4.25,0.00825,76224000.0,,0.707,43793.87,61.0,1.0794,0.0189,0.4616
13,Jambi,2022-10-01,2022,10,0.0163,4.75,-0.0065,76224000.0,,0.707,43793.87,61.0,1.0794,0.0189,0.4616
13,Jambi,2022-11-01,2022,11,0.0188,5.25,-0.00285,76224000.0,,0.707,43793.87,61.0,1.0794,0.0189,0.4616
13,Jambi,2022-12-01,2022,12,0.0166,5.5,0.00735,76224000.0,,0.707,43793.87,61.0,1.0794,0.0189,0.4616
13,Jambi,2023-01-01,2023,1,0.0141,5.75,0.0084,79873000.0,,0.8046,43529.88,58.0,1.1533,0.0181,0.483
13,Jambi,2023-02-01,2023,2,0.0132,5.75,-0.0003,79873000.0,4.5,0.8046,43529.88,58.0,1.1533,0.0181,0.483
13,Jambi,2023-03-01,2023,3,0.0142,5.75,-0.0014,79873000.0,,0.8046,43529.88,58.0,1.1533,0.0181,0.483
13,Jambi,2023-04-01,2023,4,0.0143,5.75,0.00205,79873000.0,,0.8046,43529.88,58.0,1.1533,0.0181,0.483
13,Jambi,2023-05-01,2023,5,0.015,5.75,0.0033,79873000.0,,0.8046,43529.88,58.0,1.1533,0.0181,0.483
13,Jambi,2023-06-01,2023,6,0.0152,5.75,0.00095,79873000.0,,0.8046,43529.88,58.0,1.1533,0.0181,0.483
13,Jambi,2023-07-01,2023,7,0.0181,5.75,0.00395,79873000.0,,0.8046,43529.88,58.0,1.1533,0.0181,0.483
13,Jambi,2023-08-01,2023,8,0.0141,5.75,-0.00395,79873000.0,4.53,0.8046,43529.88,58.0,1.1533,0.0181,0.483
13,Jambi,2023-09-01,2023,9,0.0151,5.75,0.0038,79873000.0,,0.8046,43529.88,58.0,1.1533,0.0181,0.483
13,Jambi,2023-10-01,2023,10,0.0147,6.0,0.0027,79873000.0,,0.8046,43529.88,58.0,1.1533,0.0181,0.483
13,Jambi,2023-11-01,2023,11,0.0141,6.0,0.008,79873000.0,,0.8046,43529.88,58.0,1.1533,0.0181,0.483
13,Jambi,2023-12-01,2023,12,0.0137,6.0,0.0028,79873000.0,,0.8046,43529.88,58.0,1.1533,0.0181,0.483
13,Jambi,2024-01-01,2024,1,0.0128,6.0,0.0299,86775000.0,,0.8591,46058.36,57.0,1.1853,0.017,0.4823
13,Jambi,2024-02-01,2024,2,0.015,6.0,0.0319,86775000.0,4.45,0.8591,46058.36,57.0,1.1853,0.017,0.4823
13,Jambi,2024-03-01,2024,3,0.0151,6.0,0.0384,86775000.0,,0.8591,46058.36,57.0,1.1853,0.017,0.4823
13,Jambi,2024-04-01,2024,4,0.0126,6.25,0.0393,86775000.0,,0.8591,46058.36,57.0,1.1853,0.017,0.4823
13,Jambi,2024-05-01,2024,5,0.0136,6.25,0.0355,86775000.0,,0.8591,46058.36,57.0,1.1853,0.017,0.4823
13,Jambi,2024-06-01,2024,6,0.0125,6.25,0.0334,86775000.0,,0.8591,46058.36,57.0,1.1853,0.017,0.4823
13,Jambi,2024-07-01,2024,7,0.0126,6.25,0.0214,86775000.0,,0.8591,46058.36,57.0,1.1853,0.017,0.4823
13,Jambi,2024-08-01,2024,8,0.012,6.25,0.025,86775000.0,4.48,0.8591,46058.36,57.0,1.1853,0.017,0.4823
13,Jambi,2024-09-01,2024,9,0.0131,6.0,0.0195,86775000.0,,0.8591,46058.36,57.0,1.1853,0.017,0.4823
13,Jambi,2024-10-01,2024,10,0.0136,6.0,0.0184,86775000.0,,0.8591,46058.36,57.0,1.1853,0.017,0.4823
13,Jambi,2024-11-01,2024,11,0.0143,6.0,0.0142,86775000.0,,0.8591,46058.36,57.0,1.1853,0.017,0.4823
13,Jambi,2024-12-01,2024,12,0.0153,6.0,0.0143,86775000.0,,0.8591,46058.36,57.0,1.1853,0.017,0.4823
13,Jambi,2025-01-01,2025,1,0.0168,5.75,0.0046,92786000.0,,0.8771,47619.86,57.0,1.172,0.0178,0.4938
13,Jambi,2025-02-01,2025,2,0.0173,5.75,-0.0027,92786000.0,4.48,0.8771,47619.86,57.0,1.172,0.0178,0.4938
13,Jambi,2025-03-01,2025,3,0.0212,5.75,0.0032,92786000.0,,0.8771,47619.86,57.0,1.172,0.0178,0.4938
13,Jambi,2025-04-01,2025,4,0.0192,5.75,0.0184,92786000.0,,0.8771,47619.86,57.0,1.172,0.0178,0.4938
13,Jambi,2025-05-01,2025,5,0.0227,5.75,0.0096,92786000.0,,0.8771,47619.86,57.0,1.172,0.0178,0.4938
13,Jambi,2025-06-01,2025,6,0.0216,5.5,0.0134,92786000.0,,0.8771,47619.86,57.0,1.172,0.0178,0.4938
13,Jambi,2025-07-01,2025,7,0.0229,5.25,0.0271,92786000.0,,0.8771,47619.86,57.0,1.172,0.0178,0.4938
13,Jambi,2025-08-01,2025,8,0.0222,5.0,0.0276,92786000.0,4.26,0.8771,47619.86,57.0,1.172,0.0178,0.4938
13,Jambi,2025-09-01,2025,9,0.023,4.75,0.0377,92786000.0,,0.8771,47619.86,57.0,1.172,0.0178,0.4938
13,Jambi,2025-10-01,2025,10,0.023,4.75,0.0371,92786000.0,,0.8771,47619.86,57.0,1.172,0.0178,0.4938
13,Jambi,2025-11-01,2025,11,0.0218,4.75,0.0355,92786000.0,,0.8771,47619.86,57.0,1.172,0.0178,0.4938
13,Jambi,2025-12-01,2025,12,0.0185,4.75,0.0371,92786000.0,,0.8771,47619.86,57.0,1.172,0.0178,0.4938
14,Sumatera Selatan,2021-01-01,2021,1,0.0123,3.75,0.00365,57745000.0,,0.9198000000000001,97241.13,108.0,0.9193,0.0307,0.3208
14,Sumatera Selatan,2021-02-01,2021,2,0.0086,3.5,-0.0009,57745000.0,5.17,0.9198000000000001,97241.13,108.0,0.9193,0.0307,0.3208
14,Sumatera Selatan,2021-03-01,2021,3,0.0087,3.5,0.0007,57745000.0,,0.9198000000000001,97241.13,108.0,0.9193,0.0307,0.3208
14,Sumatera Selatan,2021-04-01,2021,4,0.0094,3.5,0.00325,57745000.0,,0.9198000000000001,97241.13,108.0,0.9193,0.0307,0.3208
14,Sumatera Selatan,2021-05-01,2021,5,0.0117,3.5,0.0016,57745000.0,,0.9198000000000001,97241.13,108.0,0.9193,0.0307,0.3208
14,Sumatera Selatan,2021-06-01,2021,6,0.0146,3.5,-0.00045,57745000.0,,0.9198000000000001,97241.13,108.0,0.9193,0.0307,0.3208
14,Sumatera Selatan,2021-07-01,2021,7,0.0232,3.5,-0.00085,57745000.0,,0.9198000000000001,97241.13,108.0,0.9193,0.0307,0.3208
14,Sumatera Selatan,2021-08-01,2021,8,0.0222,3.5,-0.00125,57745000.0,4.98,0.9198000000000001,97241.13,108.0,0.9193,0.0307,0.3208
14,Sumatera Selatan,2021-09-01,2021,9,0.0177,3.5,0.0014,57745000.0,,0.9198000000000001,97241.13,108.0,0.9193,0.0307,0.3208
14,Sumatera Selatan,2021-10-01,2021,10,0.0187,3.5,0.0019,57745000.0,,0.9198000000000001,97241.13,108.0,0.9193,0.0307,0.3208
14,Sumatera Selatan,2021-11-01,2021,11,0.0205,3.5,0.00425,57745000.0,,0.9198000000000001,97241.13,108.0,0.9193,0.0307,0.3208
14,Sumatera Selatan,2021-12-01,2021,12,0.0221,3.5,0.00385,57745000.0,,0.9198000000000001,97241.13,108.0,0.9193,0.0307,0.3208
14,Sumatera Selatan,2022-01-01,2022,1,0.0229,3.5,0.00885,68239000.0,,0.81,106026.1,98.0,0.8938,0.0295,0.0693
14,Sumatera Selatan,2022-02-01,2022,2,0.0239,3.5,-0.0003,68239000.0,4.74,0.81,106026.1,98.0,0.8938,0.0295,0.0693
14,Sumatera Selatan,2022-03-01,2022,3,0.0213,3.5,0.0068,68239000.0,,0.81,106026.1,98.0,0.8938,0.0295,0.0693
14,Sumatera Selatan,2022-04-01,2022,4,0.0219,3.5,0.0092,68239000.0,,0.81,106026.1,98.0,0.8938,0.0295,0.0693
14,Sumatera Selatan,2022-05-01,2022,5,0.0216,3.5,0.00895,68239000.0,,0.81,106026.1,98.0,0.8938,0.0295,0.0693
14,Sumatera Selatan,2022-06-01,2022,6,0.025,3.5,0.00875,68239000.0,,0.81,106026.1,98.0,0.8938,0.0295,0.0693
14,Sumatera Selatan,2022-07-01,2022,7,0.0276,3.5,0.0072,68239000.0,,0.81,106026.1,98.0,0.8938,0.0295,0.0693
14,Sumatera Selatan,2022-08-01,2022,8,0.0275,3.75,-0.00675,68239000.0,4.63,0.81,106026.1,98.0,0.8938,0.0295,0.0693
14,Sumatera Selatan,2022-09-01,2022,9,0.03,4.25,0.0116,68239000.0,,0.81,106026.1,98.0,0.8938,0.0295,0.0693
14,Sumatera Selatan,2022-10-01,2022,10,0.0216,4.75,-0.0014,68239000.0,,0.81,106026.1,98.0,0.8938,0.0295,0.0693
14,Sumatera Selatan,2022-11-01,2022,11,0.0215,5.25,-0.0007,68239000.0,,0.81,106026.1,98.0,0.8938,0.0295,0.0693
14,Sumatera Selatan,2022-12-01,2022,12,0.0197,5.5,0.0053,68239000.0,,0.81,106026.1,98.0,0.8938,0.0295,0.0693
14,Sumatera Selatan,2023-01-01,2023,1,0.0182,5.75,0.00345,71958000.0,,0.7002,98718.51,98.0,1.0439,0.0342,0.0716
14,Sumatera Selatan,2023-02-01,2023,2,0.0173,5.75,0.00065,71958000.0,4.53,0.7002,98718.51,98.0,1.0439,0.0342,0.0716
14,Sumatera Selatan,2023-03-01,2023,3,0.0194,5.75,0.0016,71958000.0,,0.7002,98718.51,98.0,1.0439,0.0342,0.0716
14,Sumatera Selatan,2023-04-01,2023,4,0.0183,5.75,0.0034,71958000.0,,0.7002,98718.51,98.0,1.0439,0.0342,0.0716
14,Sumatera Selatan,2023-05-01,2023,5,0.0252,5.75,0.0004,71958000.0,,0.7002,98718.51,98.0,1.0439,0.0342,0.0716
14,Sumatera Selatan,2023-06-01,2023,6,0.0243,5.75,0.0032,71958000.0,,0.7002,98718.51,98.0,1.0439,0.0342,0.0716
14,Sumatera Selatan,2023-07-01,2023,7,0.0277,5.75,0.003,71958000.0,,0.7002,98718.51,98.0,1.0439,0.0342,0.0716
14,Sumatera Selatan,2023-08-01,2023,8,0.0244,5.75,-0.0004,71958000.0,4.11,0.7002,98718.51,98.0,1.0439,0.0342,0.0716
14,Sumatera Selatan,2023-09-01,2023,9,0.0247,5.75,0.00355,71958000.0,,0.7002,98718.51,98.0,1.0439,0.0342,0.0716
14,Sumatera Selatan,2023-10-01,2023,10,0.0256,6.0,0.0036,71958000.0,,0.7002,98718.51,98.0,1.0439,0.0342,0.0716
14,Sumatera Selatan,2023-11-01,2023,11,0.0254,6.0,0.0044,71958000.0,,0.7002,98718.51,98.0,1.0439,0.0342,0.0716
14,Sumatera Selatan,2023-12-01,2023,12,0.0272,6.0,0.002,71958000.0,,0.7002,98718.51,98.0,1.0439,0.0342,0.0716
14,Sumatera Selatan,2024-01-01,2024,1,0.028,6.0,0.0335,75132000.0,,0.7462,102606.0,97.0,1.1377,0.0224,0.0636
14,Sumatera Selatan,2024-02-01,2024,2,0.0275,6.0,0.0315,75132000.0,3.97,0.7462,102606.0,97.0,1.1377,0.0224,0.0636
14,Sumatera Selatan,2024-03-01,2024,3,0.0247,6.0,0.0324,75132000.0,,0.7462,102606.0,97.0,1.1377,0.0224,0.0636
14,Sumatera Selatan,2024-04-01,2024,4,0.0244,6.25,0.0312,75132000.0,,0.7462,102606.0,97.0,1.1377,0.0224,0.0636
14,Sumatera Selatan,2024-05-01,2024,5,0.0366,6.25,0.0298,75132000.0,,0.7462,102606.0,97.0,1.1377,0.0224,0.0636
14,Sumatera Selatan,2024-06-01,2024,6,0.0348,6.25,0.0248,75132000.0,,0.7462,102606.0,97.0,1.1377,0.0224,0.0636
14,Sumatera Selatan,2024-07-01,2024,7,0.0303,6.25,0.0187,75132000.0,,0.7462,102606.0,97.0,1.1377,0.0224,0.0636
14,Sumatera Selatan,2024-08-01,2024,8,0.028,6.25,0.018,75132000.0,3.86,0.7462,102606.0,97.0,1.1377,0.0224,0.0636
14,Sumatera Selatan,2024-09-01,2024,9,0.0279,6.0,0.014,75132000.0,,0.7462,102606.0,97.0,1.1377,0.0224,0.0636
14,Sumatera Selatan,2024-10-01,2024,10,0.0278,6.0,0.0109,75132000.0,,0.7462,102606.0,97.0,1.1377,0.0224,0.0636
14,Sumatera Selatan,2024-11-01,2024,11,0.0295,6.0,0.0073,75132000.0,,0.7462,102606.0,97.0,1.1377,0.0224,0.0636
14,Sumatera Selatan,2024-12-01,2024,12,0.0302,6.0,0.012,75132000.0,,0.7462,102606.0,97.0,1.1377,0.0224,0.0636
14,Sumatera Selatan,2025-01-01,2025,1,0.0314,5.75,0.0092,80663000.0,,0.7698,107536.03,98.0,1.1147,0.0246,0.0603
14,Sumatera Selatan,2025-02-01,2025,2,0.031,5.75,0.0049,80663000.0,3.89,0.7698,107536.03,98.0,1.1147,0.0246,0.0603
14,Sumatera Selatan,2025-03-01,2025,3,0.0306,5.75,0.0177,80663000.0,,0.7698,107536.03,98.0,1.1147,0.0246,0.0603
14,Sumatera Selatan,2025-04-01,2025,4,0.0273,5.75,0.0274,80663000.0,,0.7698,107536.03,98.0,1.1147,0.0246,0.0603
14,Sumatera Selatan,2025-05-01,2025,5,0.0282,5.75,0.0233,80663000.0,,0.7698,107536.03,98.0,1.1147,0.0246,0.0603
14,Sumatera Selatan,2025-06-01,2025,6,0.0266,5.5,0.0244,80663000.0,,0.7698,107536.03,98.0,1.1147,0.0246,0.0603
14,Sumatera Selatan,2025-07-01,2025,7,0.0251,5.25,0.0288,80663000.0,,0.7698,107536.03,98.0,1.1147,0.0246,0.0603
14,Sumatera Selatan,2025-08-01,2025,8,0.0246,5.0,0.0304,80663000.0,3.69,0.7698,107536.03,98.0,1.1147,0.0246,0.0603
14,Sumatera Selatan,2025-09-01,2025,9,0.028,4.75,0.0344,80663000.0,,0.7698,107536.03,98.0,1.1147,0.0246,0.0603
14,Sumatera Selatan,2025-10-01,2025,10,0.0277,4.75,0.0349,80663000.0,,0.7698,107536.03,98.0,1.1147,0.0246,0.0603
14,Sumatera Selatan,2025-11-01,2025,11,0.0309,4.75,0.0291,80663000.0,,0.7698,107536.03,98.0,1.1147,0.0246,0.0603
14,Sumatera Selatan,2025-12-01,2025,12,0.0308,4.75,0.0291,80663000.0,,0.7698,107536.03,98.0,1.1147,0.0246,0.0603
15,Bengkulu,2021-01-01,2021,1,0.0066,3.75,0.0039,39167000.0,,0.7397,16140.92,35.0,1.5026,0.0137,0.445
15,Bengkulu,2021-02-01,2021,2,0.0077,3.5,0.0014,39167000.0,3.72,0.7397,16140.92,35.0,1.5026,0.0137,0.445
15,Bengkulu,2021-03-01,2021,3,0.0082,3.5,0.0023,39167000.0,,0.7397,16140.92,35.0,1.5026,0.0137,0.445
15,Bengkulu,2021-04-01,2021,4,0.009,3.5,0.001,39167000.0,,0.7397,16140.92,35.0,1.5026,0.0137,0.445
15,Bengkulu,2021-05-01,2021,5,0.0215,3.5,0.0011,39167000.0,,0.7397,16140.92,35.0,1.5026,0.0137,0.445
15,Bengkulu,2021-06-01,2021,6,0.0126,3.5,0.0031,39167000.0,,0.7397,16140.92,35.0,1.5026,0.0137,0.445
15,Bengkulu,2021-07-01,2021,7,0.0177,3.5,-0.0012,39167000.0,,0.7397,16140.92,35.0,1.5026,0.0137,0.445
15,Bengkulu,2021-08-01,2021,8,0.0195,3.5,0.0016,39167000.0,3.65,0.7397,16140.92,35.0,1.5026,0.0137,0.445
15,Bengkulu,2021-09-01,2021,9,0.0233,3.5,0.0017,39167000.0,,0.7397,16140.92,35.0,1.5026,0.0137,0.445
15,Bengkulu,2021-10-01,2021,10,0.0253,3.5,-0.0002,39167000.0,,0.7397,16140.92,35.0,1.5026,0.0137,0.445
15,Bengkulu,2021-11-01,2021,11,0.0259,3.5,0.0052,39167000.0,,0.7397,16140.92,35.0,1.5026,0.0137,0.445
15,Bengkulu,2021-12-01,2021,12,0.0296,3.5,0.0039,39167000.0,,0.7397,16140.92,35.0,1.5026,0.0137,0.445
15,Bengkulu,2022-01-01,2022,1,0.0292,3.5,0.0054,43757000.0,,0.758,16379.51,32.0,1.599,0.0147,0.5038
15,Bengkulu,2022-02-01,2022,2,0.0267,3.5,-0.001,43757000.0,3.39,0.758,16379.51,32.0,1.599,0.0147,0.5038
15,Bengkulu,2022-03-01,2022,3,0.0254,3.5,0.0074,43757000.0,,0.758,16379.51,32.0,1.599,0.0147,0.5038
15,Bengkulu,2022-04-01,2022,4,0.0264,3.5,0.0145,43757000.0,,0.758,16379.51,32.0,1.599,0.0147,0.5038
15,Bengkulu,2022-05-01,2022,5,0.0284,3.5,0.0053,43757000.0,,0.758,16379.51,32.0,1.599,0.0147,0.5038
15,Bengkulu,2022-06-01,2022,6,0.0342,3.5,0.006,43757000.0,,0.758,16379.51,32.0,1.599,0.0147,0.5038
15,Bengkulu,2022-07-01,2022,7,0.0378,3.5,0.0091,43757000.0,,0.758,16379.51,32.0,1.599,0.0147,0.5038
15,Bengkulu,2022-08-01,2022,8,0.0363,3.75,-0.0024,43757000.0,3.59,0.758,16379.51,32.0,1.599,0.0147,0.5038
15,Bengkulu,2022-09-01,2022,9,0.0377,4.25,0.0122,43757000.0,,0.758,16379.51,32.0,1.599,0.0147,0.5038
15,Bengkulu,2022-10-01,2022,10,0.0207,4.75,-0.0014,43757000.0,,0.758,16379.51,32.0,1.599,0.0147,0.5038
15,Bengkulu,2022-11-01,2022,11,0.0219,5.25,0.0005,43757000.0,,0.758,16379.51,32.0,1.599,0.0147,0.5038
15,Bengkulu,2022-12-01,2022,12,0.018,5.5,0.0023,43757000.0,,0.758,16379.51,32.0,1.599,0.0147,0.5038
15,Bengkulu,2023-01-01,2023,1,0.0177,5.75,0.0062,46301000.0,,0.7763,16237.83,32.0,1.7123,0.0193,0.5013
15,Bengkulu,2023-02-01,2023,2,0.0152,5.75,0.0004,46301000.0,3.21,0.7763,16237.83,32.0,1.7123,0.0193,0.5013
15,Bengkulu,2023-03-01,2023,3,0.013,5.75,0.0025,46301000.0,,0.7763,16237.83,32.0,1.7123,0.0193,0.5013
15,Bengkulu,2023-04-01,2023,4,0.0113,5.75,0.0028,46301000.0,,0.7763,16237.83,32.0,1.7123,0.0193,0.5013
15,Bengkulu,2023-05-01,2023,5,0.0152,5.75,0.0017,46301000.0,,0.7763,16237.83,32.0,1.7123,0.0193,0.5013
15,Bengkulu,2023-06-01,2023,6,0.0139,5.75,0.0021,46301000.0,,0.7763,16237.83,32.0,1.7123,0.0193,0.5013
15,Bengkulu,2023-07-01,2023,7,0.0171,5.75,0.0049,46301000.0,,0.7763,16237.83,32.0,1.7123,0.0193,0.5013
15,Bengkulu,2023-08-01,2023,8,0.0126,5.75,-0.0007,46301000.0,3.42,0.7763,16237.83,32.0,1.7123,0.0193,0.5013
15,Bengkulu,2023-09-01,2023,9,0.0114,5.75,0.0023,46301000.0,,0.7763,16237.83,32.0,1.7123,0.0193,0.5013
15,Bengkulu,2023-10-01,2023,10,0.0114,6.0,0.0028,46301000.0,,0.7763,16237.83,32.0,1.7123,0.0193,0.5013
15,Bengkulu,2023-11-01,2023,11,0.0111,6.0,0.003,46301000.0,,0.7763,16237.83,32.0,1.7123,0.0193,0.5013
15,Bengkulu,2023-12-01,2023,12,0.0113,6.0,0.0024,46301000.0,,0.7763,16237.83,32.0,1.7123,0.0193,0.5013
15,Bengkulu,2024-01-01,2024,1,0.0114,6.0,0.0283,49233000.0,,0.8267,17668.36,32.0,1.6732,0.0146,0.4756
15,Bengkulu,2024-02-01,2024,2,0.0139,6.0,0.0368,49233000.0,3.17,0.8267,17668.36,32.0,1.6732,0.0146,0.4756
15,Bengkulu,2024-03-01,2024,3,0.0131,6.0,0.0356,49233000.0,,0.8267,17668.36,32.0,1.6732,0.0146,0.4756
15,Bengkulu,2024-04-01,2024,4,0.0144,6.25,0.0362,49233000.0,,0.8267,17668.36,32.0,1.6732,0.0146,0.4756
15,Bengkulu,2024-05-01,2024,5,0.018,6.25,0.0371,49233000.0,,0.8267,17668.36,32.0,1.6732,0.0146,0.4756
15,Bengkulu,2024-06-01,2024,6,0.0138,6.25,0.0364,49233000.0,,0.8267,17668.36,32.0,1.6732,0.0146,0.4756
15,Bengkulu,2024-07-01,2024,7,0.0154,6.25,0.0231,49233000.0,,0.8267,17668.36,32.0,1.6732,0.0146,0.4756
15,Bengkulu,2024-08-01,2024,8,0.015,6.25,0.0234,49233000.0,3.11,0.8267,17668.36,32.0,1.6732,0.0146,0.4756
15,Bengkulu,2024-09-01,2024,9,0.0135,6.0,0.0148,49233000.0,,0.8267,17668.36,32.0,1.6732,0.0146,0.4756
15,Bengkulu,2024-10-01,2024,10,0.0156,6.0,0.0134,49233000.0,,0.8267,17668.36,32.0,1.6732,0.0146,0.4756
15,Bengkulu,2024-11-01,2024,11,0.0167,6.0,0.0082,49233000.0,,0.8267,17668.36,32.0,1.6732,0.0146,0.4756
15,Bengkulu,2024-12-01,2024,12,0.0164,6.0,0.0084,49233000.0,,0.8267,17668.36,32.0,1.6732,0.0146,0.4756
15,Bengkulu,2025-01-01,2025,1,0.0174,5.75,0.0009,52305000.0,,0.8851,18780.77,32.0,1.604,0.0161,0.4757
15,Bengkulu,2025-02-01,2025,2,0.0174,5.75,-0.0126,52305000.0,3.24,0.8851,18780.77,32.0,1.604,0.0161,0.4757
15,Bengkulu,2025-03-01,2025,3,0.0184,5.75,-0.0022,52305000.0,,0.8851,18780.77,32.0,1.604,0.0161,0.4757
15,Bengkulu,2025-04-01,2025,4,0.0211,5.75,0.0096,52305000.0,,0.8851,18780.77,32.0,1.604,0.0161,0.4757
15,Bengkulu,2025-05-01,2025,5,0.0214,5.75,0.0039,52305000.0,,0.8851,18780.77,32.0,1.604,0.0161,0.4757
15,Bengkulu,2025-06-01,2025,6,0.0175,5.5,-0.001,52305000.0,,0.8851,18780.77,32.0,1.604,0.0161,0.4757
15,Bengkulu,2025-07-01,2025,7,0.0187,5.25,0.0101,52305000.0,,0.8851,18780.77,32.0,1.604,0.0161,0.4757
15,Bengkulu,2025-08-01,2025,8,0.0187,5.0,0.013,52305000.0,3.41,0.8851,18780.77,32.0,1.604,0.0161,0.4757
15,Bengkulu,2025-09-01,2025,9,0.0205,4.75,0.0257,52305000.0,,0.8851,18780.77,32.0,1.604,0.0161,0.4757
15,Bengkulu,2025-10-01,2025,10,0.0218,4.75,0.0285,52305000.0,,0.8851,18780.77,32.0,1.604,0.0161,0.4757
15,Bengkulu,2025-11-01,2025,11,0.0216,4.75,0.0268,52305000.0,,0.8851,18780.77,32.0,1.604,0.0161,0.4757
15,Bengkulu,2025-12-01,2025,12,0.0183,4.75,0.0277,52305000.0,,0.8851,18780.77,32.0,1.604,0.0161,0.4757
16,Lampung,2021-01-01,2021,1,0.0189,3.75,0.00665,40807000.0,,0.7854,50422.04,66.0,1.1253,0.0536,0.4001
16,Lampung,2021-02-01,2021,2,0.0164,3.5,0.00205,40807000.0,4.54,0.7854,50422.04,66.0,1.1253,0.0536,0.4001
16,Lampung,2021-03-01,2021,3,0.0175,3.5,-0.0026,40807000.0,,0.7854,50422.04,66.0,1.1253,0.0536,0.4001
16,Lampung,2021-04-01,2021,4,0.0189,3.5,-0.0016,40807000.0,,0.7854,50422.04,66.0,1.1253,0.0536,0.4001
16,Lampung,2021-05-01,2021,5,0.012,3.5,0.00365,40807000.0,,0.7854,50422.04,66.0,1.1253,0.0536,0.4001
16,Lampung,2021-06-01,2021,6,0.0205,3.5,0.00135,40807000.0,,0.7854,50422.04,66.0,1.1253,0.0536,0.4001
16,Lampung,2021-07-01,2021,7,0.0221,3.5,0.002,40807000.0,,0.7854,50422.04,66.0,1.1253,0.0536,0.4001
16,Lampung,2021-08-01,2021,8,0.021,3.5,-0.00405,40807000.0,4.69,0.7854,50422.04,66.0,1.1253,0.0536,0.4001
16,Lampung,2021-09-01,2021,9,0.0214,3.5,-0.0002,40807000.0,,0.7854,50422.04,66.0,1.1253,0.0536,0.4001
16,Lampung,2021-10-01,2021,10,0.0228,3.5,0.00195,40807000.0,,0.7854,50422.04,66.0,1.1253,0.0536,0.4001
16,Lampung,2021-11-01,2021,11,0.0227,3.5,0.00505,40807000.0,,0.7854,50422.04,66.0,1.1253,0.0536,0.4001
16,Lampung,2021-12-01,2021,12,0.024,3.5,0.0099,40807000.0,,0.7854,50422.04,66.0,1.1253,0.0536,0.4001
16,Lampung,2022-01-01,2022,1,0.0264,3.5,0.00465,44982000.0,,0.772,52656.14,65.0,1.1521,0.0487,0.4541
16,Lampung,2022-02-01,2022,2,0.0248,3.5,-0.003,44982000.0,4.31,0.772,52656.14,65.0,1.1521,0.0487,0.4541
16,Lampung,2022-03-01,2022,3,0.0258,3.5,0.00895,44982000.0,,0.772,52656.14,65.0,1.1521,0.0487,0.4541
16,Lampung,2022-04-01,2022,4,0.0288,3.5,0.0102,44982000.0,,0.772,52656.14,65.0,1.1521,0.0487,0.4541
16,Lampung,2022-05-01,2022,5,0.0281,3.5,0.0061,44982000.0,,0.772,52656.14,65.0,1.1521,0.0487,0.4541
16,Lampung,2022-06-01,2022,6,0.0312,3.5,0.01145,44982000.0,,0.772,52656.14,65.0,1.1521,0.0487,0.4541
16,Lampung,2022-07-01,2022,7,0.0344,3.5,0.00665,44982000.0,,0.772,52656.14,65.0,1.1521,0.0487,0.4541
16,Lampung,2022-08-01,2022,8,0.0351,3.75,-0.0064,44982000.0,4.52,0.772,52656.14,65.0,1.1521,0.0487,0.4541
16,Lampung,2022-09-01,2022,9,0.0349,4.25,0.0118,44982000.0,,0.772,52656.14,65.0,1.1521,0.0487,0.4541
16,Lampung,2022-10-01,2022,10,0.0237,4.75,-0.0035,44982000.0,,0.772,52656.14,65.0,1.1521,0.0487,0.4541
16,Lampung,2022-11-01,2022,11,0.0249,5.25,0.0003,44982000.0,,0.772,52656.14,65.0,1.1521,0.0487,0.4541
16,Lampung,2022-12-01,2022,12,0.021,5.5,0.00625,44982000.0,,0.772,52656.14,65.0,1.1521,0.0487,0.4541
16,Lampung,2023-01-01,2023,1,0.0216,5.75,0.0079,48188000.0,,0.7586,53539.91,65.0,1.1296,0.026,0.4938
16,Lampung,2023-02-01,2023,2,0.0211,5.75,0.0016,48188000.0,4.18,0.7586,53539.91,65.0,1.1296,0.026,0.4938
16,Lampung,2023-03-01,2023,3,0.0211,5.75,-0.00075,48188000.0,,0.7586,53539.91,65.0,1.1296,0.026,0.4938
16,Lampung,2023-04-01,2023,4,0.0219,5.75,0.003,48188000.0,,0.7586,53539.91,65.0,1.1296,0.026,0.4938
16,Lampung,2023-05-01,2023,5,0.0258,5.75,0.0007,48188000.0,,0.7586,53539.91,65.0,1.1296,0.026,0.4938
16,Lampung,2023-06-01,2023,6,0.0288,5.75,0.0009,48188000.0,,0.7586,53539.91,65.0,1.1296,0.026,0.4938
16,Lampung,2023-07-01,2023,7,0.0322,5.75,0.00135,48188000.0,,0.7586,53539.91,65.0,1.1296,0.026,0.4938
16,Lampung,2023-08-01,2023,8,0.0277,5.75,0.00135,48188000.0,4.23,0.7586,53539.91,65.0,1.1296,0.026,0.4938
16,Lampung,2023-09-01,2023,9,0.0279,5.75,0.0033,48188000.0,,0.7586,53539.91,65.0,1.1296,0.026,0.4938
16,Lampung,2023-10-01,2023,10,0.0282,6.0,0.0036,48188000.0,,0.7586,53539.91,65.0,1.1296,0.026,0.4938
16,Lampung,2023-11-01,2023,11,0.0253,6.0,0.0094,48188000.0,,0.7586,53539.91,65.0,1.1296,0.026,0.4938
16,Lampung,2023-12-01,2023,12,0.026,6.0,-5e-05,48188000.0,,0.7586,53539.91,65.0,1.1296,0.026,0.4938
16,Lampung,2024-01-01,2024,1,0.0275,6.0,0.0328,51387000.0,,0.7775,57454.12,65.0,1.1299,0.0278,0.48
16,Lampung,2024-02-01,2024,2,0.0304,6.0,0.0328,51387000.0,4.12,0.7775,57454.12,65.0,1.1299,0.0278,0.48
16,Lampung,2024-03-01,2024,3,0.0315,6.0,0.0345,51387000.0,,0.7775,57454.12,65.0,1.1299,0.0278,0.48
16,Lampung,2024-04-01,2024,4,0.028,6.25,0.0329,51387000.0,,0.7775,57454.12,65.0,1.1299,0.0278,0.48
16,Lampung,2024-05-01,2024,5,0.0305,6.25,0.0309,51387000.0,,0.7775,57454.12,65.0,1.1299,0.0278,0.48
16,Lampung,2024-06-01,2024,6,0.0274,6.25,0.0284,51387000.0,,0.7775,57454.12,65.0,1.1299,0.0278,0.48
16,Lampung,2024-07-01,2024,7,0.0285,6.25,0.0255,51387000.0,,0.7775,57454.12,65.0,1.1299,0.0278,0.48
16,Lampung,2024-08-01,2024,8,0.0283,6.25,0.0233,51387000.0,4.19,0.7775,57454.12,65.0,1.1299,0.0278,0.48
16,Lampung,2024-09-01,2024,9,0.0261,6.0,0.0216,51387000.0,,0.7775,57454.12,65.0,1.1299,0.0278,0.48
16,Lampung,2024-10-01,2024,10,0.0265,6.0,0.0194,51387000.0,,0.7775,57454.12,65.0,1.1299,0.0278,0.48
16,Lampung,2024-11-01,2024,11,0.024,6.0,0.015,51387000.0,,0.7775,57454.12,65.0,1.1299,0.0278,0.48
16,Lampung,2024-12-01,2024,12,0.0237,6.0,0.0157,51387000.0,,0.7775,57454.12,65.0,1.1299,0.0278,0.48
16,Lampung,2025-01-01,2025,1,0.0246,5.75,0.0104,55009000.0,,0.7826,60319.76,64.0,1.0951,0.0277,0.4746
16,Lampung,2025-02-01,2025,2,0.0283,5.75,-0.0002,55009000.0,4.07,0.7826,60319.76,64.0,1.0951,0.0277,0.4746
16,Lampung,2025-03-01,2025,3,0.0272,5.75,0.0158,55009000.0,,0.7826,60319.76,64.0,1.0951,0.0277,0.4746
16,Lampung,2025-04-01,2025,4,0.0314,5.75,0.028,55009000.0,,0.7826,60319.76,64.0,1.0951,0.0277,0.4746
16,Lampung,2025-05-01,2025,5,0.0342,5.75,0.0212,55009000.0,,0.7826,60319.76,64.0,1.0951,0.0277,0.4746
16,Lampung,2025-06-01,2025,6,0.0281,5.5,0.0227,55009000.0,,0.7826,60319.76,64.0,1.0951,0.0277,0.4746
16,Lampung,2025-07-01,2025,7,0.0278,5.25,0.0263,55009000.0,,0.7826,60319.76,64.0,1.0951,0.0277,0.4746
16,Lampung,2025-08-01,2025,8,0.0284,5.0,0.0105,55009000.0,4.21,0.7826,60319.76,64.0,1.0951,0.0277,0.4746
16,Lampung,2025-09-01,2025,9,0.0284,4.75,0.0117,55009000.0,,0.7826,60319.76,64.0,1.0951,0.0277,0.4746
16,Lampung,2025-10-01,2025,10,0.0248,4.75,0.012,55009000.0,,0.7826,60319.76,64.0,1.0951,0.0277,0.4746
16,Lampung,2025-11-01,2025,11,0.026,4.75,0.0114,55009000.0,,0.7826,60319.76,64.0,1.0951,0.0277,0.4746
16,Lampung,2025-12-01,2025,12,0.0238,4.75,0.0125,55009000.0,,0.7826,60319.76,64.0,1.0951,0.0277,0.4746
17,Kalimantan Barat,2021-01-01,2021,1,0.0125,3.75,-0.0016,42253000.0,,0.7764000000000001,69537.67,81.0,0.8361,0.0217,0.3653
17,Kalimantan Barat,2021-02-01,2021,2,0.013,3.5,0.0007,42253000.0,5.73,0.7764000000000001,69537.67,81.0,0.8361,0.0217,0.3653
17,Kalimantan Barat,2021-03-01,2021,3,0.0097,3.5,-0.00313,42253000.0,,0.7764000000000001,69537.67,81.0,0.8361,0.0217,0.3653
17,Kalimantan Barat,2021-04-01,2021,4,0.0094,3.5,0.0012,42253000.0,,0.7764000000000001,69537.67,81.0,0.8361,0.0217,0.3653
17,Kalimantan Barat,2021-05-01,2021,5,0.0101,3.5,-0.0004,42253000.0,,0.7764000000000001,69537.67,81.0,0.8361,0.0217,0.3653
17,Kalimantan Barat,2021-06-01,2021,6,0.0132,3.5,0.0081,42253000.0,,0.7764000000000001,69537.67,81.0,0.8361,0.0217,0.3653
17,Kalimantan Barat,2021-07-01,2021,7,0.0171,3.5,-0.0001,42253000.0,,0.7764000000000001,69537.67,81.0,0.8361,0.0217,0.3653
17,Kalimantan Barat,2021-08-01,2021,8,0.0178,3.5,0.0005,42253000.0,5.82,0.7764000000000001,69537.67,81.0,0.8361,0.0217,0.3653
17,Kalimantan Barat,2021-09-01,2021,9,0.0211,3.5,0.00333,42253000.0,,0.7764000000000001,69537.67,81.0,0.8361,0.0217,0.3653
17,Kalimantan Barat,2021-10-01,2021,10,0.0223,3.5,-0.0017,42253000.0,,0.7764000000000001,69537.67,81.0,0.8361,0.0217,0.3653
17,Kalimantan Barat,2021-11-01,2021,11,0.0246,3.5,0.00703,42253000.0,,0.7764000000000001,69537.67,81.0,0.8361,0.0217,0.3653
17,Kalimantan Barat,2021-12-01,2021,12,0.0249,3.5,0.00457,42253000.0,,0.7764000000000001,69537.67,81.0,0.8361,0.0217,0.3653
17,Kalimantan Barat,2022-01-01,2022,1,0.0261,3.5,0.00797,46092000.0,,0.788,71511.73,76.0,0.906,0.0195,0.4094
17,Kalimantan Barat,2022-02-01,2022,2,0.0245,3.5,0.0025,46092000.0,4.86,0.788,71511.73,76.0,0.906,0.0195,0.4094
17,Kalimantan Barat,2022-03-01,2022,3,0.024,3.5,0.00503,46092000.0,,0.788,71511.73,76.0,0.906,0.0195,0.4094
17,Kalimantan Barat,2022-04-01,2022,4,0.0246,3.5,0.0131,46092000.0,,0.788,71511.73,76.0,0.906,0.0195,0.4094
17,Kalimantan Barat,2022-05-01,2022,5,0.0243,3.5,0.0094,46092000.0,,0.788,71511.73,76.0,0.906,0.0195,0.4094
17,Kalimantan Barat,2022-06-01,2022,6,0.0284,3.5,0.00157,46092000.0,,0.788,71511.73,76.0,0.906,0.0195,0.4094
17,Kalimantan Barat,2022-07-01,2022,7,0.0329,3.5,0.00213,46092000.0,,0.788,71511.73,76.0,0.906,0.0195,0.4094
17,Kalimantan Barat,2022-08-01,2022,8,0.0347,3.75,-0.0045,46092000.0,5.11,0.788,71511.73,76.0,0.906,0.0195,0.4094
17,Kalimantan Barat,2022-09-01,2022,9,0.0372,4.25,0.01537,46092000.0,,0.788,71511.73,76.0,0.906,0.0195,0.4094
17,Kalimantan Barat,2022-10-01,2022,10,0.023,4.75,0.0007,46092000.0,,0.788,71511.73,76.0,0.906,0.0195,0.4094
17,Kalimantan Barat,2022-11-01,2022,11,0.0238,5.25,0.00293,46092000.0,,0.788,71511.73,76.0,0.906,0.0195,0.4094
17,Kalimantan Barat,2022-12-01,2022,12,0.022,5.5,0.0049,46092000.0,,0.788,71511.73,76.0,0.906,0.0195,0.4094
17,Kalimantan Barat,2023-01-01,2023,1,0.0188,5.75,0.00297,48809000.0,,0.7996,74919.48,77.0,0.953,0.0176,0.4089
17,Kalimantan Barat,2023-02-01,2023,2,0.0194,5.75,-0.0007,48809000.0,4.52,0.7996,74919.48,77.0,0.953,0.0176,0.4089
17,Kalimantan Barat,2023-03-01,2023,3,0.0203,5.75,0.00133,48809000.0,,0.7996,74919.48,77.0,0.953,0.0176,0.4089
17,Kalimantan Barat,2023-04-01,2023,4,0.0194,5.75,0.00467,48809000.0,,0.7996,74919.48,77.0,0.953,0.0176,0.4089
17,Kalimantan Barat,2023-05-01,2023,5,0.0229,5.75,0.00337,48809000.0,,0.7996,74919.48,77.0,0.953,0.0176,0.4089
17,Kalimantan Barat,2023-06-01,2023,6,0.0227,5.75,0.0035,48809000.0,,0.7996,74919.48,77.0,0.953,0.0176,0.4089
17,Kalimantan Barat,2023-07-01,2023,7,0.0251,5.75,0.00017,48809000.0,,0.7996,74919.48,77.0,0.953,0.0176,0.4089
17,Kalimantan Barat,2023-08-01,2023,8,0.0205,5.75,-0.0022,48809000.0,5.05,0.7996,74919.48,77.0,0.953,0.0176,0.4089
17,Kalimantan Barat,2023-09-01,2023,9,0.0195,5.75,0.00073,48809000.0,,0.7996,74919.48,77.0,0.953,0.0176,0.4089
17,Kalimantan Barat,2023-10-01,2023,10,0.02,6.0,0.00063,48809000.0,,0.7996,74919.48,77.0,0.953,0.0176,0.4089
17,Kalimantan Barat,2023-11-01,2023,11,0.0204,6.0,0.0005,48809000.0,,0.7996,74919.48,77.0,0.953,0.0176,0.4089
17,Kalimantan Barat,2023-12-01,2023,12,0.0196,6.0,0.0044,48809000.0,,0.7996,74919.48,77.0,0.953,0.0176,0.4089
17,Kalimantan Barat,2024-01-01,2024,1,0.0187,6.0,0.0275,52703000.0,,0.7903,77884.58,75.0,0.9775,0.0213,0.3918
17,Kalimantan Barat,2024-02-01,2024,2,0.0177,6.0,0.0256,52703000.0,4.2,0.7903,77884.58,75.0,0.9775,0.0213,0.3918
17,Kalimantan Barat,2024-03-01,2024,3,0.0172,6.0,0.0251,52703000.0,,0.7903,77884.58,75.0,0.9775,0.0213,0.3918
17,Kalimantan Barat,2024-04-01,2024,4,0.014,6.25,0.0272,52703000.0,,0.7903,77884.58,75.0,0.9775,0.0213,0.3918
17,Kalimantan Barat,2024-05-01,2024,5,0.016,6.25,0.0284,52703000.0,,0.7903,77884.58,75.0,0.9775,0.0213,0.3918
17,Kalimantan Barat,2024-06-01,2024,6,0.015,6.25,0.0228,52703000.0,,0.7903,77884.58,75.0,0.9775,0.0213,0.3918
17,Kalimantan Barat,2024-07-01,2024,7,0.0127,6.25,0.0158,52703000.0,,0.7903,77884.58,75.0,0.9775,0.0213,0.3918
17,Kalimantan Barat,2024-08-01,2024,8,0.0118,6.25,0.0147,52703000.0,4.86,0.7903,77884.58,75.0,0.9775,0.0213,0.3918
17,Kalimantan Barat,2024-09-01,2024,9,0.0129,6.0,0.0179,52703000.0,,0.7903,77884.58,75.0,0.9775,0.0213,0.3918
17,Kalimantan Barat,2024-10-01,2024,10,0.0128,6.0,0.0158,52703000.0,,0.7903,77884.58,75.0,0.9775,0.0213,0.3918
17,Kalimantan Barat,2024-11-01,2024,11,0.0151,6.0,0.0161,52703000.0,,0.7903,77884.58,75.0,0.9775,0.0213,0.3918
17,Kalimantan Barat,2024-12-01,2024,12,0.0152,6.0,0.0171,52703000.0,,0.7903,77884.58,75.0,0.9775,0.0213,0.3918
17,Kalimantan Barat,2025-01-01,2025,1,0.0159,5.75,0.0015,56984000.0,,0.7937,81682.73,75.0,0.9342,0.0243,0.3915
17,Kalimantan Barat,2025-02-01,2025,2,0.0153,5.75,0.0004,56984000.0,4.23,0.7937,81682.73,75.0,0.9342,0.0243,0.3915
17,Kalimantan Barat,2025-03-01,2025,3,0.0144,5.75,0.0094,56984000.0,,0.7937,81682.73,75.0,0.9342,0.0243,0.3915
17,Kalimantan Barat,2025-04-01,2025,4,0.0161,5.75,0.012,56984000.0,,0.7937,81682.73,75.0,0.9342,0.0243,0.3915
17,Kalimantan Barat,2025-05-01,2025,5,0.0182,5.75,0.0059,56984000.0,,0.7937,81682.73,75.0,0.9342,0.0243,0.3915
17,Kalimantan Barat,2025-06-01,2025,6,0.0154,5.5,0.012,56984000.0,,0.7937,81682.73,75.0,0.9342,0.0243,0.3915
17,Kalimantan Barat,2025-07-01,2025,7,0.0167,5.25,0.0214,56984000.0,,0.7937,81682.73,75.0,0.9342,0.0243,0.3915
17,Kalimantan Barat,2025-08-01,2025,8,0.0173,5.0,0.0213,56984000.0,4.82,0.7937,81682.73,75.0,0.9342,0.0243,0.3915
17,Kalimantan Barat,2025-09-01,2025,9,0.0202,4.75,0.0194,56984000.0,,0.7937,81682.73,75.0,0.9342,0.0243,0.3915
17,Kalimantan Barat,2025-10-01,2025,10,0.0186,4.75,0.0207,56984000.0,,0.7937,81682.73,75.0,0.9342,0.0243,0.3915
17,Kalimantan Barat,2025-11-01,2025,11,0.0164,4.75,0.0204,56984000.0,,0.7937,81682.73,75.0,0.9342,0.0243,0.3915
17,Kalimantan Barat,2025-12-01,2025,12,0.0148,4.75,0.0185,56984000.0,,0.7937,81682.73,75.0,0.9342,0.0243,0.3915
18,Kalimantan Tengah,2021-01-01,2021,1,0.0047,3.75,0.0009,62834000.0,,0.7969,33507.83,47.0,1.0906,0.0123,0.361
18,Kalimantan Tengah,2021-02-01,2021,2,0.0071,3.5,0.00155,62834000.0,4.25,0.7969,33507.83,47.0,1.0906,0.0123,0.361
18,Kalimantan Tengah,2021-03-01,2021,3,0.0078,3.5,0.0011,62834000.0,,0.7969,33507.83,47.0,1.0906,0.0123,0.361
18,Kalimantan Tengah,2021-04-01,2021,4,0.0074,3.5,0.0019,62834000.0,,0.7969,33507.83,47.0,1.0906,0.0123,0.361
18,Kalimantan Tengah,2021-05-01,2021,5,0.0091,3.5,0.00425,62834000.0,,0.7969,33507.83,47.0,1.0906,0.0123,0.361
18,Kalimantan Tengah,2021-06-01,2021,6,0.01,3.5,0.0031,62834000.0,,0.7969,33507.83,47.0,1.0906,0.0123,0.361
18,Kalimantan Tengah,2021-07-01,2021,7,0.0128,3.5,0.00065,62834000.0,,0.7969,33507.83,47.0,1.0906,0.0123,0.361
18,Kalimantan Tengah,2021-08-01,2021,8,0.0134,3.5,-0.0016,62834000.0,4.53,0.7969,33507.83,47.0,1.0906,0.0123,0.361
18,Kalimantan Tengah,2021-09-01,2021,9,0.0169,3.5,0.00105,62834000.0,,0.7969,33507.83,47.0,1.0906,0.0123,0.361
18,Kalimantan Tengah,2021-10-01,2021,10,0.02,3.5,0.01135,62834000.0,,0.7969,33507.83,47.0,1.0906,0.0123,0.361
18,Kalimantan Tengah,2021-11-01,2021,11,0.0202,3.5,0.0029,62834000.0,,0.7969,33507.83,47.0,1.0906,0.0123,0.361
18,Kalimantan Tengah,2021-12-01,2021,12,0.0228,3.5,0.00825,62834000.0,,0.7969,33507.83,47.0,1.0906,0.0123,0.361
18,Kalimantan Tengah,2022-01-01,2022,1,0.0232,3.5,0.006,72973000.0,,0.766,35480.11,44.0,1.2003,0.0115,0.3964
18,Kalimantan Tengah,2022-02-01,2022,2,0.0207,3.5,-0.0002,72973000.0,4.2,0.766,35480.11,44.0,1.2003,0.0115,0.3964
18,Kalimantan Tengah,2022-03-01,2022,3,0.0186,3.5,0.0083,72973000.0,,0.766,35480.11,44.0,1.2003,0.0115,0.3964
18,Kalimantan Tengah,2022-04-01,2022,4,0.0208,3.5,0.0097,72973000.0,,0.766,35480.11,44.0,1.2003,0.0115,0.3964
18,Kalimantan Tengah,2022-05-01,2022,5,0.0208,3.5,0.00935,72973000.0,,0.766,35480.11,44.0,1.2003,0.0115,0.3964
18,Kalimantan Tengah,2022-06-01,2022,6,0.0247,3.5,0.0088,72973000.0,,0.766,35480.11,44.0,1.2003,0.0115,0.3964
18,Kalimantan Tengah,2022-07-01,2022,7,0.0285,3.5,0.004,72973000.0,,0.766,35480.11,44.0,1.2003,0.0115,0.3964
18,Kalimantan Tengah,2022-08-01,2022,8,0.0313,3.75,-0.0011,72973000.0,4.26,0.766,35480.11,44.0,1.2003,0.0115,0.3964
18,Kalimantan Tengah,2022-09-01,2022,9,0.0338,4.25,0.0124,72973000.0,,0.766,35480.11,44.0,1.2003,0.0115,0.3964
18,Kalimantan Tengah,2022-10-01,2022,10,0.0208,4.75,-0.0004,72973000.0,,0.766,35480.11,44.0,1.2003,0.0115,0.3964
18,Kalimantan Tengah,2022-11-01,2022,11,0.0226,5.25,0.00145,72973000.0,,0.766,35480.11,44.0,1.2003,0.0115,0.3964
18,Kalimantan Tengah,2022-12-01,2022,12,0.0217,5.5,0.0025,72973000.0,,0.766,35480.11,44.0,1.2003,0.0115,0.3964
18,Kalimantan Tengah,2023-01-01,2023,1,0.019,5.75,0.0012,75271000.0,,0.7351,39743.9,44.0,1.1834,0.0135,0.398
18,Kalimantan Tengah,2023-02-01,2023,2,0.0189,5.75,0.00105,75271000.0,3.84,0.7351,39743.9,44.0,1.1834,0.0135,0.398
18,Kalimantan Tengah,2023-03-01,2023,3,0.02,5.75,0.00495,75271000.0,,0.7351,39743.9,44.0,1.1834,0.0135,0.398
18,Kalimantan Tengah,2023-04-01,2023,4,0.0166,5.75,0.002,75271000.0,,0.7351,39743.9,44.0,1.1834,0.0135,0.398
18,Kalimantan Tengah,2023-05-01,2023,5,0.023,5.75,0.00305,75271000.0,,0.7351,39743.9,44.0,1.1834,0.0135,0.398
18,Kalimantan Tengah,2023-06-01,2023,6,0.0215,5.75,0.00265,75271000.0,,0.7351,39743.9,44.0,1.1834,0.0135,0.398
18,Kalimantan Tengah,2023-07-01,2023,7,0.023,5.75,0.00125,75271000.0,,0.7351,39743.9,44.0,1.1834,0.0135,0.398
18,Kalimantan Tengah,2023-08-01,2023,8,0.0176,5.75,-0.002,75271000.0,4.1,0.7351,39743.9,44.0,1.1834,0.0135,0.398
18,Kalimantan Tengah,2023-09-01,2023,9,0.0199,5.75,0.0011,75271000.0,,0.7351,39743.9,44.0,1.1834,0.0135,0.398
18,Kalimantan Tengah,2023-10-01,2023,10,0.019,6.0,0.00555,75271000.0,,0.7351,39743.9,44.0,1.1834,0.0135,0.398
18,Kalimantan Tengah,2023-11-01,2023,11,0.0199,6.0,0.00215,75271000.0,,0.7351,39743.9,44.0,1.1834,0.0135,0.398
18,Kalimantan Tengah,2023-12-01,2023,12,0.0196,6.0,0.0029,75271000.0,,0.7351,39743.9,44.0,1.1834,0.0135,0.398
18,Kalimantan Tengah,2024-01-01,2024,1,0.0193,6.0,0.034,79320000.0,,0.824,43955.12,44.0,1.1421,0.0161,0.392
18,Kalimantan Tengah,2024-02-01,2024,2,0.0188,6.0,0.0246,79320000.0,3.67,0.824,43955.12,44.0,1.1421,0.0161,0.392
18,Kalimantan Tengah,2024-03-01,2024,3,0.0207,6.0,0.0272,79320000.0,,0.824,43955.12,44.0,1.1421,0.0161,0.392
18,Kalimantan Tengah,2024-04-01,2024,4,0.0164,6.25,0.0299,79320000.0,,0.824,43955.12,44.0,1.1421,0.0161,0.392
18,Kalimantan Tengah,2024-05-01,2024,5,0.0189,6.25,0.0272,79320000.0,,0.824,43955.12,44.0,1.1421,0.0161,0.392
18,Kalimantan Tengah,2024-06-01,2024,6,0.0183,6.25,0.0222,79320000.0,,0.824,43955.12,44.0,1.1421,0.0161,0.392
18,Kalimantan Tengah,2024-07-01,2024,7,0.0141,6.25,0.0128,79320000.0,,0.824,43955.12,44.0,1.1421,0.0161,0.392
18,Kalimantan Tengah,2024-08-01,2024,8,0.0134,6.25,0.0129,79320000.0,4.01,0.824,43955.12,44.0,1.1421,0.0161,0.392
18,Kalimantan Tengah,2024-09-01,2024,9,0.0144,6.0,0.0145,79320000.0,,0.824,43955.12,44.0,1.1421,0.0161,0.392
18,Kalimantan Tengah,2024-10-01,2024,10,0.0145,6.0,0.0103,79320000.0,,0.824,43955.12,44.0,1.1421,0.0161,0.392
18,Kalimantan Tengah,2024-11-01,2024,11,0.0149,6.0,0.0102,79320000.0,,0.824,43955.12,44.0,1.1421,0.0161,0.392
18,Kalimantan Tengah,2024-12-01,2024,12,0.0191,6.0,0.0103,79320000.0,,0.824,43955.12,44.0,1.1421,0.0161,0.392
18,Kalimantan Tengah,2025-01-01,2025,1,0.0181,5.75,0.0028,84730000.0,,0.8957,47412.59,44.0,1.0799,0.0194,0.3858
18,Kalimantan Tengah,2025-02-01,2025,2,0.0183,5.75,0.0028,84730000.0,3.47,0.8957,47412.59,44.0,1.0799,0.0194,0.3858
18,Kalimantan Tengah,2025-03-01,2025,3,0.0183,5.75,0.0133,84730000.0,,0.8957,47412.59,44.0,1.0799,0.0194,0.3858
18,Kalimantan Tengah,2025-04-01,2025,4,0.0184,5.75,0.0121,84730000.0,,0.8957,47412.59,44.0,1.0799,0.0194,0.3858
18,Kalimantan Tengah,2025-05-01,2025,5,0.0214,5.75,0.0046,84730000.0,,0.8957,47412.59,44.0,1.0799,0.0194,0.3858
18,Kalimantan Tengah,2025-06-01,2025,6,0.0149,5.5,0.0106,84730000.0,,0.8957,47412.59,44.0,1.0799,0.0194,0.3858
18,Kalimantan Tengah,2025-07-01,2025,7,0.0191,5.25,0.0213,84730000.0,,0.8957,47412.59,44.0,1.0799,0.0194,0.3858
18,Kalimantan Tengah,2025-08-01,2025,8,0.0162,5.0,0.0208,84730000.0,3.97,0.8957,47412.59,44.0,1.0799,0.0194,0.3858
18,Kalimantan Tengah,2025-09-01,2025,9,0.0207,4.75,0.0235,84730000.0,,0.8957,47412.59,44.0,1.0799,0.0194,0.3858
18,Kalimantan Tengah,2025-10-01,2025,10,0.0191,4.75,0.0273,84730000.0,,0.8957,47412.59,44.0,1.0799,0.0194,0.3858
18,Kalimantan Tengah,2025-11-01,2025,11,0.0161,4.75,0.0256,84730000.0,,0.8957,47412.59,44.0,1.0799,0.0194,0.3858
18,Kalimantan Tengah,2025-12-01,2025,12,0.014,4.75,0.0313,84730000.0,,0.8957,47412.59,44.0,1.0799,0.0194,0.3858
20,Kalimantan Timur,2021-01-01,2021,1,0.0093,3.75,0.0013,183158000.0,,0.7619,119519.17,118.0,0.6774,0.0389,0.3102
20,Kalimantan Timur,2021-02-01,2021,2,0.0098,3.5,0.00195,183158000.0,6.81,0.7619,119519.17,118.0,0.6774,0.0389,0.3102
20,Kalimantan Timur,2021-03-01,2021,3,0.0103,3.5,0.002,183158000.0,,0.7619,119519.17,118.0,0.6774,0.0389,0.3102
20,Kalimantan Timur,2021-04-01,2021,4,0.01,3.5,0.0014,183158000.0,,0.7619,119519.17,118.0,0.6774,0.0389,0.3102
20,Kalimantan Timur,2021-05-01,2021,5,0.0154,3.5,0.0024,183158000.0,,0.7619,119519.17,118.0,0.6774,0.0389,0.3102
20,Kalimantan Timur,2021-06-01,2021,6,0.0128,3.5,0.00375,183158000.0,,0.7619,119519.17,118.0,0.6774,0.0389,0.3102
20,Kalimantan Timur,2021-07-01,2021,7,0.016,3.5,-0.0002,183158000.0,,0.7619,119519.17,118.0,0.6774,0.0389,0.3102
20,Kalimantan Timur,2021-08-01,2021,8,0.0176,3.5,-0.0017,183158000.0,6.83,0.7619,119519.17,118.0,0.6774,0.0389,0.3102
20,Kalimantan Timur,2021-09-01,2021,9,0.0181,3.5,0.00155,183158000.0,,0.7619,119519.17,118.0,0.6774,0.0389,0.3102
20,Kalimantan Timur,2021-10-01,2021,10,0.0197,3.5,0.0004,183158000.0,,0.7619,119519.17,118.0,0.6774,0.0389,0.3102
20,Kalimantan Timur,2021-11-01,2021,11,0.0198,3.5,0.0018,183158000.0,,0.7619,119519.17,118.0,0.6774,0.0389,0.3102
20,Kalimantan Timur,2021-12-01,2021,12,0.0214,3.5,0.00685,183158000.0,,0.7619,119519.17,118.0,0.6774,0.0389,0.3102
20,Kalimantan Timur,2022-01-01,2022,1,0.024,3.5,0.0086,238917000.0,,0.776,141003.72,113.0,0.6267,0.0327,0.3666
20,Kalimantan Timur,2022-02-01,2022,2,0.0212,3.5,-0.00355,238917000.0,6.77,0.776,141003.72,113.0,0.6267,0.0327,0.3666
20,Kalimantan Timur,2022-03-01,2022,3,0.0187,3.5,0.00745,238917000.0,,0.776,141003.72,113.0,0.6267,0.0327,0.3666
20,Kalimantan Timur,2022-04-01,2022,4,0.0186,3.5,0.0119,238917000.0,,0.776,141003.72,113.0,0.6267,0.0327,0.3666
20,Kalimantan Timur,2022-05-01,2022,5,0.0206,3.5,0.0058,238917000.0,,0.776,141003.72,113.0,0.6267,0.0327,0.3666
20,Kalimantan Timur,2022-06-01,2022,6,0.0219,3.5,0.00475,238917000.0,,0.776,141003.72,113.0,0.6267,0.0327,0.3666
20,Kalimantan Timur,2022-07-01,2022,7,0.0248,3.5,0.00625,238917000.0,,0.776,141003.72,113.0,0.6267,0.0327,0.3666
20,Kalimantan Timur,2022-08-01,2022,8,0.0256,3.75,-0.00265,238917000.0,5.71,0.776,141003.72,113.0,0.6267,0.0327,0.3666
20,Kalimantan Timur,2022-09-01,2022,9,0.0268,4.25,0.00855,238917000.0,,0.776,141003.72,113.0,0.6267,0.0327,0.3666
20,Kalimantan Timur,2022-10-01,2022,10,0.0216,4.75,0.00155,238917000.0,,0.776,141003.72,113.0,0.6267,0.0327,0.3666
20,Kalimantan Timur,2022-11-01,2022,11,0.0219,5.25,0.00145,238917000.0,,0.776,141003.72,113.0,0.6267,0.0327,0.3666
20,Kalimantan Timur,2022-12-01,2022,12,0.0205,5.5,0.0023,238917000.0,,0.776,141003.72,113.0,0.6267,0.0327,0.3666
20,Kalimantan Timur,2023-01-01,2023,1,0.0188,5.75,0.00425,215804000.0,,0.7901,156245.26,112.0,0.6447,0.0189,0.3643
20,Kalimantan Timur,2023-02-01,2023,2,0.0166,5.75,0.00135,215804000.0,6.37,0.7901,156245.26,112.0,0.6447,0.0189,0.3643
20,Kalimantan Timur,2023-03-01,2023,3,0.0187,5.75,0.00595,215804000.0,,0.7901,156245.26,112.0,0.6447,0.0189,0.3643
20,Kalimantan Timur,2023-04-01,2023,4,0.0209,5.75,0.00425,215804000.0,,0.7901,156245.26,112.0,0.6447,0.0189,0.3643
20,Kalimantan Timur,2023-05-01,2023,5,0.0248,5.75,0.0022,215804000.0,,0.7901,156245.26,112.0,0.6447,0.0189,0.3643
20,Kalimantan Timur,2023-06-01,2023,6,0.0227,5.75,0.00165,215804000.0,,0.7901,156245.26,112.0,0.6447,0.0189,0.3643
20,Kalimantan Timur,2023-07-01,2023,7,0.0248,5.75,0.00435,215804000.0,,0.7901,156245.26,112.0,0.6447,0.0189,0.3643
20,Kalimantan Timur,2023-08-01,2023,8,0.0186,5.75,-0.0003,215804000.0,5.31,0.7901,156245.26,112.0,0.6447,0.0189,0.3643
20,Kalimantan Timur,2023-09-01,2023,9,0.0204,5.75,0.00105,215804000.0,,0.7901,156245.26,112.0,0.6447,0.0189,0.3643
20,Kalimantan Timur,2023-10-01,2023,10,0.0212,6.0,0.00185,215804000.0,,0.7901,156245.26,112.0,0.6447,0.0189,0.3643
20,Kalimantan Timur,2023-11-01,2023,11,0.022,6.0,0.0037,215804000.0,,0.7901,156245.26,112.0,0.6447,0.0189,0.3643
20,Kalimantan Timur,2023-12-01,2023,12,0.0217,6.0,0.004,215804000.0,,0.7901,156245.26,112.0,0.6447,0.0189,0.3643
20,Kalimantan Timur,2024-01-01,2024,1,0.0222,6.0,0.0295,212117000.0,,0.8063,169406.11,110.0,0.6499,0.0198,0.3503
20,Kalimantan Timur,2024-02-01,2024,2,0.0239,6.0,0.0328,212117000.0,5.75,0.8063,169406.11,110.0,0.6499,0.0198,0.3503
20,Kalimantan Timur,2024-03-01,2024,3,0.0242,6.0,0.0303,212117000.0,,0.8063,169406.11,110.0,0.6499,0.0198,0.3503
20,Kalimantan Timur,2024-04-01,2024,4,0.0199,6.25,0.0321,212117000.0,,0.8063,169406.11,110.0,0.6499,0.0198,0.3503
20,Kalimantan Timur,2024-05-01,2024,5,0.0226,6.25,0.0329,212117000.0,,0.8063,169406.11,110.0,0.6499,0.0198,0.3503
20,Kalimantan Timur,2024-06-01,2024,6,0.0189,6.25,0.0299,212117000.0,,0.8063,169406.11,110.0,0.6499,0.0198,0.3503
20,Kalimantan Timur,2024-07-01,2024,7,0.0148,6.25,0.0218,212117000.0,,0.8063,169406.11,110.0,0.6499,0.0198,0.3503
20,Kalimantan Timur,2024-08-01,2024,8,0.0137,6.25,0.0213,212117000.0,5.14,0.8063,169406.11,110.0,0.6499,0.0198,0.3503
20,Kalimantan Timur,2024-09-01,2024,9,0.0147,6.0,0.0216,212117000.0,,0.8063,169406.11,110.0,0.6499,0.0198,0.3503
20,Kalimantan Timur,2024-10-01,2024,10,0.0154,6.0,0.0175,212117000.0,,0.8063,169406.11,110.0,0.6499,0.0198,0.3503
20,Kalimantan Timur,2024-11-01,2024,11,0.0161,6.0,0.0154,212117000.0,,0.8063,169406.11,110.0,0.6499,0.0198,0.3503
20,Kalimantan Timur,2024-12-01,2024,12,0.017,6.0,0.0147,212117000.0,,0.8063,169406.11,110.0,0.6499,0.0198,0.3503
20,Kalimantan Timur,2025-01-01,2025,1,0.0159,5.75,0.0021,208331000.0,,0.8883,165206.04,110.0,0.6999,0.0212,0.3322
20,Kalimantan Timur,2025-02-01,2025,2,0.0182,5.75,-0.003,208331000.0,5.33,0.8883,165206.04,110.0,0.6999,0.0212,0.3322
20,Kalimantan Timur,2025-03-01,2025,3,0.0199,5.75,0.0136,208331000.0,,0.8883,165206.04,110.0,0.6999,0.0212,0.3322
20,Kalimantan Timur,2025-04-01,2025,4,0.021,5.75,0.0157,208331000.0,,0.8883,165206.04,110.0,0.6999,0.0212,0.3322
20,Kalimantan Timur,2025-05-01,2025,5,0.0221,5.75,0.0103,208331000.0,,0.8883,165206.04,110.0,0.6999,0.0212,0.3322
20,Kalimantan Timur,2025-06-01,2025,6,0.0194,5.5,0.0162,208331000.0,,0.8883,165206.04,110.0,0.6999,0.0212,0.3322
20,Kalimantan Timur,2025-07-01,2025,7,0.0188,5.25,0.0208,208331000.0,,0.8883,165206.04,110.0,0.6999,0.0212,0.3322
20,Kalimantan Timur,2025-08-01,2025,8,0.0166,5.0,0.0179,208331000.0,5.18,0.8883,165206.04,110.0,0.6999,0.0212,0.3322
20,Kalimantan Timur,2025-09-01,2025,9,0.0164,4.75,0.0177,208331000.0,,0.8883,165206.04,110.0,0.6999,0.0212,0.3322
20,Kalimantan Timur,2025-10-01,2025,10,0.016,4.75,0.0194,208331000.0,,0.8883,165206.04,110.0,0.6999,0.0212,0.3322
20,Kalimantan Timur,2025-11-01,2025,11,0.0169,4.75,0.0228,208331000.0,,0.8883,165206.04,110.0,0.6999,0.0212,0.3322
20,Kalimantan Timur,2025-12-01,2025,12,0.0163,4.75,0.0268,208331000.0,,0.8883,165206.04,110.0,0.6999,0.0212,0.3322
21,Kalimantan Selatan,2021-01-01,2021,1,0.0105,3.75,0.00017,48066000.0,,0.8817999999999999,61619.43,73.0,0.8655,0.0239,0.2936
21,Kalimantan Selatan,2021-02-01,2021,2,0.009,3.5,0.00337,48066000.0,4.33,0.8817999999999999,61619.43,73.0,0.8655,0.0239,0.2936
21,Kalimantan Selatan,2021-03-01,2021,3,0.011,3.5,0.003,48066000.0,,0.8817999999999999,61619.43,73.0,0.8655,0.0239,0.2936
21,Kalimantan Selatan,2021-04-01,2021,4,0.0118,3.5,-0.00023,48066000.0,,0.8817999999999999,61619.43,73.0,0.8655,0.0239,0.2936
21,Kalimantan Selatan,2021-05-01,2021,5,0.0104,3.5,0.00653,48066000.0,,0.8817999999999999,61619.43,73.0,0.8655,0.0239,0.2936
21,Kalimantan Selatan,2021-06-01,2021,6,0.0152,3.5,-0.00157,48066000.0,,0.8817999999999999,61619.43,73.0,0.8655,0.0239,0.2936
21,Kalimantan Selatan,2021-07-01,2021,7,0.0166,3.5,0.00143,48066000.0,,0.8817999999999999,61619.43,73.0,0.8655,0.0239,0.2936
21,Kalimantan Selatan,2021-08-01,2021,8,0.016,3.5,0.00063,48066000.0,4.95,0.8817999999999999,61619.43,73.0,0.8655,0.0239,0.2936
21,Kalimantan Selatan,2021-09-01,2021,9,0.0181,3.5,-0.00087,48066000.0,,0.8817999999999999,61619.43,73.0,0.8655,0.0239,0.2936
21,Kalimantan Selatan,2021-10-01,2021,10,0.0204,3.5,0.00213,48066000.0,,0.8817999999999999,61619.43,73.0,0.8655,0.0239,0.2936
21,Kalimantan Selatan,2021-11-01,2021,11,0.0228,3.5,0.00447,48066000.0,,0.8817999999999999,61619.43,73.0,0.8655,0.0239,0.2936
21,Kalimantan Selatan,2021-12-01,2021,12,0.0262,3.5,0.00623,48066000.0,,0.8817999999999999,61619.43,73.0,0.8655,0.0239,0.2936
21,Kalimantan Selatan,2022-01-01,2022,1,0.0291,3.5,0.00797,60213000.0,,0.83,71961.95,71.0,0.7907,0.0257,0.3414
21,Kalimantan Selatan,2022-02-01,2022,2,0.024,3.5,-0.00097,60213000.0,4.2,0.83,71961.95,71.0,0.7907,0.0257,0.3414
21,Kalimantan Selatan,2022-03-01,2022,3,0.0239,3.5,0.0088,60213000.0,,0.83,71961.95,71.0,0.7907,0.0257,0.3414
21,Kalimantan Selatan,2022-04-01,2022,4,0.0251,3.5,0.00933,60213000.0,,0.83,71961.95,71.0,0.7907,0.0257,0.3414
21,Kalimantan Selatan,2022-05-01,2022,5,0.0244,3.5,0.00977,60213000.0,,0.83,71961.95,71.0,0.7907,0.0257,0.3414
21,Kalimantan Selatan,2022-06-01,2022,6,0.029,3.5,0.0096,60213000.0,,0.83,71961.95,71.0,0.7907,0.0257,0.3414
21,Kalimantan Selatan,2022-07-01,2022,7,0.0324,3.5,0.00473,60213000.0,,0.83,71961.95,71.0,0.7907,0.0257,0.3414
21,Kalimantan Selatan,2022-08-01,2022,8,0.0337,3.75,-0.00393,60213000.0,4.74,0.83,71961.95,71.0,0.7907,0.0257,0.3414
21,Kalimantan Selatan,2022-09-01,2022,9,0.0346,4.25,0.00983,60213000.0,,0.83,71961.95,71.0,0.7907,0.0257,0.3414
21,Kalimantan Selatan,2022-10-01,2022,10,0.0203,4.75,0.00187,60213000.0,,0.83,71961.95,71.0,0.7907,0.0257,0.3414
21,Kalimantan Selatan,2022-11-01,2022,11,0.0242,5.25,0.00387,60213000.0,,0.83,71961.95,71.0,0.7907,0.0257,0.3414
21,Kalimantan Selatan,2022-12-01,2022,12,0.023,5.5,0.00593,60213000.0,,0.83,71961.95,71.0,0.7907,0.0257,0.3414
21,Kalimantan Selatan,2023-01-01,2023,1,0.0226,5.75,0.0016,63754000.0,,0.7782,77407.31,71.0,0.8358,0.022,0.3612
21,Kalimantan Selatan,2023-02-01,2023,2,0.0212,5.75,0.00153,63754000.0,3.95,0.7782,77407.31,71.0,0.8358,0.022,0.3612
21,Kalimantan Selatan,2023-03-01,2023,3,0.0231,5.75,0.0077,63754000.0,,0.7782,77407.31,71.0,0.8358,0.022,0.3612
21,Kalimantan Selatan,2023-04-01,2023,4,0.0236,5.75,0.00233,63754000.0,,0.7782,77407.31,71.0,0.8358,0.022,0.3612
21,Kalimantan Selatan,2023-05-01,2023,5,0.0263,5.75,0.0019,63754000.0,,0.7782,77407.31,71.0,0.8358,0.022,0.3612
21,Kalimantan Selatan,2023-06-01,2023,6,0.0247,5.75,0.0013,63754000.0,,0.7782,77407.31,71.0,0.8358,0.022,0.3612
21,Kalimantan Selatan,2023-07-01,2023,7,0.0274,5.75,0.0003,63754000.0,,0.7782,77407.31,71.0,0.8358,0.022,0.3612
21,Kalimantan Selatan,2023-08-01,2023,8,0.0229,5.75,-0.00093,63754000.0,4.31,0.7782,77407.31,71.0,0.8358,0.022,0.3612
21,Kalimantan Selatan,2023-09-01,2023,9,0.0217,5.75,0.00043,63754000.0,,0.7782,77407.31,71.0,0.8358,0.022,0.3612
21,Kalimantan Selatan,2023-10-01,2023,10,0.0235,6.0,0.00393,63754000.0,,0.7782,77407.31,71.0,0.8358,0.022,0.3612
21,Kalimantan Selatan,2023-11-01,2023,11,0.0277,6.0,0.00413,63754000.0,,0.7782,77407.31,71.0,0.8358,0.022,0.3612
21,Kalimantan Selatan,2023-12-01,2023,12,0.0252,6.0,0.00367,63754000.0,,0.7782,77407.31,71.0,0.8358,0.022,0.3612
21,Kalimantan Selatan,2024-01-01,2024,1,0.023,6.0,0.0279,67122000.0,,0.7176,88274.75,70.0,0.8811,0.0216,0.307
21,Kalimantan Selatan,2024-02-01,2024,2,0.0219,6.0,0.0227,67122000.0,3.89,0.7176,88274.75,70.0,0.8811,0.0216,0.307
21,Kalimantan Selatan,2024-03-01,2024,3,0.0221,6.0,0.0258,67122000.0,,0.7176,88274.75,70.0,0.8811,0.0216,0.307
21,Kalimantan Selatan,2024-04-01,2024,4,0.019,6.25,0.03,67122000.0,,0.7176,88274.75,70.0,0.8811,0.0216,0.307
21,Kalimantan Selatan,2024-05-01,2024,5,0.02,6.25,0.0263,67122000.0,,0.7176,88274.75,70.0,0.8811,0.0216,0.307
21,Kalimantan Selatan,2024-06-01,2024,6,0.0188,6.25,0.0234,67122000.0,,0.7176,88274.75,70.0,0.8811,0.0216,0.307
21,Kalimantan Selatan,2024-07-01,2024,7,0.0149,6.25,0.0185,67122000.0,,0.7176,88274.75,70.0,0.8811,0.0216,0.307
21,Kalimantan Selatan,2024-08-01,2024,8,0.014,6.25,0.0171,67122000.0,4.2,0.7176,88274.75,70.0,0.8811,0.0216,0.307
21,Kalimantan Selatan,2024-09-01,2024,9,0.0148,6.0,0.0198,67122000.0,,0.7176,88274.75,70.0,0.8811,0.0216,0.307
21,Kalimantan Selatan,2024-10-01,2024,10,0.0159,6.0,0.0181,67122000.0,,0.7176,88274.75,70.0,0.8811,0.0216,0.307
21,Kalimantan Selatan,2024-11-01,2024,11,0.0181,6.0,0.0201,67122000.0,,0.7176,88274.75,70.0,0.8811,0.0216,0.307
21,Kalimantan Selatan,2024-12-01,2024,12,0.0204,6.0,0.0195,67122000.0,,0.7176,88274.75,70.0,0.8811,0.0216,0.307
21,Kalimantan Selatan,2025-01-01,2025,1,0.0194,5.75,0.0062,70577000.0,,0.6467,90939.27,71.0,0.9028,0.0257,0.2905
21,Kalimantan Selatan,2025-02-01,2025,2,0.0196,5.75,0.0025,70577000.0,3.94,0.6467,90939.27,71.0,0.9028,0.0257,0.2905
21,Kalimantan Selatan,2025-03-01,2025,3,0.0202,5.75,0.012,70577000.0,,0.6467,90939.27,71.0,0.9028,0.0257,0.2905
21,Kalimantan Selatan,2025-04-01,2025,4,0.0236,5.75,0.0157,70577000.0,,0.6467,90939.27,71.0,0.9028,0.0257,0.2905
21,Kalimantan Selatan,2025-05-01,2025,5,0.0251,5.75,0.0125,70577000.0,,0.6467,90939.27,71.0,0.9028,0.0257,0.2905
21,Kalimantan Selatan,2025-06-01,2025,6,0.02,5.5,0.0181,70577000.0,,0.6467,90939.27,71.0,0.9028,0.0257,0.2905
21,Kalimantan Selatan,2025-07-01,2025,7,0.0216,5.25,0.0248,70577000.0,,0.6467,90939.27,71.0,0.9028,0.0257,0.2905
21,Kalimantan Selatan,2025-08-01,2025,8,0.0226,5.0,0.0268,70577000.0,4.16,0.6467,90939.27,71.0,0.9028,0.0257,0.2905
21,Kalimantan Selatan,2025-09-01,2025,9,0.0238,4.75,0.0291,70577000.0,,0.6467,90939.27,71.0,0.9028,0.0257,0.2905
21,Kalimantan Selatan,2025-10-01,2025,10,0.0232,4.75,0.0311,70577000.0,,0.6467,90939.27,71.0,0.9028,0.0257,0.2905
21,Kalimantan Selatan,2025-11-01,2025,11,0.0222,4.75,0.0335,70577000.0,,0.6467,90939.27,71.0,0.9028,0.0257,0.2905
21,Kalimantan Selatan,2025-12-01,2025,12,0.0208,4.75,0.0366,70577000.0,,0.6467,90939.27,71.0,0.9028,0.0257,0.2905
22,Sulawesi Utara,2021-01-01,2021,1,0.0098,3.75,0.00405,54034000.0,,0.8312,27177.52,62.0,1.5245,0.0318,0.2821
22,Sulawesi Utara,2021-02-01,2021,2,0.0089,3.5,-0.00085,54034000.0,7.28,0.8312,27177.52,62.0,1.5245,0.0318,0.2821
22,Sulawesi Utara,2021-03-01,2021,3,0.0084,3.5,-0.0008,54034000.0,,0.8312,27177.52,62.0,1.5245,0.0318,0.2821
22,Sulawesi Utara,2021-04-01,2021,4,0.0084,3.5,0.01135,54034000.0,,0.8312,27177.52,62.0,1.5245,0.0318,0.2821
22,Sulawesi Utara,2021-05-01,2021,5,0.0085,3.5,0.0001,54034000.0,,0.8312,27177.52,62.0,1.5245,0.0318,0.2821
22,Sulawesi Utara,2021-06-01,2021,6,0.0113,3.5,-0.0001,54034000.0,,0.8312,27177.52,62.0,1.5245,0.0318,0.2821
22,Sulawesi Utara,2021-07-01,2021,7,0.0137,3.5,0.0053,54034000.0,,0.8312,27177.52,62.0,1.5245,0.0318,0.2821
22,Sulawesi Utara,2021-08-01,2021,8,0.0142,3.5,-0.0018,54034000.0,7.06,0.8312,27177.52,62.0,1.5245,0.0318,0.2821
22,Sulawesi Utara,2021-09-01,2021,9,0.0149,3.5,-0.0055,54034000.0,,0.8312,27177.52,62.0,1.5245,0.0318,0.2821
22,Sulawesi Utara,2021-10-01,2021,10,0.0171,3.5,0.00455,54034000.0,,0.8312,27177.52,62.0,1.5245,0.0318,0.2821
22,Sulawesi Utara,2021-11-01,2021,11,0.0191,3.5,-0.0025,54034000.0,,0.8312,27177.52,62.0,1.5245,0.0318,0.2821
22,Sulawesi Utara,2021-12-01,2021,12,0.0258,3.5,0.012,54034000.0,,0.8312,27177.52,62.0,1.5245,0.0318,0.2821
22,Sulawesi Utara,2022-01-01,2022,1,0.022,3.5,-0.00245,59021000.0,,0.805,27300.69,61.0,1.6142,0.0275,0.2885
22,Sulawesi Utara,2022-02-01,2022,2,0.0202,3.5,-0.00325,59021000.0,6.51,0.805,27300.69,61.0,1.6142,0.0275,0.2885
22,Sulawesi Utara,2022-03-01,2022,3,0.0179,3.5,0.00635,59021000.0,,0.805,27300.69,61.0,1.6142,0.0275,0.2885
22,Sulawesi Utara,2022-04-01,2022,4,0.018,3.5,0.0149,59021000.0,,0.805,27300.69,61.0,1.6142,0.0275,0.2885
22,Sulawesi Utara,2022-05-01,2022,5,0.0184,3.5,-0.00015,59021000.0,,0.805,27300.69,61.0,1.6142,0.0275,0.2885
22,Sulawesi Utara,2022-06-01,2022,6,0.0217,3.5,0.0116,59021000.0,,0.805,27300.69,61.0,1.6142,0.0275,0.2885
22,Sulawesi Utara,2022-07-01,2022,7,0.0243,3.5,0.007,59021000.0,,0.805,27300.69,61.0,1.6142,0.0275,0.2885
22,Sulawesi Utara,2022-08-01,2022,8,0.0244,3.75,-0.0046,59021000.0,6.61,0.805,27300.69,61.0,1.6142,0.0275,0.2885
22,Sulawesi Utara,2022-09-01,2022,9,0.0241,4.25,0.0113,59021000.0,,0.805,27300.69,61.0,1.6142,0.0275,0.2885
22,Sulawesi Utara,2022-10-01,2022,10,0.0181,4.75,-0.00165,59021000.0,,0.805,27300.69,61.0,1.6142,0.0275,0.2885
22,Sulawesi Utara,2022-11-01,2022,11,0.0181,5.25,0.0,59021000.0,,0.805,27300.69,61.0,1.6142,0.0275,0.2885
22,Sulawesi Utara,2022-12-01,2022,12,0.0164,5.5,0.0102,59021000.0,,0.805,27300.69,61.0,1.6142,0.0275,0.2885
22,Sulawesi Utara,2023-01-01,2023,1,0.0153,5.75,0.00505,64131000.0,,0.7788,28351.02,61.0,1.7227,0.0247,0.274
22,Sulawesi Utara,2023-02-01,2023,2,0.0139,5.75,-0.00075,64131000.0,6.19,0.7788,28351.02,61.0,1.7227,0.0247,0.274
22,Sulawesi Utara,2023-03-01,2023,3,0.0209,5.75,0.0064,64131000.0,,0.7788,28351.02,61.0,1.7227,0.0247,0.274
22,Sulawesi Utara,2023-04-01,2023,4,0.0129,5.75,0.0012,64131000.0,,0.7788,28351.02,61.0,1.7227,0.0247,0.274
22,Sulawesi Utara,2023-05-01,2023,5,0.0178,5.75,0.0003,64131000.0,,0.7788,28351.02,61.0,1.7227,0.0247,0.274
22,Sulawesi Utara,2023-06-01,2023,6,0.0181,5.75,0.00015,64131000.0,,0.7788,28351.02,61.0,1.7227,0.0247,0.274
22,Sulawesi Utara,2023-07-01,2023,7,0.0199,5.75,0.0008,64131000.0,,0.7788,28351.02,61.0,1.7227,0.0247,0.274
22,Sulawesi Utara,2023-08-01,2023,8,0.0134,5.75,-0.00095,64131000.0,6.1,0.7788,28351.02,61.0,1.7227,0.0247,0.274
22,Sulawesi Utara,2023-09-01,2023,9,0.0144,5.75,-0.00125,64131000.0,,0.7788,28351.02,61.0,1.7227,0.0247,0.274
22,Sulawesi Utara,2023-10-01,2023,10,0.0165,6.0,0.00765,64131000.0,,0.7788,28351.02,61.0,1.7227,0.0247,0.274
22,Sulawesi Utara,2023-11-01,2023,11,0.015,6.0,0.00425,64131000.0,,0.7788,28351.02,61.0,1.7227,0.0247,0.274
22,Sulawesi Utara,2023-12-01,2023,12,0.0151,6.0,0.0081,64131000.0,,0.7788,28351.02,61.0,1.7227,0.0247,0.274
22,Sulawesi Utara,2024-01-01,2024,1,0.0153,6.0,0.0381,69352000.0,,0.7181,28247.96,60.0,1.8325,0.0209,0.2614
22,Sulawesi Utara,2024-02-01,2024,2,0.0135,6.0,0.0355,69352000.0,5.98,0.7181,28247.96,60.0,1.8325,0.0209,0.2614
22,Sulawesi Utara,2024-03-01,2024,3,0.0125,6.0,0.0382,69352000.0,,0.7181,28247.96,60.0,1.8325,0.0209,0.2614
22,Sulawesi Utara,2024-04-01,2024,4,0.0116,6.25,0.0424,69352000.0,,0.7181,28247.96,60.0,1.8325,0.0209,0.2614
22,Sulawesi Utara,2024-05-01,2024,5,0.0137,6.25,0.0415,69352000.0,,0.7181,28247.96,60.0,1.8325,0.0209,0.2614
22,Sulawesi Utara,2024-06-01,2024,6,0.0112,6.25,0.0442,69352000.0,,0.7181,28247.96,60.0,1.8325,0.0209,0.2614
22,Sulawesi Utara,2024-07-01,2024,7,0.0109,6.25,0.0403,69352000.0,,0.7181,28247.96,60.0,1.8325,0.0209,0.2614
22,Sulawesi Utara,2024-08-01,2024,8,0.0101,6.25,0.0429,69352000.0,5.85,0.7181,28247.96,60.0,1.8325,0.0209,0.2614
22,Sulawesi Utara,2024-09-01,2024,9,0.0109,6.0,0.0366,69352000.0,,0.7181,28247.96,60.0,1.8325,0.0209,0.2614
22,Sulawesi Utara,2024-10-01,2024,10,0.0121,6.0,0.0258,69352000.0,,0.7181,28247.96,60.0,1.8325,0.0209,0.2614
22,Sulawesi Utara,2024-11-01,2024,11,0.0131,6.0,0.0212,69352000.0,,0.7181,28247.96,60.0,1.8325,0.0209,0.2614
22,Sulawesi Utara,2024-12-01,2024,12,0.0131,6.0,0.0044,69352000.0,,0.7181,28247.96,60.0,1.8325,0.0209,0.2614
22,Sulawesi Utara,2025-01-01,2025,1,0.0141,5.75,-0.0025,75235000.0,,0.7384,31083.56,59.0,1.6875,0.0238,0.2597
22,Sulawesi Utara,2025-02-01,2025,2,0.0196,5.75,-0.0015,75235000.0,6.03,0.7384,31083.56,59.0,1.6875,0.0238,0.2597
22,Sulawesi Utara,2025-03-01,2025,3,0.0164,5.75,0.0141,75235000.0,,0.7384,31083.56,59.0,1.6875,0.0238,0.2597
22,Sulawesi Utara,2025-04-01,2025,4,0.0178,5.75,0.0227,75235000.0,,0.7384,31083.56,59.0,1.6875,0.0238,0.2597
22,Sulawesi Utara,2025-05-01,2025,5,0.0158,5.75,0.0153,75235000.0,,0.7384,31083.56,59.0,1.6875,0.0238,0.2597
22,Sulawesi Utara,2025-06-01,2025,6,0.0135,5.5,0.0171,75235000.0,,0.7384,31083.56,59.0,1.6875,0.0238,0.2597
22,Sulawesi Utara,2025-07-01,2025,7,0.0139,5.25,0.0204,75235000.0,,0.7384,31083.56,59.0,1.6875,0.0238,0.2597
22,Sulawesi Utara,2025-08-01,2025,8,0.0147,5.0,0.0094,75235000.0,5.99,0.7384,31083.56,59.0,1.6875,0.0238,0.2597
22,Sulawesi Utara,2025-09-01,2025,9,0.0176,4.75,0.0157,75235000.0,,0.7384,31083.56,59.0,1.6875,0.0238,0.2597
22,Sulawesi Utara,2025-10-01,2025,10,0.021,4.75,0.0148,75235000.0,,0.7384,31083.56,59.0,1.6875,0.0238,0.2597
22,Sulawesi Utara,2025-11-01,2025,11,0.0271,4.75,0.0065,75235000.0,,0.7384,31083.56,59.0,1.6875,0.0238,0.2597
22,Sulawesi Utara,2025-12-01,2025,12,0.0267,4.75,0.0123,75235000.0,,0.7384,31083.56,59.0,1.6875,0.0238,0.2597
23,Gorontalo,2021-01-01,2021,1,0.0032,3.75,0.0061,37087000.0,,0.7172000000000001,5885.36,19.0,2.7019,0.0375,0.2993
23,Gorontalo,2021-02-01,2021,2,0.0043,3.5,0.0022,37087000.0,3.41,0.7172000000000001,5885.36,19.0,2.7019,0.0375,0.2993
23,Gorontalo,2021-03-01,2021,3,0.0048,3.5,0.006,37087000.0,,0.7172000000000001,5885.36,19.0,2.7019,0.0375,0.2993
23,Gorontalo,2021-04-01,2021,4,0.0045,3.5,0.0035,37087000.0,,0.7172000000000001,5885.36,19.0,2.7019,0.0375,0.2993
23,Gorontalo,2021-05-01,2021,5,0.0102,3.5,0.003,37087000.0,,0.7172000000000001,5885.36,19.0,2.7019,0.0375,0.2993
23,Gorontalo,2021-06-01,2021,6,0.0097,3.5,0.0008,37087000.0,,0.7172000000000001,5885.36,19.0,2.7019,0.0375,0.2993
23,Gorontalo,2021-07-01,2021,7,0.0092,3.5,0.0036,37087000.0,,0.7172000000000001,5885.36,19.0,2.7019,0.0375,0.2993
23,Gorontalo,2021-08-01,2021,8,0.0079,3.5,-0.0016,37087000.0,3.01,0.7172000000000001,5885.36,19.0,2.7019,0.0375,0.2993
23,Gorontalo,2021-09-01,2021,9,0.0095,3.5,-0.009,37087000.0,,0.7172000000000001,5885.36,19.0,2.7019,0.0375,0.2993
23,Gorontalo,2021-10-01,2021,10,0.0107,3.5,0.0055,37087000.0,,0.7172000000000001,5885.36,19.0,2.7019,0.0375,0.2993
23,Gorontalo,2021-11-01,2021,11,0.0109,3.5,-0.0036,37087000.0,,0.7172000000000001,5885.36,19.0,2.7019,0.0375,0.2993
23,Gorontalo,2021-12-01,2021,12,0.0106,3.5,0.0092,37087000.0,,0.7172000000000001,5885.36,19.0,2.7019,0.0375,0.2993
23,Gorontalo,2022-01-01,2022,1,0.012,3.5,-0.0022,39691000.0,,0.758,5979.34,19.0,2.8491,0.0356,0.7571
23,Gorontalo,2022-02-01,2022,2,0.0106,3.5,-0.0037,39691000.0,3.25,0.758,5979.34,19.0,2.8491,0.0356,0.7571
23,Gorontalo,2022-03-01,2022,3,0.0116,3.5,0.0125,39691000.0,,0.758,5979.34,19.0,2.8491,0.0356,0.7571
23,Gorontalo,2022-04-01,2022,4,0.0137,3.5,0.0122,39691000.0,,0.758,5979.34,19.0,2.8491,0.0356,0.7571
23,Gorontalo,2022-05-01,2022,5,0.0178,3.5,0.0037,39691000.0,,0.758,5979.34,19.0,2.8491,0.0356,0.7571
23,Gorontalo,2022-06-01,2022,6,0.0202,3.5,0.0165,39691000.0,,0.758,5979.34,19.0,2.8491,0.0356,0.7571
23,Gorontalo,2022-07-01,2022,7,0.0209,3.5,0.0057,39691000.0,,0.758,5979.34,19.0,2.8491,0.0356,0.7571
23,Gorontalo,2022-08-01,2022,8,0.0215,3.75,-0.0053,39691000.0,2.58,0.758,5979.34,19.0,2.8491,0.0356,0.7571
23,Gorontalo,2022-09-01,2022,9,0.0199,4.25,0.0049,39691000.0,,0.758,5979.34,19.0,2.8491,0.0356,0.7571
23,Gorontalo,2022-10-01,2022,10,0.014,4.75,0.0001,39691000.0,,0.758,5979.34,19.0,2.8491,0.0356,0.7571
23,Gorontalo,2022-11-01,2022,11,0.014,5.25,-0.0005,39691000.0,,0.758,5979.34,19.0,2.8491,0.0356,0.7571
23,Gorontalo,2022-12-01,2022,12,0.0145,5.5,0.0068,39691000.0,,0.758,5979.34,19.0,2.8491,0.0356,0.7571
23,Gorontalo,2023-01-01,2023,1,0.0106,5.75,0.0029,42341000.0,,0.7988,5998.75,19.0,2.9248,0.0538,0.8355
23,Gorontalo,2023-02-01,2023,2,0.0091,5.75,-0.003,42341000.0,3.07,0.7988,5998.75,19.0,2.9248,0.0538,0.8355
23,Gorontalo,2023-03-01,2023,3,0.0098,5.75,0.002,42341000.0,,0.7988,5998.75,19.0,2.9248,0.0538,0.8355
23,Gorontalo,2023-04-01,2023,4,0.0129,5.75,0.0002,42341000.0,,0.7988,5998.75,19.0,2.9248,0.0538,0.8355
23,Gorontalo,2023-05-01,2023,5,0.0145,5.75,0.0008,42341000.0,,0.7988,5998.75,19.0,2.9248,0.0538,0.8355
23,Gorontalo,2023-06-01,2023,6,0.0106,5.75,0.0059,42341000.0,,0.7988,5998.75,19.0,2.9248,0.0538,0.8355
23,Gorontalo,2023-07-01,2023,7,0.012,5.75,0.0025,42341000.0,,0.7988,5998.75,19.0,2.9248,0.0538,0.8355
23,Gorontalo,2023-08-01,2023,8,0.0094,5.75,-0.0025,42341000.0,3.06,0.7988,5998.75,19.0,2.9248,0.0538,0.8355
23,Gorontalo,2023-09-01,2023,9,0.0104,5.75,-0.0035,42341000.0,,0.7988,5998.75,19.0,2.9248,0.0538,0.8355
23,Gorontalo,2023-10-01,2023,10,0.0107,6.0,0.01,42341000.0,,0.7988,5998.75,19.0,2.9248,0.0538,0.8355
23,Gorontalo,2023-11-01,2023,11,0.0108,6.0,0.0098,42341000.0,,0.7988,5998.75,19.0,2.9248,0.0538,0.8355
23,Gorontalo,2023-12-01,2023,12,0.0111,6.0,0.0132,42341000.0,,0.7988,5998.75,19.0,2.9248,0.0538,0.8355
23,Gorontalo,2024-01-01,2024,1,0.011,6.0,0.044,44437000.0,,0.6436,6108.53,19.0,2.8602,0.0343,0.9037
23,Gorontalo,2024-02-01,2024,2,0.0097,6.0,0.0373,44437000.0,3.05,0.6436,6108.53,19.0,2.8602,0.0343,0.9037
23,Gorontalo,2024-03-01,2024,3,0.0086,6.0,0.0413,44437000.0,,0.6436,6108.53,19.0,2.8602,0.0343,0.9037
23,Gorontalo,2024-04-01,2024,4,0.0086,6.25,0.0465,44437000.0,,0.6436,6108.53,19.0,2.8602,0.0343,0.9037
23,Gorontalo,2024-05-01,2024,5,0.0084,6.25,0.0491,44437000.0,,0.6436,6108.53,19.0,2.8602,0.0343,0.9037
23,Gorontalo,2024-06-01,2024,6,0.008,6.25,0.0393,44437000.0,,0.6436,6108.53,19.0,2.8602,0.0343,0.9037
23,Gorontalo,2024-07-01,2024,7,0.0075,6.25,0.0307,44437000.0,,0.6436,6108.53,19.0,2.8602,0.0343,0.9037
23,Gorontalo,2024-08-01,2024,8,0.0066,6.25,0.0265,44437000.0,3.13,0.6436,6108.53,19.0,2.8602,0.0343,0.9037
23,Gorontalo,2024-09-01,2024,9,0.0077,6.0,0.0278,44437000.0,,0.6436,6108.53,19.0,2.8602,0.0343,0.9037
23,Gorontalo,2024-10-01,2024,10,0.0107,6.0,0.0081,44437000.0,,0.6436,6108.53,19.0,2.8602,0.0343,0.9037
23,Gorontalo,2024-11-01,2024,11,0.0128,6.0,0.0027,44437000.0,,0.6436,6108.53,19.0,2.8602,0.0343,0.9037
23,Gorontalo,2024-12-01,2024,12,0.017,6.0,-0.0079,44437000.0,,0.6436,6108.53,19.0,2.8602,0.0343,0.9037
23,Gorontalo,2025-01-01,2025,1,0.0148,5.75,-0.0152,47477000.0,,0.7241,6581.48,19.0,2.6763,0.0374,0.9218
23,Gorontalo,2025-02-01,2025,2,0.0205,5.75,-0.0029,47477000.0,3.12,0.7241,6581.48,19.0,2.6763,0.0374,0.9218
23,Gorontalo,2025-03-01,2025,3,0.0173,5.75,0.0176,47477000.0,,0.7241,6581.48,19.0,2.6763,0.0374,0.9218
23,Gorontalo,2025-04-01,2025,4,0.0161,5.75,0.023,47477000.0,,0.7241,6581.48,19.0,2.6763,0.0374,0.9218
23,Gorontalo,2025-05-01,2025,5,0.0167,5.75,0.0028,47477000.0,,0.7241,6581.48,19.0,2.6763,0.0374,0.9218
23,Gorontalo,2025-06-01,2025,6,0.014,5.5,0.008,47477000.0,,0.7241,6581.48,19.0,2.6763,0.0374,0.9218
23,Gorontalo,2025-07-01,2025,7,0.0148,5.25,0.0312,47477000.0,,0.7241,6581.48,19.0,2.6763,0.0374,0.9218
23,Gorontalo,2025-08-01,2025,8,0.0141,5.0,0.0251,47477000.0,3.42,0.7241,6581.48,19.0,2.6763,0.0374,0.9218
23,Gorontalo,2025-09-01,2025,9,0.0142,4.75,0.0199,47477000.0,,0.7241,6581.48,19.0,2.6763,0.0374,0.9218
23,Gorontalo,2025-10-01,2025,10,0.015,4.75,0.0244,47477000.0,,0.7241,6581.48,19.0,2.6763,0.0374,0.9218
23,Gorontalo,2025-11-01,2025,11,0.0163,4.75,0.0221,47477000.0,,0.7241,6581.48,19.0,2.6763,0.0374,0.9218
23,Gorontalo,2025-12-01,2025,12,0.0177,4.75,0.0252,47477000.0,,0.7241,6581.48,19.0,2.6763,0.0374,0.9218
24,Sulawesi Tengah,2021-01-01,2021,1,0.0079,3.75,0.0023,82017000.0,,0.9016000000000001,29368.11,46.0,1.306,0.0191,0.3019
24,Sulawesi Tengah,2021-02-01,2021,2,0.0098,3.5,0.0005,82017000.0,3.73,0.9016000000000001,29368.11,46.0,1.306,0.0191,0.3019
24,Sulawesi Tengah,2021-03-01,2021,3,0.0084,3.5,0.0017,82017000.0,,0.9016000000000001,29368.11,46.0,1.306,0.0191,0.3019
24,Sulawesi Tengah,2021-04-01,2021,4,0.0078,3.5,0.0009,82017000.0,,0.9016000000000001,29368.11,46.0,1.306,0.0191,0.3019
24,Sulawesi Tengah,2021-05-01,2021,5,0.0122,3.5,0.0073,82017000.0,,0.9016000000000001,29368.11,46.0,1.306,0.0191,0.3019
24,Sulawesi Tengah,2021-06-01,2021,6,0.0103,3.5,-0.0037,82017000.0,,0.9016000000000001,29368.11,46.0,1.306,0.0191,0.3019
24,Sulawesi Tengah,2021-07-01,2021,7,0.0139,3.5,0.00025,82017000.0,,0.9016000000000001,29368.11,46.0,1.306,0.0191,0.3019
24,Sulawesi Tengah,2021-08-01,2021,8,0.0128,3.5,0.0016,82017000.0,3.75,0.9016000000000001,29368.11,46.0,1.306,0.0191,0.3019
24,Sulawesi Tengah,2021-09-01,2021,9,0.0114,3.5,-0.00085,82017000.0,,0.9016000000000001,29368.11,46.0,1.306,0.0191,0.3019
24,Sulawesi Tengah,2021-10-01,2021,10,0.0113,3.5,0.00175,82017000.0,,0.9016000000000001,29368.11,46.0,1.306,0.0191,0.3019
24,Sulawesi Tengah,2021-11-01,2021,11,0.0126,3.5,0.002,82017000.0,,0.9016000000000001,29368.11,46.0,1.306,0.0191,0.3019
24,Sulawesi Tengah,2021-12-01,2021,12,0.0125,3.5,0.0091,82017000.0,,0.9016000000000001,29368.11,46.0,1.306,0.0191,0.3019
24,Sulawesi Tengah,2022-01-01,2022,1,0.0137,3.5,0.00865,106068000.0,,0.773,29803.27,45.0,1.5185,0.0167,0.3077
24,Sulawesi Tengah,2022-02-01,2022,2,0.0117,3.5,-0.0028,106068000.0,3.67,0.773,29803.27,45.0,1.5185,0.0167,0.3077
24,Sulawesi Tengah,2022-03-01,2022,3,0.0113,3.5,0.01015,106068000.0,,0.773,29803.27,45.0,1.5185,0.0167,0.3077
24,Sulawesi Tengah,2022-04-01,2022,4,0.0156,3.5,0.01365,106068000.0,,0.773,29803.27,45.0,1.5185,0.0167,0.3077
24,Sulawesi Tengah,2022-05-01,2022,5,0.0147,3.5,0.00345,106068000.0,,0.773,29803.27,45.0,1.5185,0.0167,0.3077
24,Sulawesi Tengah,2022-06-01,2022,6,0.0117,3.5,0.0065,106068000.0,,0.773,29803.27,45.0,1.5185,0.0167,0.3077
24,Sulawesi Tengah,2022-07-01,2022,7,0.0149,3.5,0.01025,106068000.0,,0.773,29803.27,45.0,1.5185,0.0167,0.3077
24,Sulawesi Tengah,2022-08-01,2022,8,0.0157,3.75,0.00395,106068000.0,3.0,0.773,29803.27,45.0,1.5185,0.0167,0.3077
24,Sulawesi Tengah,2022-09-01,2022,9,0.02,4.25,0.00445,106068000.0,,0.773,29803.27,45.0,1.5185,0.0167,0.3077
24,Sulawesi Tengah,2022-10-01,2022,10,0.0158,4.75,-0.00335,106068000.0,,0.773,29803.27,45.0,1.5185,0.0167,0.3077
24,Sulawesi Tengah,2022-11-01,2022,11,0.0165,5.25,-0.00245,106068000.0,,0.773,29803.27,45.0,1.5185,0.0167,0.3077
24,Sulawesi Tengah,2022-12-01,2022,12,0.0155,5.5,0.0081,106068000.0,,0.773,29803.27,45.0,1.5185,0.0167,0.3077
24,Sulawesi Tengah,2023-01-01,2023,1,0.0144,5.75,0.00635,112461000.0,,0.6444,29551.88,48.0,1.6331,0.0174,0.3262
24,Sulawesi Tengah,2023-02-01,2023,2,0.0116,5.75,-0.0011,112461000.0,3.49,0.6444,29551.88,48.0,1.6331,0.0174,0.3262
24,Sulawesi Tengah,2023-03-01,2023,3,0.0134,5.75,0.00695,112461000.0,,0.6444,29551.88,48.0,1.6331,0.0174,0.3262
24,Sulawesi Tengah,2023-04-01,2023,4,0.0116,5.75,0.00175,112461000.0,,0.6444,29551.88,48.0,1.6331,0.0174,0.3262
24,Sulawesi Tengah,2023-05-01,2023,5,0.0179,5.75,0.00255,112461000.0,,0.6444,29551.88,48.0,1.6331,0.0174,0.3262
24,Sulawesi Tengah,2023-06-01,2023,6,0.0192,5.75,0.0045,112461000.0,,0.6444,29551.88,48.0,1.6331,0.0174,0.3262
24,Sulawesi Tengah,2023-07-01,2023,7,0.021,5.75,0.0042,112461000.0,,0.6444,29551.88,48.0,1.6331,0.0174,0.3262
24,Sulawesi Tengah,2023-08-01,2023,8,0.0175,5.75,0.00245,112461000.0,2.95,0.6444,29551.88,48.0,1.6331,0.0174,0.3262
24,Sulawesi Tengah,2023-09-01,2023,9,0.0193,5.75,0.00135,112461000.0,,0.6444,29551.88,48.0,1.6331,0.0174,0.3262
24,Sulawesi Tengah,2023-10-01,2023,10,0.0204,6.0,-0.00245,112461000.0,,0.6444,29551.88,48.0,1.6331,0.0174,0.3262
24,Sulawesi Tengah,2023-11-01,2023,11,0.0194,6.0,0.00055,112461000.0,,0.6444,29551.88,48.0,1.6331,0.0174,0.3262
24,Sulawesi Tengah,2023-12-01,2023,12,0.0194,6.0,0.0036,112461000.0,,0.6444,29551.88,48.0,1.6331,0.0174,0.3262
24,Sulawesi Tengah,2024-01-01,2024,1,0.0179,6.0,0.0297,120750000.0,,0.6047,32273.1,48.0,1.8195,0.0143,0.2924
24,Sulawesi Tengah,2024-02-01,2024,2,0.0175,6.0,0.0337,120750000.0,3.15,0.6047,32273.1,48.0,1.8195,0.0143,0.2924
24,Sulawesi Tengah,2024-03-01,2024,3,0.0159,6.0,0.0338,120750000.0,,0.6047,32273.1,48.0,1.8195,0.0143,0.2924
24,Sulawesi Tengah,2024-04-01,2024,4,0.0136,6.25,0.034,120750000.0,,0.6047,32273.1,48.0,1.8195,0.0143,0.2924
24,Sulawesi Tengah,2024-05-01,2024,5,0.0193,6.25,0.031,120750000.0,,0.6047,32273.1,48.0,1.8195,0.0143,0.2924
24,Sulawesi Tengah,2024-06-01,2024,6,0.0187,6.25,0.0282,120750000.0,,0.6047,32273.1,48.0,1.8195,0.0143,0.2924
24,Sulawesi Tengah,2024-07-01,2024,7,0.0134,6.25,0.0245,120750000.0,,0.6047,32273.1,48.0,1.8195,0.0143,0.2924
24,Sulawesi Tengah,2024-08-01,2024,8,0.0155,6.25,0.0214,120750000.0,2.94,0.6047,32273.1,48.0,1.8195,0.0143,0.2924
24,Sulawesi Tengah,2024-09-01,2024,9,0.0154,6.0,0.0215,120750000.0,,0.6047,32273.1,48.0,1.8195,0.0143,0.2924
24,Sulawesi Tengah,2024-10-01,2024,10,0.016,6.0,0.0191,120750000.0,,0.6047,32273.1,48.0,1.8195,0.0143,0.2924
24,Sulawesi Tengah,2024-11-01,2024,11,0.0157,6.0,0.0171,120750000.0,,0.6047,32273.1,48.0,1.8195,0.0143,0.2924
24,Sulawesi Tengah,2024-12-01,2024,12,0.0138,6.0,0.0129,120750000.0,,0.6047,32273.1,48.0,1.8195,0.0143,0.2924
24,Sulawesi Tengah,2025-01-01,2025,1,0.0172,5.75,0.0002,131643000.0,,0.6357,32901.74,48.0,1.713,0.0188,0.307
24,Sulawesi Tengah,2025-02-01,2025,2,0.0166,5.75,-0.0038,131643000.0,3.02,0.6357,32901.74,48.0,1.713,0.0188,0.307
24,Sulawesi Tengah,2025-03-01,2025,3,0.0175,5.75,0.0188,131643000.0,,0.6357,32901.74,48.0,1.713,0.0188,0.307
24,Sulawesi Tengah,2025-04-01,2025,4,0.0169,5.75,0.0297,131643000.0,,0.6357,32901.74,48.0,1.713,0.0188,0.307
24,Sulawesi Tengah,2025-05-01,2025,5,0.0168,5.75,0.0261,131643000.0,,0.6357,32901.74,48.0,1.713,0.0188,0.307
24,Sulawesi Tengah,2025-06-01,2025,6,0.0154,5.5,0.0247,131643000.0,,0.6357,32901.74,48.0,1.713,0.0188,0.307
24,Sulawesi Tengah,2025-07-01,2025,7,0.0157,5.25,0.0369,131643000.0,,0.6357,32901.74,48.0,1.713,0.0188,0.307
24,Sulawesi Tengah,2025-08-01,2025,8,0.0156,5.0,0.0402,131643000.0,2.92,0.6357,32901.74,48.0,1.713,0.0188,0.307
24,Sulawesi Tengah,2025-09-01,2025,9,0.0156,4.75,0.0388,131643000.0,,0.6357,32901.74,48.0,1.713,0.0188,0.307
24,Sulawesi Tengah,2025-10-01,2025,10,0.0156,4.75,0.0392,131643000.0,,0.6357,32901.74,48.0,1.713,0.0188,0.307
24,Sulawesi Tengah,2025-11-01,2025,11,0.0165,4.75,0.035,131643000.0,,0.6357,32901.74,48.0,1.713,0.0188,0.307
24,Sulawesi Tengah,2025-12-01,2025,12,0.0171,4.75,0.0331,131643000.0,,0.6357,32901.74,48.0,1.713,0.0188,0.307
25,Sulawesi Barat,2021-01-01,2021,1,0.0083,3.75,0.0143,35195000.0,,0.5441999999999999,5857.86,16.0,1.7155,0.0131,0.5948
25,Sulawesi Barat,2021-02-01,2021,2,0.0118,3.5,0.0112,35195000.0,3.28,0.5441999999999999,5857.86,16.0,1.7155,0.0131,0.5948
25,Sulawesi Barat,2021-03-01,2021,3,0.008,3.5,0.0036,35195000.0,,0.5441999999999999,5857.86,16.0,1.7155,0.0131,0.5948
25,Sulawesi Barat,2021-04-01,2021,4,0.0086,3.5,-0.0021,35195000.0,,0.5441999999999999,5857.86,16.0,1.7155,0.0131,0.5948
25,Sulawesi Barat,2021-05-01,2021,5,0.0126,3.5,0.0136,35195000.0,,0.5441999999999999,5857.86,16.0,1.7155,0.0131,0.5948
25,Sulawesi Barat,2021-06-01,2021,6,0.0135,3.5,0.0035,35195000.0,,0.5441999999999999,5857.86,16.0,1.7155,0.0131,0.5948
25,Sulawesi Barat,2021-07-01,2021,7,0.0158,3.5,-0.0046,35195000.0,,0.5441999999999999,5857.86,16.0,1.7155,0.0131,0.5948
25,Sulawesi Barat,2021-08-01,2021,8,0.0116,3.5,-0.001,35195000.0,3.13,0.5441999999999999,5857.86,16.0,1.7155,0.0131,0.5948
25,Sulawesi Barat,2021-09-01,2021,9,0.012,3.5,-0.0077,35195000.0,,0.5441999999999999,5857.86,16.0,1.7155,0.0131,0.5948
25,Sulawesi Barat,2021-10-01,2021,10,0.0112,3.5,-0.0007,35195000.0,,0.5441999999999999,5857.86,16.0,1.7155,0.0131,0.5948
25,Sulawesi Barat,2021-11-01,2021,11,0.0122,3.5,0.0033,35195000.0,,0.5441999999999999,5857.86,16.0,1.7155,0.0131,0.5948
25,Sulawesi Barat,2021-12-01,2021,12,0.0125,3.5,0.01,35195000.0,,0.5441999999999999,5857.86,16.0,1.7155,0.0131,0.5948
25,Sulawesi Barat,2022-01-01,2022,1,0.0134,3.5,0.0121,37034000.0,,0.576,5701.06,17.0,1.9109,0.0189,0.6098
25,Sulawesi Barat,2022-02-01,2022,2,0.0126,3.5,-0.0012,37034000.0,3.11,0.576,5701.06,17.0,1.9109,0.0189,0.6098
25,Sulawesi Barat,2022-03-01,2022,3,0.0113,3.5,0.0068,37034000.0,,0.576,5701.06,17.0,1.9109,0.0189,0.6098
25,Sulawesi Barat,2022-04-01,2022,4,0.0133,3.5,0.0071,37034000.0,,0.576,5701.06,17.0,1.9109,0.0189,0.6098
25,Sulawesi Barat,2022-05-01,2022,5,0.0121,3.5,0.0069,37034000.0,,0.576,5701.06,17.0,1.9109,0.0189,0.6098
25,Sulawesi Barat,2022-06-01,2022,6,0.013,3.5,0.0069,37034000.0,,0.576,5701.06,17.0,1.9109,0.0189,0.6098
25,Sulawesi Barat,2022-07-01,2022,7,0.0144,3.5,0.0088,37034000.0,,0.576,5701.06,17.0,1.9109,0.0189,0.6098
25,Sulawesi Barat,2022-08-01,2022,8,0.0131,3.75,-0.0054,37034000.0,2.34,0.576,5701.06,17.0,1.9109,0.0189,0.6098
25,Sulawesi Barat,2022-09-01,2022,9,0.0132,4.25,0.0108,37034000.0,,0.576,5701.06,17.0,1.9109,0.0189,0.6098
25,Sulawesi Barat,2022-10-01,2022,10,0.0116,4.75,-0.0144,37034000.0,,0.576,5701.06,17.0,1.9109,0.0189,0.6098
25,Sulawesi Barat,2022-11-01,2022,11,0.0127,5.25,0.0042,37034000.0,,0.576,5701.06,17.0,1.9109,0.0189,0.6098
25,Sulawesi Barat,2022-12-01,2022,12,0.0094,5.5,0.0052,37034000.0,,0.576,5701.06,17.0,1.9109,0.0189,0.6098
25,Sulawesi Barat,2023-01-01,2023,1,0.0087,5.75,0.0063,39547000.0,,0.6078,5884.6,17.0,2.0217,0.0218,0.6244
25,Sulawesi Barat,2023-02-01,2023,2,0.0085,5.75,0.0016,39547000.0,3.04,0.6078,5884.6,17.0,2.0217,0.0218,0.6244
25,Sulawesi Barat,2023-03-01,2023,3,0.011,5.75,0.0005,39547000.0,,0.6078,5884.6,17.0,2.0217,0.0218,0.6244
25,Sulawesi Barat,2023-04-01,2023,4,0.0102,5.75,-0.0018,39547000.0,,0.6078,5884.6,17.0,2.0217,0.0218,0.6244
25,Sulawesi Barat,2023-05-01,2023,5,0.0122,5.75,0.0001,39547000.0,,0.6078,5884.6,17.0,2.0217,0.0218,0.6244
25,Sulawesi Barat,2023-06-01,2023,6,0.0124,5.75,0.007,39547000.0,,0.6078,5884.6,17.0,2.0217,0.0218,0.6244
25,Sulawesi Barat,2023-07-01,2023,7,0.0142,5.75,-0.0004,39547000.0,,0.6078,5884.6,17.0,2.0217,0.0218,0.6244
25,Sulawesi Barat,2023-08-01,2023,8,0.011,5.75,0.003,39547000.0,2.27,0.6078,5884.6,17.0,2.0217,0.0218,0.6244
25,Sulawesi Barat,2023-09-01,2023,9,0.0109,5.75,0.0008,39547000.0,,0.6078,5884.6,17.0,2.0217,0.0218,0.6244
25,Sulawesi Barat,2023-10-01,2023,10,0.0106,6.0,0.0025,39547000.0,,0.6078,5884.6,17.0,2.0217,0.0218,0.6244
25,Sulawesi Barat,2023-11-01,2023,11,0.0088,6.0,-0.0028,39547000.0,,0.6078,5884.6,17.0,2.0217,0.0218,0.6244
25,Sulawesi Barat,2023-12-01,2023,12,0.0073,6.0,0.0014,39547000.0,,0.6078,5884.6,17.0,2.0217,0.0218,0.6244
25,Sulawesi Barat,2024-01-01,2024,1,0.0074,6.0,0.0225,42718000.0,,0.5911,6192.23,17.0,2.0029,0.0215,0.6127
25,Sulawesi Barat,2024-02-01,2024,2,0.007,6.0,0.0222,42718000.0,3.02,0.5911,6192.23,17.0,2.0029,0.0215,0.6127
25,Sulawesi Barat,2024-03-01,2024,3,0.006,6.0,0.0276,42718000.0,,0.5911,6192.23,17.0,2.0029,0.0215,0.6127
25,Sulawesi Barat,2024-04-01,2024,4,0.0057,6.25,0.0202,42718000.0,,0.5911,6192.23,17.0,2.0029,0.0215,0.6127
25,Sulawesi Barat,2024-05-01,2024,5,0.0066,6.25,0.0125,42718000.0,,0.5911,6192.23,17.0,2.0029,0.0215,0.6127
25,Sulawesi Barat,2024-06-01,2024,6,0.0065,6.25,0.0232,42718000.0,,0.5911,6192.23,17.0,2.0029,0.0215,0.6127
25,Sulawesi Barat,2024-07-01,2024,7,0.0068,6.25,0.0208,42718000.0,,0.5911,6192.23,17.0,2.0029,0.0215,0.6127
25,Sulawesi Barat,2024-08-01,2024,8,0.0067,6.25,0.0159,42718000.0,2.68,0.5911,6192.23,17.0,2.0029,0.0215,0.6127
25,Sulawesi Barat,2024-09-01,2024,9,0.0068,6.0,0.0205,42718000.0,,0.5911,6192.23,17.0,2.0029,0.0215,0.6127
25,Sulawesi Barat,2024-10-01,2024,10,0.0094,6.0,0.0163,42718000.0,,0.5911,6192.23,17.0,2.0029,0.0215,0.6127
25,Sulawesi Barat,2024-11-01,2024,11,0.0099,6.0,0.0118,42718000.0,,0.5911,6192.23,17.0,2.0029,0.0215,0.6127
25,Sulawesi Barat,2024-12-01,2024,12,0.0194,6.0,0.0149,42718000.0,,0.5911,6192.23,17.0,2.0029,0.0215,0.6127
25,Sulawesi Barat,2025-01-01,2025,1,0.0125,5.75,0.0032,46654000.0,,0.5303,6534.58,17.0,1.9292,0.0281,0.6052
25,Sulawesi Barat,2025-02-01,2025,2,0.0124,5.75,-0.0024,46654000.0,3.17,0.5303,6534.58,17.0,1.9292,0.0281,0.6052
25,Sulawesi Barat,2025-03-01,2025,3,0.0143,5.75,0.0155,46654000.0,,0.5303,6534.58,17.0,1.9292,0.0281,0.6052
25,Sulawesi Barat,2025-04-01,2025,4,0.0127,5.75,0.0336,46654000.0,,0.5303,6534.58,17.0,1.9292,0.0281,0.6052
25,Sulawesi Barat,2025-05-01,2025,5,0.0121,5.75,0.0321,46654000.0,,0.5303,6534.58,17.0,1.9292,0.0281,0.6052
25,Sulawesi Barat,2025-06-01,2025,6,0.0119,5.5,0.0257,46654000.0,,0.5303,6534.58,17.0,1.9292,0.0281,0.6052
25,Sulawesi Barat,2025-07-01,2025,7,0.0131,5.25,0.0357,46654000.0,,0.5303,6534.58,17.0,1.9292,0.0281,0.6052
25,Sulawesi Barat,2025-08-01,2025,8,0.0132,5.0,0.0352,46654000.0,2.86,0.5303,6534.58,17.0,1.9292,0.0281,0.6052
25,Sulawesi Barat,2025-09-01,2025,9,0.0134,4.75,0.0304,46654000.0,,0.5303,6534.58,17.0,1.9292,0.0281,0.6052
25,Sulawesi Barat,2025-10-01,2025,10,0.0124,4.75,0.0264,46654000.0,,0.5303,6534.58,17.0,1.9292,0.0281,0.6052
25,Sulawesi Barat,2025-11-01,2025,11,0.0125,4.75,0.0256,46654000.0,,0.5303,6534.58,17.0,1.9292,0.0281,0.6052
25,Sulawesi Barat,2025-12-01,2025,12,0.011,4.75,0.0248,46654000.0,,0.5303,6534.58,17.0,1.9292,0.0281,0.6052
26,Sulawesi Selatan,2021-01-01,2021,1,0.0181,3.75,0.00198,59503000.0,,0.7547,109527.59,137.0,1.159,0.0329,0.3766
26,Sulawesi Selatan,2021-02-01,2021,2,0.019,3.5,0.00306,59503000.0,5.79,0.7547,109527.59,137.0,1.159,0.0329,0.3766
26,Sulawesi Selatan,2021-03-01,2021,3,0.0113,3.5,0.00108,59503000.0,,0.7547,109527.59,137.0,1.159,0.0329,0.3766
26,Sulawesi Selatan,2021-04-01,2021,4,0.0106,3.5,0.00556,59503000.0,,0.7547,109527.59,137.0,1.159,0.0329,0.3766
26,Sulawesi Selatan,2021-05-01,2021,5,0.0079,3.5,0.00576,59503000.0,,0.7547,109527.59,137.0,1.159,0.0329,0.3766
26,Sulawesi Selatan,2021-06-01,2021,6,0.0142,3.5,-0.0007,59503000.0,,0.7547,109527.59,137.0,1.159,0.0329,0.3766
26,Sulawesi Selatan,2021-07-01,2021,7,0.015,3.5,0.00168,59503000.0,,0.7547,109527.59,137.0,1.159,0.0329,0.3766
26,Sulawesi Selatan,2021-08-01,2021,8,0.0141,3.5,-0.00212,59503000.0,5.72,0.7547,109527.59,137.0,1.159,0.0329,0.3766
26,Sulawesi Selatan,2021-09-01,2021,9,0.0165,3.5,-0.00156,59503000.0,,0.7547,109527.59,137.0,1.159,0.0329,0.3766
26,Sulawesi Selatan,2021-10-01,2021,10,0.0174,3.5,-0.00038,59503000.0,,0.7547,109527.59,137.0,1.159,0.0329,0.3766
26,Sulawesi Selatan,2021-11-01,2021,11,0.0173,3.5,0.00376,59503000.0,,0.7547,109527.59,137.0,1.159,0.0329,0.3766
26,Sulawesi Selatan,2021-12-01,2021,12,0.0164,3.5,0.00898,59503000.0,,0.7547,109527.59,137.0,1.159,0.0329,0.3766
26,Sulawesi Selatan,2022-01-01,2022,1,0.0219,3.5,0.00604,65353000.0,,0.758,112190.9,135.0,1.2182,0.025,0.4014
26,Sulawesi Selatan,2022-02-01,2022,2,0.0164,3.5,-0.00044,65353000.0,5.75,0.758,112190.9,135.0,1.2182,0.025,0.4014
26,Sulawesi Selatan,2022-03-01,2022,3,0.0132,3.5,0.00744,65353000.0,,0.758,112190.9,135.0,1.2182,0.025,0.4014
26,Sulawesi Selatan,2022-04-01,2022,4,0.0149,3.5,0.00994,65353000.0,,0.758,112190.9,135.0,1.2182,0.025,0.4014
26,Sulawesi Selatan,2022-05-01,2022,5,0.0155,3.5,0.0068,65353000.0,,0.758,112190.9,135.0,1.2182,0.025,0.4014
26,Sulawesi Selatan,2022-06-01,2022,6,0.0186,3.5,0.00464,65353000.0,,0.758,112190.9,135.0,1.2182,0.025,0.4014
26,Sulawesi Selatan,2022-07-01,2022,7,0.0238,3.5,0.00698,65353000.0,,0.758,112190.9,135.0,1.2182,0.025,0.4014
26,Sulawesi Selatan,2022-08-01,2022,8,0.0235,3.75,-0.00286,65353000.0,4.51,0.758,112190.9,135.0,1.2182,0.025,0.4014
26,Sulawesi Selatan,2022-09-01,2022,9,0.0234,4.25,0.01206,65353000.0,,0.758,112190.9,135.0,1.2182,0.025,0.4014
26,Sulawesi Selatan,2022-10-01,2022,10,0.0215,4.75,-0.00384,65353000.0,,0.758,112190.9,135.0,1.2182,0.025,0.4014
26,Sulawesi Selatan,2022-11-01,2022,11,0.0205,5.25,0.00074,65353000.0,,0.758,112190.9,135.0,1.2182,0.025,0.4014
26,Sulawesi Selatan,2022-12-01,2022,12,0.0199,5.5,0.00582,65353000.0,,0.758,112190.9,135.0,1.2182,0.025,0.4014
26,Sulawesi Selatan,2023-01-01,2023,1,0.0183,5.75,0.00524,69710000.0,,0.7613,122158.08,133.0,1.2663,0.0281,0.3858
26,Sulawesi Selatan,2023-02-01,2023,2,0.0171,5.75,-0.00078,69710000.0,5.26,0.7613,122158.08,133.0,1.2663,0.0281,0.3858
26,Sulawesi Selatan,2023-03-01,2023,3,0.0214,5.75,0.00686,69710000.0,,0.7613,122158.08,133.0,1.2663,0.0281,0.3858
26,Sulawesi Selatan,2023-04-01,2023,4,0.0203,5.75,0.0023,69710000.0,,0.7613,122158.08,133.0,1.2663,0.0281,0.3858
26,Sulawesi Selatan,2023-05-01,2023,5,0.0266,5.75,0.00234,69710000.0,,0.7613,122158.08,133.0,1.2663,0.0281,0.3858
26,Sulawesi Selatan,2023-06-01,2023,6,0.0234,5.75,-0.00024,69710000.0,,0.7613,122158.08,133.0,1.2663,0.0281,0.3858
26,Sulawesi Selatan,2023-07-01,2023,7,0.0224,5.75,0.00036,69710000.0,,0.7613,122158.08,133.0,1.2663,0.0281,0.3858
26,Sulawesi Selatan,2023-08-01,2023,8,0.0177,5.75,-0.00116,69710000.0,4.33,0.7613,122158.08,133.0,1.2663,0.0281,0.3858
26,Sulawesi Selatan,2023-09-01,2023,9,0.0206,5.75,0.0009,69710000.0,,0.7613,122158.08,133.0,1.2663,0.0281,0.3858
26,Sulawesi Selatan,2023-10-01,2023,10,0.0205,6.0,0.00258,69710000.0,,0.7613,122158.08,133.0,1.2663,0.0281,0.3858
26,Sulawesi Selatan,2023-11-01,2023,11,0.0186,6.0,0.00154,69710000.0,,0.7613,122158.08,133.0,1.2663,0.0281,0.3858
26,Sulawesi Selatan,2023-12-01,2023,12,0.0179,6.0,0.00572,69710000.0,,0.7613,122158.08,133.0,1.2663,0.0281,0.3858
26,Sulawesi Selatan,2024-01-01,2024,1,0.0189,6.0,0.0238,73573000.0,,0.7181,127591.14,132.0,1.2624,0.0269,0.3743
26,Sulawesi Selatan,2024-02-01,2024,2,0.02,6.0,0.0293,73573000.0,4.9,0.7181,127591.14,132.0,1.2624,0.0269,0.3743
26,Sulawesi Selatan,2024-03-01,2024,3,0.0189,6.0,0.0275,73573000.0,,0.7181,127591.14,132.0,1.2624,0.0269,0.3743
26,Sulawesi Selatan,2024-04-01,2024,4,0.0156,6.25,0.0261,73573000.0,,0.7181,127591.14,132.0,1.2624,0.0269,0.3743
26,Sulawesi Selatan,2024-05-01,2024,5,0.0173,6.25,0.0242,73573000.0,,0.7181,127591.14,132.0,1.2624,0.0269,0.3743
26,Sulawesi Selatan,2024-06-01,2024,6,0.0206,6.25,0.0203,73573000.0,,0.7181,127591.14,132.0,1.2624,0.0269,0.3743
26,Sulawesi Selatan,2024-07-01,2024,7,0.0186,6.25,0.0174,73573000.0,,0.7181,127591.14,132.0,1.2624,0.0269,0.3743
26,Sulawesi Selatan,2024-08-01,2024,8,0.0139,6.25,0.0177,73573000.0,4.19,0.7181,127591.14,132.0,1.2624,0.0269,0.3743
26,Sulawesi Selatan,2024-09-01,2024,9,0.0148,6.0,0.0167,73573000.0,,0.7181,127591.14,132.0,1.2624,0.0269,0.3743
26,Sulawesi Selatan,2024-10-01,2024,10,0.0154,6.0,0.0153,73573000.0,,0.7181,127591.14,132.0,1.2624,0.0269,0.3743
26,Sulawesi Selatan,2024-11-01,2024,11,0.0157,6.0,0.0152,73573000.0,,0.7181,127591.14,132.0,1.2624,0.0269,0.3743
26,Sulawesi Selatan,2024-12-01,2024,12,0.0159,6.0,0.0123,73573000.0,,0.7181,127591.14,132.0,1.2624,0.0269,0.3743
26,Sulawesi Selatan,2025-01-01,2025,1,0.0169,5.75,0.001,78748000.0,,0.7603,131955.27,132.0,1.2442,0.03,0.3672
26,Sulawesi Selatan,2025-02-01,2025,2,0.0175,5.75,-0.0109,78748000.0,4.96,0.7603,131955.27,132.0,1.2442,0.03,0.3672
26,Sulawesi Selatan,2025-03-01,2025,3,0.0178,5.75,0.0067,78748000.0,,0.7603,131955.27,132.0,1.2442,0.03,0.3672
26,Sulawesi Selatan,2025-04-01,2025,4,0.0182,5.75,0.0228,78748000.0,,0.7603,131955.27,132.0,1.2442,0.03,0.3672
26,Sulawesi Selatan,2025-05-01,2025,5,0.019,5.75,0.0204,78748000.0,,0.7603,131955.27,132.0,1.2442,0.03,0.3672
26,Sulawesi Selatan,2025-06-01,2025,6,0.0167,5.5,0.0224,78748000.0,,0.7603,131955.27,132.0,1.2442,0.03,0.3672
26,Sulawesi Selatan,2025-07-01,2025,7,0.0159,5.25,0.0305,78748000.0,,0.7603,131955.27,132.0,1.2442,0.03,0.3672
26,Sulawesi Selatan,2025-08-01,2025,8,0.0153,5.0,0.0312,78748000.0,4.21,0.7603,131955.27,132.0,1.2442,0.03,0.3672
26,Sulawesi Selatan,2025-09-01,2025,9,0.0156,4.75,0.0303,78748000.0,,0.7603,131955.27,132.0,1.2442,0.03,0.3672
26,Sulawesi Selatan,2025-10-01,2025,10,0.0157,4.75,0.0298,78748000.0,,0.7603,131955.27,132.0,1.2442,0.03,0.3672
26,Sulawesi Selatan,2025-11-01,2025,11,0.017,4.75,0.0273,78748000.0,,0.7603,131955.27,132.0,1.2442,0.03,0.3672
26,Sulawesi Selatan,2025-12-01,2025,12,0.0167,4.75,0.0284,78748000.0,,0.7603,131955.27,132.0,1.2442,0.03,0.3672
27,Sulawesi Tenggara,2021-01-01,2021,1,0.0043,3.75,-0.0058,52436000.0,,0.7328,29049.63,45.0,1.1104,0.0174,0.3337
27,Sulawesi Tenggara,2021-02-01,2021,2,0.0058,3.5,0.0021,52436000.0,4.22,0.7328,29049.63,45.0,1.1104,0.0174,0.3337
27,Sulawesi Tenggara,2021-03-01,2021,3,0.0061,3.5,-0.003,52436000.0,,0.7328,29049.63,45.0,1.1104,0.0174,0.3337
27,Sulawesi Tenggara,2021-04-01,2021,4,0.0055,3.5,0.00505,52436000.0,,0.7328,29049.63,45.0,1.1104,0.0174,0.3337
27,Sulawesi Tenggara,2021-05-01,2021,5,0.0139,3.5,0.01095,52436000.0,,0.7328,29049.63,45.0,1.1104,0.0174,0.3337
27,Sulawesi Tenggara,2021-06-01,2021,6,0.008,3.5,-0.00115,52436000.0,,0.7328,29049.63,45.0,1.1104,0.0174,0.3337
27,Sulawesi Tenggara,2021-07-01,2021,7,0.0095,3.5,0.00805,52436000.0,,0.7328,29049.63,45.0,1.1104,0.0174,0.3337
27,Sulawesi Tenggara,2021-08-01,2021,8,0.009,3.5,0.0037,52436000.0,3.92,0.7328,29049.63,45.0,1.1104,0.0174,0.3337
27,Sulawesi Tenggara,2021-09-01,2021,9,0.0097,3.5,-0.0005,52436000.0,,0.7328,29049.63,45.0,1.1104,0.0174,0.3337
27,Sulawesi Tenggara,2021-10-01,2021,10,0.0102,3.5,-0.0057,52436000.0,,0.7328,29049.63,45.0,1.1104,0.0174,0.3337
27,Sulawesi Tenggara,2021-11-01,2021,11,0.0116,3.5,0.00495,52436000.0,,0.7328,29049.63,45.0,1.1104,0.0174,0.3337
27,Sulawesi Tenggara,2021-12-01,2021,12,0.0117,3.5,0.0018,52436000.0,,0.7328,29049.63,45.0,1.1104,0.0174,0.3337
27,Sulawesi Tenggara,2022-01-01,2022,1,0.0136,3.5,0.00715,58715000.0,,0.736,29600.6,41.0,1.2209,0.0148,0.1509
27,Sulawesi Tenggara,2022-02-01,2022,2,0.0113,3.5,0.0003,58715000.0,3.86,0.736,29600.6,41.0,1.2209,0.0148,0.1509
27,Sulawesi Tenggara,2022-03-01,2022,3,0.0109,3.5,0.0044,58715000.0,,0.736,29600.6,41.0,1.2209,0.0148,0.1509
27,Sulawesi Tenggara,2022-04-01,2022,4,0.0115,3.5,0.0146,58715000.0,,0.736,29600.6,41.0,1.2209,0.0148,0.1509
27,Sulawesi Tenggara,2022-05-01,2022,5,0.0101,3.5,0.0102,58715000.0,,0.736,29600.6,41.0,1.2209,0.0148,0.1509
27,Sulawesi Tenggara,2022-06-01,2022,6,0.0109,3.5,0.0018,58715000.0,,0.736,29600.6,41.0,1.2209,0.0148,0.1509
27,Sulawesi Tenggara,2022-07-01,2022,7,0.0125,3.5,0.0185,58715000.0,,0.736,29600.6,41.0,1.2209,0.0148,0.1509
27,Sulawesi Tenggara,2022-08-01,2022,8,0.0128,3.75,-0.00175,58715000.0,3.36,0.736,29600.6,41.0,1.2209,0.0148,0.1509
27,Sulawesi Tenggara,2022-09-01,2022,9,0.0142,4.25,0.0045,58715000.0,,0.736,29600.6,41.0,1.2209,0.0148,0.1509
27,Sulawesi Tenggara,2022-10-01,2022,10,0.0093,4.75,0.00185,58715000.0,,0.736,29600.6,41.0,1.2209,0.0148,0.1509
27,Sulawesi Tenggara,2022-11-01,2022,11,0.0093,5.25,0.00325,58715000.0,,0.736,29600.6,41.0,1.2209,0.0148,0.1509
27,Sulawesi Tenggara,2022-12-01,2022,12,0.009,5.5,0.0101,58715000.0,,0.736,29600.6,41.0,1.2209,0.0148,0.1509
27,Sulawesi Tenggara,2023-01-01,2023,1,0.0089,5.75,-0.00335,64088000.0,,0.7392,30234.6,44.0,1.1837,0.0162,0.1553
27,Sulawesi Tenggara,2023-02-01,2023,2,0.009,5.75,-0.00215,64088000.0,3.66,0.7392,30234.6,44.0,1.1837,0.0162,0.1553
27,Sulawesi Tenggara,2023-03-01,2023,3,0.009,5.75,0.00365,64088000.0,,0.7392,30234.6,44.0,1.1837,0.0162,0.1553
27,Sulawesi Tenggara,2023-04-01,2023,4,0.0078,5.75,0.00365,64088000.0,,0.7392,30234.6,44.0,1.1837,0.0162,0.1553
27,Sulawesi Tenggara,2023-05-01,2023,5,0.0105,5.75,0.00775,64088000.0,,0.7392,30234.6,44.0,1.1837,0.0162,0.1553
27,Sulawesi Tenggara,2023-06-01,2023,6,0.0107,5.75,0.00115,64088000.0,,0.7392,30234.6,44.0,1.1837,0.0162,0.1553
27,Sulawesi Tenggara,2023-07-01,2023,7,0.0134,5.75,0.0042,64088000.0,,0.7392,30234.6,44.0,1.1837,0.0162,0.1553
27,Sulawesi Tenggara,2023-08-01,2023,8,0.0088,5.75,0.00215,64088000.0,3.15,0.7392,30234.6,44.0,1.1837,0.0162,0.1553
27,Sulawesi Tenggara,2023-09-01,2023,9,0.0087,5.75,0.0033,64088000.0,,0.7392,30234.6,44.0,1.1837,0.0162,0.1553
27,Sulawesi Tenggara,2023-10-01,2023,10,0.0094,6.0,-0.0014,64088000.0,,0.7392,30234.6,44.0,1.1837,0.0162,0.1553
27,Sulawesi Tenggara,2023-11-01,2023,11,0.0092,6.0,-0.00035,64088000.0,,0.7392,30234.6,44.0,1.1837,0.0162,0.1553
27,Sulawesi Tenggara,2023-12-01,2023,12,0.0091,6.0,0.0066,64088000.0,,0.7392,30234.6,44.0,1.1837,0.0162,0.1553
27,Sulawesi Tenggara,2024-01-01,2024,1,0.0087,6.0,0.0246,67840000.0,,0.6505,31624.72,44.0,1.2698,0.0163,0.1265
27,Sulawesi Tenggara,2024-02-01,2024,2,0.0092,6.0,0.029,67840000.0,3.22,0.6505,31624.72,44.0,1.2698,0.0163,0.1265
27,Sulawesi Tenggara,2024-03-01,2024,3,0.0077,6.0,0.0293,67840000.0,,0.6505,31624.72,44.0,1.2698,0.0163,0.1265
27,Sulawesi Tenggara,2024-04-01,2024,4,0.0115,6.25,0.0293,67840000.0,,0.6505,31624.72,44.0,1.2698,0.0163,0.1265
27,Sulawesi Tenggara,2024-05-01,2024,5,0.0291,6.25,0.0257,67840000.0,,0.6505,31624.72,44.0,1.2698,0.0163,0.1265
27,Sulawesi Tenggara,2024-06-01,2024,6,0.0242,6.25,0.0235,67840000.0,,0.6505,31624.72,44.0,1.2698,0.0163,0.1265
27,Sulawesi Tenggara,2024-07-01,2024,7,0.0225,6.25,0.0173,67840000.0,,0.6505,31624.72,44.0,1.2698,0.0163,0.1265
27,Sulawesi Tenggara,2024-08-01,2024,8,0.0218,6.25,0.0162,67840000.0,3.09,0.6505,31624.72,44.0,1.2698,0.0163,0.1265
27,Sulawesi Tenggara,2024-09-01,2024,9,0.0165,6.0,0.0106,67840000.0,,0.6505,31624.72,44.0,1.2698,0.0163,0.1265
27,Sulawesi Tenggara,2024-10-01,2024,10,0.0184,6.0,0.0071,67840000.0,,0.6505,31624.72,44.0,1.2698,0.0163,0.1265
27,Sulawesi Tenggara,2024-11-01,2024,11,0.0174,6.0,0.0105,67840000.0,,0.6505,31624.72,44.0,1.2698,0.0163,0.1265
27,Sulawesi Tenggara,2024-12-01,2024,12,0.0142,6.0,0.0105,67840000.0,,0.6505,31624.72,44.0,1.2698,0.0163,0.1265
27,Sulawesi Tenggara,2025-01-01,2025,1,0.0153,5.75,-0.0039,72031000.0,,0.7382,30892.8,44.0,1.3153,0.0192,0.1288
27,Sulawesi Tenggara,2025-02-01,2025,2,0.0144,5.75,-0.0022,72031000.0,3.27,0.7382,30892.8,44.0,1.3153,0.0192,0.1288
27,Sulawesi Tenggara,2025-03-01,2025,3,0.0148,5.75,0.0153,72031000.0,,0.7382,30892.8,44.0,1.3153,0.0192,0.1288
27,Sulawesi Tenggara,2025-04-01,2025,4,0.0159,5.75,0.0196,72031000.0,,0.7382,30892.8,44.0,1.3153,0.0192,0.1288
27,Sulawesi Tenggara,2025-05-01,2025,5,0.0159,5.75,0.0171,72031000.0,,0.7382,30892.8,44.0,1.3153,0.0192,0.1288
27,Sulawesi Tenggara,2025-06-01,2025,6,0.0144,5.5,0.0252,72031000.0,,0.7382,30892.8,44.0,1.3153,0.0192,0.1288
27,Sulawesi Tenggara,2025-07-01,2025,7,0.0148,5.25,0.0372,72031000.0,,0.7382,30892.8,44.0,1.3153,0.0192,0.1288
27,Sulawesi Tenggara,2025-08-01,2025,8,0.0143,5.0,0.0375,72031000.0,3.31,0.7382,30892.8,44.0,1.3153,0.0192,0.1288
27,Sulawesi Tenggara,2025-09-01,2025,9,0.0139,4.75,0.0368,72031000.0,,0.7382,30892.8,44.0,1.3153,0.0192,0.1288
27,Sulawesi Tenggara,2025-10-01,2025,10,0.0142,4.75,0.0326,72031000.0,,0.7382,30892.8,44.0,1.3153,0.0192,0.1288
27,Sulawesi Tenggara,2025-11-01,2025,11,0.015,4.75,0.0294,72031000.0,,0.7382,30892.8,44.0,1.3153,0.0192,0.1288
27,Sulawesi Tenggara,2025-12-01,2025,12,0.0148,4.75,0.0286,72031000.0,,0.7382,30892.8,44.0,1.3153,0.0192,0.1288
28,Bali,2021-01-01,2021,1,0.0145,3.75,0.00855,50758000.0,,0.6592,97863.86,90.0,0.8512,0.0253,0.5174
28,Bali,2021-02-01,2021,2,0.0143,3.5,0.0001,50758000.0,5.42,0.6592,97863.86,90.0,0.8512,0.0253,0.5174
28,Bali,2021-03-01,2021,3,0.0122,3.5,0.0064,50758000.0,,0.6592,97863.86,90.0,0.8512,0.0253,0.5174
28,Bali,2021-04-01,2021,4,0.0122,3.5,0.00155,50758000.0,,0.6592,97863.86,90.0,0.8512,0.0253,0.5174
28,Bali,2021-05-01,2021,5,0.0072,3.5,-0.00545,50758000.0,,0.6592,97863.86,90.0,0.8512,0.0253,0.5174
28,Bali,2021-06-01,2021,6,0.0145,3.5,-0.0044,50758000.0,,0.6592,97863.86,90.0,0.8512,0.0253,0.5174
28,Bali,2021-07-01,2021,7,0.0172,3.5,0.0006,50758000.0,,0.6592,97863.86,90.0,0.8512,0.0253,0.5174
28,Bali,2021-08-01,2021,8,0.0194,3.5,0.0002,50758000.0,5.37,0.6592,97863.86,90.0,0.8512,0.0253,0.5174
28,Bali,2021-09-01,2021,9,0.0167,3.5,-0.0013,50758000.0,,0.6592,97863.86,90.0,0.8512,0.0253,0.5174
28,Bali,2021-10-01,2021,10,0.0194,3.5,-0.00075,50758000.0,,0.6592,97863.86,90.0,0.8512,0.0253,0.5174
28,Bali,2021-11-01,2021,11,0.0209,3.5,0.00415,50758000.0,,0.6592,97863.86,90.0,0.8512,0.0253,0.5174
28,Bali,2021-12-01,2021,12,0.0199,3.5,0.01225,50758000.0,,0.6592,97863.86,90.0,0.8512,0.0253,0.5174
28,Bali,2022-01-01,2022,1,0.0214,3.5,0.0086,56093000.0,,0.734,117121.56,88.0,0.7413,0.024,0.5277
28,Bali,2022-02-01,2022,2,0.021,3.5,-0.006,56093000.0,4.84,0.734,117121.56,88.0,0.7413,0.024,0.5277
28,Bali,2022-03-01,2022,3,0.0193,3.5,0.0106,56093000.0,,0.734,117121.56,88.0,0.7413,0.024,0.5277
28,Bali,2022-04-01,2022,4,0.0182,3.5,0.00955,56093000.0,,0.734,117121.56,88.0,0.7413,0.024,0.5277
28,Bali,2022-05-01,2022,5,0.0166,3.5,0.00655,56093000.0,,0.734,117121.56,88.0,0.7413,0.024,0.5277
28,Bali,2022-06-01,2022,6,0.0187,3.5,0.0146,56093000.0,,0.734,117121.56,88.0,0.7413,0.024,0.5277
28,Bali,2022-07-01,2022,7,0.0203,3.5,0.0072,56093000.0,,0.734,117121.56,88.0,0.7413,0.024,0.5277
28,Bali,2022-08-01,2022,8,0.0216,3.75,-0.0076,56093000.0,4.8,0.734,117121.56,88.0,0.7413,0.024,0.5277
28,Bali,2022-09-01,2022,9,0.0205,4.25,0.00455,56093000.0,,0.734,117121.56,88.0,0.7413,0.024,0.5277
28,Bali,2022-10-01,2022,10,0.0191,4.75,-0.001,56093000.0,,0.734,117121.56,88.0,0.7413,0.024,0.5277
28,Bali,2022-11-01,2022,11,0.0161,5.25,0.0019,56093000.0,,0.734,117121.56,88.0,0.7413,0.024,0.5277
28,Bali,2022-12-01,2022,12,0.0148,5.5,0.00525,56093000.0,,0.734,117121.56,88.0,0.7413,0.024,0.5277
28,Bali,2023-01-01,2023,1,0.0142,5.75,0.00785,62299000.0,,0.8088,139257.66,85.0,0.6625,0.0159,0.543
28,Bali,2023-02-01,2023,2,0.0127,5.75,0.00165,62299000.0,3.73,0.8088,139257.66,85.0,0.6625,0.0159,0.543
28,Bali,2023-03-01,2023,3,0.0145,5.75,0.00225,62299000.0,,0.8088,139257.66,85.0,0.6625,0.0159,0.543
28,Bali,2023-04-01,2023,4,0.012,5.75,-0.0008,62299000.0,,0.8088,139257.66,85.0,0.6625,0.0159,0.543
28,Bali,2023-05-01,2023,5,0.0152,5.75,0.00355,62299000.0,,0.8088,139257.66,85.0,0.6625,0.0159,0.543
28,Bali,2023-06-01,2023,6,0.014,5.75,0.0007,62299000.0,,0.8088,139257.66,85.0,0.6625,0.0159,0.543
28,Bali,2023-07-01,2023,7,0.0156,5.75,0.00305,62299000.0,,0.8088,139257.66,85.0,0.6625,0.0159,0.543
28,Bali,2023-08-01,2023,8,0.0132,5.75,0.0024,62299000.0,2.69,0.8088,139257.66,85.0,0.6625,0.0159,0.543
28,Bali,2023-09-01,2023,9,0.0103,5.75,-0.0004,62299000.0,,0.8088,139257.66,85.0,0.6625,0.0159,0.543
28,Bali,2023-10-01,2023,10,0.0158,6.0,0.00295,62299000.0,,0.8088,139257.66,85.0,0.6625,0.0159,0.543
28,Bali,2023-11-01,2023,11,0.0153,6.0,0.006,62299000.0,,0.8088,139257.66,85.0,0.6625,0.0159,0.543
28,Bali,2023-12-01,2023,12,0.0178,6.0,0.0046,62299000.0,,0.8088,139257.66,85.0,0.6625,0.0159,0.543
28,Bali,2024-01-01,2024,1,0.0163,6.0,0.0261,67318000.0,,0.8547,159657.68,87.0,0.6223,0.0131,0.5419
28,Bali,2024-02-01,2024,2,0.017,6.0,0.0298,67318000.0,1.87,0.8547,159657.68,87.0,0.6223,0.0131,0.5419
28,Bali,2024-03-01,2024,3,0.0177,6.0,0.0367,67318000.0,,0.8547,159657.68,87.0,0.6223,0.0131,0.5419
28,Bali,2024-04-01,2024,4,0.0134,6.25,0.0402,67318000.0,,0.8547,159657.68,87.0,0.6223,0.0131,0.5419
28,Bali,2024-05-01,2024,5,0.0143,6.25,0.0354,67318000.0,,0.8547,159657.68,87.0,0.6223,0.0131,0.5419
28,Bali,2024-06-01,2024,6,0.0156,6.25,0.0271,67318000.0,,0.8547,159657.68,87.0,0.6223,0.0131,0.5419
28,Bali,2024-07-01,2024,7,0.0125,6.25,0.0253,67318000.0,,0.8547,159657.68,87.0,0.6223,0.0131,0.5419
28,Bali,2024-08-01,2024,8,0.0117,6.25,0.0232,67318000.0,1.79,0.8547,159657.68,87.0,0.6223,0.0131,0.5419
28,Bali,2024-09-01,2024,9,0.016,6.0,0.0267,67318000.0,,0.8547,159657.68,87.0,0.6223,0.0131,0.5419
28,Bali,2024-10-01,2024,10,0.0141,6.0,0.0251,67318000.0,,0.8547,159657.68,87.0,0.6223,0.0131,0.5419
28,Bali,2024-11-01,2024,11,0.014,6.0,0.025,67318000.0,,0.8547,159657.68,87.0,0.6223,0.0131,0.5419
28,Bali,2024-12-01,2024,12,0.0146,6.0,0.0234,67318000.0,,0.8547,159657.68,87.0,0.6223,0.0131,0.5419
28,Bali,2025-01-01,2025,1,0.0105,5.75,0.0241,72658000.0,,0.9059,168212.72,90.0,0.6104,0.0137,0.5283
28,Bali,2025-02-01,2025,2,0.01,5.75,0.0121,72658000.0,1.58,0.9059,168212.72,90.0,0.6104,0.0137,0.5283
28,Bali,2025-03-01,2025,3,0.0112,5.75,0.0189,72658000.0,,0.9059,168212.72,90.0,0.6104,0.0137,0.5283
28,Bali,2025-04-01,2025,4,0.0177,5.75,0.023,72658000.0,,0.9059,168212.72,90.0,0.6104,0.0137,0.5283
28,Bali,2025-05-01,2025,5,0.0189,5.75,0.0192,72658000.0,,0.9059,168212.72,90.0,0.6104,0.0137,0.5283
28,Bali,2025-06-01,2025,6,0.0113,5.5,0.0294,72658000.0,,0.9059,168212.72,90.0,0.6104,0.0137,0.5283
28,Bali,2025-07-01,2025,7,0.012,5.25,0.0316,72658000.0,,0.9059,168212.72,90.0,0.6104,0.0137,0.5283
28,Bali,2025-08-01,2025,8,0.0118,5.0,0.0265,72658000.0,1.49,0.9059,168212.72,90.0,0.6104,0.0137,0.5283
28,Bali,2025-09-01,2025,9,0.015,4.75,0.0251,72658000.0,,0.9059,168212.72,90.0,0.6104,0.0137,0.5283
28,Bali,2025-10-01,2025,10,0.0223,4.75,0.0261,72658000.0,,0.9059,168212.72,90.0,0.6104,0.0137,0.5283
28,Bali,2025-11-01,2025,11,0.0227,4.75,0.0251,72658000.0,,0.9059,168212.72,90.0,0.6104,0.0137,0.5283
28,Bali,2025-12-01,2025,12,0.0213,4.75,0.0291,72658000.0,,0.9059,168212.72,90.0,0.6104,0.0137,0.5283
29,Nusa Tenggara Barat,2021-01-01,2021,1,0.0052,3.75,0.0048,26009000.0,,0.5885,31807.05,55.0,1.6882,0.0137,0.3022
29,Nusa Tenggara Barat,2021-02-01,2021,2,0.0054,3.5,0.001,26009000.0,3.97,0.5885,31807.05,55.0,1.6882,0.0137,0.3022
29,Nusa Tenggara Barat,2021-03-01,2021,3,0.004,3.5,0.00265,26009000.0,,0.5885,31807.05,55.0,1.6882,0.0137,0.3022
29,Nusa Tenggara Barat,2021-04-01,2021,4,0.0051,3.5,0.00025,26009000.0,,0.5885,31807.05,55.0,1.6882,0.0137,0.3022
29,Nusa Tenggara Barat,2021-05-01,2021,5,0.0123,3.5,0.0055,26009000.0,,0.5885,31807.05,55.0,1.6882,0.0137,0.3022
29,Nusa Tenggara Barat,2021-06-01,2021,6,0.0086,3.5,-0.00315,26009000.0,,0.5885,31807.05,55.0,1.6882,0.0137,0.3022
29,Nusa Tenggara Barat,2021-07-01,2021,7,0.0114,3.5,0.0015,26009000.0,,0.5885,31807.05,55.0,1.6882,0.0137,0.3022
29,Nusa Tenggara Barat,2021-08-01,2021,8,0.0182,3.5,-0.0008,26009000.0,3.01,0.5885,31807.05,55.0,1.6882,0.0137,0.3022
29,Nusa Tenggara Barat,2021-09-01,2021,9,0.0252,3.5,0.0001,26009000.0,,0.5885,31807.05,55.0,1.6882,0.0137,0.3022
29,Nusa Tenggara Barat,2021-10-01,2021,10,0.0148,3.5,0.00095,26009000.0,,0.5885,31807.05,55.0,1.6882,0.0137,0.3022
29,Nusa Tenggara Barat,2021-11-01,2021,11,0.0164,3.5,0.00035,26009000.0,,0.5885,31807.05,55.0,1.6882,0.0137,0.3022
29,Nusa Tenggara Barat,2021-12-01,2021,12,0.016,3.5,0.00615,26009000.0,,0.5885,31807.05,55.0,1.6882,0.0137,0.3022
29,Nusa Tenggara Barat,2022-01-01,2022,1,0.0155,3.5,0.00755,28671000.0,,0.651,33799.07,49.0,1.6055,0.0164,0.3589
29,Nusa Tenggara Barat,2022-02-01,2022,2,0.0148,3.5,-0.00135,28671000.0,3.92,0.651,33799.07,49.0,1.6055,0.0164,0.3589
29,Nusa Tenggara Barat,2022-03-01,2022,3,0.0228,3.5,0.00835,28671000.0,,0.651,33799.07,49.0,1.6055,0.0164,0.3589
29,Nusa Tenggara Barat,2022-04-01,2022,4,0.0226,3.5,0.01235,28671000.0,,0.651,33799.07,49.0,1.6055,0.0164,0.3589
29,Nusa Tenggara Barat,2022-05-01,2022,5,0.0281,3.5,0.0059,28671000.0,,0.651,33799.07,49.0,1.6055,0.0164,0.3589
29,Nusa Tenggara Barat,2022-06-01,2022,6,0.0229,3.5,0.00985,28671000.0,,0.651,33799.07,49.0,1.6055,0.0164,0.3589
29,Nusa Tenggara Barat,2022-07-01,2022,7,0.0296,3.5,0.0127,28671000.0,,0.651,33799.07,49.0,1.6055,0.0164,0.3589
29,Nusa Tenggara Barat,2022-08-01,2022,8,0.0373,3.75,-0.00895,28671000.0,2.89,0.651,33799.07,49.0,1.6055,0.0164,0.3589
29,Nusa Tenggara Barat,2022-09-01,2022,9,0.0407,4.25,0.01045,28671000.0,,0.651,33799.07,49.0,1.6055,0.0164,0.3589
29,Nusa Tenggara Barat,2022-10-01,2022,10,0.037,4.75,0.0004,28671000.0,,0.651,33799.07,49.0,1.6055,0.0164,0.3589
29,Nusa Tenggara Barat,2022-11-01,2022,11,0.044,5.25,0.00095,28671000.0,,0.651,33799.07,49.0,1.6055,0.0164,0.3589
29,Nusa Tenggara Barat,2022-12-01,2022,12,0.0537,5.5,0.00315,28671000.0,,0.651,33799.07,49.0,1.6055,0.0164,0.3589
29,Nusa Tenggara Barat,2023-01-01,2023,1,0.061,5.75,0.00175,29926000.0,,0.7135,36458.79,48.0,1.7207,0.0115,0.3384
29,Nusa Tenggara Barat,2023-02-01,2023,2,0.0622,5.75,0.0045,29926000.0,3.73,0.7135,36458.79,48.0,1.7207,0.0115,0.3384
29,Nusa Tenggara Barat,2023-03-01,2023,3,0.0675,5.75,-0.0008,29926000.0,,0.7135,36458.79,48.0,1.7207,0.0115,0.3384
29,Nusa Tenggara Barat,2023-04-01,2023,4,0.0767,5.75,0.0031,29926000.0,,0.7135,36458.79,48.0,1.7207,0.0115,0.3384
29,Nusa Tenggara Barat,2023-05-01,2023,5,0.0759,5.75,0.00085,29926000.0,,0.7135,36458.79,48.0,1.7207,0.0115,0.3384
29,Nusa Tenggara Barat,2023-06-01,2023,6,0.0718,5.75,0.0008,29926000.0,,0.7135,36458.79,48.0,1.7207,0.0115,0.3384
29,Nusa Tenggara Barat,2023-07-01,2023,7,0.0674,5.75,0.0032,29926000.0,,0.7135,36458.79,48.0,1.7207,0.0115,0.3384
29,Nusa Tenggara Barat,2023-08-01,2023,8,0.0623,5.75,0.0009,29926000.0,2.8,0.7135,36458.79,48.0,1.7207,0.0115,0.3384
29,Nusa Tenggara Barat,2023-09-01,2023,9,0.06,5.75,0.00525,29926000.0,,0.7135,36458.79,48.0,1.7207,0.0115,0.3384
29,Nusa Tenggara Barat,2023-10-01,2023,10,0.0581,6.0,0.00155,29926000.0,,0.7135,36458.79,48.0,1.7207,0.0115,0.3384
29,Nusa Tenggara Barat,2023-11-01,2023,11,0.058,6.0,0.00405,29926000.0,,0.7135,36458.79,48.0,1.7207,0.0115,0.3384
29,Nusa Tenggara Barat,2023-12-01,2023,12,0.0591,6.0,0.00425,29926000.0,,0.7135,36458.79,48.0,1.7207,0.0115,0.3384
29,Nusa Tenggara Barat,2024-01-01,2024,1,0.0566,6.0,0.0287,32282000.0,,0.6611,42514.35,47.0,1.6137,0.0202,0.3291
29,Nusa Tenggara Barat,2024-02-01,2024,2,0.0571,6.0,0.03,32282000.0,3.3,0.6611,42514.35,47.0,1.6137,0.0202,0.3291
29,Nusa Tenggara Barat,2024-03-01,2024,3,0.0532,6.0,0.0363,32282000.0,,0.6611,42514.35,47.0,1.6137,0.0202,0.3291
29,Nusa Tenggara Barat,2024-04-01,2024,4,0.0511,6.25,0.0331,32282000.0,,0.6611,42514.35,47.0,1.6137,0.0202,0.3291
29,Nusa Tenggara Barat,2024-05-01,2024,5,0.0511,6.25,0.0277,32282000.0,,0.6611,42514.35,47.0,1.6137,0.0202,0.3291
29,Nusa Tenggara Barat,2024-06-01,2024,6,0.0504,6.25,0.0212,32282000.0,,0.6611,42514.35,47.0,1.6137,0.0202,0.3291
29,Nusa Tenggara Barat,2024-07-01,2024,7,0.0492,6.25,0.0191,32282000.0,,0.6611,42514.35,47.0,1.6137,0.0202,0.3291
29,Nusa Tenggara Barat,2024-08-01,2024,8,0.0499,6.25,0.0201,32282000.0,2.73,0.6611,42514.35,47.0,1.6137,0.0202,0.3291
29,Nusa Tenggara Barat,2024-09-01,2024,9,0.0495,6.0,0.0177,32282000.0,,0.6611,42514.35,47.0,1.6137,0.0202,0.3291
29,Nusa Tenggara Barat,2024-10-01,2024,10,0.0525,6.0,0.0144,32282000.0,,0.6611,42514.35,47.0,1.6137,0.0202,0.3291
29,Nusa Tenggara Barat,2024-11-01,2024,11,0.0526,6.0,0.0146,32282000.0,,0.6611,42514.35,47.0,1.6137,0.0202,0.3291
29,Nusa Tenggara Barat,2024-12-01,2024,12,0.0329,6.0,0.0128,32282000.0,,0.6611,42514.35,47.0,1.6137,0.0202,0.3291
29,Nusa Tenggara Barat,2025-01-01,2025,1,0.0369,5.75,0.0068,33667000.0,,0.7288,42454.7,47.0,1.7245,0.0236,0.3057
29,Nusa Tenggara Barat,2025-02-01,2025,2,0.0369,5.75,-0.0001,33667000.0,3.22,0.7288,42454.7,47.0,1.7245,0.0236,0.3057
29,Nusa Tenggara Barat,2025-03-01,2025,3,0.0408,5.75,0.0115,33667000.0,,0.7288,42454.7,47.0,1.7245,0.0236,0.3057
29,Nusa Tenggara Barat,2025-04-01,2025,4,0.0421,5.75,0.018,33667000.0,,0.7288,42454.7,47.0,1.7245,0.0236,0.3057
29,Nusa Tenggara Barat,2025-05-01,2025,5,0.0477,5.75,0.0163,33667000.0,,0.7288,42454.7,47.0,1.7245,0.0236,0.3057
29,Nusa Tenggara Barat,2025-06-01,2025,6,0.0436,5.5,0.0251,33667000.0,,0.7288,42454.7,47.0,1.7245,0.0236,0.3057
29,Nusa Tenggara Barat,2025-07-01,2025,7,0.0437,5.25,0.0305,33667000.0,,0.7288,42454.7,47.0,1.7245,0.0236,0.3057
29,Nusa Tenggara Barat,2025-08-01,2025,8,0.0412,5.0,0.0256,33667000.0,3.06,0.7288,42454.7,47.0,1.7245,0.0236,0.3057
29,Nusa Tenggara Barat,2025-09-01,2025,9,0.0402,4.75,0.0269,33667000.0,,0.7288,42454.7,47.0,1.7245,0.0236,0.3057
29,Nusa Tenggara Barat,2025-10-01,2025,10,0.0387,4.75,0.0296,33667000.0,,0.7288,42454.7,47.0,1.7245,0.0236,0.3057
29,Nusa Tenggara Barat,2025-11-01,2025,11,0.0392,4.75,0.0274,33667000.0,,0.7288,42454.7,47.0,1.7245,0.0236,0.3057
29,Nusa Tenggara Barat,2025-12-01,2025,12,0.0339,4.75,0.0301,33667000.0,,0.7288,42454.7,47.0,1.7245,0.0236,0.3057
30,Nusa Tenggara Timur,2021-01-01,2021,1,0.0068,3.75,0.00073,20555000.0,,0.7169,32982.12,59.0,1.1176,0.0126,0.3828
30,Nusa Tenggara Timur,2021-02-01,2021,2,0.0072,3.5,0.00597,20555000.0,3.38,0.7169,32982.12,59.0,1.1176,0.0126,0.3828
30,Nusa Tenggara Timur,2021-03-01,2021,3,0.009,3.5,-0.00363,20555000.0,,0.7169,32982.12,59.0,1.1176,0.0126,0.3828
30,Nusa Tenggara Timur,2021-04-01,2021,4,0.0087,3.5,0.00617,20555000.0,,0.7169,32982.12,59.0,1.1176,0.0126,0.3828
30,Nusa Tenggara Timur,2021-05-01,2021,5,0.0076,3.5,0.004,20555000.0,,0.7169,32982.12,59.0,1.1176,0.0126,0.3828
30,Nusa Tenggara Timur,2021-06-01,2021,6,0.0146,3.5,-0.0033,20555000.0,,0.7169,32982.12,59.0,1.1176,0.0126,0.3828
30,Nusa Tenggara Timur,2021-07-01,2021,7,0.0176,3.5,-0.0009,20555000.0,,0.7169,32982.12,59.0,1.1176,0.0126,0.3828
30,Nusa Tenggara Timur,2021-08-01,2021,8,0.016,3.5,-0.00633,20555000.0,3.77,0.7169,32982.12,59.0,1.1176,0.0126,0.3828
30,Nusa Tenggara Timur,2021-09-01,2021,9,0.0165,3.5,-0.00057,20555000.0,,0.7169,32982.12,59.0,1.1176,0.0126,0.3828
30,Nusa Tenggara Timur,2021-10-01,2021,10,0.0175,3.5,0.00027,20555000.0,,0.7169,32982.12,59.0,1.1176,0.0126,0.3828
30,Nusa Tenggara Timur,2021-11-01,2021,11,0.0179,3.5,0.00247,20555000.0,,0.7169,32982.12,59.0,1.1176,0.0126,0.3828
30,Nusa Tenggara Timur,2021-12-01,2021,12,0.0197,3.5,0.00753,20555000.0,,0.7169,32982.12,59.0,1.1176,0.0126,0.3828
30,Nusa Tenggara Timur,2022-01-01,2022,1,0.0207,3.5,0.01073,21658000.0,,0.719,32858.5,58.0,1.2102,0.0134,0.4126
30,Nusa Tenggara Timur,2022-02-01,2022,2,0.0193,3.5,0.00197,21658000.0,3.3,0.719,32858.5,58.0,1.2102,0.0134,0.4126
30,Nusa Tenggara Timur,2022-03-01,2022,3,0.0198,3.5,0.0029,21658000.0,,0.719,32858.5,58.0,1.2102,0.0134,0.4126
30,Nusa Tenggara Timur,2022-04-01,2022,4,0.0198,3.5,0.01017,21658000.0,,0.719,32858.5,58.0,1.2102,0.0134,0.4126
30,Nusa Tenggara Timur,2022-05-01,2022,5,0.0187,3.5,0.00433,21658000.0,,0.719,32858.5,58.0,1.2102,0.0134,0.4126
30,Nusa Tenggara Timur,2022-06-01,2022,6,0.0209,3.5,0.00513,21658000.0,,0.719,32858.5,58.0,1.2102,0.0134,0.4126
30,Nusa Tenggara Timur,2022-07-01,2022,7,0.0225,3.5,0.0102,21658000.0,,0.719,32858.5,58.0,1.2102,0.0134,0.4126
30,Nusa Tenggara Timur,2022-08-01,2022,8,0.0227,3.75,-0.0111,21658000.0,3.54,0.719,32858.5,58.0,1.2102,0.0134,0.4126
30,Nusa Tenggara Timur,2022-09-01,2022,9,0.0226,4.25,0.0119,21658000.0,,0.719,32858.5,58.0,1.2102,0.0134,0.4126
30,Nusa Tenggara Timur,2022-10-01,2022,10,0.0149,4.75,-0.00017,21658000.0,,0.719,32858.5,58.0,1.2102,0.0134,0.4126
30,Nusa Tenggara Timur,2022-11-01,2022,11,0.0162,5.25,-0.00087,21658000.0,,0.719,32858.5,58.0,1.2102,0.0134,0.4126
30,Nusa Tenggara Timur,2022-12-01,2022,12,0.017,5.5,0.00987,21658000.0,,0.719,32858.5,58.0,1.2102,0.0134,0.4126
30,Nusa Tenggara Timur,2023-01-01,2023,1,0.0129,5.75,0.01027,23079000.0,,0.7211,34690.92,60.0,1.2752,0.0165,0.4162
30,Nusa Tenggara Timur,2023-02-01,2023,2,0.0137,5.75,-0.00337,23079000.0,3.1,0.7211,34690.92,60.0,1.2752,0.0165,0.4162
30,Nusa Tenggara Timur,2023-03-01,2023,3,0.0156,5.75,0.0113,23079000.0,,0.7211,34690.92,60.0,1.2752,0.0165,0.4162
30,Nusa Tenggara Timur,2023-04-01,2023,4,0.0119,5.75,0.00213,23079000.0,,0.7211,34690.92,60.0,1.2752,0.0165,0.4162
30,Nusa Tenggara Timur,2023-05-01,2023,5,0.0189,5.75,-0.0029,23079000.0,,0.7211,34690.92,60.0,1.2752,0.0165,0.4162
30,Nusa Tenggara Timur,2023-06-01,2023,6,0.0179,5.75,0.00573,23079000.0,,0.7211,34690.92,60.0,1.2752,0.0165,0.4162
30,Nusa Tenggara Timur,2023-07-01,2023,7,0.0202,5.75,0.0045,23079000.0,,0.7211,34690.92,60.0,1.2752,0.0165,0.4162
30,Nusa Tenggara Timur,2023-08-01,2023,8,0.011,5.75,-0.00603,23079000.0,3.14,0.7211,34690.92,60.0,1.2752,0.0165,0.4162
30,Nusa Tenggara Timur,2023-09-01,2023,9,0.0096,5.75,-0.00093,23079000.0,,0.7211,34690.92,60.0,1.2752,0.0165,0.4162
30,Nusa Tenggara Timur,2023-10-01,2023,10,0.0158,6.0,0.00317,23079000.0,,0.7211,34690.92,60.0,1.2752,0.0165,0.4162
30,Nusa Tenggara Timur,2023-11-01,2023,11,0.0076,6.0,0.00097,23079000.0,,0.7211,34690.92,60.0,1.2752,0.0165,0.4162
30,Nusa Tenggara Timur,2023-12-01,2023,12,0.0075,6.0,0.0043,23079000.0,,0.7211,34690.92,60.0,1.2752,0.0165,0.4162
30,Nusa Tenggara Timur,2024-01-01,2024,1,0.007,6.0,0.027,24303000.0,,0.6775,34538.09,60.0,1.3145,0.0325,0.4017
30,Nusa Tenggara Timur,2024-02-01,2024,2,0.0069,6.0,0.0301,24303000.0,3.17,0.6775,34538.09,60.0,1.3145,0.0325,0.4017
30,Nusa Tenggara Timur,2024-03-01,2024,3,0.0065,6.0,0.0192,24303000.0,,0.6775,34538.09,60.0,1.3145,0.0325,0.4017
30,Nusa Tenggara Timur,2024-04-01,2024,4,0.0047,6.25,0.0235,24303000.0,,0.6775,34538.09,60.0,1.3145,0.0325,0.4017
30,Nusa Tenggara Timur,2024-05-01,2024,5,0.0057,6.25,0.0241,24303000.0,,0.6775,34538.09,60.0,1.3145,0.0325,0.4017
30,Nusa Tenggara Timur,2024-06-01,2024,6,0.0063,6.25,0.0154,24303000.0,,0.6775,34538.09,60.0,1.3145,0.0325,0.4017
30,Nusa Tenggara Timur,2024-07-01,2024,7,0.0049,6.25,0.0085,24303000.0,,0.6775,34538.09,60.0,1.3145,0.0325,0.4017
30,Nusa Tenggara Timur,2024-08-01,2024,8,0.0044,6.25,0.0122,24303000.0,3.02,0.6775,34538.09,60.0,1.3145,0.0325,0.4017
30,Nusa Tenggara Timur,2024-09-01,2024,9,0.0059,6.0,0.0107,24303000.0,,0.6775,34538.09,60.0,1.3145,0.0325,0.4017
30,Nusa Tenggara Timur,2024-10-01,2024,10,0.0097,6.0,0.0113,24303000.0,,0.6775,34538.09,60.0,1.3145,0.0325,0.4017
30,Nusa Tenggara Timur,2024-11-01,2024,11,0.0143,6.0,0.0083,24303000.0,,0.6775,34538.09,60.0,1.3145,0.0325,0.4017
30,Nusa Tenggara Timur,2024-12-01,2024,12,0.008,6.0,0.0119,24303000.0,,0.6775,34538.09,60.0,1.3145,0.0325,0.4017
30,Nusa Tenggara Timur,2025-01-01,2025,1,0.0103,5.75,-0.0006,25837000.0,,0.6969,36437.48,60.0,1.2431,0.0381,0.3918
30,Nusa Tenggara Timur,2025-02-01,2025,2,0.0128,5.75,0.0047,25837000.0,3.23,0.6969,36437.48,60.0,1.2431,0.0381,0.3918
30,Nusa Tenggara Timur,2025-03-01,2025,3,0.0126,5.75,0.0186,25837000.0,,0.6969,36437.48,60.0,1.2431,0.0381,0.3918
30,Nusa Tenggara Timur,2025-04-01,2025,4,0.0135,5.75,0.0177,25837000.0,,0.6969,36437.48,60.0,1.2431,0.0381,0.3918
30,Nusa Tenggara Timur,2025-05-01,2025,5,0.0135,5.75,0.016,25837000.0,,0.6969,36437.48,60.0,1.2431,0.0381,0.3918
30,Nusa Tenggara Timur,2025-06-01,2025,6,0.0141,5.5,0.0172,25837000.0,,0.6969,36437.48,60.0,1.2431,0.0381,0.3918
30,Nusa Tenggara Timur,2025-07-01,2025,7,0.0168,5.25,0.0303,25837000.0,,0.6969,36437.48,60.0,1.2431,0.0381,0.3918
30,Nusa Tenggara Timur,2025-08-01,2025,8,0.0194,5.0,0.0271,25837000.0,3.31,0.6969,36437.48,60.0,1.2431,0.0381,0.3918
30,Nusa Tenggara Timur,2025-09-01,2025,9,0.0186,4.75,0.023,25837000.0,,0.6969,36437.48,60.0,1.2431,0.0381,0.3918
30,Nusa Tenggara Timur,2025-10-01,2025,10,0.0189,4.75,0.02,25837000.0,,0.6969,36437.48,60.0,1.2431,0.0381,0.3918
30,Nusa Tenggara Timur,2025-11-01,2025,11,0.0206,4.75,0.024,25837000.0,,0.6969,36437.48,60.0,1.2431,0.0381,0.3918
30,Nusa Tenggara Timur,2025-12-01,2025,12,0.0153,4.75,0.0239,25837000.0,,0.6969,36437.48,60.0,1.2431,0.0381,0.3918
31,Maluku Utara,2021-01-01,2021,1,0.0051,3.75,-0.0051,40381000.0,,0.6595000000000001,9029.95,23.0,1.1824,0.0134,0.2792
31,Maluku Utara,2021-02-01,2021,2,0.006,3.5,0.0054,40381000.0,5.06,0.6595000000000001,9029.95,23.0,1.1824,0.0134,0.2792
31,Maluku Utara,2021-03-01,2021,3,0.0062,3.5,0.0008,40381000.0,,0.6595000000000001,9029.95,23.0,1.1824,0.0134,0.2792
31,Maluku Utara,2021-04-01,2021,4,0.0069,3.5,0.0025,40381000.0,,0.6595000000000001,9029.95,23.0,1.1824,0.0134,0.2792
31,Maluku Utara,2021-05-01,2021,5,0.0085,3.5,0.0044,40381000.0,,0.6595000000000001,9029.95,23.0,1.1824,0.0134,0.2792
31,Maluku Utara,2021-06-01,2021,6,0.0096,3.5,-0.0022,40381000.0,,0.6595000000000001,9029.95,23.0,1.1824,0.0134,0.2792
31,Maluku Utara,2021-07-01,2021,7,0.0105,3.5,0.0055,40381000.0,,0.6595000000000001,9029.95,23.0,1.1824,0.0134,0.2792
31,Maluku Utara,2021-08-01,2021,8,0.0078,3.5,-0.0061,40381000.0,4.71,0.6595000000000001,9029.95,23.0,1.1824,0.0134,0.2792
31,Maluku Utara,2021-09-01,2021,9,0.0068,3.5,-0.0011,40381000.0,,0.6595000000000001,9029.95,23.0,1.1824,0.0134,0.2792
31,Maluku Utara,2021-10-01,2021,10,0.0092,3.5,0.0066,40381000.0,,0.6595000000000001,9029.95,23.0,1.1824,0.0134,0.2792
31,Maluku Utara,2021-11-01,2021,11,0.013,3.5,0.0025,40381000.0,,0.6595000000000001,9029.95,23.0,1.1824,0.0134,0.2792
31,Maluku Utara,2021-12-01,2021,12,0.0174,3.5,0.0103,40381000.0,,0.6595000000000001,9029.95,23.0,1.1824,0.0134,0.2792
31,Maluku Utara,2022-01-01,2022,1,0.0163,3.5,-0.0022,53776000.0,,0.686,9975.77,22.0,1.4076,0.0107,0.2762
31,Maluku Utara,2022-02-01,2022,2,0.0143,3.5,-0.0111,53776000.0,4.98,0.686,9975.77,22.0,1.4076,0.0107,0.2762
31,Maluku Utara,2022-03-01,2022,3,0.0124,3.5,0.0034,53776000.0,,0.686,9975.77,22.0,1.4076,0.0107,0.2762
31,Maluku Utara,2022-04-01,2022,4,0.0141,3.5,0.0082,53776000.0,,0.686,9975.77,22.0,1.4076,0.0107,0.2762
31,Maluku Utara,2022-05-01,2022,5,0.0132,3.5,0.0027,53776000.0,,0.686,9975.77,22.0,1.4076,0.0107,0.2762
31,Maluku Utara,2022-06-01,2022,6,0.0163,3.5,0.0033,53776000.0,,0.686,9975.77,22.0,1.4076,0.0107,0.2762
31,Maluku Utara,2022-07-01,2022,7,0.018,3.5,0.0182,53776000.0,,0.686,9975.77,22.0,1.4076,0.0107,0.2762
31,Maluku Utara,2022-08-01,2022,8,0.0194,3.75,-0.0024,53776000.0,3.98,0.686,9975.77,22.0,1.4076,0.0107,0.2762
31,Maluku Utara,2022-09-01,2022,9,0.0215,4.25,0.0051,53776000.0,,0.686,9975.77,22.0,1.4076,0.0107,0.2762
31,Maluku Utara,2022-10-01,2022,10,0.0135,4.75,-0.0049,53776000.0,,0.686,9975.77,22.0,1.4076,0.0107,0.2762
31,Maluku Utara,2022-11-01,2022,11,0.0155,5.25,0.0019,53776000.0,,0.686,9975.77,22.0,1.4076,0.0107,0.2762
31,Maluku Utara,2022-12-01,2022,12,0.0178,5.5,0.0114,53776000.0,,0.686,9975.77,22.0,1.4076,0.0107,0.2762
31,Maluku Utara,2023-01-01,2023,1,0.0157,5.75,0.001,64270000.0,,0.7125,10636.62,22.0,1.3973,0.0152,0.2955
31,Maluku Utara,2023-02-01,2023,2,0.0111,5.75,0.0185,64270000.0,4.6,0.7125,10636.62,22.0,1.3973,0.0152,0.2955
31,Maluku Utara,2023-03-01,2023,3,0.0141,5.75,-0.0126,64270000.0,,0.7125,10636.62,22.0,1.3973,0.0152,0.2955
31,Maluku Utara,2023-04-01,2023,4,0.011,5.75,0.0132,64270000.0,,0.7125,10636.62,22.0,1.3973,0.0152,0.2955
31,Maluku Utara,2023-05-01,2023,5,0.0142,5.75,0.0034,64270000.0,,0.7125,10636.62,22.0,1.3973,0.0152,0.2955
31,Maluku Utara,2023-06-01,2023,6,0.0142,5.75,0.0001,64270000.0,,0.7125,10636.62,22.0,1.3973,0.0152,0.2955
31,Maluku Utara,2023-07-01,2023,7,0.0174,5.75,0.003,64270000.0,,0.7125,10636.62,22.0,1.3973,0.0152,0.2955
31,Maluku Utara,2023-08-01,2023,8,0.0115,5.75,0.0026,64270000.0,4.31,0.7125,10636.62,22.0,1.3973,0.0152,0.2955
31,Maluku Utara,2023-09-01,2023,9,0.0119,5.75,-0.0042,64270000.0,,0.7125,10636.62,22.0,1.3973,0.0152,0.2955
31,Maluku Utara,2023-10-01,2023,10,0.0124,6.0,0.0043,64270000.0,,0.7125,10636.62,22.0,1.3973,0.0152,0.2955
31,Maluku Utara,2023-11-01,2023,11,0.0122,6.0,-0.002,64270000.0,,0.7125,10636.62,22.0,1.3973,0.0152,0.2955
31,Maluku Utara,2023-12-01,2023,12,0.011,6.0,0.0164,64270000.0,,0.7125,10636.62,22.0,1.3973,0.0152,0.2955
31,Maluku Utara,2024-01-01,2024,1,0.0111,6.0,0.0433,71517000.0,,0.6845,12495.51,22.0,1.2836,0.0226,0.2866
31,Maluku Utara,2024-02-01,2024,2,0.0116,6.0,0.0271,71517000.0,4.16,0.6845,12495.51,22.0,1.2836,0.0226,0.2866
31,Maluku Utara,2024-03-01,2024,3,0.0132,6.0,0.0357,71517000.0,,0.6845,12495.51,22.0,1.2836,0.0226,0.2866
31,Maluku Utara,2024-04-01,2024,4,0.0098,6.25,0.0293,71517000.0,,0.6845,12495.51,22.0,1.2836,0.0226,0.2866
31,Maluku Utara,2024-05-01,2024,5,0.0122,6.25,0.0327,71517000.0,,0.6845,12495.51,22.0,1.2836,0.0226,0.2866
31,Maluku Utara,2024-06-01,2024,6,0.0099,6.25,0.0321,71517000.0,,0.6845,12495.51,22.0,1.2836,0.0226,0.2866
31,Maluku Utara,2024-07-01,2024,7,0.0072,6.25,0.0296,71517000.0,,0.6845,12495.51,22.0,1.2836,0.0226,0.2866
31,Maluku Utara,2024-08-01,2024,8,0.0075,6.25,0.0289,71517000.0,4.03,0.6845,12495.51,22.0,1.2836,0.0226,0.2866
31,Maluku Utara,2024-09-01,2024,9,0.0076,6.0,0.0356,71517000.0,,0.6845,12495.51,22.0,1.2836,0.0226,0.2866
31,Maluku Utara,2024-10-01,2024,10,0.008,6.0,0.022,71517000.0,,0.6845,12495.51,22.0,1.2836,0.0226,0.2866
31,Maluku Utara,2024-11-01,2024,11,0.0072,6.0,0.0278,71517000.0,,0.6845,12495.51,22.0,1.2836,0.0226,0.2866
31,Maluku Utara,2024-12-01,2024,12,0.0082,6.0,0.015,71517000.0,,0.6845,12495.51,22.0,1.2836,0.0226,0.2866
31,Maluku Utara,2025-01-01,2025,1,0.0079,5.75,-0.0015,97262000.0,,0.6747,14972.34,22.0,1.0673,0.0283,0.2843
31,Maluku Utara,2025-02-01,2025,2,0.0082,5.75,0.0016,97262000.0,4.26,0.6747,14972.34,22.0,1.0673,0.0283,0.2843
31,Maluku Utara,2025-03-01,2025,3,0.0084,5.75,0.0232,97262000.0,,0.6747,14972.34,22.0,1.0673,0.0283,0.2843
31,Maluku Utara,2025-04-01,2025,4,0.0101,5.75,0.0323,97262000.0,,0.6747,14972.34,22.0,1.0673,0.0283,0.2843
31,Maluku Utara,2025-05-01,2025,5,0.0087,5.75,0.0189,97262000.0,,0.6747,14972.34,22.0,1.0673,0.0283,0.2843
31,Maluku Utara,2025-06-01,2025,6,0.0062,5.5,0.0201,97262000.0,,0.6747,14972.34,22.0,1.0673,0.0283,0.2843
31,Maluku Utara,2025-07-01,2025,7,0.0063,5.25,0.0246,97262000.0,,0.6747,14972.34,22.0,1.0673,0.0283,0.2843
31,Maluku Utara,2025-08-01,2025,8,0.0066,5.0,0.0043,97262000.0,4.55,0.6747,14972.34,22.0,1.0673,0.0283,0.2843
31,Maluku Utara,2025-09-01,2025,9,0.0072,4.75,-0.0017,97262000.0,,0.6747,14972.34,22.0,1.0673,0.0283,0.2843
31,Maluku Utara,2025-10-01,2025,10,0.006,4.75,0.0118,97262000.0,,0.6747,14972.34,22.0,1.0673,0.0283,0.2843
31,Maluku Utara,2025-11-01,2025,11,0.0067,4.75,0.0189,97262000.0,,0.6747,14972.34,22.0,1.0673,0.0283,0.2843
31,Maluku Utara,2025-12-01,2025,12,0.0125,4.75,0.0163,97262000.0,,0.6747,14972.34,22.0,1.0673,0.0283,0.2843
32,Maluku,2021-01-01,2021,1,0.0064,3.75,-5e-05,26153000.0,,0.6600999999999999,14303.77,35.0,0.9543,0.018,0.3524
32,Maluku,2021-02-01,2021,2,0.0053,3.5,-0.00255,26153000.0,6.73,0.6600999999999999,14303.77,35.0,0.9543,0.018,0.3524
32,Maluku,2021-03-01,2021,3,0.0062,3.5,0.0029,26153000.0,,0.6600999999999999,14303.77,35.0,0.9543,0.018,0.3524
32,Maluku,2021-04-01,2021,4,0.0059,3.5,0.0034,26153000.0,,0.6600999999999999,14303.77,35.0,0.9543,0.018,0.3524
32,Maluku,2021-05-01,2021,5,0.0091,3.5,0.00445,26153000.0,,0.6600999999999999,14303.77,35.0,0.9543,0.018,0.3524
32,Maluku,2021-06-01,2021,6,0.0097,3.5,0.00735,26153000.0,,0.6600999999999999,14303.77,35.0,0.9543,0.018,0.3524
32,Maluku,2021-07-01,2021,7,0.0117,3.5,0.00615,26153000.0,,0.6600999999999999,14303.77,35.0,0.9543,0.018,0.3524
32,Maluku,2021-08-01,2021,8,0.0103,3.5,-5e-05,26153000.0,6.93,0.6600999999999999,14303.77,35.0,0.9543,0.018,0.3524
32,Maluku,2021-09-01,2021,9,0.0108,3.5,0.00095,26153000.0,,0.6600999999999999,14303.77,35.0,0.9543,0.018,0.3524
32,Maluku,2021-10-01,2021,10,0.0124,3.5,-0.00165,26153000.0,,0.6600999999999999,14303.77,35.0,0.9543,0.018,0.3524
32,Maluku,2021-11-01,2021,11,0.046,3.5,0.0049,26153000.0,,0.6600999999999999,14303.77,35.0,0.9543,0.018,0.3524
32,Maluku,2021-12-01,2021,12,0.0454,3.5,0.01115,26153000.0,,0.6600999999999999,14303.77,35.0,0.9543,0.018,0.3524
32,Maluku,2022-01-01,2022,1,0.0474,3.5,0.0027,28537000.0,,0.705,14033.57,35.0,1.0552,0.0174,0.371
32,Maluku,2022-02-01,2022,2,0.0165,3.5,-0.0078,28537000.0,6.44,0.705,14033.57,35.0,1.0552,0.0174,0.371
32,Maluku,2022-03-01,2022,3,0.0136,3.5,0.00105,28537000.0,,0.705,14033.57,35.0,1.0552,0.0174,0.371
32,Maluku,2022-04-01,2022,4,0.0147,3.5,0.0123,28537000.0,,0.705,14033.57,35.0,1.0552,0.0174,0.371
32,Maluku,2022-05-01,2022,5,0.0162,3.5,0.00955,28537000.0,,0.705,14033.57,35.0,1.0552,0.0174,0.371
32,Maluku,2022-06-01,2022,6,0.0205,3.5,0.00365,28537000.0,,0.705,14033.57,35.0,1.0552,0.0174,0.371
32,Maluku,2022-07-01,2022,7,0.0231,3.5,0.01665,28537000.0,,0.705,14033.57,35.0,1.0552,0.0174,0.371
32,Maluku,2022-08-01,2022,8,0.0445,3.75,-0.00045,28537000.0,6.88,0.705,14033.57,35.0,1.0552,0.0174,0.371
32,Maluku,2022-09-01,2022,9,0.043,4.25,0.0066,28537000.0,,0.705,14033.57,35.0,1.0552,0.0174,0.371
32,Maluku,2022-10-01,2022,10,0.0358,4.75,-0.00735,28537000.0,,0.705,14033.57,35.0,1.0552,0.0174,0.371
32,Maluku,2022-11-01,2022,11,0.0377,5.25,0.00995,28537000.0,,0.705,14033.57,35.0,1.0552,0.0174,0.371
32,Maluku,2022-12-01,2022,12,0.0354,5.5,0.0068,28537000.0,,0.705,14033.57,35.0,1.0552,0.0174,0.371
32,Maluku,2023-01-01,2023,1,0.0327,5.75,0.0016,30455000.0,,0.7499,14371.65,36.0,1.121,0.0223,0.3913
32,Maluku,2023-02-01,2023,2,0.0292,5.75,0.00015,30455000.0,6.08,0.7499,14371.65,36.0,1.121,0.0223,0.3913
32,Maluku,2023-03-01,2023,3,0.0312,5.75,0.003,30455000.0,,0.7499,14371.65,36.0,1.121,0.0223,0.3913
32,Maluku,2023-04-01,2023,4,0.0125,5.75,0.0038,30455000.0,,0.7499,14371.65,36.0,1.121,0.0223,0.3913
32,Maluku,2023-05-01,2023,5,0.0186,5.75,0.00775,30455000.0,,0.7499,14371.65,36.0,1.121,0.0223,0.3913
32,Maluku,2023-06-01,2023,6,0.0196,5.75,0.0086,30455000.0,,0.7499,14371.65,36.0,1.121,0.0223,0.3913
32,Maluku,2023-07-01,2023,7,0.0234,5.75,-0.0028,30455000.0,,0.7499,14371.65,36.0,1.121,0.0223,0.3913
32,Maluku,2023-08-01,2023,8,0.0139,5.75,0.00025,30455000.0,6.31,0.7499,14371.65,36.0,1.121,0.0223,0.3913
32,Maluku,2023-09-01,2023,9,0.0133,5.75,0.0043,30455000.0,,0.7499,14371.65,36.0,1.121,0.0223,0.3913
32,Maluku,2023-10-01,2023,10,0.0131,6.0,-0.00345,30455000.0,,0.7499,14371.65,36.0,1.121,0.0223,0.3913
32,Maluku,2023-11-01,2023,11,0.0119,6.0,0.00025,30455000.0,,0.7499,14371.65,36.0,1.121,0.0223,0.3913
32,Maluku,2023-12-01,2023,12,0.0131,6.0,0.00675,30455000.0,,0.7499,14371.65,36.0,1.121,0.0223,0.3913
32,Maluku,2024-01-01,2024,1,0.0144,6.0,0.0412,32199000.0,,0.6568,14445.46,36.0,1.181,0.0246,0.3771
32,Maluku,2024-02-01,2024,2,0.0122,6.0,0.0302,32199000.0,5.96,0.6568,14445.46,36.0,1.181,0.0246,0.3771
32,Maluku,2024-03-01,2024,3,0.0144,6.0,0.0275,32199000.0,,0.6568,14445.46,36.0,1.181,0.0246,0.3771
32,Maluku,2024-04-01,2024,4,0.0096,6.25,0.0243,32199000.0,,0.6568,14445.46,36.0,1.181,0.0246,0.3771
32,Maluku,2024-05-01,2024,5,0.0122,6.25,0.0321,32199000.0,,0.6568,14445.46,36.0,1.181,0.0246,0.3771
32,Maluku,2024-06-01,2024,6,0.0102,6.25,0.0363,32199000.0,,0.6568,14445.46,36.0,1.181,0.0246,0.3771
32,Maluku,2024-07-01,2024,7,0.0077,6.25,0.0271,32199000.0,,0.6568,14445.46,36.0,1.181,0.0246,0.3771
32,Maluku,2024-08-01,2024,8,0.0074,6.25,0.0258,32199000.0,6.11,0.6568,14445.46,36.0,1.181,0.0246,0.3771
32,Maluku,2024-09-01,2024,9,0.0068,6.0,0.0179,32199000.0,,0.6568,14445.46,36.0,1.181,0.0246,0.3771
32,Maluku,2024-10-01,2024,10,0.0072,6.0,0.0213,32199000.0,,0.6568,14445.46,36.0,1.181,0.0246,0.3771
32,Maluku,2024-11-01,2024,11,0.007,6.0,0.0223,32199000.0,,0.6568,14445.46,36.0,1.181,0.0246,0.3771
32,Maluku,2024-12-01,2024,12,0.0078,6.0,0.0128,32199000.0,,0.6568,14445.46,36.0,1.181,0.0246,0.3771
32,Maluku,2025-01-01,2025,1,0.0078,5.75,0.0076,33652000.0,,0.6548,14975.42,36.0,1.1592,0.0282,0.3784
32,Maluku,2025-02-01,2025,2,0.0076,5.75,0.0133,33652000.0,5.95,0.6548,14975.42,36.0,1.1592,0.0282,0.3784
32,Maluku,2025-03-01,2025,3,0.0085,5.75,0.0354,33652000.0,,0.6548,14975.42,36.0,1.1592,0.0282,0.3784
32,Maluku,2025-04-01,2025,4,0.0101,5.75,0.0334,33652000.0,,0.6548,14975.42,36.0,1.1592,0.0282,0.3784
32,Maluku,2025-05-01,2025,5,0.0102,5.75,0.0224,33652000.0,,0.6548,14975.42,36.0,1.1592,0.0282,0.3784
32,Maluku,2025-06-01,2025,6,0.0084,5.5,0.0188,33652000.0,,0.6548,14975.42,36.0,1.1592,0.0282,0.3784
32,Maluku,2025-07-01,2025,7,0.0115,5.25,0.0299,33652000.0,,0.6548,14975.42,36.0,1.1592,0.0282,0.3784
32,Maluku,2025-08-01,2025,8,0.0106,5.0,0.0325,33652000.0,6.27,0.6548,14975.42,36.0,1.1592,0.0282,0.3784
32,Maluku,2025-09-01,2025,9,0.009,4.75,0.0301,33652000.0,,0.6548,14975.42,36.0,1.1592,0.0282,0.3784
32,Maluku,2025-10-01,2025,10,0.0068,4.75,0.023,33652000.0,,0.6548,14975.42,36.0,1.1592,0.0282,0.3784
32,Maluku,2025-11-01,2025,11,0.0079,4.75,0.0233,33652000.0,,0.6548,14975.42,36.0,1.1592,0.0282,0.3784
32,Maluku,2025-12-01,2025,12,0.0066,4.75,0.0358,33652000.0,,0.6548,14975.42,36.0,1.1592,0.0282,0.3784
