provinsi_id,nama_provinsi,tanggal,tahun,bulan,twp90_pct,x1_bi_rate_pct,x2_inflasi_yoy,x3_pdrb_per_kapita,x4_tpt_pct,x5_penetrasi_internet_pct,x6_tabungan_miliar,x7_jumlah_kc_bank,x8_ldr_pct,x9_npl_ratio,x10_rasio_umkm,twp90_lag_1,twp90_lag_2,twp90_lag_3,twp90_lag_6,twp90_lag_12,x1_bi_rate_pct_lag_1,x2_inflasi_yoy_lag_1,x1_bi_rate_pct_lag_3,x2_inflasi_yoy_lag_3,x1_bi_rate_pct_lag_6,x2_inflasi_yoy_lag_6,bulan_sin,bulan_cos,time_trend,log_pdrb,log_tabungan
1,Banten,2022-01-01,2022,1,0.0217,3.5,0.0081,61414000.0,8.53,0.81,236586.03,96.0,0.7703,0.0202,0.2979,,,,,,,,,,,,0.49999999999999994,0.8660254037844387,0,17.9331483964386,12.374071410765183
1,Banten,2022-02-01,2022,2,0.0217,3.5,0.00017,61414000.0,8.53,0.81,236586.03,96.0,0.7703,0.0202,0.2979,0.0217,,,,,3.5,0.0081,,,,,0.8660254037844386,0.5000000000000001,1,17.9331483964386,12.374071410765183
1,Banten,2022-03-01,2022,3,0.0225,3.5,0.01087,61414000.0,8.456666666666667,0.81,236586.03,96.0,0.7703,0.0202,0.2979,0.0217,0.0217,,,,3.5,0.00017,,,,,1.0,6.123233995736766e-17,2,17.9331483964386,12.374071410765183
1,Banten,2022-04-01,2022,4,0.0238,3.5,0.00973,61414000.0,8.383333333333333,0.81,236586.03,96.0,0.7703,0.0202,0.2979,0.0225,0.0217,0.0217,,,3.5,0.01087,3.5,0.0081,,,0.8660254037844387,-0.4999999999999998,3,17.9331483964386,12.374071410765183
1,Banten,2022-05-01,2022,5,0.0255,3.5,0.00383,61414000.0,8.309999999999999,0.81,236586.03,96.0,0.7703,0.0202,0.2979,0.0238,0.0225,0.0217,,,3.5,0.00973,3.5,0.00017,,,0.49999999999999994,-0.8660254037844387,4,17.9331483964386,12.374071410765183
1,Banten,2022-06-01,2022,6,0.0262,3.5,0.0075,61414000.0,8.236666666666666,0.81,236586.03,96.0,0.7703,0.0202,0.2979,0.0255,0.0238,0.0225,,,3.5,0.00383,3.5,0.01087,,,1.2246467991473532e-16,-1.0,5,17.9331483964386,12.374071410765183
1,Banten,2022-07-01,2022,7,0.0287,3.5,0.00383,61414000.0,8.163333333333334,0.81,236586.03,96.0,0.7703,0.0202,0.2979,0.0262,0.0255,0.0238,0.0217,,3.5,0.0075,3.5,0.00973,3.5,0.0081,-0.4999999999999997,-0.8660254037844388,6,17.9331483964386,12.374071410765183
1,Banten,2022-08-01,2022,8,0.028,3.75,-0.0024,61414000.0,8.09,0.81,236586.03,96.0,0.7703,0.0202,0.2979,0.0287,0.0262,0.0255,0.0217,,3.5,0.00383,3.5,0.00383,3.5,0.00017,-0.8660254037844384,-0.5000000000000004,7,17.9331483964386,12.374071410765183
1,Banten,2022-09-01,2022,9,0.028,4.25,0.0123,61414000.0,8.07,0.81,236586.03,96.0,0.7703,0.0202,0.2979,0.028,0.0287,0.0262,0.0225,,3.75,-0.0024,3.5,0.0075,3.5,0.01087,-1.0,-1.8369701987210297e-16,8,17.9331483964386,12.374071410765183
1,Banten,2022-10-01,2022,10,0.0257,4.75,-0.00113,61414000.0,8.05,0.81,236586.03,96.0,0.7703,0.0202,0.2979,0.028,0.028,0.0287,0.0238,,4.25,0.0123,3.5,0.00383,3.5,0.00973,-0.8660254037844386,0.5000000000000001,9,17.9331483964386,12.374071410765183
1,Banten,2022-11-01,2022,11,0.0253,5.25,-0.00013,61414000.0,8.03,0.81,236586.03,96.0,0.7703,0.0202,0.2979,0.0257,0.028,0.028,0.0255,,4.75,-0.00113,3.75,-0.0024,3.5,0.00383,-0.5000000000000004,0.8660254037844384,10,17.9331483964386,12.374071410765183
1,Banten,2022-12-01,2022,12,0.0246,5.5,0.00483,61414000.0,8.01,0.81,236586.03,96.0,0.7703,0.0202,0.2979,0.0253,0.0257,0.028,0.0262,,5.25,-0.00013,4.25,0.0123,3.5,0.0075,-2.4492935982947064e-16,1.0,11,17.9331483964386,12.374071410765183
1,Banten,2023-01-01,2023,1,0.0236,5.75,0.0055,66147000.0,7.99,0.891,246873.64,94.0,0.7934,0.0173,0.2995,0.0246,0.0253,0.0257,0.0287,0.0217,5.5,0.00483,4.75,-0.00113,3.5,0.00383,0.49999999999999994,0.8660254037844387,12,18.00739011114075,12.416635956408612
1,Banten,2023-02-01,2023,2,0.0217,5.75,0.00257,66147000.0,7.97,0.891,246873.64,94.0,0.7934,0.0173,0.2995,0.0236,0.0246,0.0253,0.028,0.0217,5.75,0.0055,5.25,-0.00013,3.75,-0.0024,0.8660254037844386,0.5000000000000001,13,18.00739011114075,12.416635956408612
1,Banten,2023-03-01,2023,3,0.022,5.75,0.00107,66147000.0,7.895,0.891,246873.64,94.0,0.7934,0.0173,0.2995,0.0217,0.0236,0.0246,0.028,0.0225,5.75,0.00257,5.5,0.00483,4.25,0.0123,1.0,6.123233995736766e-17,14,18.00739011114075,12.416635956408612
1,Banten,2023-04-01,2023,4,0.0226,5.75,0.0041,66147000.0,7.819999999999999,0.891,246873.64,94.0,0.7934,0.0173,0.2995,0.022,0.0217,0.0236,0.0257,0.0238,5.75,0.00107,5.75,0.0055,4.75,-0.00113,0.8660254037844387,-0.4999999999999998,15,18.00739011114075,12.416635956408612
1,Banten,2023-05-01,2023,5,0.0484,5.75,0.00203,66147000.0,7.744999999999999,0.891,246873.64,94.0,0.7934,0.0173,0.2995,0.0226,0.022,0.0217,0.0253,0.0255,5.75,0.0041,5.75,0.00257,5.25,-0.00013,0.49999999999999994,-0.8660254037844387,16,18.00739011114075,12.416635956408612
1,Banten,2023-06-01,2023,6,0.0513,5.75,0.00117,66147000.0,7.67,0.891,246873.64,94.0,0.7934,0.0173,0.2995,0.0484,0.0226,0.022,0.0246,0.0262,5.75,0.00203,5.75,0.00107,5.5,0.00483,1.2246467991473532e-16,-1.0,17,18.00739011114075,12.416635956408612
1,Banten,2023-07-01,2023,7,0.0489,5.75,0.00093,66147000.0,7.595,0.891,246873.64,94.0,0.7934,0.0173,0.2995,0.0513,0.0484,0.0226,0.0236,0.0287,5.75,0.00117,5.75,0.0041,5.75,0.0055,-0.4999999999999997,-0.8660254037844388,18,18.00739011114075,12.416635956408612
1,Banten,2023-08-01,2023,8,0.0229,5.75,-0.0013,66147000.0,7.52,0.891,246873.64,94.0,0.7934,0.0173,0.2995,0.0489,0.0513,0.0484,0.0217,0.028,5.75,0.00093,5.75,0.00203,5.75,0.00257,-0.8660254037844384,-0.5000000000000004,19,18.00739011114075,12.416635956408612
1,Banten,2023-09-01,2023,9,0.0216,5.75,0.00197,66147000.0,7.436666666666666,0.891,246873.64,94.0,0.7934,0.0173,0.2995,0.0229,0.0489,0.0513,0.022,0.028,5.75,-0.0013,5.75,0.00117,5.75,0.00107,-1.0,-1.8369701987210297e-16,20,18.00739011114075,12.416635956408612
1,Banten,2023-10-01,2023,10,0.0222,6.0,0.0013,66147000.0,7.353333333333333,0.891,246873.64,94.0,0.7934,0.0173,0.2995,0.0216,0.0229,0.0489,0.0226,0.0257,5.75,0.00197,5.75,0.00093,5.75,0.0041,-0.8660254037844386,0.5000000000000001,21,18.00739011114075,12.416635956408612
1,Banten,2023-11-01,2023,11,0.0219,6.0,0.00523,66147000.0,7.27,0.891,246873.64,94.0,0.7934,0.0173,0.2995,0.0222,0.0216,0.0229,0.0484,0.0253,6.0,0.0013,5.75,-0.0013,5.75,0.00203,-0.5000000000000004,0.8660254037844384,22,18.00739011114075,12.416635956408612
1,Banten,2023-12-01,2023,12,0.0234,6.0,0.00437,66147000.0,7.1866666666666665,0.891,246873.64,94.0,0.7934,0.0173,0.2995,0.0219,0.0222,0.0216,0.0513,0.0246,6.0,0.00523,5.75,0.00197,5.75,0.00117,-2.4492935982947064e-16,1.0,23,18.00739011114075,12.416635956408612
1,Banten,2024-01-01,2024,1,0.024,6.0,0.0259,70276000.0,7.103333333333333,0.8455,268171.77,96.0,0.7943,0.0232,0.2826,0.0234,0.0219,0.0222,0.0489,0.0236,6.0,0.00437,6.0,0.0013,5.75,0.00093,0.49999999999999994,0.8660254037844387,24,18.067940918696692,12.499386715965409
1,Banten,2024-02-01,2024,2,0.0261,6.0,0.0281,70276000.0,7.02,0.8455,268171.77,96.0,0.7943,0.0232,0.2826,0.024,0.0234,0.0219,0.0229,0.0217,6.0,0.0259,6.0,0.00523,5.75,-0.0013,0.8660254037844386,0.5000000000000001,25,18.067940918696692,12.499386715965409
1,Banten,2024-03-01,2024,3,0.0266,6.0,0.0342,70276000.0,6.963333333333333,0.8455,268171.77,96.0,0.7943,0.0232,0.2826,0.0261,0.024,0.0234,0.0216,0.022,6.0,0.0281,6.0,0.00437,5.75,0.00197,1.0,6.123233995736766e-17,26,18.067940918696692,12.499386715965409
1,Banten,2024-04-01,2024,4,0.0237,6.25,0.0342,70276000.0,6.906666666666666,0.8455,268171.77,96.0,0.7943,0.0232,0.2826,0.0266,0.0261,0.024,0.0222,0.0226,6.0,0.0342,6.0,0.0259,6.0,0.0013,0.8660254037844387,-0.4999999999999998,27,18.067940918696692,12.499386715965409
1,Banten,2024-05-01,2024,5,0.0246,6.25,0.0286,70276000.0,6.85,0.8455,268171.77,96.0,0.7943,0.0232,0.2826,0.0237,0.0266,0.0261,0.0219,0.0484,6.25,0.0342,6.0,0.0281,6.0,0.00523,0.49999999999999994,-0.8660254037844387,28,18.067940918696692,12.499386715965409
1,Banten,2024-06-01,2024,6,0.0236,6.25,0.0249,70276000.0,6.793333333333333,0.8455,268171.77,96.0,0.7943,0.0232,0.2826,0.0246,0.0237,0.0266,0.0234,0.0513,6.25,0.0286,6.0,0.0342,6.0,0.00437,1.2246467991473532e-16,-1.0,29,18.067940918696692,12.499386715965409
1,Banten,2024-07-01,2024,7,0.0203,6.25,0.023,70276000.0,6.736666666666666,0.8455,268171.77,96.0,0.7943,0.0232,0.2826,0.0236,0.0246,0.0237,0.024,0.0489,6.25,0.0249,6.25,0.0342,6.0,0.0259,-0.4999999999999997,-0.8660254037844388,30,18.067940918696692,12.499386715965409
1,Banten,2024-08-01,2024,8,0.0189,6.25,0.0245,70276000.0,6.68,0.8455,268171.77,96.0,0.7943,0.0232,0.2826,0.0203,0.0236,0.0246,0.0261,0.0229,6.25,0.023,6.25,0.0286,6.0,0.0281,-0.8660254037844384,-0.5000000000000004,31,18.067940918696692,12.499386715965409
1,Banten,2024-09-01,2024,9,0.0194,6.0,0.0203,70276000.0,6.673333333333333,0.8455,268171.77,96.0,0.7943,0.0232,0.2826,0.0189,0.0203,0.0236,0.0266,0.0216,6.25,0.0245,6.25,0.0249,6.0,0.0342,-1.0,-1.8369701987210297e-16,32,18.067940918696692,12.499386715965409
1,Banten,2024-10-01,2024,10,0.019,6.0,0.0194,70276000.0,6.666666666666666,0.8455,268171.77,96.0,0.7943,0.0232,0.2826,0.0194,0.0189,0.0203,0.0237,0.0222,6.0,0.0203,6.25,0.023,6.25,0.0342,-0.8660254037844386,0.5000000000000001,33,18.067940918696692,12.499386715965409
1,Banten,2024-11-01,2024,11,0.0202,6.0,0.019,70276000.0,6.66,0.8455,268171.77,96.0,0.7943,0.0232,0.2826,0.019,0.0194,0.0189,0.0246,0.0219,6.0,0.0194,6.25,0.0245,6.25,0.0286,-0.5000000000000004,0.8660254037844384,34,18.067940918696692,12.499386715965409
1,Banten,2024-12-01,2024,12,0.0211,6.0,0.0188,70276000.0,6.653333333333333,0.8455,268171.77,96.0,0.7943,0.0232,0.2826,0.0202,0.019,0.0194,0.0236,0.0234,6.0,0.019,6.0,0.0203,6.25,0.0249,-2.4492935982947064e-16,1.0,35,18.067940918696692,12.499386715965409
1,Banten,2025-01-01,2025,1,0.0201,5.75,0.0085,74673000.0,6.6466666666666665,0.8399,268278.77,97.0,0.7998,0.0281,0.2756,0.0211,0.0202,0.019,0.0203,0.024,6.0,0.0188,6.0,0.0194,6.25,0.023,0.49999999999999994,0.8660254037844387,36,18.128629152374362,12.499785632900052
1,Banten,2025-02-01,2025,2,0.0274,5.75,-0.0033,74673000.0,6.64,0.8399,268278.77,97.0,0.7998,0.0281,0.2756,0.0201,0.0211,0.0202,0.0189,0.0261,5.75,0.0085,6.0,0.019,6.25,0.0245,0.8660254037844386,0.5000000000000001,37,18.128629152374362,12.499785632900052
1,Banten,2025-03-01,2025,3,0.0271,5.75,0.007,74673000.0,6.648333333333333,0.8399,268278.77,97.0,0.7998,0.0281,0.2756,0.0274,0.0201,0.0211,0.0194,0.0266,5.75,-0.0033,6.0,0.0188,6.0,0.0203,1.0,6.123233995736766e-17,38,18.128629152374362,12.499785632900052
1,Banten,2025-04-01,2025,4,0.0227,5.75,0.0159,74673000.0,6.656666666666666,0.8399,268278.77,97.0,0.7998,0.0281,0.2756,0.0271,0.0274,0.0201,0.019,0.0237,5.75,0.007,5.75,0.0085,6.0,0.0194,0.8660254037844387,-0.4999999999999998,39,18.128629152374362,12.499785632900052
1,Banten,2025-05-01,2025,5,0.0267,5.75,0.0157,74673000.0,6.665,0.8399,268278.77,97.0,0.7998,0.0281,0.2756,0.0227,0.0271,0.0274,0.0202,0.0246,5.75,0.0159,5.75,-0.0033,6.0,0.019,0.49999999999999994,-0.8660254037844387,40,18.128629152374362,12.499785632900052
1,Banten,2025-06-01,2025,6,0.0273,5.5,0.0183,74673000.0,6.673333333333334,0.8399,268278.77,97.0,0.7998,0.0281,0.2756,0.0267,0.0227,0.0271,0.0211,0.0236,5.75,0.0157,5.75,0.007,6.0,0.0188,1.2246467991473532e-16,-1.0,41,18.128629152374362,12.499785632900052
1,Banten,2025-07-01,2025,7,0.0247,5.25,0.0229,74673000.0,6.681666666666667,0.8399,268278.77,97.0,0.7998,0.0281,0.2756,0.0273,0.0267,0.0227,0.0201,0.0203,5.5,0.0183,5.75,0.0159,5.75,0.0085,-0.4999999999999997,-0.8660254037844388,42,18.128629152374362,12.499785632900052
1,Banten,2025-08-01,2025,8,0.0233,5.0,0.0195,74673000.0,6.69,0.8399,268278.77,97.0,0.7998,0.0281,0.2756,0.0247,0.0273,0.0267,0.0274,0.0189,5.25,0.0229,5.75,0.0157,5.75,-0.0033,-0.8660254037844384,-0.5000000000000004,43,18.128629152374362,12.499785632900052
1,Banten,2025-09-01,2025,9,0.0199,4.75,0.0231,74673000.0,6.69,0.8399,268278.77,97.0,0.7998,0.0281,0.2756,0.0233,0.0247,0.0273,0.0271,0.0194,5.0,0.0195,5.5,0.0183,5.75,0.007,-1.0,-1.8369701987210297e-16,44,18.128629152374362,12.499785632900052
1,Banten,2025-10-01,2025,10,0.0201,4.75,0.0275,74673000.0,6.69,0.8399,268278.77,97.0,0.7998,0.0281,0.2756,0.0199,0.0233,0.0247,0.0227,0.019,4.75,0.0231,5.25,0.0229,5.75,0.0159,-0.8660254037844386,0.5000000000000001,45,18.128629152374362,12.499785632900052
1,Banten,2025-11-01,2025,11,0.0258,4.75,0.0256,74673000.0,6.69,0.8399,268278.77,97.0,0.7998,0.0281,0.2756,0.0201,0.0199,0.0233,0.0267,0.0202,4.75,0.0275,5.0,0.0195,5.75,0.0157,-0.5000000000000004,0.8660254037844384,46,18.128629152374362,12.499785632900052
1,Banten,2025-12-01,2025,12,0.0243,4.75,0.0274,74673000.0,6.69,0.8399,268278.77,97.0,0.7998,0.0281,0.2756,0.0258,0.0201,0.0199,0.0273,0.0211,4.75,0.0256,4.75,0.0231,5.5,0.0183,-2.4492935982947064e-16,1.0,47,18.128629152374362,12.499785632900052
2,Dki Jakarta,2022-01-01,2022,1,0.0234,3.5,0.0046,299675000.0,8.0,0.834,3393358.58,451.0,0.9222,0.0217,0.0461,,,,,,,,,,,,0.49999999999999994,0.8660254037844387,0,19.518209115394384,15.037331015162694
2,Dki Jakarta,2022-02-01,2022,2,0.0218,3.5,-0.0005,299675000.0,8.0,0.834,3393358.58,451.0,0.9222,0.0217,0.0461,0.0234,,,,,3.5,0.0046,,,,,0.8660254037844386,0.5000000000000001,1,19.518209115394384,15.037331015162694
2,Dki Jakarta,2022-03-01,2022,3,0.0223,3.5,0.0044,299675000.0,7.863333333333333,0.834,3393358.58,451.0,0.9222,0.0217,0.0461,0.0218,0.0234,,,,3.5,-0.0005,,,,,1.0,6.123233995736766e-17,2,19.518209115394384,15.037331015162694
2,Dki Jakarta,2022-04-01,2022,4,0.0205,3.5,0.007,299675000.0,7.726666666666667,0.834,3393358.58,451.0,0.9222,0.0217,0.0461,0.0223,0.0218,0.0234,,,3.5,0.0044,3.5,0.0046,,,0.8660254037844387,-0.4999999999999998,3,19.518209115394384,15.037331015162694
2,Dki Jakarta,2022-05-01,2022,5,0.0209,3.5,0.0006,299675000.0,7.59,0.834,3393358.58,451.0,0.9222,0.0217,0.0461,0.0205,0.0223,0.0218,,,3.5,0.007,3.5,-0.0005,,,0.49999999999999994,-0.8660254037844387,4,19.518209115394384,15.037331015162694
2,Dki Jakarta,2022-06-01,2022,6,0.0242,3.5,0.0032,299675000.0,7.453333333333333,0.834,3393358.58,451.0,0.9222,0.0217,0.0461,0.0209,0.0205,0.0223,,,3.5,0.0006,3.5,0.0044,,,1.2246467991473532e-16,-1.0,5,19.518209115394384,15.037331015162694
2,Dki Jakarta,2022-07-01,2022,7,0.0243,3.5,0.0057,299675000.0,7.316666666666666,0.834,3393358.58,451.0,0.9222,0.0217,0.0461,0.0242,0.0209,0.0205,0.0234,,3.5,0.0032,3.5,0.007,3.5,0.0046,-0.4999999999999997,-0.8660254037844388,6,19.518209115394384,15.037331015162694
2,Dki Jakarta,2022-08-01,2022,8,0.0278,3.75,-0.0011,299675000.0,7.18,0.834,3393358.58,451.0,0.9222,0.0217,0.0461,0.0243,0.0242,0.0209,0.0218,,3.5,0.0057,3.5,0.0006,3.5,-0.0005,-0.8660254037844384,-0.5000000000000004,7,19.518209115394384,15.037331015162694
2,Dki Jakarta,2022-09-01,2022,9,0.028,4.25,0.0121,299675000.0,7.245,0.834,3393358.58,451.0,0.9222,0.0217,0.0461,0.0278,0.0243,0.0242,0.0223,,3.75,-0.0011,3.5,0.0032,3.5,0.0044,-1.0,-1.8369701987210297e-16,8,19.518209115394384,15.037331015162694
2,Dki Jakarta,2022-10-01,2022,10,0.0336,4.75,-0.0005,299675000.0,7.31,0.834,3393358.58,451.0,0.9222,0.0217,0.0461,0.028,0.0278,0.0243,0.0205,,4.25,0.0121,3.5,0.0057,3.5,0.007,-0.8660254037844386,0.5000000000000001,9,19.518209115394384,15.037331015162694
2,Dki Jakarta,2022-11-01,2022,11,0.0304,5.25,0.0005,299675000.0,7.375,0.834,3393358.58,451.0,0.9222,0.0217,0.0461,0.0336,0.028,0.0278,0.0209,,4.75,-0.0005,3.75,-0.0011,3.5,0.0006,-0.5000000000000004,0.8660254037844384,10,19.518209115394384,15.037331015162694
2,Dki Jakarta,2022-12-01,2022,12,0.0287,5.5,0.0055,299675000.0,7.44,0.834,3393358.58,451.0,0.9222,0.0217,0.0461,0.0304,0.0336,0.028,0.0242,,5.25,0.0005,4.25,0.0121,3.5,0.0032,-2.4492935982947064e-16,1.0,11,19.518209115394384,15.037331015162694
2,Dki Jakarta,2023-01-01,2023,1,0.0305,5.75,0.0009,322651000.0,7.505,0.8696,3467900.74,446.0,1.0211,0.0185,0.0424,0.0287,0.0304,0.0336,0.0243,0.0234,5.5,0.0055,4.75,-0.0005,3.5,0.0057,0.49999999999999994,0.8660254037844387,12,19.59208180477429,15.05906028314784
2,Dki Jakarta,2023-02-01,2023,2,0.0279,5.75,0.0019,322651000.0,7.57,0.8696,3467900.74,446.0,1.0211,0.0185,0.0424,0.0305,0.0287,0.0304,0.0278,0.0218,5.75,0.0009,5.25,0.0005,3.75,-0.0011,0.8660254037844386,0.5000000000000001,13,19.59208180477429,15.05906028314784
2,Dki Jakarta,2023-03-01,2023,3,0.0279,5.75,0.0036,322651000.0,7.396666666666666,0.8696,3467900.74,446.0,1.0211,0.0185,0.0424,0.0279,0.0305,0.0287,0.028,0.0223,5.75,0.0019,5.5,0.0055,4.25,0.0121,1.0,6.123233995736766e-17,14,19.59208180477429,15.05906028314784
2,Dki Jakarta,2023-04-01,2023,4,0.0294,5.75,0.004,322651000.0,7.223333333333334,0.8696,3467900.74,446.0,1.0211,0.0185,0.0424,0.0279,0.0279,0.0305,0.0336,0.0205,5.75,0.0036,5.75,0.0009,4.75,-0.0005,0.8660254037844387,-0.4999999999999998,15,19.59208180477429,15.05906028314784
2,Dki Jakarta,2023-05-01,2023,5,0.0323,5.75,-0.001,322651000.0,7.050000000000001,0.8696,3467900.74,446.0,1.0211,0.0185,0.0424,0.0294,0.0279,0.0279,0.0304,0.0209,5.75,0.004,5.75,0.0019,5.25,0.0005,0.49999999999999994,-0.8660254037844387,16,19.59208180477429,15.05906028314784
2,Dki Jakarta,2023-06-01,2023,6,0.0313,5.75,0.0001,322651000.0,6.876666666666667,0.8696,3467900.74,446.0,1.0211,0.0185,0.0424,0.0323,0.0294,0.0279,0.0287,0.0242,5.75,-0.001,5.75,0.0036,5.5,0.0055,1.2246467991473532e-16,-1.0,17,19.59208180477429,15.05906028314784
2,Dki Jakarta,2023-07-01,2023,7,0.031,5.75,0.0019,322651000.0,6.703333333333333,0.8696,3467900.74,446.0,1.0211,0.0185,0.0424,0.0313,0.0323,0.0294,0.0305,0.0243,5.75,0.0001,5.75,0.004,5.75,0.0009,-0.4999999999999997,-0.8660254037844388,18,19.59208180477429,15.05906028314784
2,Dki Jakarta,2023-08-01,2023,8,0.0281,5.75,0.0001,322651000.0,6.53,0.8696,3467900.74,446.0,1.0211,0.0185,0.0424,0.031,0.0313,0.0323,0.0279,0.0278,5.75,0.0019,5.75,-0.001,5.75,0.0019,-0.8660254037844384,-0.5000000000000004,19,19.59208180477429,15.05906028314784
2,Dki Jakarta,2023-09-01,2023,9,0.0273,5.75,0.0019,322651000.0,6.446666666666667,0.8696,3467900.74,446.0,1.0211,0.0185,0.0424,0.0281,0.031,0.0313,0.0279,0.028,5.75,0.0001,5.75,0.0001,5.75,0.0036,-1.0,-1.8369701987210297e-16,20,19.59208180477429,15.05906028314784
2,Dki Jakarta,2023-10-01,2023,10,0.0285,6.0,0.0013,322651000.0,6.363333333333333,0.8696,3467900.74,446.0,1.0211,0.0185,0.0424,0.0273,0.0281,0.031,0.0294,0.0336,5.75,0.0019,5.75,0.0019,5.75,0.004,-0.8660254037844386,0.5000000000000001,21,19.59208180477429,15.05906028314784
2,Dki Jakarta,2023-11-01,2023,11,0.0283,6.0,0.003,322651000.0,6.28,0.8696,3467900.74,446.0,1.0211,0.0185,0.0424,0.0285,0.0273,0.0281,0.0323,0.0304,6.0,0.0013,5.75,0.0001,5.75,-0.001,-0.5000000000000004,0.8660254037844384,22,19.59208180477429,15.05906028314784
2,Dki Jakarta,2023-12-01,2023,12,0.0312,6.0,0.005,322651000.0,6.196666666666667,0.8696,3467900.74,446.0,1.0211,0.0185,0.0424,0.0283,0.0285,0.0273,0.0313,0.0287,6.0,0.003,5.75,0.0019,5.75,0.0001,-2.4492935982947064e-16,1.0,23,19.59208180477429,15.05906028314784
2,Dki Jakarta,2024-01-01,2024,1,0.034,6.0,0.0183,344383000.0,6.113333333333333,0.8751,3579123.95,447.0,1.1058,0.0172,0.0392,0.0312,0.0283,0.0285,0.031,0.0305,6.0,0.005,6.0,0.0013,5.75,0.0019,0.49999999999999994,0.8660254037844387,24,19.657264970995392,15.090628901125342
2,Dki Jakarta,2024-02-01,2024,2,0.0309,6.0,0.0212,344383000.0,6.03,0.8751,3579123.95,447.0,1.1058,0.0172,0.0392,0.034,0.0312,0.0283,0.0281,0.0279,6.0,0.0183,6.0,0.003,5.75,0.0001,0.8660254037844386,0.5000000000000001,25,19.657264970995392,15.090628901125342
2,Dki Jakarta,2024-03-01,2024,3,0.0313,6.0,0.0218,344383000.0,6.0600000000000005,0.8751,3579123.95,447.0,1.1058,0.0172,0.0392,0.0309,0.034,0.0312,0.0273,0.0279,6.0,0.0212,6.0,0.005,5.75,0.0019,1.0,6.123233995736766e-17,26,19.657264970995392,15.090628901125342
2,Dki Jakarta,2024-04-01,2024,4,0.0331,6.25,0.0211,344383000.0,6.09,0.8751,3579123.95,447.0,1.1058,0.0172,0.0392,0.0313,0.0309,0.034,0.0285,0.0294,6.0,0.0218,6.0,0.0183,6.0,0.0013,0.8660254037844387,-0.4999999999999998,27,19.657264970995392,15.090628901125342
2,Dki Jakarta,2024-05-01,2024,5,0.0356,6.25,0.0208,344383000.0,6.12,0.8751,3579123.95,447.0,1.1058,0.0172,0.0392,0.0331,0.0313,0.0309,0.0283,0.0323,6.25,0.0211,6.0,0.0212,6.0,0.003,0.49999999999999994,-0.8660254037844387,28,19.657264970995392,15.090628901125342
2,Dki Jakarta,2024-06-01,2024,6,0.0351,6.25,0.0223,344383000.0,6.15,0.8751,3579123.95,447.0,1.1058,0.0172,0.0392,0.0356,0.0331,0.0313,0.0312,0.0313,6.25,0.0208,6.0,0.0218,6.0,0.005,1.2246467991473532e-16,-1.0,29,19.657264970995392,15.090628901125342
2,Dki Jakarta,2024-07-01,2024,7,0.032,6.25,0.0197,344383000.0,6.18,0.8751,3579123.95,447.0,1.1058,0.0172,0.0392,0.0351,0.0356,0.0331,0.034,0.031,6.25,0.0223,6.25,0.0211,6.0,0.0183,-0.4999999999999997,-0.8660254037844388,30,19.657264970995392,15.090628901125342
2,Dki Jakarta,2024-08-01,2024,8,0.0294,6.25,0.0198,344383000.0,6.21,0.8751,3579123.95,447.0,1.1058,0.0172,0.0392,0.032,0.0351,0.0356,0.0309,0.0281,6.25,0.0197,6.25,0.0208,6.0,0.0212,-0.8660254037844384,-0.5000000000000004,31,19.657264970995392,15.090628901125342
2,Dki Jakarta,2024-09-01,2024,9,0.0283,6.0,0.017,344383000.0,6.205,0.8751,3579123.95,447.0,1.1058,0.0172,0.0392,0.0294,0.032,0.0351,0.0313,0.0273,6.25,0.0198,6.25,0.0223,6.0,0.0218,-1.0,-1.8369701987210297e-16,32,19.657264970995392,15.090628901125342
2,Dki Jakarta,2024-10-01,2024,10,0.0266,6.0,0.0158,344383000.0,6.2,0.8751,3579123.95,447.0,1.1058,0.0172,0.0392,0.0283,0.0294,0.032,0.0331,0.0285,6.0,0.017,6.25,0.0197,6.25,0.0211,-0.8660254037844386,0.5000000000000001,33,19.657264970995392,15.090628901125342
2,Dki Jakarta,2024-11-01,2024,11,0.029,6.0,0.0158,344383000.0,6.195,0.8751,3579123.95,447.0,1.1058,0.0172,0.0392,0.0266,0.0283,0.0294,0.0356,0.0283,6.0,0.0158,6.25,0.0198,6.25,0.0208,-0.5000000000000004,0.8660254037844384,34,19.657264970995392,15.090628901125342
2,Dki Jakarta,2024-12-01,2024,12,0.0296,6.0,0.0148,344383000.0,6.19,0.8751,3579123.95,447.0,1.1058,0.0172,0.0392,0.029,0.0266,0.0283,0.0351,0.0312,6.0,0.0158,6.0,0.017,6.25,0.0223,-2.4492935982947064e-16,1.0,35,19.657264970995392,15.090628901125342
2,Dki Jakarta,2025-01-01,2025,1,0.0287,5.75,0.0014,367687000.0,6.185,0.9135,3893790.76,450.0,1.0624,0.0158,0.0372,0.0296,0.029,0.0266,0.032,0.034,6.0,0.0148,6.0,0.0158,6.25,0.0197,0.49999999999999994,0.8660254037844387,36,19.722742593457312,15.174893986340004
2,Dki Jakarta,2025-02-01,2025,2,0.0321,5.75,-0.0059,367687000.0,6.18,0.9135,3893790.76,450.0,1.0624,0.0158,0.0372,0.0287,0.0296,0.029,0.0294,0.0309,5.75,0.0014,6.0,0.0158,6.25,0.0198,0.8660254037844386,0.5000000000000001,37,19.722742593457312,15.174893986340004
2,Dki Jakarta,2025-03-01,2025,3,0.0308,5.75,0.0102,367687000.0,6.158333333333333,0.9135,3893790.76,450.0,1.0624,0.0158,0.0372,0.0321,0.0287,0.0296,0.0283,0.0313,5.75,-0.0059,6.0,0.0148,6.0,0.017,1.0,6.123233995736766e-17,38,19.722742593457312,15.174893986340004
2,Dki Jakarta,2025-04-01,2025,4,0.031,5.75,0.0221,367687000.0,6.136666666666667,0.9135,3893790.76,450.0,1.0624,0.0158,0.0372,0.0308,0.0321,0.0287,0.0266,0.0331,5.75,0.0102,5.75,0.0014,6.0,0.0158,0.8660254037844387,-0.4999999999999998,39,19.722742593457312,15.174893986340004
2,Dki Jakarta,2025-05-01,2025,5,0.036,5.75,0.0207,367687000.0,6.115,0.9135,3893790.76,450.0,1.0624,0.0158,0.0372,0.031,0.0308,0.0321,0.029,0.0356,5.75,0.0221,5.75,-0.0059,6.0,0.0158,0.49999999999999994,-0.8660254037844387,40,19.722742593457312,15.174893986340004
2,Dki Jakarta,2025-06-01,2025,6,0.0356,5.5,0.0207,367687000.0,6.093333333333333,0.9135,3893790.76,450.0,1.0624,0.0158,0.0372,0.036,0.031,0.0308,0.0296,0.0351,5.75,0.0207,5.75,0.0102,6.0,0.0148,1.2246467991473532e-16,-1.0,41,19.722742593457312,15.174893986340004
2,Dki Jakarta,2025-07-01,2025,7,0.0319,5.25,0.0225,367687000.0,6.071666666666666,0.9135,3893790.76,450.0,1.0624,0.0158,0.0372,0.0356,0.036,0.031,0.0287,0.032,5.5,0.0207,5.75,0.0221,5.75,0.0014,-0.4999999999999997,-0.8660254037844388,42,19.722742593457312,15.174893986340004
2,Dki Jakarta,2025-08-01,2025,8,0.0302,5.0,0.0216,367687000.0,6.05,0.9135,3893790.76,450.0,1.0624,0.0158,0.0372,0.0319,0.0356,0.036,0.0321,0.0294,5.25,0.0225,5.75,0.0207,5.75,-0.0059,-0.8660254037844384,-0.5000000000000004,43,19.722742593457312,15.174893986340004
2,Dki Jakarta,2025-09-01,2025,9,0.0364,4.75,0.024,367687000.0,6.05,0.9135,3893790.76,450.0,1.0624,0.0158,0.0372,0.0302,0.0319,0.0356,0.0308,0.0283,5.0,0.0216,5.5,0.0207,5.75,0.0102,-1.0,-1.8369701987210297e-16,44,19.722742593457312,15.174893986340004
2,Dki Jakarta,2025-10-01,2025,10,0.0361,4.75,0.0269,367687000.0,6.05,0.9135,3893790.76,450.0,1.0624,0.0158,0.0372,0.0364,0.0302,0.0319,0.031,0.0266,4.75,0.024,5.25,0.0225,5.75,0.0221,-0.8660254037844386,0.5000000000000001,45,19.722742593457312,15.174893986340004
2,Dki Jakarta,2025-11-01,2025,11,0.1156,4.75,0.0267,367687000.0,6.05,0.9135,3893790.76,450.0,1.0624,0.0158,0.0372,0.0361,0.0364,0.0302,0.036,0.029,4.75,0.0269,5.0,0.0216,5.75,0.0207,-0.5000000000000004,0.8660254037844384,46,19.722742593457312,15.174893986340004
2,Dki Jakarta,2025-12-01,2025,12,0.1158,4.75,0.0263,367687000.0,6.05,0.9135,3893790.76,450.0,1.0624,0.0158,0.0372,0.1156,0.0361,0.0364,0.0356,0.0296,4.75,0.0267,4.75,0.024,5.5,0.0207,-2.4492935982947064e-16,1.0,47,19.722742593457312,15.174893986340004
3,Jawa Barat,2022-01-01,2022,1,0.0282,3.5,0.00494,49137000.0,8.35,0.824,588747.81,375.0,0.9226,0.0304,0.3409,,,,,,,,,,,,0.49999999999999994,0.8660254037844387,0,17.710122893483888,13.2857549030793
3,Jawa Barat,2022-02-01,2022,2,0.0264,3.5,0.00229,49137000.0,8.35,0.824,588747.81,375.0,0.9226,0.0304,0.3409,0.0282,,,,,3.5,0.00494,,,,,0.8660254037844386,0.5000000000000001,1,17.710122893483888,13.2857549030793
3,Jawa Barat,2022-03-01,2022,3,0.026,3.5,0.0077,49137000.0,8.343333333333334,0.824,588747.81,375.0,0.9226,0.0304,0.3409,0.0264,0.0282,,,,3.5,0.00229,,,,,1.0,6.123233995736766e-17,2,17.710122893483888,13.2857549030793
3,Jawa Barat,2022-04-01,2022,4,0.0267,3.5,0.00999,49137000.0,8.336666666666666,0.824,588747.81,375.0,0.9226,0.0304,0.3409,0.026,0.0264,0.0282,,,3.5,0.0077,3.5,0.00494,,,0.8660254037844387,-0.4999999999999998,3,17.710122893483888,13.2857549030793
3,Jawa Barat,2022-05-01,2022,5,0.0261,3.5,0.00414,49137000.0,8.33,0.824,588747.81,375.0,0.9226,0.0304,0.3409,0.0267,0.026,0.0264,,,3.5,0.00999,3.5,0.00229,,,0.49999999999999994,-0.8660254037844387,4,17.710122893483888,13.2857549030793
3,Jawa Barat,2022-06-01,2022,6,0.0275,3.5,0.00569,49137000.0,8.323333333333334,0.824,588747.81,375.0,0.9226,0.0304,0.3409,0.0261,0.0267,0.026,,,3.5,0.00414,3.5,0.0077,,,1.2246467991473532e-16,-1.0,5,17.710122893483888,13.2857549030793
3,Jawa Barat,2022-07-01,2022,7,0.029,3.5,0.00549,49137000.0,8.316666666666666,0.824,588747.81,375.0,0.9226,0.0304,0.3409,0.0275,0.0261,0.0267,0.0282,,3.5,0.00569,3.5,0.00999,3.5,0.00494,-0.4999999999999997,-0.8660254037844388,6,17.710122893483888,13.2857549030793
3,Jawa Barat,2022-08-01,2022,8,0.0318,3.75,-0.00124,49137000.0,8.31,0.824,588747.81,375.0,0.9226,0.0304,0.3409,0.029,0.0275,0.0261,0.0264,,3.5,0.00549,3.5,0.00414,3.5,0.00229,-0.8660254037844384,-0.5000000000000004,7,17.710122893483888,13.2857549030793
3,Jawa Barat,2022-09-01,2022,9,0.0359,4.25,0.01159,49137000.0,8.24,0.824,588747.81,375.0,0.9226,0.0304,0.3409,0.0318,0.029,0.0275,0.026,,3.75,-0.00124,3.5,0.00569,3.5,0.0077,-1.0,-1.8369701987210297e-16,8,17.710122893483888,13.2857549030793
3,Jawa Barat,2022-10-01,2022,10,0.0346,4.75,-0.0006,49137000.0,8.17,0.824,588747.81,375.0,0.9226,0.0304,0.3409,0.0359,0.0318,0.029,0.0267,,4.25,0.01159,3.5,0.00549,3.5,0.00999,-0.8660254037844386,0.5000000000000001,9,17.710122893483888,13.2857549030793
3,Jawa Barat,2022-11-01,2022,11,0.0342,5.25,0.00131,49137000.0,8.1,0.824,588747.81,375.0,0.9226,0.0304,0.3409,0.0346,0.0359,0.0318,0.0261,,4.75,-0.0006,3.75,-0.00124,3.5,0.00414,-0.5000000000000004,0.8660254037844384,10,17.710122893483888,13.2857549030793
3,Jawa Barat,2022-12-01,2022,12,0.0338,5.5,0.0067,49137000.0,8.03,0.824,588747.81,375.0,0.9226,0.0304,0.3409,0.0342,0.0346,0.0359,0.0275,,5.25,0.00131,4.25,0.01159,3.5,0.00569,-2.4492935982947064e-16,1.0,11,17.710122893483888,13.2857549030793
3,Jawa Barat,2023-01-01,2023,1,0.033,5.75,0.00557,52651000.0,7.96,0.8273,609314.93,371.0,0.9474,0.0299,0.3334,0.0338,0.0342,0.0346,0.029,0.0282,5.5,0.0067,4.75,-0.0006,3.5,0.00549,0.49999999999999994,0.8660254037844387,12,17.779195808709204,13.320092180651095
3,Jawa Barat,2023-02-01,2023,2,0.0346,5.75,0.00351,52651000.0,7.89,0.8273,609314.93,371.0,0.9474,0.0299,0.3334,0.033,0.0338,0.0342,0.0318,0.0264,5.75,0.00557,5.25,0.00131,3.75,-0.00124,0.8660254037844386,0.5000000000000001,13,17.779195808709204,13.320092180651095
3,Jawa Barat,2023-03-01,2023,3,0.036,5.75,-0.00096,52651000.0,7.814999999999999,0.8273,609314.93,371.0,0.9474,0.0299,0.3334,0.0346,0.033,0.0338,0.0359,0.026,5.75,0.00351,5.5,0.0067,4.25,0.01159,1.0,6.123233995736766e-17,14,17.779195808709204,13.320092180651095
3,Jawa Barat,2023-04-01,2023,4,0.036,5.75,0.00416,52651000.0,7.74,0.8273,609314.93,371.0,0.9474,0.0299,0.3334,0.036,0.0346,0.033,0.0346,0.0267,5.75,-0.00096,5.75,0.00557,4.75,-0.0006,0.8660254037844387,-0.4999999999999998,15,17.779195808709204,13.320092180651095
3,Jawa Barat,2023-05-01,2023,5,0.0392,5.75,0.0016,52651000.0,7.665,0.8273,609314.93,371.0,0.9474,0.0299,0.3334,0.036,0.036,0.0346,0.0342,0.0261,5.75,0.00416,5.75,0.00351,5.25,0.00131,0.49999999999999994,-0.8660254037844387,16,17.779195808709204,13.320092180651095
3,Jawa Barat,2023-06-01,2023,6,0.0372,5.75,0.00144,52651000.0,7.59,0.8273,609314.93,371.0,0.9474,0.0299,0.3334,0.0392,0.036,0.036,0.0338,0.0275,5.75,0.0016,5.75,-0.00096,5.5,0.0067,1.2246467991473532e-16,-1.0,17,17.779195808709204,13.320092180651095
3,Jawa Barat,2023-07-01,2023,7,0.0414,5.75,0.00211,52651000.0,7.515000000000001,0.8273,609314.93,371.0,0.9474,0.0299,0.3334,0.0372,0.0392,0.036,0.033,0.029,5.75,0.00144,5.75,0.00416,5.75,0.00557,-0.4999999999999997,-0.8660254037844388,18,17.779195808709204,13.320092180651095
3,Jawa Barat,2023-08-01,2023,8,0.037,5.75,-0.00054,52651000.0,7.44,0.8273,609314.93,371.0,0.9474,0.0299,0.3334,0.0414,0.0372,0.0392,0.0346,0.0318,5.75,0.00211,5.75,0.0016,5.75,0.00351,-0.8660254037844384,-0.5000000000000004,19,17.779195808709204,13.320092180651095
3,Jawa Barat,2023-09-01,2023,9,0.0369,5.75,0.0017,52651000.0,7.351666666666667,0.8273,609314.93,371.0,0.9474,0.0299,0.3334,0.037,0.0414,0.0372,0.036,0.0359,5.75,-0.00054,5.75,0.00144,5.75,-0.00096,-1.0,-1.8369701987210297e-16,20,17.779195808709204,13.320092180651095
3,Jawa Barat,2023-10-01,2023,10,0.0375,6.0,0.00084,52651000.0,7.263333333333334,0.8273,609314.93,371.0,0.9474,0.0299,0.3334,0.0369,0.037,0.0414,0.036,0.0346,5.75,0.0017,5.75,0.00211,5.75,0.00416,-0.8660254037844386,0.5000000000000001,21,17.779195808709204,13.320092180651095
3,Jawa Barat,2023-11-01,2023,11,0.0367,6.0,0.0035,52651000.0,7.175000000000001,0.8273,609314.93,371.0,0.9474,0.0299,0.3334,0.0375,0.0369,0.037,0.0392,0.0342,6.0,0.00084,5.75,-0.00054,5.75,0.0016,-0.5000000000000004,0.8660254037844384,22,17.779195808709204,13.320092180651095
3,Jawa Barat,2023-12-01,2023,12,0.0382,6.0,0.003,52651000.0,7.086666666666667,0.8273,609314.93,371.0,0.9474,0.0299,0.3334,0.0367,0.0375,0.0369,0.0372,0.0338,6.0,0.0035,5.75,0.0017,5.75,0.00144,-2.4492935982947064e-16,1.0,23,17.779195808709204,13.320092180651095
3,Jawa Barat,2024-01-01,2024,1,0.0377,6.0,0.0302,56082000.0,6.998333333333333,0.8552,635255.39,372.0,0.9761,0.0311,0.311,0.0382,0.0367,0.0375,0.0414,0.033,6.0,0.003,6.0,0.00084,5.75,0.00211,0.49999999999999994,0.8660254037844387,24,17.84232548122381,13.361783960163695
3,Jawa Barat,2024-02-01,2024,2,0.039,6.0,0.0309,56082000.0,6.91,0.8552,635255.39,372.0,0.9761,0.0311,0.311,0.0377,0.0382,0.0367,0.037,0.0346,6.0,0.0302,6.0,0.0035,5.75,-0.00054,0.8660254037844386,0.5000000000000001,25,17.84232548122381,13.361783960163695
3,Jawa Barat,2024-03-01,2024,3,0.0396,6.0,0.0348,56082000.0,6.883333333333334,0.8552,635255.39,372.0,0.9761,0.0311,0.311,0.039,0.0377,0.0382,0.0369,0.036,6.0,0.0309,6.0,0.003,5.75,0.0017,1.0,6.123233995736766e-17,26,17.84232548122381,13.361783960163695
3,Jawa Barat,2024-04-01,2024,4,0.0375,6.25,0.0307,56082000.0,6.8566666666666665,0.8552,635255.39,372.0,0.9761,0.0311,0.311,0.0396,0.039,0.0377,0.0375,0.036,6.0,0.0348,6.0,0.0302,6.0,0.00084,0.8660254037844387,-0.4999999999999998,27,17.84232548122381,13.361783960163695
3,Jawa Barat,2024-05-01,2024,5,0.0369,6.25,0.0278,56082000.0,6.83,0.8552,635255.39,372.0,0.9761,0.0311,0.311,0.0375,0.0396,0.039,0.0367,0.0392,6.25,0.0307,6.0,0.0309,6.0,0.0035,0.49999999999999994,-0.8660254037844387,28,17.84232548122381,13.361783960163695
3,Jawa Barat,2024-06-01,2024,6,0.0351,6.25,0.0238,56082000.0,6.803333333333334,0.8552,635255.39,372.0,0.9761,0.0311,0.311,0.0369,0.0375,0.0396,0.0382,0.0372,6.25,0.0278,6.0,0.0348,6.0,0.003,1.2246467991473532e-16,-1.0,29,17.84232548122381,13.361783960163695
3,Jawa Barat,2024-07-01,2024,7,0.0309,6.25,0.0225,56082000.0,6.776666666666666,0.8552,635255.39,372.0,0.9761,0.0311,0.311,0.0351,0.0369,0.0375,0.0377,0.0414,6.25,0.0238,6.25,0.0307,6.0,0.0302,-0.4999999999999997,-0.8660254037844388,30,17.84232548122381,13.361783960163695
3,Jawa Barat,2024-08-01,2024,8,0.0287,6.25,0.0239,56082000.0,6.75,0.8552,635255.39,372.0,0.9761,0.0311,0.311,0.0309,0.0351,0.0369,0.039,0.037,6.25,0.0225,6.25,0.0278,6.0,0.0309,-0.8660254037844384,-0.5000000000000004,31,17.84232548122381,13.361783960163695
3,Jawa Barat,2024-09-01,2024,9,0.0286,6.0,0.0209,56082000.0,6.748333333333333,0.8552,635255.39,372.0,0.9761,0.0311,0.311,0.0287,0.0309,0.0351,0.0396,0.0369,6.25,0.0239,6.25,0.0238,6.0,0.0348,-1.0,-1.8369701987210297e-16,32,17.84232548122381,13.361783960163695
3,Jawa Barat,2024-10-01,2024,10,0.0288,6.0,0.0192,56082000.0,6.746666666666667,0.8552,635255.39,372.0,0.9761,0.0311,0.311,0.0286,0.0287,0.0309,0.0375,0.0375,6.0,0.0209,6.25,0.0225,6.25,0.0307,-0.8660254037844386,0.5000000000000001,33,17.84232548122381,13.361783960163695
3,Jawa Barat,2024-11-01,2024,11,0.0301,6.0,0.0167,56082000.0,6.745,0.8552,635255.39,372.0,0.9761,0.0311,0.311,0.0288,0.0286,0.0287,0.0369,0.0367,6.0,0.0192,6.25,0.0239,6.25,0.0278,-0.5000000000000004,0.8660254037844384,34,17.84232548122381,13.361783960163695
3,Jawa Barat,2024-12-01,2024,12,0.033,6.0,0.0164,56082000.0,6.743333333333333,0.8552,635255.39,372.0,0.9761,0.0311,0.311,0.0301,0.0288,0.0286,0.0351,0.0382,6.0,0.0167,6.0,0.0209,6.25,0.0238,-2.4492935982947064e-16,1.0,35,17.84232548122381,13.361783960163695
3,Jawa Barat,2025-01-01,2025,1,0.0309,5.75,0.0079,59865000.0,6.741666666666667,0.8652,640716.9,371.0,0.9799,0.0397,0.3024,0.033,0.0301,0.0288,0.0309,0.0377,6.0,0.0164,6.0,0.0192,6.25,0.0225,0.49999999999999994,0.8660254037844387,36,17.907602601837333,13.37034454542945
3,Jawa Barat,2025-02-01,2025,2,0.0338,5.75,-0.0027,59865000.0,6.74,0.8652,640716.9,371.0,0.9799,0.0397,0.3024,0.0309,0.033,0.0301,0.0287,0.039,5.75,0.0079,6.0,0.0167,6.25,0.0239,0.8660254037844386,0.5000000000000001,37,17.907602601837333,13.37034454542945
3,Jawa Barat,2025-03-01,2025,3,0.0334,5.75,0.0081,59865000.0,6.745,0.8652,640716.9,371.0,0.9799,0.0397,0.3024,0.0338,0.0309,0.033,0.0286,0.0396,5.75,-0.0027,6.0,0.0164,6.0,0.0209,1.0,6.123233995736766e-17,38,17.907602601837333,13.37034454542945
3,Jawa Barat,2025-04-01,2025,4,0.0372,5.75,0.0167,59865000.0,6.75,0.8652,640716.9,371.0,0.9799,0.0397,0.3024,0.0334,0.0338,0.0309,0.0288,0.0375,5.75,0.0081,5.75,0.0079,6.0,0.0192,0.8660254037844387,-0.4999999999999998,39,17.907602601837333,13.37034454542945
3,Jawa Barat,2025-05-01,2025,5,0.0396,5.75,0.0147,59865000.0,6.755,0.8652,640716.9,371.0,0.9799,0.0397,0.3024,0.0372,0.0334,0.0338,0.0301,0.0369,5.75,0.0167,5.75,-0.0027,6.0,0.0167,0.49999999999999994,-0.8660254037844387,40,17.907602601837333,13.37034454542945
3,Jawa Barat,2025-06-01,2025,6,0.0341,5.5,0.0178,59865000.0,6.76,0.8652,640716.9,371.0,0.9799,0.0397,0.3024,0.0396,0.0372,0.0334,0.033,0.0351,5.75,0.0147,5.75,0.0081,6.0,0.0164,1.2246467991473532e-16,-1.0,41,17.907602601837333,13.37034454542945
3,Jawa Barat,2025-07-01,2025,7,0.0323,5.25,0.0203,59865000.0,6.765,0.8652,640716.9,371.0,0.9799,0.0397,0.3024,0.0341,0.0396,0.0372,0.0309,0.0309,5.5,0.0178,5.75,0.0167,5.75,0.0079,-0.4999999999999997,-0.8660254037844388,42,17.907602601837333,13.37034454542945
3,Jawa Barat,2025-08-01,2025,8,0.0305,5.0,0.0177,59865000.0,6.77,0.8652,640716.9,371.0,0.9799,0.0397,0.3024,0.0323,0.0341,0.0396,0.0338,0.0287,5.25,0.0203,5.75,0.0147,5.75,-0.0027,-0.8660254037844384,-0.5000000000000004,43,17.907602601837333,13.37034454542945
3,Jawa Barat,2025-09-01,2025,9,0.0339,4.75,0.0219,59865000.0,6.77,0.8652,640716.9,371.0,0.9799,0.0397,0.3024,0.0305,0.0323,0.0341,0.0334,0.0286,5.0,0.0177,5.5,0.0178,5.75,0.0081,-1.0,-1.8369701987210297e-16,44,17.907602601837333,13.37034454542945
3,Jawa Barat,2025-10-01,2025,10,0.0322,4.75,0.0263,59865000.0,6.77,0.8652,640716.9,371.0,0.9799,0.0397,0.3024,0.0339,0.0305,0.0323,0.0372,0.0288,4.75,0.0219,5.25,0.0203,5.75,0.0167,-0.8660254037844386,0.5000000000000001,45,17.907602601837333,13.37034454542945
3,Jawa Barat,2025-11-01,2025,11,0.0322,4.75,0.0254,59865000.0,6.77,0.8652,640716.9,371.0,0.9799,0.0397,0.3024,0.0322,0.0339,0.0305,0.0396,0.0301,4.75,0.0263,5.0,0.0177,5.75,0.0147,-0.5000000000000004,0.8660254037844384,46,17.907602601837333,13.37034454542945
3,Jawa Barat,2025-12-01,2025,12,0.0329,4.75,0.0263,59865000.0,6.77,0.8652,640716.9,371.0,0.9799,0.0397,0.3024,0.0322,0.0322,0.0339,0.0341,0.033,4.75,0.0254,4.75,0.0219,5.5,0.0178,-2.4492935982947064e-16,1.0,47,17.907602601837333,13.37034454542945
4,Jawa Tengah,2022-01-01,2022,1,0.0295,3.5,0.00587,41934000.0,5.75,0.769,366687.0,326.0,0.9582,0.0414,0.4892,,,,,,,,,,,,0.49999999999999994,0.8660254037844387,0,17.55160753553432,12.812266629226174
4,Jawa Tengah,2022-02-01,2022,2,0.0263,3.5,0.00098,41934000.0,5.75,0.769,366687.0,326.0,0.9582,0.0414,0.4892,0.0295,,,,,3.5,0.00587,,,,,0.8660254037844386,0.5000000000000001,1,17.55160753553432,12.812266629226174
4,Jawa Tengah,2022-03-01,2022,3,0.0255,3.5,0.00883,41934000.0,5.72,0.769,366687.0,326.0,0.9582,0.0414,0.4892,0.0263,0.0295,,,,3.5,0.00098,,,,,1.0,6.123233995736766e-17,2,17.55160753553432,12.812266629226174
4,Jawa Tengah,2022-04-01,2022,4,0.0243,3.5,0.01305,41934000.0,5.69,0.769,366687.0,326.0,0.9582,0.0414,0.4892,0.0255,0.0263,0.0295,,,3.5,0.00883,3.5,0.00587,,,0.8660254037844387,-0.4999999999999998,3,17.55160753553432,12.812266629226174
4,Jawa Tengah,2022-05-01,2022,5,0.0231,3.5,0.00645,41934000.0,5.66,0.769,366687.0,326.0,0.9582,0.0414,0.4892,0.0243,0.0255,0.0263,,,3.5,0.01305,3.5,0.00098,,,0.49999999999999994,-0.8660254037844387,4,17.55160753553432,12.812266629226174
4,Jawa Tengah,2022-06-01,2022,6,0.0308,3.5,0.00735,41934000.0,5.63,0.769,366687.0,326.0,0.9582,0.0414,0.4892,0.0231,0.0243,0.0255,,,3.5,0.00645,3.5,0.00883,,,1.2246467991473532e-16,-1.0,5,17.55160753553432,12.812266629226174
4,Jawa Tengah,2022-07-01,2022,7,0.0284,3.5,0.00442,41934000.0,5.6000000000000005,0.769,366687.0,326.0,0.9582,0.0414,0.4892,0.0308,0.0231,0.0243,0.0295,,3.5,0.00735,3.5,0.01305,3.5,0.00587,-0.4999999999999997,-0.8660254037844388,6,17.55160753553432,12.812266629226174
4,Jawa Tengah,2022-08-01,2022,8,0.0317,3.75,-0.00407,41934000.0,5.57,0.769,366687.0,326.0,0.9582,0.0414,0.4892,0.0284,0.0308,0.0231,0.0263,,3.5,0.00442,3.5,0.00645,3.5,0.00098,-0.8660254037844384,-0.5000000000000004,7,17.55160753553432,12.812266629226174
4,Jawa Tengah,2022-09-01,2022,9,0.0342,4.25,0.01238,41934000.0,5.515000000000001,0.769,366687.0,326.0,0.9582,0.0414,0.4892,0.0317,0.0284,0.0308,0.0255,,3.75,-0.00407,3.5,0.00735,3.5,0.00883,-1.0,-1.8369701987210297e-16,8,17.55160753553432,12.812266629226174
4,Jawa Tengah,2022-10-01,2022,10,0.0238,4.75,-0.00043,41934000.0,5.46,0.769,366687.0,326.0,0.9582,0.0414,0.4892,0.0342,0.0317,0.0284,0.0243,,4.25,0.01238,3.5,0.00442,3.5,0.01305,-0.8660254037844386,0.5000000000000001,9,17.55160753553432,12.812266629226174
4,Jawa Tengah,2022-11-01,2022,11,0.0241,5.25,0.00182,41934000.0,5.405,0.769,366687.0,326.0,0.9582,0.0414,0.4892,0.0238,0.0342,0.0317,0.0231,,4.75,-0.00043,3.75,-0.00407,3.5,0.00645,-0.5000000000000004,0.8660254037844384,10,17.55160753553432,12.812266629226174
4,Jawa Tengah,2022-12-01,2022,12,0.0251,5.5,0.005,41934000.0,5.3500000000000005,0.769,366687.0,326.0,0.9582,0.0414,0.4892,0.0241,0.0238,0.0342,0.0308,,5.25,0.00182,4.25,0.01238,3.5,0.00735,-2.4492935982947064e-16,1.0,11,17.55160753553432,12.812266629226174
4,Jawa Tengah,2023-01-01,2023,1,0.0245,5.75,0.00358,45162000.0,5.295,0.7754,388275.56,318.0,0.9625,0.0409,0.4972,0.0251,0.0241,0.0238,0.0284,0.0295,5.5,0.005,4.75,-0.00043,3.5,0.00442,0.49999999999999994,0.8660254037844387,12,17.625766605387234,12.86947314820105
4,Jawa Tengah,2023-02-01,2023,2,0.0258,5.75,0.00373,45162000.0,5.24,0.7754,388275.56,318.0,0.9625,0.0409,0.4972,0.0245,0.0251,0.0241,0.0317,0.0263,5.75,0.00358,5.25,0.00182,3.75,-0.00407,0.8660254037844386,0.5000000000000001,13,17.625766605387234,12.86947314820105
4,Jawa Tengah,2023-03-01,2023,3,0.0271,5.75,0.00158,45162000.0,5.221666666666667,0.7754,388275.56,318.0,0.9625,0.0409,0.4972,0.0258,0.0245,0.0251,0.0342,0.0255,5.75,0.00373,5.5,0.005,4.25,0.01238,1.0,6.123233995736766e-17,14,17.625766605387234,12.86947314820105
4,Jawa Tengah,2023-04-01,2023,4,0.0266,5.75,0.00293,45162000.0,5.203333333333333,0.7754,388275.56,318.0,0.9625,0.0409,0.4972,0.0271,0.0258,0.0245,0.0238,0.0243,5.75,0.00158,5.75,0.00358,4.75,-0.00043,0.8660254037844387,-0.4999999999999998,15,17.625766605387234,12.86947314820105
4,Jawa Tengah,2023-05-01,2023,5,0.0307,5.75,0.0023,45162000.0,5.1850000000000005,0.7754,388275.56,318.0,0.9625,0.0409,0.4972,0.0266,0.0271,0.0258,0.0241,0.0231,5.75,0.00293,5.75,0.00373,5.25,0.00182,0.49999999999999994,-0.8660254037844387,16,17.625766605387234,12.86947314820105
4,Jawa Tengah,2023-06-01,2023,6,0.0296,5.75,0.00038,45162000.0,5.166666666666667,0.7754,388275.56,318.0,0.9625,0.0409,0.4972,0.0307,0.0266,0.0271,0.0251,0.0308,5.75,0.0023,5.75,0.00158,5.5,0.005,1.2246467991473532e-16,-1.0,17,17.625766605387234,12.86947314820105
4,Jawa Tengah,2023-07-01,2023,7,0.033,5.75,0.0016,45162000.0,5.148333333333333,0.7754,388275.56,318.0,0.9625,0.0409,0.4972,0.0296,0.0307,0.0266,0.0245,0.0284,5.75,0.00038,5.75,0.00293,5.75,0.00358,-0.4999999999999997,-0.8660254037844388,18,17.625766605387234,12.86947314820105
4,Jawa Tengah,2023-08-01,2023,8,0.0285,5.75,0.0003,45162000.0,5.13,0.7754,388275.56,318.0,0.9625,0.0409,0.4972,0.033,0.0296,0.0307,0.0258,0.0317,5.75,0.0016,5.75,0.0023,5.75,0.00373,-0.8660254037844384,-0.5000000000000004,19,17.625766605387234,12.86947314820105
4,Jawa Tengah,2023-09-01,2023,9,0.0265,5.75,0.00407,45162000.0,5.006666666666667,0.7754,388275.56,318.0,0.9625,0.0409,0.4972,0.0285,0.033,0.0296,0.0271,0.0342,5.75,0.0003,5.75,0.00038,5.75,0.00158,-1.0,-1.8369701987210297e-16,20,17.625766605387234,12.86947314820105
4,Jawa Tengah,2023-10-01,2023,10,0.0281,6.0,0.00198,45162000.0,4.883333333333333,0.7754,388275.56,318.0,0.9625,0.0409,0.4972,0.0265,0.0285,0.033,0.0266,0.0238,5.75,0.00407,5.75,0.0016,5.75,0.00293,-0.8660254037844386,0.5000000000000001,21,17.625766605387234,12.86947314820105
4,Jawa Tengah,2023-11-01,2023,11,0.0271,6.0,0.00453,45162000.0,4.76,0.7754,388275.56,318.0,0.9625,0.0409,0.4972,0.0281,0.0265,0.0285,0.0307,0.0241,6.0,0.00198,5.75,0.0003,5.75,0.0023,-0.5000000000000004,0.8660254037844384,22,17.625766605387234,12.86947314820105
4,Jawa Tengah,2023-12-01,2023,12,0.0274,6.0,0.00193,45162000.0,4.636666666666667,0.7754,388275.56,318.0,0.9625,0.0409,0.4972,0.0271,0.0281,0.0265,0.0296,0.0251,6.0,0.00453,5.75,0.00407,5.75,0.00038,-2.4492935982947064e-16,1.0,23,17.625766605387234,12.86947314820105
4,Jawa Tengah,2024-01-01,2024,1,0.0269,6.0,0.0269,47970000.0,4.513333333333333,0.8132,407782.29,315.0,0.9479,0.041,0.4921,0.0274,0.0271,0.0281,0.033,0.0245,6.0,0.00193,6.0,0.00198,5.75,0.0016,0.49999999999999994,0.8660254037844387,24,17.686086394324608,12.918491160314343
4,Jawa Tengah,2024-02-01,2024,2,0.0273,6.0,0.0298,47970000.0,4.39,0.8132,407782.29,315.0,0.9479,0.041,0.4921,0.0269,0.0274,0.0271,0.0285,0.0258,6.0,0.0269,6.0,0.00453,5.75,0.0003,0.8660254037844386,0.5000000000000001,25,17.686086394324608,12.918491160314343
4,Jawa Tengah,2024-03-01,2024,3,0.0279,6.0,0.034,47970000.0,4.455,0.8132,407782.29,315.0,0.9479,0.041,0.4921,0.0273,0.0269,0.0274,0.0265,0.0271,6.0,0.0298,6.0,0.00193,5.75,0.00407,1.0,6.123233995736766e-17,26,17.686086394324608,12.918491160314343
4,Jawa Tengah,2024-04-01,2024,4,0.026,6.25,0.0327,47970000.0,4.52,0.8132,407782.29,315.0,0.9479,0.041,0.4921,0.0279,0.0273,0.0269,0.0281,0.0266,6.0,0.034,6.0,0.0269,6.0,0.00198,0.8660254037844387,-0.4999999999999998,27,17.686086394324608,12.918491160314343
4,Jawa Tengah,2024-05-01,2024,5,0.0274,6.25,0.0266,47970000.0,4.585,0.8132,407782.29,315.0,0.9479,0.041,0.4921,0.026,0.0279,0.0273,0.0271,0.0307,6.25,0.0327,6.0,0.0298,6.0,0.00453,0.49999999999999994,-0.8660254037844387,28,17.686086394324608,12.918491160314343
4,Jawa Tengah,2024-06-01,2024,6,0.0256,6.25,0.0222,47970000.0,4.65,0.8132,407782.29,315.0,0.9479,0.041,0.4921,0.0274,0.026,0.0279,0.0274,0.0296,6.25,0.0266,6.0,0.034,6.0,0.00193,1.2246467991473532e-16,-1.0,29,17.686086394324608,12.918491160314343
4,Jawa Tengah,2024-07-01,2024,7,0.0255,6.25,0.0186,47970000.0,4.715,0.8132,407782.29,315.0,0.9479,0.041,0.4921,0.0256,0.0274,0.026,0.0269,0.033,6.25,0.0222,6.25,0.0327,6.0,0.0269,-0.4999999999999997,-0.8660254037844388,30,17.686086394324608,12.918491160314343
4,Jawa Tengah,2024-08-01,2024,8,0.0246,6.25,0.0177,47970000.0,4.78,0.8132,407782.29,315.0,0.9479,0.041,0.4921,0.0255,0.0256,0.0274,0.0273,0.0285,6.25,0.0186,6.25,0.0266,6.0,0.0298,-0.8660254037844384,-0.5000000000000004,31,17.686086394324608,12.918491160314343
4,Jawa Tengah,2024-09-01,2024,9,0.0248,6.0,0.0157,47970000.0,4.705,0.8132,407782.29,315.0,0.9479,0.041,0.4921,0.0246,0.0255,0.0256,0.0279,0.0265,6.25,0.0177,6.25,0.0222,6.0,0.034,-1.0,-1.8369701987210297e-16,32,17.686086394324608,12.918491160314343
4,Jawa Tengah,2024-10-01,2024,10,0.0238,6.0,0.016,47970000.0,4.63,0.8132,407782.29,315.0,0.9479,0.041,0.4921,0.0248,0.0246,0.0255,0.026,0.0281,6.0,0.0157,6.25,0.0186,6.25,0.0327,-0.8660254037844386,0.5000000000000001,33,17.686086394324608,12.918491160314343
4,Jawa Tengah,2024-11-01,2024,11,0.024,6.0,0.0133,47970000.0,4.555,0.8132,407782.29,315.0,0.9479,0.041,0.4921,0.0238,0.0248,0.0246,0.0274,0.0271,6.0,0.016,6.25,0.0177,6.25,0.0266,-0.5000000000000004,0.8660254037844384,34,17.686086394324608,12.918491160314343
4,Jawa Tengah,2024-12-01,2024,12,0.0249,6.0,0.0167,47970000.0,4.48,0.8132,407782.29,315.0,0.9479,0.041,0.4921,0.024,0.0238,0.0248,0.0256,0.0274,6.0,0.0133,6.0,0.0157,6.25,0.0222,-2.4492935982947064e-16,1.0,35,17.686086394324608,12.918491160314343
4,Jawa Tengah,2025-01-01,2025,1,0.0248,5.75,0.0128,50824000.0,4.405,0.8257,407163.64,311.0,0.9411,0.0471,0.4896,0.0249,0.024,0.0238,0.0255,0.0269,6.0,0.0167,6.0,0.016,6.25,0.0186,0.49999999999999994,0.8660254037844387,36,17.74387926160425,12.916972903512738
4,Jawa Tengah,2025-02-01,2025,2,0.0284,5.75,-0.0008,50824000.0,4.33,0.8257,407163.64,311.0,0.9411,0.0471,0.4896,0.0248,0.0249,0.024,0.0246,0.0273,5.75,0.0128,6.0,0.0133,6.25,0.0177,0.8660254037844386,0.5000000000000001,37,17.74387926160425,12.916972903512738
4,Jawa Tengah,2025-03-01,2025,3,0.029,5.75,0.0075,50824000.0,4.385,0.8257,407163.64,311.0,0.9411,0.0471,0.4896,0.0284,0.0248,0.0249,0.0248,0.0279,5.75,-0.0008,6.0,0.0167,6.0,0.0157,1.0,6.123233995736766e-17,38,17.74387926160425,12.916972903512738
4,Jawa Tengah,2025-04-01,2025,4,0.0332,5.75,0.0194,50824000.0,4.44,0.8257,407163.64,311.0,0.9411,0.0471,0.4896,0.029,0.0284,0.0248,0.0238,0.026,5.75,0.0075,5.75,0.0128,6.0,0.016,0.8660254037844387,-0.4999999999999998,39,17.74387926160425,12.916972903512738
4,Jawa Tengah,2025-05-01,2025,5,0.0352,5.75,0.0166,50824000.0,4.495,0.8257,407163.64,311.0,0.9411,0.0471,0.4896,0.0332,0.029,0.0284,0.024,0.0274,5.75,0.0194,5.75,-0.0008,6.0,0.0133,0.49999999999999994,-0.8660254037844387,40,17.74387926160425,12.916972903512738
4,Jawa Tengah,2025-06-01,2025,6,0.0277,5.5,0.022,50824000.0,4.55,0.8257,407163.64,311.0,0.9411,0.0471,0.4896,0.0352,0.0332,0.029,0.0249,0.0256,5.75,0.0166,5.75,0.0075,6.0,0.0167,1.2246467991473532e-16,-1.0,41,17.74387926160425,12.916972903512738
4,Jawa Tengah,2025-07-01,2025,7,0.0265,5.25,0.0252,50824000.0,4.605,0.8257,407163.64,311.0,0.9411,0.0471,0.4896,0.0277,0.0352,0.0332,0.0248,0.0255,5.5,0.022,5.75,0.0194,5.75,0.0128,-0.4999999999999997,-0.8660254037844388,42,17.74387926160425,12.916972903512738
4,Jawa Tengah,2025-08-01,2025,8,0.0246,5.0,0.0248,50824000.0,4.66,0.8257,407163.64,311.0,0.9411,0.0471,0.4896,0.0265,0.0277,0.0352,0.0284,0.0246,5.25,0.0252,5.75,0.0166,5.75,-0.0008,-0.8660254037844384,-0.5000000000000004,43,17.74387926160425,12.916972903512738
4,Jawa Tengah,2025-09-01,2025,9,0.0262,4.75,0.0265,50824000.0,4.66,0.8257,407163.64,311.0,0.9411,0.0471,0.4896,0.0246,0.0265,0.0277,0.029,0.0248,5.0,0.0248,5.5,0.022,5.75,0.0075,-1.0,-1.8369701987210297e-16,44,17.74387926160425,12.916972903512738
4,Jawa Tengah,2025-10-01,2025,10,0.0258,4.75,0.0286,50824000.0,4.66,0.8257,407163.64,311.0,0.9411,0.0471,0.4896,0.0262,0.0246,0.0265,0.0332,0.0238,4.75,0.0265,5.25,0.0252,5.75,0.0194,-0.8660254037844386,0.5000000000000001,45,17.74387926160425,12.916972903512738
4,Jawa Tengah,2025-11-01,2025,11,0.0294,4.75,0.0279,50824000.0,4.66,0.8257,407163.64,311.0,0.9411,0.0471,0.4896,0.0258,0.0262,0.0246,0.0352,0.024,4.75,0.0286,5.0,0.0248,5.75,0.0166,-0.5000000000000004,0.8660254037844384,46,17.74387926160425,12.916972903512738
4,Jawa Tengah,2025-12-01,2025,12,0.0281,4.75,0.0272,50824000.0,4.66,0.8257,407163.64,311.0,0.9411,0.0471,0.4896,0.0294,0.0258,0.0262,0.0277,0.0249,4.75,0.0279,4.75,0.0265,5.5,0.022,-2.4492935982947064e-16,1.0,47,17.74387926160425,12.916972903512738
5,Daerah Istimewa Yogyakarta,2022-01-01,2022,1,0.0233,3.5,0.0059,44639000.0,3.73,0.786,76380.46,59.0,0.62,0.0266,0.4696,,,,,,,,,,,,0.49999999999999994,0.8660254037844387,0,17.614118496754656,11.243495275548376
5,Daerah Istimewa Yogyakarta,2022-02-01,2022,2,0.0214,3.5,0.0005,44639000.0,3.73,0.786,76380.46,59.0,0.62,0.0266,0.4696,0.0233,,,,,3.5,0.0059,,,,,0.8660254037844386,0.5000000000000001,1,17.614118496754656,11.243495275548376
5,Daerah Istimewa Yogyakarta,2022-03-01,2022,3,0.0207,3.5,0.0077,44639000.0,3.785,0.786,76380.46,59.0,0.62,0.0266,0.4696,0.0214,0.0233,,,,3.5,0.0005,,,,,1.0,6.123233995736766e-17,2,17.614118496754656,11.243495275548376
5,Daerah Istimewa Yogyakarta,2022-04-01,2022,4,0.0202,3.5,0.0114,44639000.0,3.84,0.786,76380.46,59.0,0.62,0.0266,0.4696,0.0207,0.0214,0.0233,,,3.5,0.0077,3.5,0.0059,,,0.8660254037844387,-0.4999999999999998,3,17.614118496754656,11.243495275548376
5,Daerah Istimewa Yogyakarta,2022-05-01,2022,5,0.0191,3.5,0.0075,44639000.0,3.895,0.786,76380.46,59.0,0.62,0.0266,0.4696,0.0202,0.0207,0.0214,,,3.5,0.0114,3.5,0.0005,,,0.49999999999999994,-0.8660254037844387,4,17.614118496754656,11.243495275548376
5,Daerah Istimewa Yogyakarta,2022-06-01,2022,6,0.0205,3.5,0.0052,44639000.0,3.95,0.786,76380.46,59.0,0.62,0.0266,0.4696,0.0191,0.0202,0.0207,,,3.5,0.0075,3.5,0.0077,,,1.2246467991473532e-16,-1.0,5,17.614118496754656,11.243495275548376
5,Daerah Istimewa Yogyakarta,2022-07-01,2022,7,0.0231,3.5,0.0047,44639000.0,4.005,0.786,76380.46,59.0,0.62,0.0266,0.4696,0.0205,0.0191,0.0202,0.0233,,3.5,0.0052,3.5,0.0114,3.5,0.0059,-0.4999999999999997,-0.8660254037844388,6,17.614118496754656,11.243495275548376
5,Daerah Istimewa Yogyakarta,2022-08-01,2022,8,0.0254,3.75,-0.0012,44639000.0,4.06,0.786,76380.46,59.0,0.62,0.0266,0.4696,0.0231,0.0205,0.0191,0.0214,,3.5,0.0047,3.5,0.0075,3.5,0.0005,-0.8660254037844384,-0.5000000000000004,7,17.614118496754656,11.243495275548376
5,Daerah Istimewa Yogyakarta,2022-09-01,2022,9,0.0286,4.25,0.0105,44639000.0,3.98,0.786,76380.46,59.0,0.62,0.0266,0.4696,0.0254,0.0231,0.0205,0.0207,,3.75,-0.0012,3.5,0.0052,3.5,0.0077,-1.0,-1.8369701987210297e-16,8,17.614118496754656,11.243495275548376
5,Daerah Istimewa Yogyakarta,2022-10-01,2022,10,0.0241,4.75,0.0011,44639000.0,3.9,0.786,76380.46,59.0,0.62,0.0266,0.4696,0.0286,0.0254,0.0231,0.0202,,4.25,0.0105,3.5,0.0047,3.5,0.0114,-0.8660254037844386,0.5000000000000001,9,17.614118496754656,11.243495275548376
5,Daerah Istimewa Yogyakarta,2022-11-01,2022,11,0.0253,5.25,0.0032,44639000.0,3.82,0.786,76380.46,59.0,0.62,0.0266,0.4696,0.0241,0.0286,0.0254,0.0191,,4.75,0.0011,3.75,-0.0012,3.5,0.0075,-0.5000000000000004,0.8660254037844384,10,17.614118496754656,11.243495275548376
5,Daerah Istimewa Yogyakarta,2022-12-01,2022,12,0.0258,5.5,0.0065,44639000.0,3.74,0.786,76380.46,59.0,0.62,0.0266,0.4696,0.0253,0.0241,0.0286,0.0205,,5.25,0.0032,4.25,0.0105,3.5,0.0052,-2.4492935982947064e-16,1.0,11,17.614118496754656,11.243495275548376
5,Daerah Istimewa Yogyakarta,2023-01-01,2023,1,0.0229,5.75,0.0017,48373000.0,3.66,0.7903,79202.04,59.0,0.6488,0.0259,0.4487,0.0258,0.0253,0.0241,0.0231,0.0233,5.5,0.0065,4.75,0.0011,3.5,0.0047,0.49999999999999994,0.8660254037844387,12,17.694452385462984,11.279769960904261
5,Daerah Istimewa Yogyakarta,2023-02-01,2023,2,0.0206,5.75,0.0027,48373000.0,3.58,0.7903,79202.04,59.0,0.6488,0.0259,0.4487,0.0229,0.0258,0.0253,0.0254,0.0214,5.75,0.0017,5.25,0.0032,3.75,-0.0012,0.8660254037844386,0.5000000000000001,13,17.694452385462984,11.279769960904261
5,Daerah Istimewa Yogyakarta,2023-03-01,2023,3,0.0213,5.75,0.006,48373000.0,3.5983333333333336,0.7903,79202.04,59.0,0.6488,0.0259,0.4487,0.0206,0.0229,0.0258,0.0286,0.0207,5.75,0.0027,5.5,0.0065,4.25,0.0105,1.0,6.123233995736766e-17,14,17.694452385462984,11.279769960904261
5,Daerah Istimewa Yogyakarta,2023-04-01,2023,4,0.0204,5.75,0.0022,48373000.0,3.6166666666666663,0.7903,79202.04,59.0,0.6488,0.0259,0.4487,0.0213,0.0206,0.0229,0.0241,0.0202,5.75,0.006,5.75,0.0017,4.75,0.0011,0.8660254037844387,-0.4999999999999998,15,17.694452385462984,11.279769960904261
5,Daerah Istimewa Yogyakarta,2023-05-01,2023,5,0.0268,5.75,0.0035,48373000.0,3.635,0.7903,79202.04,59.0,0.6488,0.0259,0.4487,0.0204,0.0213,0.0206,0.0253,0.0191,5.75,0.0022,5.75,0.0027,5.25,0.0032,0.49999999999999994,-0.8660254037844387,16,17.694452385462984,11.279769960904261
5,Daerah Istimewa Yogyakarta,2023-06-01,2023,6,0.0248,5.75,0.0002,48373000.0,3.653333333333333,0.7903,79202.04,59.0,0.6488,0.0259,0.4487,0.0268,0.0204,0.0213,0.0258,0.0205,5.75,0.0035,5.75,0.006,5.5,0.0065,1.2246467991473532e-16,-1.0,17,17.694452385462984,11.279769960904261
5,Daerah Istimewa Yogyakarta,2023-07-01,2023,7,0.0254,5.75,0.0028,48373000.0,3.671666666666667,0.7903,79202.04,59.0,0.6488,0.0259,0.4487,0.0248,0.0268,0.0204,0.0229,0.0231,5.75,0.0002,5.75,0.0022,5.75,0.0017,-0.4999999999999997,-0.8660254037844388,18,17.694452385462984,11.279769960904261
5,Daerah Istimewa Yogyakarta,2023-08-01,2023,8,0.0208,5.75,-0.0004,48373000.0,3.69,0.7903,79202.04,59.0,0.6488,0.0259,0.4487,0.0254,0.0248,0.0268,0.0206,0.0254,5.75,0.0028,5.75,0.0035,5.75,0.0027,-0.8660254037844384,-0.5000000000000004,19,17.694452385462984,11.279769960904261
5,Daerah Istimewa Yogyakarta,2023-09-01,2023,9,0.0213,5.75,0.0029,48373000.0,3.615,0.7903,79202.04,59.0,0.6488,0.0259,0.4487,0.0208,0.0254,0.0248,0.0213,0.0286,5.75,-0.0004,5.75,0.0002,5.75,0.006,-1.0,-1.8369701987210297e-16,20,17.694452385462984,11.279769960904261
5,Daerah Istimewa Yogyakarta,2023-10-01,2023,10,0.0226,6.0,0.0025,48373000.0,3.54,0.7903,79202.04,59.0,0.6488,0.0259,0.4487,0.0213,0.0208,0.0254,0.0204,0.0241,5.75,0.0029,5.75,0.0028,5.75,0.0022,-0.8660254037844386,0.5000000000000001,21,17.694452385462984,11.279769960904261
5,Daerah Istimewa Yogyakarta,2023-11-01,2023,11,0.0257,6.0,0.0035,48373000.0,3.465,0.7903,79202.04,59.0,0.6488,0.0259,0.4487,0.0226,0.0213,0.0208,0.0268,0.0253,6.0,0.0025,5.75,-0.0004,5.75,0.0035,-0.5000000000000004,0.8660254037844384,22,17.694452385462984,11.279769960904261
5,Daerah Istimewa Yogyakarta,2023-12-01,2023,12,0.0332,6.0,0.0035,48373000.0,3.39,0.7903,79202.04,59.0,0.6488,0.0259,0.4487,0.0257,0.0226,0.0213,0.0248,0.0258,6.0,0.0035,5.75,0.0029,5.75,0.0002,-2.4492935982947064e-16,1.0,23,17.694452385462984,11.279769960904261
5,Daerah Istimewa Yogyakarta,2024-01-01,2024,1,0.0338,6.0,0.026,51486000.0,3.3150000000000004,0.8873,82759.06,58.0,0.6732,0.0282,0.4131,0.0332,0.0257,0.0226,0.0254,0.0229,6.0,0.0035,6.0,0.0025,5.75,0.0028,0.49999999999999994,0.8660254037844387,24,17.756820503440068,11.323700856847134
5,Daerah Istimewa Yogyakarta,2024-02-01,2024,2,0.0328,6.0,0.0275,51486000.0,3.24,0.8873,82759.06,58.0,0.6732,0.0282,0.4131,0.0338,0.0332,0.0257,0.0208,0.0206,6.0,0.026,6.0,0.0035,5.75,-0.0004,0.8660254037844386,0.5000000000000001,25,17.756820503440068,11.323700856847134
5,Daerah Istimewa Yogyakarta,2024-03-01,2024,3,0.032,6.0,0.0295,51486000.0,3.28,0.8873,82759.06,58.0,0.6732,0.0282,0.4131,0.0328,0.0338,0.0332,0.0213,0.0213,6.0,0.0275,6.0,0.0035,5.75,0.0029,1.0,6.123233995736766e-17,26,17.756820503440068,11.323700856847134
5,Daerah Istimewa Yogyakarta,2024-04-01,2024,4,0.0321,6.25,0.0287,51486000.0,3.3200000000000003,0.8873,82759.06,58.0,0.6732,0.0282,0.4131,0.032,0.0328,0.0338,0.0226,0.0204,6.0,0.0295,6.0,0.026,6.0,0.0025,0.8660254037844387,-0.4999999999999998,27,17.756820503440068,11.323700856847134
5,Daerah Istimewa Yogyakarta,2024-05-01,2024,5,0.0302,6.25,0.0228,51486000.0,3.3600000000000003,0.8873,82759.06,58.0,0.6732,0.0282,0.4131,0.0321,0.032,0.0328,0.0257,0.0268,6.25,0.0287,6.0,0.0275,6.0,0.0035,0.49999999999999994,-0.8660254037844387,28,17.756820503440068,11.323700856847134
5,Daerah Istimewa Yogyakarta,2024-06-01,2024,6,0.0301,6.25,0.0235,51486000.0,3.4,0.8873,82759.06,58.0,0.6732,0.0282,0.4131,0.0302,0.0321,0.032,0.0332,0.0248,6.25,0.0228,6.0,0.0295,6.0,0.0035,1.2246467991473532e-16,-1.0,29,17.756820503440068,11.323700856847134
5,Daerah Istimewa Yogyakarta,2024-07-01,2024,7,0.0319,6.25,0.0216,51486000.0,3.44,0.8873,82759.06,58.0,0.6732,0.0282,0.4131,0.0301,0.0302,0.0321,0.0338,0.0254,6.25,0.0235,6.25,0.0287,6.0,0.026,-0.4999999999999997,-0.8660254037844388,30,17.756820503440068,11.323700856847134
5,Daerah Istimewa Yogyakarta,2024-08-01,2024,8,0.0311,6.25,0.0233,51486000.0,3.48,0.8873,82759.06,58.0,0.6732,0.0282,0.4131,0.0319,0.0301,0.0302,0.0328,0.0208,6.25,0.0216,6.25,0.0228,6.0,0.0275,-0.8660254037844384,-0.5000000000000004,31,17.756820503440068,11.323700856847134
5,Daerah Istimewa Yogyakarta,2024-09-01,2024,9,0.0282,6.0,0.0185,51486000.0,3.43,0.8873,82759.06,58.0,0.6732,0.0282,0.4131,0.0311,0.0319,0.0301,0.032,0.0213,6.25,0.0233,6.25,0.0235,6.0,0.0295,-1.0,-1.8369701987210297e-16,32,17.756820503440068,11.323700856847134
5,Daerah Istimewa Yogyakarta,2024-10-01,2024,10,0.0219,6.0,0.0157,51486000.0,3.38,0.8873,82759.06,58.0,0.6732,0.0282,0.4131,0.0282,0.0311,0.0319,0.0321,0.0226,6.0,0.0185,6.25,0.0216,6.25,0.0287,-0.8660254037844386,0.5000000000000001,33,17.756820503440068,11.323700856847134
5,Daerah Istimewa Yogyakarta,2024-11-01,2024,11,0.0204,6.0,0.0114,51486000.0,3.33,0.8873,82759.06,58.0,0.6732,0.0282,0.4131,0.0219,0.0282,0.0311,0.0302,0.0257,6.0,0.0157,6.25,0.0233,6.25,0.0228,-0.5000000000000004,0.8660254037844384,34,17.756820503440068,11.323700856847134
5,Daerah Istimewa Yogyakarta,2024-12-01,2024,12,0.0206,6.0,0.0128,51486000.0,3.28,0.8873,82759.06,58.0,0.6732,0.0282,0.4131,0.0204,0.0219,0.0282,0.0301,0.0332,6.0,0.0114,6.0,0.0185,6.25,0.0235,-2.4492935982947064e-16,1.0,35,17.756820503440068,11.323700856847134
5,Daerah Istimewa Yogyakarta,2025-01-01,2025,1,0.0185,5.75,0.0095,55039000.0,3.23,0.9118,83745.45,61.0,0.6953,0.033,0.3903,0.0206,0.0204,0.0219,0.0319,0.0338,6.0,0.0128,6.0,0.0157,6.25,0.0216,0.49999999999999994,0.8660254037844387,36,17.823552600988595,11.335549060729212
5,Daerah Istimewa Yogyakarta,2025-02-01,2025,2,0.0199,5.75,-0.003,55039000.0,3.18,0.9118,83745.45,61.0,0.6953,0.033,0.3903,0.0185,0.0206,0.0204,0.0311,0.0328,5.75,0.0095,6.0,0.0114,6.25,0.0233,0.8660254037844386,0.5000000000000001,37,17.823552600988595,11.335549060729212
5,Daerah Istimewa Yogyakarta,2025-03-01,2025,3,0.0295,5.75,0.0052,55039000.0,3.2266666666666666,0.9118,83745.45,61.0,0.6953,0.033,0.3903,0.0199,0.0185,0.0206,0.0282,0.032,5.75,-0.003,6.0,0.0128,6.0,0.0185,1.0,6.123233995736766e-17,38,17.823552600988595,11.335549060729212
5,Daerah Istimewa Yogyakarta,2025-04-01,2025,4,0.0415,5.75,0.021,55039000.0,3.273333333333333,0.9118,83745.45,61.0,0.6953,0.033,0.3903,0.0295,0.0199,0.0185,0.0219,0.0321,5.75,0.0052,5.75,0.0095,6.0,0.0157,0.8660254037844387,-0.4999999999999998,39,17.823552600988595,11.335549060729212
5,Daerah Istimewa Yogyakarta,2025-05-01,2025,5,0.042,5.75,0.0204,55039000.0,3.3200000000000003,0.9118,83745.45,61.0,0.6953,0.033,0.3903,0.0415,0.0295,0.0199,0.0204,0.0302,5.75,0.021,5.75,-0.003,6.0,0.0114,0.49999999999999994,-0.8660254037844387,40,17.823552600988595,11.335549060729212
5,Daerah Istimewa Yogyakarta,2025-06-01,2025,6,0.0331,5.5,0.0252,55039000.0,3.3666666666666667,0.9118,83745.45,61.0,0.6953,0.033,0.3903,0.042,0.0415,0.0295,0.0206,0.0301,5.75,0.0204,5.75,0.0052,6.0,0.0128,1.2246467991473532e-16,-1.0,41,17.823552600988595,11.335549060729212
5,Daerah Istimewa Yogyakarta,2025-07-01,2025,7,0.0279,5.25,0.026,55039000.0,3.413333333333333,0.9118,83745.45,61.0,0.6953,0.033,0.3903,0.0331,0.042,0.0415,0.0185,0.0319,5.5,0.0252,5.75,0.021,5.75,0.0095,-0.4999999999999997,-0.8660254037844388,42,17.823552600988595,11.335549060729212
5,Daerah Istimewa Yogyakarta,2025-08-01,2025,8,0.0266,5.0,0.023,55039000.0,3.46,0.9118,83745.45,61.0,0.6953,0.033,0.3903,0.0279,0.0331,0.042,0.0199,0.0311,5.25,0.026,5.75,0.0204,5.75,-0.003,-0.8660254037844384,-0.5000000000000004,43,17.823552600988595,11.335549060729212
5,Daerah Istimewa Yogyakarta,2025-09-01,2025,9,0.0242,4.75,0.0256,55039000.0,3.46,0.9118,83745.45,61.0,0.6953,0.033,0.3903,0.0266,0.0279,0.0331,0.0295,0.0282,5.0,0.023,5.5,0.0252,5.75,0.0052,-1.0,-1.8369701987210297e-16,44,17.823552600988595,11.335549060729212
5,Daerah Istimewa Yogyakarta,2025-10-01,2025,10,0.023,4.75,0.029,55039000.0,3.46,0.9118,83745.45,61.0,0.6953,0.033,0.3903,0.0242,0.0266,0.0279,0.0415,0.0219,4.75,0.0256,5.25,0.026,5.75,0.021,-0.8660254037844386,0.5000000000000001,45,17.823552600988595,11.335549060729212
5,Daerah Istimewa Yogyakarta,2025-11-01,2025,11,0.0288,4.75,0.0292,55039000.0,3.46,0.9118,83745.45,61.0,0.6953,0.033,0.3903,0.023,0.0242,0.0266,0.042,0.0204,4.75,0.029,5.0,0.023,5.75,0.0204,-0.5000000000000004,0.8660254037844384,46,17.823552600988595,11.335549060729212
5,Daerah Istimewa Yogyakarta,2025-12-01,2025,12,0.0285,4.75,0.0311,55039000.0,3.46,0.9118,83745.45,61.0,0.6953,0.033,0.3903,0.0288,0.023,0.0242,0.0331,0.0206,4.75,0.0292,4.75,0.0256,5.5,0.0252,-2.4492935982947064e-16,1.0,47,17.823552600988595,11.335549060729212
6,Jawa Timur,2022-01-01,2022,1,0.0287,3.5,0.00424,66248000.0,4.81,0.729,656259.04,397.0,0.7932,0.0336,0.3827,,,,,,,,,,,,0.49999999999999994,0.8660254037844387,0,18.00891584879047,13.394312391818561
6,Jawa Timur,2022-02-01,2022,2,0.0269,3.5,3e-05,66248000.0,4.81,0.729,656259.04,397.0,0.7932,0.0336,0.3827,0.0287,,,,,3.5,0.00424,,,,,0.8660254037844386,0.5000000000000001,1,18.00891584879047,13.394312391818561
6,Jawa Timur,2022-03-01,2022,3,0.0257,3.5,0.00793,66248000.0,4.923333333333333,0.729,656259.04,397.0,0.7932,0.0336,0.3827,0.0269,0.0287,,,,3.5,3e-05,,,,,1.0,6.123233995736766e-17,2,18.00891584879047,13.394312391818561
6,Jawa Timur,2022-04-01,2022,4,0.0255,3.5,0.0113,66248000.0,5.036666666666666,0.729,656259.04,397.0,0.7932,0.0336,0.3827,0.0257,0.0269,0.0287,,,3.5,0.00793,3.5,0.00424,,,0.8660254037844387,-0.4999999999999998,3,18.00891584879047,13.394312391818561
6,Jawa Timur,2022-05-01,2022,5,0.0239,3.5,0.0053,66248000.0,5.15,0.729,656259.04,397.0,0.7932,0.0336,0.3827,0.0255,0.0257,0.0269,,,3.5,0.0113,3.5,3e-05,,,0.49999999999999994,-0.8660254037844387,4,18.00891584879047,13.394312391818561
6,Jawa Timur,2022-06-01,2022,6,0.025,3.5,0.00628,66248000.0,5.263333333333334,0.729,656259.04,397.0,0.7932,0.0336,0.3827,0.0239,0.0255,0.0257,,,3.5,0.0053,3.5,0.00793,,,1.2246467991473532e-16,-1.0,5,18.00891584879047,13.394312391818561
6,Jawa Timur,2022-07-01,2022,7,0.028,3.5,0.00679,66248000.0,5.376666666666667,0.729,656259.04,397.0,0.7932,0.0336,0.3827,0.025,0.0239,0.0255,0.0287,,3.5,0.00628,3.5,0.0113,3.5,0.00424,-0.4999999999999997,-0.8660254037844388,6,18.00891584879047,13.394312391818561
6,Jawa Timur,2022-08-01,2022,8,0.0296,3.75,-0.00375,66248000.0,5.49,0.729,656259.04,397.0,0.7932,0.0336,0.3827,0.028,0.025,0.0239,0.0269,,3.5,0.00679,3.5,0.0053,3.5,3e-05,-0.8660254037844384,-0.5000000000000004,7,18.00891584879047,13.394312391818561
6,Jawa Timur,2022-09-01,2022,9,0.0322,4.25,0.01174,66248000.0,5.296666666666667,0.729,656259.04,397.0,0.7932,0.0336,0.3827,0.0296,0.028,0.025,0.0257,,3.75,-0.00375,3.5,0.00628,3.5,0.00793,-1.0,-1.8369701987210297e-16,8,18.00891584879047,13.394312391818561
6,Jawa Timur,2022-10-01,2022,10,0.0287,4.75,-0.00024,66248000.0,5.1033333333333335,0.729,656259.04,397.0,0.7932,0.0336,0.3827,0.0322,0.0296,0.028,0.0255,,4.25,0.01174,3.5,0.00679,3.5,0.0113,-0.8660254037844386,0.5000000000000001,9,18.00891584879047,13.394312391818561
6,Jawa Timur,2022-11-01,2022,11,0.0304,5.25,0.00435,66248000.0,4.91,0.729,656259.04,397.0,0.7932,0.0336,0.3827,0.0287,0.0322,0.0296,0.0239,,4.75,-0.00024,3.75,-0.00375,3.5,0.0053,-0.5000000000000004,0.8660254037844384,10,18.00891584879047,13.394312391818561
6,Jawa Timur,2022-12-01,2022,12,0.0318,5.5,0.00678,66248000.0,4.716666666666667,0.729,656259.04,397.0,0.7932,0.0336,0.3827,0.0304,0.0287,0.0322,0.025,,5.25,0.00435,4.25,0.01174,3.5,0.00628,-2.4492935982947064e-16,1.0,11,18.00891584879047,13.394312391818561
6,Jawa Timur,2023-01-01,2023,1,0.0316,5.75,0.00308,71122000.0,4.523333333333333,0.8126,682940.16,383.0,0.807,0.0301,0.3908,0.0318,0.0304,0.0287,0.028,0.0287,5.5,0.00678,4.75,-0.00024,3.5,0.00679,0.49999999999999994,0.8660254037844387,12,18.079907284319685,13.434163985500717
6,Jawa Timur,2023-02-01,2023,2,0.0303,5.75,0.001,71122000.0,4.33,0.8126,682940.16,383.0,0.807,0.0301,0.3908,0.0316,0.0318,0.0304,0.0296,0.0269,5.75,0.00308,5.25,0.00435,3.75,-0.00375,0.8660254037844386,0.5000000000000001,13,18.079907284319685,13.434163985500717
6,Jawa Timur,2023-03-01,2023,3,0.0326,5.75,0.00384,71122000.0,4.421666666666667,0.8126,682940.16,383.0,0.807,0.0301,0.3908,0.0303,0.0316,0.0318,0.0322,0.0257,5.75,0.001,5.5,0.00678,4.25,0.01174,1.0,6.123233995736766e-17,14,18.079907284319685,13.434163985500717
6,Jawa Timur,2023-04-01,2023,4,0.0325,5.75,0.00278,71122000.0,4.513333333333334,0.8126,682940.16,383.0,0.807,0.0301,0.3908,0.0326,0.0303,0.0316,0.0287,0.0255,5.75,0.00384,5.75,0.00308,4.75,-0.00024,0.8660254037844387,-0.4999999999999998,15,18.079907284319685,13.434163985500717
6,Jawa Timur,2023-05-01,2023,5,0.0353,5.75,0.0027,71122000.0,4.605,0.8126,682940.16,383.0,0.807,0.0301,0.3908,0.0325,0.0326,0.0303,0.0304,0.0239,5.75,0.00278,5.75,0.001,5.25,0.00435,0.49999999999999994,-0.8660254037844387,16,18.079907284319685,13.434163985500717
6,Jawa Timur,2023-06-01,2023,6,0.0361,5.75,0.00054,71122000.0,4.696666666666666,0.8126,682940.16,383.0,0.807,0.0301,0.3908,0.0353,0.0325,0.0326,0.0318,0.025,5.75,0.0027,5.75,0.00384,5.5,0.00678,1.2246467991473532e-16,-1.0,17,18.079907284319685,13.434163985500717
6,Jawa Timur,2023-07-01,2023,7,0.0367,5.75,0.00095,71122000.0,4.788333333333333,0.8126,682940.16,383.0,0.807,0.0301,0.3908,0.0361,0.0353,0.0325,0.0316,0.028,5.75,0.00054,5.75,0.00278,5.75,0.00308,-0.4999999999999997,-0.8660254037844388,18,18.079907284319685,13.434163985500717
6,Jawa Timur,2023-08-01,2023,8,0.0329,5.75,0.00071,71122000.0,4.88,0.8126,682940.16,383.0,0.807,0.0301,0.3908,0.0367,0.0361,0.0353,0.0303,0.0296,5.75,0.00095,5.75,0.0027,5.75,0.001,-0.8660254037844384,-0.5000000000000004,19,18.079907284319685,13.434163985500717
6,Jawa Timur,2023-09-01,2023,9,0.0308,5.75,0.00306,71122000.0,4.69,0.8126,682940.16,383.0,0.807,0.0301,0.3908,0.0329,0.0367,0.0361,0.0326,0.0322,5.75,0.00071,5.75,0.00054,5.75,0.00384,-1.0,-1.8369701987210297e-16,20,18.079907284319685,13.434163985500717
6,Jawa Timur,2023-10-01,2023,10,0.0302,6.0,0.00243,71122000.0,4.5,0.8126,682940.16,383.0,0.807,0.0301,0.3908,0.0308,0.0329,0.0367,0.0325,0.0287,5.75,0.00306,5.75,0.00095,5.75,0.00278,-0.8660254037844386,0.5000000000000001,21,18.079907284319685,13.434163985500717
6,Jawa Timur,2023-11-01,2023,11,0.0281,6.0,0.00441,71122000.0,4.3100000000000005,0.8126,682940.16,383.0,0.807,0.0301,0.3908,0.0302,0.0308,0.0329,0.0353,0.0304,6.0,0.00243,5.75,0.00071,5.75,0.0027,-0.5000000000000004,0.8660254037844384,22,18.079907284319685,13.434163985500717
6,Jawa Timur,2023-12-01,2023,12,0.0279,6.0,0.00284,71122000.0,4.12,0.8126,682940.16,383.0,0.807,0.0301,0.3908,0.0281,0.0302,0.0308,0.0361,0.0318,6.0,0.00441,5.75,0.00306,5.75,0.00054,-2.4492935982947064e-16,1.0,23,18.079907284319685,13.434163985500717
6,Jawa Timur,2024-01-01,2024,1,0.028,6.0,0.0247,75770000.0,3.93,0.8179,712523.25,379.0,0.8356,0.0261,0.379,0.0279,0.0281,0.0302,0.0367,0.0316,6.0,0.00284,6.0,0.00243,5.75,0.00095,0.49999999999999994,0.8660254037844387,24,18.14321300710539,13.476569225633481
6,Jawa Timur,2024-02-01,2024,2,0.0278,6.0,0.0281,75770000.0,3.74,0.8179,712523.25,379.0,0.8356,0.0261,0.379,0.028,0.0279,0.0281,0.0329,0.0303,6.0,0.0247,6.0,0.00441,5.75,0.00071,0.8660254037844386,0.5000000000000001,25,18.14321300710539,13.476569225633481
6,Jawa Timur,2024-03-01,2024,3,0.028,6.0,0.0304,75770000.0,3.815,0.8179,712523.25,379.0,0.8356,0.0261,0.379,0.0278,0.028,0.0279,0.0308,0.0326,6.0,0.0281,6.0,0.00284,5.75,0.00306,1.0,6.123233995736766e-17,26,18.14321300710539,13.476569225633481
6,Jawa Timur,2024-04-01,2024,4,0.0259,6.25,0.0325,75770000.0,3.89,0.8179,712523.25,379.0,0.8356,0.0261,0.379,0.028,0.0278,0.028,0.0302,0.0325,6.0,0.0304,6.0,0.0247,6.0,0.00243,0.8660254037844387,-0.4999999999999998,27,18.14321300710539,13.476569225633481
6,Jawa Timur,2024-05-01,2024,5,0.0262,6.25,0.0283,75770000.0,3.965,0.8179,712523.25,379.0,0.8356,0.0261,0.379,0.0259,0.028,0.0278,0.0281,0.0353,6.25,0.0325,6.0,0.0281,6.0,0.00441,0.49999999999999994,-0.8660254037844387,28,18.14321300710539,13.476569225633481
6,Jawa Timur,2024-06-01,2024,6,0.0251,6.25,0.0221,75770000.0,4.04,0.8179,712523.25,379.0,0.8356,0.0261,0.379,0.0262,0.0259,0.028,0.0279,0.0361,6.25,0.0283,6.0,0.0304,6.0,0.00284,1.2246467991473532e-16,-1.0,29,18.14321300710539,13.476569225633481
6,Jawa Timur,2024-07-01,2024,7,0.0234,6.25,0.0213,75770000.0,4.115,0.8179,712523.25,379.0,0.8356,0.0261,0.379,0.0251,0.0262,0.0259,0.028,0.0367,6.25,0.0221,6.25,0.0325,6.0,0.0247,-0.4999999999999997,-0.8660254037844388,30,18.14321300710539,13.476569225633481
6,Jawa Timur,2024-08-01,2024,8,0.0226,6.25,0.0205,75770000.0,4.19,0.8179,712523.25,379.0,0.8356,0.0261,0.379,0.0234,0.0251,0.0262,0.0278,0.0329,6.25,0.0213,6.25,0.0283,6.0,0.0281,-0.8660254037844384,-0.5000000000000004,31,18.14321300710539,13.476569225633481
6,Jawa Timur,2024-09-01,2024,9,0.0237,6.0,0.0173,75770000.0,4.093333333333334,0.8179,712523.25,379.0,0.8356,0.0261,0.379,0.0226,0.0234,0.0251,0.028,0.0308,6.25,0.0205,6.25,0.0221,6.0,0.0304,-1.0,-1.8369701987210297e-16,32,18.14321300710539,13.476569225633481
6,Jawa Timur,2024-10-01,2024,10,0.0248,6.0,0.0166,75770000.0,3.996666666666667,0.8179,712523.25,379.0,0.8356,0.0261,0.379,0.0237,0.0226,0.0234,0.0259,0.0302,6.0,0.0173,6.25,0.0213,6.25,0.0325,-0.8660254037844386,0.5000000000000001,33,18.14321300710539,13.476569225633481
6,Jawa Timur,2024-11-01,2024,11,0.0291,6.0,0.0141,75770000.0,3.9,0.8179,712523.25,379.0,0.8356,0.0261,0.379,0.0248,0.0237,0.0226,0.0262,0.0281,6.0,0.0166,6.25,0.0205,6.25,0.0283,-0.5000000000000004,0.8660254037844384,34,18.14321300710539,13.476569225633481
6,Jawa Timur,2024-12-01,2024,12,0.0289,6.0,0.0151,75770000.0,3.803333333333333,0.8179,712523.25,379.0,0.8356,0.0261,0.379,0.0291,0.0248,0.0237,0.0251,0.0279,6.0,0.0141,6.0,0.0173,6.25,0.0221,-2.4492935982947064e-16,1.0,35,18.14321300710539,13.476569225633481
6,Jawa Timur,2025-01-01,2025,1,0.0276,5.75,0.0106,80856000.0,3.7066666666666666,0.8219,726507.91,378.0,0.8189,0.0328,0.3816,0.0289,0.0291,0.0248,0.0234,0.028,6.0,0.0151,6.0,0.0166,6.25,0.0213,0.49999999999999994,0.8660254037844387,36,18.2081803651043,13.496006026198067
6,Jawa Timur,2025-02-01,2025,2,0.0298,5.75,-0.0003,80856000.0,3.61,0.8219,726507.91,378.0,0.8189,0.0328,0.3816,0.0276,0.0289,0.0291,0.0226,0.0278,5.75,0.0106,6.0,0.0141,6.25,0.0205,0.8660254037844386,0.5000000000000001,37,18.2081803651043,13.496006026198067
6,Jawa Timur,2025-03-01,2025,3,0.0294,5.75,0.0077,80856000.0,3.655,0.8219,726507.91,378.0,0.8189,0.0328,0.3816,0.0298,0.0276,0.0289,0.0237,0.028,5.75,-0.0003,6.0,0.0151,6.0,0.0173,1.0,6.123233995736766e-17,38,18.2081803651043,13.496006026198067
6,Jawa Timur,2025-04-01,2025,4,0.0302,5.75,0.0135,80856000.0,3.7,0.8219,726507.91,378.0,0.8189,0.0328,0.3816,0.0294,0.0298,0.0276,0.0248,0.0259,5.75,0.0077,5.75,0.0106,6.0,0.0166,0.8660254037844387,-0.4999999999999998,39,18.2081803651043,13.496006026198067
6,Jawa Timur,2025-05-01,2025,5,0.0341,5.75,0.0122,80856000.0,3.745,0.8219,726507.91,378.0,0.8189,0.0328,0.3816,0.0302,0.0294,0.0298,0.0291,0.0262,5.75,0.0135,5.75,-0.0003,6.0,0.0141,0.49999999999999994,-0.8660254037844387,40,18.2081803651043,13.496006026198067
6,Jawa Timur,2025-06-01,2025,6,0.0329,5.5,0.0202,80856000.0,3.79,0.8219,726507.91,378.0,0.8189,0.0328,0.3816,0.0341,0.0302,0.0294,0.0289,0.0251,5.75,0.0122,5.75,0.0077,6.0,0.0151,1.2246467991473532e-16,-1.0,41,18.2081803651043,13.496006026198067
6,Jawa Timur,2025-07-01,2025,7,0.0328,5.25,0.0221,80856000.0,3.835,0.8219,726507.91,378.0,0.8189,0.0328,0.3816,0.0329,0.0341,0.0302,0.0276,0.0234,5.5,0.0202,5.75,0.0135,5.75,0.0106,-0.4999999999999997,-0.8660254037844388,42,18.2081803651043,13.496006026198067
6,Jawa Timur,2025-08-01,2025,8,0.0304,5.0,0.0217,80856000.0,3.88,0.8219,726507.91,378.0,0.8189,0.0328,0.3816,0.0328,0.0329,0.0341,0.0298,0.0226,5.25,0.0221,5.75,0.0122,5.75,-0.0003,-0.8660254037844384,-0.5000000000000004,43,18.2081803651043,13.496006026198067
6,Jawa Timur,2025-09-01,2025,9,0.0327,4.75,0.0253,80856000.0,3.88,0.8219,726507.91,378.0,0.8189,0.0328,0.3816,0.0304,0.0328,0.0329,0.0294,0.0237,5.0,0.0217,5.5,0.0202,5.75,0.0077,-1.0,-1.8369701987210297e-16,44,18.2081803651043,13.496006026198067
6,Jawa Timur,2025-10-01,2025,10,0.0317,4.75,0.0269,80856000.0,3.88,0.8219,726507.91,378.0,0.8189,0.0328,0.3816,0.0327,0.0304,0.0328,0.0302,0.0248,4.75,0.0253,5.25,0.0221,5.75,0.0135,-0.8660254037844386,0.5000000000000001,45,18.2081803651043,13.496006026198067
6,Jawa Timur,2025-11-01,2025,11,0.047,4.75,0.0263,80856000.0,3.88,0.8219,726507.91,378.0,0.8189,0.0328,0.3816,0.0317,0.0327,0.0304,0.0341,0.0291,4.75,0.0269,5.0,0.0217,5.75,0.0122,-0.5000000000000004,0.8660254037844384,46,18.2081803651043,13.496006026198067
6,Jawa Timur,2025-12-01,2025,12,0.0502,4.75,0.0293,80856000.0,3.88,0.8219,726507.91,378.0,0.8189,0.0328,0.3816,0.047,0.0317,0.0327,0.0329,0.0289,4.75,0.0263,4.75,0.0253,5.5,0.0202,-2.4492935982947064e-16,1.0,47,18.2081803651043,13.496006026198067
7,Aceh,2022-01-01,2022,1,0.0291,3.5,0.01027,38767000.0,5.97,0.681,39252.83,52.0,0.8721,0.0153,0.3147,,,,,,,,,,,,0.49999999999999994,0.8660254037844387,0,17.47307995303123,10.577804298067807
7,Aceh,2022-02-01,2022,2,0.0137,3.5,-0.00733,38767000.0,5.97,0.681,39252.83,52.0,0.8721,0.0153,0.3147,0.0291,,,,,3.5,0.01027,,,,,0.8660254037844386,0.5000000000000001,1,17.47307995303123,10.577804298067807
7,Aceh,2022-03-01,2022,3,0.013,3.5,0.0071,38767000.0,6.003333333333333,0.681,39252.83,52.0,0.8721,0.0153,0.3147,0.0137,0.0291,,,,3.5,-0.00733,,,,,1.0,6.123233995736766e-17,2,17.47307995303123,10.577804298067807
7,Aceh,2022-04-01,2022,4,0.0104,3.5,0.01233,38767000.0,6.036666666666666,0.681,39252.83,52.0,0.8721,0.0153,0.3147,0.013,0.0137,0.0291,,,3.5,0.0071,3.5,0.01027,,,0.8660254037844387,-0.4999999999999998,3,17.47307995303123,10.577804298067807
7,Aceh,2022-05-01,2022,5,0.0116,3.5,0.0107,38767000.0,6.07,0.681,39252.83,52.0,0.8721,0.0153,0.3147,0.0104,0.013,0.0137,,,3.5,0.01233,3.5,-0.00733,,,0.49999999999999994,-0.8660254037844387,4,17.47307995303123,10.577804298067807
7,Aceh,2022-06-01,2022,6,0.0136,3.5,0.00847,38767000.0,6.1033333333333335,0.681,39252.83,52.0,0.8721,0.0153,0.3147,0.0116,0.0104,0.013,,,3.5,0.0107,3.5,0.0071,,,1.2246467991473532e-16,-1.0,5,17.47307995303123,10.577804298067807
7,Aceh,2022-07-01,2022,7,0.0122,3.5,0.00857,38767000.0,6.136666666666667,0.681,39252.83,52.0,0.8721,0.0153,0.3147,0.0136,0.0116,0.0104,0.0291,,3.5,0.00847,3.5,0.01233,3.5,0.01027,-0.4999999999999997,-0.8660254037844388,6,17.47307995303123,10.577804298067807
7,Aceh,2022-08-01,2022,8,0.0145,3.75,-0.00543,38767000.0,6.17,0.681,39252.83,52.0,0.8721,0.0153,0.3147,0.0122,0.0136,0.0116,0.0137,,3.5,0.00857,3.5,0.0107,3.5,-0.00733,-0.8660254037844384,-0.5000000000000004,7,17.47307995303123,10.577804298067807
7,Aceh,2022-09-01,2022,9,0.0141,4.25,0.00723,38767000.0,6.1,0.681,39252.83,52.0,0.8721,0.0153,0.3147,0.0145,0.0122,0.0136,0.013,,3.75,-0.00543,3.5,0.00847,3.5,0.0071,-1.0,-1.8369701987210297e-16,8,17.47307995303123,10.577804298067807
7,Aceh,2022-10-01,2022,10,0.0129,4.75,-0.00087,38767000.0,6.03,0.681,39252.83,52.0,0.8721,0.0153,0.3147,0.0141,0.0145,0.0122,0.0104,,4.25,0.00723,3.5,0.00857,3.5,0.01233,-0.8660254037844386,0.5000000000000001,9,17.47307995303123,10.577804298067807
7,Aceh,2022-11-01,2022,11,0.0143,5.25,-0.0029,38767000.0,5.96,0.681,39252.83,52.0,0.8721,0.0153,0.3147,0.0129,0.0141,0.0145,0.0116,,4.75,-0.00087,3.75,-0.00543,3.5,0.0107,-0.5000000000000004,0.8660254037844384,10,17.47307995303123,10.577804298067807
7,Aceh,2022-12-01,2022,12,0.0164,5.5,0.01043,38767000.0,5.89,0.681,39252.83,52.0,0.8721,0.0153,0.3147,0.0143,0.0129,0.0141,0.0136,,5.25,-0.0029,4.25,0.00723,3.5,0.00847,-2.4492935982947064e-16,1.0,11,17.47307995303123,10.577804298067807
7,Aceh,2023-01-01,2023,1,0.011,5.75,0.00707,41408000.0,5.82,0.6781,41485.84,52.0,0.9296,0.0157,0.3139,0.0164,0.0143,0.0129,0.0122,0.0291,5.5,0.01043,4.75,-0.00087,3.5,0.00857,0.49999999999999994,0.8660254037844387,12,17.53898468099263,10.633131547495543
7,Aceh,2023-02-01,2023,2,0.0132,5.75,0.0049,41408000.0,5.75,0.6781,41485.84,52.0,0.9296,0.0157,0.3139,0.011,0.0164,0.0143,0.0145,0.0137,5.75,0.00707,5.25,-0.0029,3.75,-0.00543,0.8660254037844386,0.5000000000000001,13,17.53898468099263,10.633131547495543
7,Aceh,2023-03-01,2023,3,0.0135,5.75,-0.00513,41408000.0,5.796666666666667,0.6781,41485.84,52.0,0.9296,0.0157,0.3139,0.0132,0.011,0.0164,0.0141,0.013,5.75,0.0049,5.5,0.01043,4.25,0.00723,1.0,6.123233995736766e-17,14,17.53898468099263,10.633131547495543
7,Aceh,2023-04-01,2023,4,0.0102,5.75,-0.00313,41408000.0,5.843333333333334,0.6781,41485.84,52.0,0.9296,0.0157,0.3139,0.0135,0.0132,0.011,0.0129,0.0104,5.75,-0.00513,5.75,0.00707,4.75,-0.00087,0.8660254037844387,-0.4999999999999998,15,17.53898468099263,10.633131547495543
7,Aceh,2023-05-01,2023,5,0.0158,5.75,0.00407,41408000.0,5.890000000000001,0.6781,41485.84,52.0,0.9296,0.0157,0.3139,0.0102,0.0135,0.0132,0.0143,0.0116,5.75,-0.00313,5.75,0.0049,5.25,-0.0029,0.49999999999999994,-0.8660254037844387,16,17.53898468099263,10.633131547495543
7,Aceh,2023-06-01,2023,6,0.0134,5.75,0.002,41408000.0,5.9366666666666665,0.6781,41485.84,52.0,0.9296,0.0157,0.3139,0.0158,0.0102,0.0135,0.0164,0.0136,5.75,0.00407,5.75,-0.00513,5.5,0.01043,1.2246467991473532e-16,-1.0,17,17.53898468099263,10.633131547495543
7,Aceh,2023-07-01,2023,7,0.0192,5.75,0.0016,41408000.0,5.983333333333333,0.6781,41485.84,52.0,0.9296,0.0157,0.3139,0.0134,0.0158,0.0102,0.011,0.0122,5.75,0.002,5.75,-0.00313,5.75,0.00707,-0.4999999999999997,-0.8660254037844388,18,17.53898468099263,10.633131547495543
7,Aceh,2023-08-01,2023,8,0.0104,5.75,-0.0006,41408000.0,6.03,0.6781,41485.84,52.0,0.9296,0.0157,0.3139,0.0192,0.0134,0.0158,0.0132,0.0145,5.75,0.0016,5.75,0.00407,5.75,0.0049,-0.8660254037844384,-0.5000000000000004,19,17.53898468099263,10.633131547495543
7,Aceh,2023-09-01,2023,9,0.0092,5.75,0.00287,41408000.0,5.951666666666667,0.6781,41485.84,52.0,0.9296,0.0157,0.3139,0.0104,0.0192,0.0134,0.0135,0.0141,5.75,-0.0006,5.75,0.002,5.75,-0.00513,-1.0,-1.8369701987210297e-16,20,17.53898468099263,10.633131547495543
7,Aceh,2023-10-01,2023,10,0.0103,6.0,-0.0002,41408000.0,5.873333333333333,0.6781,41485.84,52.0,0.9296,0.0157,0.3139,0.0092,0.0104,0.0192,0.0102,0.0129,5.75,0.00287,5.75,0.0016,5.75,-0.00313,-0.8660254037844386,0.5000000000000001,21,17.53898468099263,10.633131547495543
7,Aceh,2023-11-01,2023,11,0.0105,6.0,0.00263,41408000.0,5.795,0.6781,41485.84,52.0,0.9296,0.0157,0.3139,0.0103,0.0092,0.0104,0.0158,0.0143,6.0,-0.0002,5.75,-0.0006,5.75,0.00407,-0.5000000000000004,0.8660254037844384,22,17.53898468099263,10.633131547495543
7,Aceh,2023-12-01,2023,12,0.0109,6.0,-0.001,41408000.0,5.716666666666667,0.6781,41485.84,52.0,0.9296,0.0157,0.3139,0.0105,0.0103,0.0092,0.0134,0.0164,6.0,0.00263,5.75,0.00287,5.75,0.002,-2.4492935982947064e-16,1.0,23,17.53898468099263,10.633131547495543
7,Aceh,2024-01-01,2024,1,0.0106,6.0,0.0212,43782000.0,5.638333333333333,0.7599,45184.4,53.0,0.9734,0.0179,0.3042,0.0109,0.0105,0.0103,0.0192,0.011,6.0,-0.001,6.0,-0.0002,5.75,0.0016,0.49999999999999994,0.8660254037844387,24,17.59473335481625,10.71852930479217
7,Aceh,2024-02-01,2024,2,0.0118,6.0,0.0233,43782000.0,5.56,0.7599,45184.4,53.0,0.9734,0.0179,0.3042,0.0106,0.0109,0.0105,0.0104,0.0132,6.0,0.0212,6.0,0.00263,5.75,-0.0006,0.8660254037844386,0.5000000000000001,25,17.59473335481625,10.71852930479217
7,Aceh,2024-03-01,2024,3,0.0125,6.0,0.0325,43782000.0,5.591666666666667,0.7599,45184.4,53.0,0.9734,0.0179,0.3042,0.0118,0.0106,0.0109,0.0092,0.0135,6.0,0.0233,6.0,-0.001,5.75,0.00287,1.0,6.123233995736766e-17,26,17.59473335481625,10.71852930479217
7,Aceh,2024-04-01,2024,4,0.0075,6.25,0.0314,43782000.0,5.623333333333333,0.7599,45184.4,53.0,0.9734,0.0179,0.3042,0.0125,0.0118,0.0106,0.0103,0.0102,6.0,0.0325,6.0,0.0212,6.0,-0.0002,0.8660254037844387,-0.4999999999999998,27,17.59473335481625,10.71852930479217
7,Aceh,2024-05-01,2024,5,0.0095,6.25,0.0332,43782000.0,5.654999999999999,0.7599,45184.4,53.0,0.9734,0.0179,0.3042,0.0075,0.0125,0.0118,0.0105,0.0158,6.25,0.0314,6.0,0.0233,6.0,0.00263,0.49999999999999994,-0.8660254037844387,28,17.59473335481625,10.71852930479217
7,Aceh,2024-06-01,2024,6,0.012,6.25,0.0309,43782000.0,5.6866666666666665,0.7599,45184.4,53.0,0.9734,0.0179,0.3042,0.0095,0.0075,0.0125,0.0109,0.0134,6.25,0.0332,6.0,0.0325,6.0,-0.001,1.2246467991473532e-16,-1.0,29,17.59473335481625,10.71852930479217
7,Aceh,2024-07-01,2024,7,0.0077,6.25,0.0251,43782000.0,5.718333333333334,0.7599,45184.4,53.0,0.9734,0.0179,0.3042,0.012,0.0095,0.0075,0.0106,0.0192,6.25,0.0309,6.25,0.0314,6.0,0.0212,-0.4999999999999997,-0.8660254037844388,30,17.59473335481625,10.71852930479217
7,Aceh,2024-08-01,2024,8,0.0076,6.25,0.0229,43782000.0,5.75,0.7599,45184.4,53.0,0.9734,0.0179,0.3042,0.0077,0.012,0.0095,0.0118,0.0104,6.25,0.0251,6.25,0.0332,6.0,0.0233,-0.8660254037844384,-0.5000000000000004,31,17.59473335481625,10.71852930479217
7,Aceh,2024-09-01,2024,9,0.0086,6.0,0.015,43782000.0,5.708333333333333,0.7599,45184.4,53.0,0.9734,0.0179,0.3042,0.0076,0.0077,0.012,0.0125,0.0092,6.25,0.0229,6.25,0.0309,6.0,0.0325,-1.0,-1.8369701987210297e-16,32,17.59473335481625,10.71852930479217
7,Aceh,2024-10-01,2024,10,0.0097,6.0,0.0169,43782000.0,5.666666666666667,0.7599,45184.4,53.0,0.9734,0.0179,0.3042,0.0086,0.0076,0.0077,0.0075,0.0103,6.0,0.015,6.25,0.0251,6.25,0.0314,-0.8660254037844386,0.5000000000000001,33,17.59473335481625,10.71852930479217
7,Aceh,2024-11-01,2024,11,0.0099,6.0,0.0155,43782000.0,5.625,0.7599,45184.4,53.0,0.9734,0.0179,0.3042,0.0097,0.0086,0.0076,0.0095,0.0105,6.0,0.0169,6.25,0.0229,6.25,0.0332,-0.5000000000000004,0.8660254037844384,34,17.59473335481625,10.71852930479217
7,Aceh,2024-12-01,2024,12,0.0104,6.0,0.0217,43782000.0,5.583333333333333,0.7599,45184.4,53.0,0.9734,0.0179,0.3042,0.0099,0.0097,0.0086,0.012,0.0109,6.0,0.0155,6.0,0.015,6.25,0.0309,-2.4492935982947064e-16,1.0,35,17.59473335481625,10.71852930479217
7,Aceh,2025-01-01,2025,1,0.0087,5.75,0.0161,45770000.0,5.541666666666667,0.7565,44260.48,53.0,1.0176,0.0206,0.291,0.0104,0.0099,0.0097,0.0077,0.0106,6.0,0.0217,6.0,0.0169,6.25,0.0251,0.49999999999999994,0.8660254037844387,36,17.639139434478196,10.697870051816876
7,Aceh,2025-02-01,2025,2,0.0092,5.75,0.0041,45770000.0,5.5,0.7565,44260.48,53.0,1.0176,0.0206,0.291,0.0087,0.0104,0.0099,0.0076,0.0118,5.75,0.0161,6.0,0.0155,6.25,0.0229,0.8660254037844386,0.5000000000000001,37,17.639139434478196,10.697870051816876
7,Aceh,2025-03-01,2025,3,0.0109,5.75,0.0153,45770000.0,5.523333333333333,0.7565,44260.48,53.0,1.0176,0.0206,0.291,0.0092,0.0087,0.0104,0.0086,0.0125,5.75,0.0041,6.0,0.0217,6.0,0.015,1.0,6.123233995736766e-17,38,17.639139434478196,10.697870051816876
7,Aceh,2025-04-01,2025,4,0.0139,5.75,0.0311,45770000.0,5.546666666666667,0.7565,44260.48,53.0,1.0176,0.0206,0.291,0.0109,0.0092,0.0087,0.0097,0.0075,5.75,0.0153,5.75,0.0161,6.0,0.0169,0.8660254037844387,-0.4999999999999998,39,17.639139434478196,10.697870051816876
7,Aceh,2025-05-01,2025,5,0.0201,5.75,0.0235,45770000.0,5.57,0.7565,44260.48,53.0,1.0176,0.0206,0.291,0.0139,0.0109,0.0092,0.0099,0.0095,5.75,0.0311,5.75,0.0041,6.0,0.0155,0.49999999999999994,-0.8660254037844387,40,17.639139434478196,10.697870051816876
7,Aceh,2025-06-01,2025,6,0.0082,5.5,0.0219,45770000.0,5.593333333333333,0.7565,44260.48,53.0,1.0176,0.0206,0.291,0.0201,0.0139,0.0109,0.0104,0.012,5.75,0.0235,5.75,0.0153,6.0,0.0217,1.2246467991473532e-16,-1.0,41,17.639139434478196,10.697870051816876
7,Aceh,2025-07-01,2025,7,0.0086,5.25,0.03,45770000.0,5.616666666666666,0.7565,44260.48,53.0,1.0176,0.0206,0.291,0.0082,0.0201,0.0139,0.0087,0.0077,5.5,0.0219,5.75,0.0311,5.75,0.0161,-0.4999999999999997,-0.8660254037844388,42,17.639139434478196,10.697870051816876
7,Aceh,2025-08-01,2025,8,0.0094,5.0,0.037,45770000.0,5.64,0.7565,44260.48,53.0,1.0176,0.0206,0.291,0.0086,0.0082,0.0201,0.0092,0.0076,5.25,0.03,5.75,0.0235,5.75,0.0041,-0.8660254037844384,-0.5000000000000004,43,17.639139434478196,10.697870051816876
7,Aceh,2025-09-01,2025,9,0.0088,4.75,0.0445,45770000.0,5.64,0.7565,44260.48,53.0,1.0176,0.0206,0.291,0.0094,0.0086,0.0082,0.0109,0.0086,5.0,0.037,5.5,0.0219,5.75,0.0153,-1.0,-1.8369701987210297e-16,44,17.639139434478196,10.697870051816876
7,Aceh,2025-10-01,2025,10,0.008,4.75,0.0466,45770000.0,5.64,0.7565,44260.48,53.0,1.0176,0.0206,0.291,0.0088,0.0094,0.0086,0.0139,0.0097,4.75,0.0445,5.25,0.03,5.75,0.0311,-0.8660254037844386,0.5000000000000001,45,17.639139434478196,10.697870051816876
7,Aceh,2025-11-01,2025,11,0.0082,4.75,0.0358,45770000.0,5.64,0.7565,44260.48,53.0,1.0176,0.0206,0.291,0.008,0.0088,0.0094,0.0201,0.0099,4.75,0.0466,5.0,0.037,5.75,0.0235,-0.5000000000000004,0.8660254037844384,46,17.639139434478196,10.697870051816876
7,Aceh,2025-12-01,2025,12,0.009,4.75,0.0671,45770000.0,5.64,0.7565,44260.48,53.0,1.0176,0.0206,0.291,0.0082,0.008,0.0088,0.0082,0.0104,4.75,0.0358,4.75,0.0445,5.5,0.0219,-2.4492935982947064e-16,1.0,47,17.639139434478196,10.697870051816876
8,Sumatera Utara,2022-01-01,2022,1,0.0218,3.5,0.01072,62922000.0,5.47,0.793,278253.65,196.0,0.8011,0.0232,0.3157,,,,,,,,,,,,0.49999999999999994,0.8660254037844387,0,17.95740643793729,12.536291980588452
8,Sumatera Utara,2022-02-01,2022,2,0.0198,3.5,0.00098,62922000.0,5.47,0.793,278253.65,196.0,0.8011,0.0232,0.3157,0.0218,,,,,3.5,0.01072,,,,,0.8660254037844386,0.5000000000000001,1,17.95740643793729,12.536291980588452
8,Sumatera Utara,2022-03-01,2022,3,0.0187,3.5,0.00776,62922000.0,5.585,0.793,278253.65,196.0,0.8011,0.0232,0.3157,0.0198,0.0218,,,,3.5,0.00098,,,,,1.0,6.123233995736766e-17,2,17.95740643793729,12.536291980588452
8,Sumatera Utara,2022-04-01,2022,4,0.0195,3.5,0.0044,62922000.0,5.7,0.793,278253.65,196.0,0.8011,0.0232,0.3157,0.0187,0.0198,0.0218,,,3.5,0.00776,3.5,0.01072,,,0.8660254037844387,-0.4999999999999998,3,17.95740643793729,12.536291980588452
8,Sumatera Utara,2022-05-01,2022,5,0.0197,3.5,0.0061,62922000.0,5.815,0.793,278253.65,196.0,0.8011,0.0232,0.3157,0.0195,0.0187,0.0198,,,3.5,0.0044,3.5,0.00098,,,0.49999999999999994,-0.8660254037844387,4,17.95740643793729,12.536291980588452
8,Sumatera Utara,2022-06-01,2022,6,0.0199,3.5,0.01576,62922000.0,5.93,0.793,278253.65,196.0,0.8011,0.0232,0.3157,0.0197,0.0195,0.0187,,,3.5,0.0061,3.5,0.00776,,,1.2246467991473532e-16,-1.0,5,17.95740643793729,12.536291980588452
8,Sumatera Utara,2022-07-01,2022,7,0.0214,3.5,0.00756,62922000.0,6.045,0.793,278253.65,196.0,0.8011,0.0232,0.3157,0.0199,0.0197,0.0195,0.0218,,3.5,0.01576,3.5,0.0044,3.5,0.01072,-0.4999999999999997,-0.8660254037844388,6,17.95740643793729,12.536291980588452
8,Sumatera Utara,2022-08-01,2022,8,0.0229,3.75,-0.0056,62922000.0,6.16,0.793,278253.65,196.0,0.8011,0.0232,0.3157,0.0214,0.0199,0.0197,0.0198,,3.5,0.00756,3.5,0.0061,3.5,0.00098,-0.8660254037844384,-0.5000000000000004,7,17.95740643793729,12.536291980588452
8,Sumatera Utara,2022-09-01,2022,9,0.0249,4.25,0.00882,62922000.0,6.006666666666667,0.793,278253.65,196.0,0.8011,0.0232,0.3157,0.0229,0.0214,0.0199,0.0187,,3.75,-0.0056,3.5,0.01576,3.5,0.00776,-1.0,-1.8369701987210297e-16,8,17.95740643793729,12.536291980588452
8,Sumatera Utara,2022-10-01,2022,10,0.0208,4.75,-0.00838,62922000.0,5.8533333333333335,0.793,278253.65,196.0,0.8011,0.0232,0.3157,0.0249,0.0229,0.0214,0.0195,,4.25,0.00882,3.5,0.00756,3.5,0.0044,-0.8660254037844386,0.5000000000000001,9,17.95740643793729,12.536291980588452
8,Sumatera Utara,2022-11-01,2022,11,0.0194,5.25,-0.0018,62922000.0,5.7,0.793,278253.65,196.0,0.8011,0.0232,0.3157,0.0208,0.0249,0.0229,0.0197,,4.75,-0.00838,3.75,-0.0056,3.5,0.0061,-0.5000000000000004,0.8660254037844384,10,17.95740643793729,12.536291980588452
8,Sumatera Utara,2022-12-01,2022,12,0.0179,5.5,0.01404,62922000.0,5.546666666666667,0.793,278253.65,196.0,0.8011,0.0232,0.3157,0.0194,0.0208,0.0249,0.0199,,5.25,-0.0018,4.25,0.00882,3.5,0.01576,-2.4492935982947064e-16,1.0,11,17.95740643793729,12.536291980588452
8,Sumatera Utara,2023-01-01,2023,1,0.0157,5.75,0.01266,68306000.0,5.3933333333333335,0.6712,286846.32,193.0,0.8723,0.0185,0.3147,0.0179,0.0194,0.0208,0.0214,0.0218,5.5,0.01404,4.75,-0.00838,3.5,0.00756,0.49999999999999994,0.8660254037844387,12,18.039508183053236,12.56670536712425
8,Sumatera Utara,2023-02-01,2023,2,0.0143,5.75,-0.00132,68306000.0,5.24,0.6712,286846.32,193.0,0.8723,0.0185,0.3147,0.0157,0.0179,0.0194,0.0229,0.0198,5.75,0.01266,5.25,-0.0018,3.75,-0.0056,0.8660254037844386,0.5000000000000001,13,18.039508183053236,12.56670536712425
8,Sumatera Utara,2023-03-01,2023,3,0.0158,5.75,-0.00468,68306000.0,5.348333333333334,0.6712,286846.32,193.0,0.8723,0.0185,0.3147,0.0143,0.0157,0.0179,0.0249,0.0187,5.75,-0.00132,5.5,0.01404,4.25,0.00882,1.0,6.123233995736766e-17,14,18.039508183053236,12.56670536712425
8,Sumatera Utara,2023-04-01,2023,4,0.0145,5.75,-0.00128,68306000.0,5.456666666666667,0.6712,286846.32,193.0,0.8723,0.0185,0.3147,0.0158,0.0143,0.0157,0.0208,0.0195,5.75,-0.00468,5.75,0.01266,4.75,-0.00838,0.8660254037844387,-0.4999999999999998,15,18.039508183053236,12.56670536712425
8,Sumatera Utara,2023-05-01,2023,5,0.0194,5.75,0.00344,68306000.0,5.565,0.6712,286846.32,193.0,0.8723,0.0185,0.3147,0.0145,0.0158,0.0143,0.0194,0.0197,5.75,-0.00128,5.75,-0.00132,5.25,-0.0018,0.49999999999999994,-0.8660254037844387,16,18.039508183053236,12.56670536712425
8,Sumatera Utara,2023-06-01,2023,6,0.0191,5.75,0.0037,68306000.0,5.673333333333333,0.6712,286846.32,193.0,0.8723,0.0185,0.3147,0.0194,0.0145,0.0158,0.0179,0.0199,5.75,0.00344,5.75,-0.00468,5.5,0.01404,1.2246467991473532e-16,-1.0,17,18.039508183053236,12.56670536712425
8,Sumatera Utara,2023-07-01,2023,7,0.0243,5.75,0.00498,68306000.0,5.781666666666666,0.6712,286846.32,193.0,0.8723,0.0185,0.3147,0.0191,0.0194,0.0145,0.0157,0.0214,5.75,0.0037,5.75,-0.00128,5.75,0.01266,-0.4999999999999997,-0.8660254037844388,18,18.039508183053236,12.56670536712425
8,Sumatera Utara,2023-08-01,2023,8,0.0193,5.75,-8e-05,68306000.0,5.89,0.6712,286846.32,193.0,0.8723,0.0185,0.3147,0.0243,0.0191,0.0194,0.0143,0.0229,5.75,0.00498,5.75,0.00344,5.75,-0.00132,-0.8660254037844384,-0.5000000000000004,19,18.039508183053236,12.56670536712425
8,Sumatera Utara,2023-09-01,2023,9,0.0203,5.75,0.0037,68306000.0,5.758333333333333,0.6712,286846.32,193.0,0.8723,0.0185,0.3147,0.0193,0.0243,0.0191,0.0158,0.0249,5.75,-8e-05,5.75,0.0037,5.75,-0.00468,-1.0,-1.8369701987210297e-16,20,18.039508183053236,12.56670536712425
8,Sumatera Utara,2023-10-01,2023,10,0.0202,6.0,-0.00208,68306000.0,5.626666666666666,0.6712,286846.32,193.0,0.8723,0.0185,0.3147,0.0203,0.0193,0.0243,0.0145,0.0208,5.75,0.0037,5.75,0.00498,5.75,-0.00128,-0.8660254037844386,0.5000000000000001,21,18.039508183053236,12.56670536712425
8,Sumatera Utara,2023-11-01,2023,11,0.0191,6.0,0.00274,68306000.0,5.494999999999999,0.6712,286846.32,193.0,0.8723,0.0185,0.3147,0.0202,0.0203,0.0193,0.0194,0.0194,6.0,-0.00208,5.75,-8e-05,5.75,0.00344,-0.5000000000000004,0.8660254037844384,22,18.039508183053236,12.56670536712425
8,Sumatera Utara,2023-12-01,2023,12,0.0199,6.0,0.0033,68306000.0,5.363333333333333,0.6712,286846.32,193.0,0.8723,0.0185,0.3147,0.0191,0.0202,0.0203,0.0191,0.0179,6.0,0.00274,5.75,0.0037,5.75,0.0037,-2.4492935982947064e-16,1.0,23,18.039508183053236,12.56670536712425
8,Sumatera Utara,2024-01-01,2024,1,0.0187,6.0,0.0216,73575000.0,5.2316666666666665,0.7315,292162.63,191.0,0.9616,0.0163,0.2882,0.0199,0.0191,0.0202,0.0243,0.0157,6.0,0.0033,6.0,-0.00208,5.75,0.00498,0.49999999999999994,0.8660254037844387,24,18.113815865675384,12.58506930101035
8,Sumatera Utara,2024-02-01,2024,2,0.0195,6.0,0.025,73575000.0,5.1,0.7315,292162.63,191.0,0.9616,0.0163,0.2882,0.0187,0.0199,0.0191,0.0193,0.0143,6.0,0.0216,6.0,0.00274,5.75,-8e-05,0.8660254037844386,0.5000000000000001,25,18.113815865675384,12.58506930101035
8,Sumatera Utara,2024-03-01,2024,3,0.0168,6.0,0.0367,73575000.0,5.183333333333333,0.7315,292162.63,191.0,0.9616,0.0163,0.2882,0.0195,0.0187,0.0199,0.0203,0.0158,6.0,0.025,6.0,0.0033,5.75,0.0037,1.0,6.123233995736766e-17,26,18.113815865675384,12.58506930101035
8,Sumatera Utara,2024-04-01,2024,4,0.0156,6.25,0.0396,73575000.0,5.266666666666667,0.7315,292162.63,191.0,0.9616,0.0163,0.2882,0.0168,0.0195,0.0187,0.0202,0.0145,6.0,0.0367,6.0,0.0216,6.0,-0.00208,0.8660254037844387,-0.4999999999999998,27,18.113815865675384,12.58506930101035
8,Sumatera Utara,2024-05-01,2024,5,0.0172,6.25,0.0426,73575000.0,5.35,0.7315,292162.63,191.0,0.9616,0.0163,0.2882,0.0156,0.0168,0.0195,0.0191,0.0194,6.25,0.0396,6.0,0.025,6.0,0.00274,0.49999999999999994,-0.8660254037844387,28,18.113815865675384,12.58506930101035
8,Sumatera Utara,2024-06-01,2024,6,0.0155,6.25,0.0335,73575000.0,5.433333333333333,0.7315,292162.63,191.0,0.9616,0.0163,0.2882,0.0172,0.0156,0.0168,0.0199,0.0191,6.25,0.0426,6.0,0.0367,6.0,0.0033,1.2246467991473532e-16,-1.0,29,18.113815865675384,12.58506930101035
8,Sumatera Utara,2024-07-01,2024,7,0.0149,6.25,0.0206,73575000.0,5.516666666666667,0.7315,292162.63,191.0,0.9616,0.0163,0.2882,0.0155,0.0172,0.0156,0.0187,0.0243,6.25,0.0335,6.25,0.0396,6.0,0.0216,-0.4999999999999997,-0.8660254037844388,30,18.113815865675384,12.58506930101035
8,Sumatera Utara,2024-08-01,2024,8,0.0139,6.25,0.0186,73575000.0,5.6,0.7315,292162.63,191.0,0.9616,0.0163,0.2882,0.0149,0.0155,0.0172,0.0195,0.0193,6.25,0.0206,6.25,0.0426,6.0,0.025,-0.8660254037844384,-0.5000000000000004,31,18.113815865675384,12.58506930101035
8,Sumatera Utara,2024-09-01,2024,9,0.0146,6.0,0.014,73575000.0,5.508333333333333,0.7315,292162.63,191.0,0.9616,0.0163,0.2882,0.0139,0.0149,0.0155,0.0168,0.0203,6.25,0.0186,6.25,0.0335,6.0,0.0367,-1.0,-1.8369701987210297e-16,32,18.113815865675384,12.58506930101035
8,Sumatera Utara,2024-10-01,2024,10,0.0154,6.0,0.0159,73575000.0,5.416666666666666,0.7315,292162.63,191.0,0.9616,0.0163,0.2882,0.0146,0.0139,0.0149,0.0156,0.0202,6.0,0.014,6.25,0.0206,6.25,0.0396,-0.8660254037844386,0.5000000000000001,33,18.113815865675384,12.58506930101035
8,Sumatera Utara,2024-11-01,2024,11,0.0168,6.0,0.0149,73575000.0,5.324999999999999,0.7315,292162.63,191.0,0.9616,0.0163,0.2882,0.0154,0.0146,0.0139,0.0172,0.0191,6.0,0.0159,6.25,0.0186,6.25,0.0426,-0.5000000000000004,0.8660254037844384,34,18.113815865675384,12.58506930101035
8,Sumatera Utara,2024-12-01,2024,12,0.0176,6.0,0.0212,73575000.0,5.233333333333333,0.7315,292162.63,191.0,0.9616,0.0163,0.2882,0.0168,0.0154,0.0146,0.0155,0.0199,6.0,0.0149,6.0,0.014,6.25,0.0335,-2.4492935982947064e-16,1.0,35,18.113815865675384,12.58506930101035
8,Sumatera Utara,2025-01-01,2025,1,0.0189,5.75,0.0178,78310000.0,5.141666666666667,0.7003,301109.14,192.0,0.9391,0.0201,0.2886,0.0176,0.0168,0.0154,0.0149,0.0187,6.0,0.0212,6.0,0.0159,6.25,0.0206,0.49999999999999994,0.8660254037844387,36,18.17618587949688,12.615231390422213
8,Sumatera Utara,2025-02-01,2025,2,0.0186,5.75,0.0073,78310000.0,5.05,0.7003,301109.14,192.0,0.9391,0.0201,0.2886,0.0189,0.0176,0.0168,0.0139,0.0195,5.75,0.0178,6.0,0.0149,6.25,0.0186,0.8660254037844386,0.5000000000000001,37,18.17618587949688,12.615231390422213
8,Sumatera Utara,2025-03-01,2025,3,0.0203,5.75,0.0069,78310000.0,5.095,0.7003,301109.14,192.0,0.9391,0.0201,0.2886,0.0186,0.0189,0.0176,0.0146,0.0168,5.75,0.0073,6.0,0.0212,6.0,0.014,1.0,6.123233995736766e-17,38,18.17618587949688,12.615231390422213
8,Sumatera Utara,2025-04-01,2025,4,0.0207,5.75,0.0209,78310000.0,5.14,0.7003,301109.14,192.0,0.9391,0.0201,0.2886,0.0203,0.0186,0.0189,0.0154,0.0156,5.75,0.0069,5.75,0.0178,6.0,0.0159,0.8660254037844387,-0.4999999999999998,39,18.17618587949688,12.615231390422213
8,Sumatera Utara,2025-05-01,2025,5,0.0207,5.75,0.0111,78310000.0,5.1850000000000005,0.7003,301109.14,192.0,0.9391,0.0201,0.2886,0.0207,0.0203,0.0186,0.0168,0.0172,5.75,0.0209,5.75,0.0073,6.0,0.0149,0.49999999999999994,-0.8660254037844387,40,18.17618587949688,12.615231390422213
8,Sumatera Utara,2025-06-01,2025,6,0.0155,5.5,0.0125,78310000.0,5.23,0.7003,301109.14,192.0,0.9391,0.0201,0.2886,0.0207,0.0207,0.0203,0.0176,0.0155,5.75,0.0111,5.75,0.0069,6.0,0.0212,1.2246467991473532e-16,-1.0,41,18.17618587949688,12.615231390422213
8,Sumatera Utara,2025-07-01,2025,7,0.0159,5.25,0.0286,78310000.0,5.275,0.7003,301109.14,192.0,0.9391,0.0201,0.2886,0.0155,0.0207,0.0207,0.0189,0.0149,5.5,0.0125,5.75,0.0209,5.75,0.0178,-0.4999999999999997,-0.8660254037844388,42,18.17618587949688,12.615231390422213
8,Sumatera Utara,2025-08-01,2025,8,0.016,5.0,0.0442,78310000.0,5.32,0.7003,301109.14,192.0,0.9391,0.0201,0.2886,0.0159,0.0155,0.0207,0.0186,0.0139,5.25,0.0286,5.75,0.0111,5.75,0.0073,-0.8660254037844384,-0.5000000000000004,43,18.17618587949688,12.615231390422213
8,Sumatera Utara,2025-09-01,2025,9,0.0191,4.75,0.0532,78310000.0,5.32,0.7003,301109.14,192.0,0.9391,0.0201,0.2886,0.016,0.0159,0.0155,0.0203,0.0146,5.0,0.0442,5.5,0.0125,5.75,0.0069,-1.0,-1.8369701987210297e-16,44,18.17618587949688,12.615231390422213
8,Sumatera Utara,2025-10-01,2025,10,0.019,4.75,0.0497,78310000.0,5.32,0.7003,301109.14,192.0,0.9391,0.0201,0.2886,0.0191,0.016,0.0159,0.0207,0.0154,4.75,0.0532,5.25,0.0286,5.75,0.0209,-0.8660254037844386,0.5000000000000001,45,18.17618587949688,12.615231390422213
8,Sumatera Utara,2025-11-01,2025,11,0.0188,4.75,0.0396,78310000.0,5.32,0.7003,301109.14,192.0,0.9391,0.0201,0.2886,0.019,0.0191,0.016,0.0207,0.0168,4.75,0.0497,5.0,0.0442,5.75,0.0111,-0.5000000000000004,0.8660254037844384,46,18.17618587949688,12.615231390422213
8,Sumatera Utara,2025-12-01,2025,12,0.017,4.75,0.0466,78310000.0,5.32,0.7003,301109.14,192.0,0.9391,0.0201,0.2886,0.0188,0.019,0.0191,0.0155,0.0176,4.75,0.0396,4.75,0.0532,5.5,0.0125,-2.4492935982947064e-16,1.0,47,18.17618587949688,12.615231390422213
9,Sumatera Barat,2022-01-01,2022,1,0.0141,3.5,0.0099,50264000.0,6.17,0.754,51357.66,84.0,1.2332,0.0168,0.434,,,,,,,,,,,,0.49999999999999994,0.8660254037844387,0,17.732799692959876,10.846588847680804
9,Sumatera Barat,2022-02-01,2022,2,0.0131,3.5,0.0,50264000.0,6.17,0.754,51357.66,84.0,1.2332,0.0168,0.434,0.0141,,,,,3.5,0.0099,,,,,0.8660254037844386,0.5000000000000001,1,17.732799692959876,10.846588847680804
9,Sumatera Barat,2022-03-01,2022,3,0.0126,3.5,0.0095,50264000.0,6.1883333333333335,0.754,51357.66,84.0,1.2332,0.0168,0.434,0.0131,0.0141,,,,3.5,0.0,,,,,1.0,6.123233995736766e-17,2,17.732799692959876,10.846588847680804
9,Sumatera Barat,2022-04-01,2022,4,0.0132,3.5,0.0085,50264000.0,6.206666666666667,0.754,51357.66,84.0,1.2332,0.0168,0.434,0.0126,0.0131,0.0141,,,3.5,0.0095,3.5,0.0099,,,0.8660254037844387,-0.4999999999999998,3,17.732799692959876,10.846588847680804
9,Sumatera Barat,2022-05-01,2022,5,0.0148,3.5,0.01465,50264000.0,6.225,0.754,51357.66,84.0,1.2332,0.0168,0.434,0.0132,0.0126,0.0131,,,3.5,0.0085,3.5,0.0,,,0.49999999999999994,-0.8660254037844387,4,17.732799692959876,10.846588847680804
9,Sumatera Barat,2022-06-01,2022,6,0.0154,3.5,0.0122,50264000.0,6.243333333333333,0.754,51357.66,84.0,1.2332,0.0168,0.434,0.0148,0.0132,0.0126,,,3.5,0.01465,3.5,0.0095,,,1.2246467991473532e-16,-1.0,5,17.732799692959876,10.846588847680804
9,Sumatera Barat,2022-07-01,2022,7,0.0154,3.5,0.00795,50264000.0,6.261666666666667,0.754,51357.66,84.0,1.2332,0.0168,0.434,0.0154,0.0148,0.0132,0.0141,,3.5,0.0122,3.5,0.0085,3.5,0.0099,-0.4999999999999997,-0.8660254037844388,6,17.732799692959876,10.846588847680804
9,Sumatera Barat,2022-08-01,2022,8,0.0163,3.75,-0.0094,50264000.0,6.28,0.754,51357.66,84.0,1.2332,0.0168,0.434,0.0154,0.0154,0.0148,0.0131,,3.5,0.00795,3.5,0.01465,3.5,0.0,-0.8660254037844384,-0.5000000000000004,7,17.732799692959876,10.846588847680804
9,Sumatera Barat,2022-09-01,2022,9,0.0153,4.25,0.01605,50264000.0,6.216666666666667,0.754,51357.66,84.0,1.2332,0.0168,0.434,0.0163,0.0154,0.0154,0.0126,,3.75,-0.0094,3.5,0.0122,3.5,0.0095,-1.0,-1.8369701987210297e-16,8,17.732799692959876,10.846588847680804
9,Sumatera Barat,2022-10-01,2022,10,0.0144,4.75,-0.00235,50264000.0,6.153333333333333,0.754,51357.66,84.0,1.2332,0.0168,0.434,0.0153,0.0163,0.0154,0.0132,,4.25,0.01605,3.5,0.00795,3.5,0.0085,-0.8660254037844386,0.5000000000000001,9,17.732799692959876,10.846588847680804
9,Sumatera Barat,2022-11-01,2022,11,0.015,5.25,-0.0017,50264000.0,6.09,0.754,51357.66,84.0,1.2332,0.0168,0.434,0.0144,0.0153,0.0163,0.0148,,4.75,-0.00235,3.75,-0.0094,3.5,0.01465,-0.5000000000000004,0.8660254037844384,10,17.732799692959876,10.846588847680804
9,Sumatera Barat,2022-12-01,2022,12,0.0156,5.5,0.0082,50264000.0,6.026666666666667,0.754,51357.66,84.0,1.2332,0.0168,0.434,0.015,0.0144,0.0153,0.0154,,5.25,-0.0017,4.25,0.01605,3.5,0.0122,-2.4492935982947064e-16,1.0,11,17.732799692959876,10.846588847680804
9,Sumatera Barat,2023-01-01,2023,1,0.015,5.75,0.0042,54334000.0,5.963333333333334,0.8031,50438.37,84.0,1.3428,0.0175,0.443,0.0156,0.015,0.0144,0.0154,0.0141,5.5,0.0082,4.75,-0.00235,3.5,0.00795,0.49999999999999994,0.8660254037844387,12,17.810660758370982,10.828527299913622
9,Sumatera Barat,2023-02-01,2023,2,0.015,5.75,0.00115,54334000.0,5.9,0.8031,50438.37,84.0,1.3428,0.0175,0.443,0.015,0.0156,0.015,0.0163,0.0131,5.75,0.0042,5.25,-0.0017,3.75,-0.0094,0.8660254037844386,0.5000000000000001,13,17.810660758370982,10.828527299913622
9,Sumatera Barat,2023-03-01,2023,3,0.0161,5.75,-0.00065,54334000.0,5.906666666666667,0.8031,50438.37,84.0,1.3428,0.0175,0.443,0.015,0.015,0.0156,0.0153,0.0126,5.75,0.00115,5.5,0.0082,4.25,0.01605,1.0,6.123233995736766e-17,14,17.810660758370982,10.828527299913622
9,Sumatera Barat,2023-04-01,2023,4,0.0174,5.75,0.00015,54334000.0,5.913333333333334,0.8031,50438.37,84.0,1.3428,0.0175,0.443,0.0161,0.015,0.015,0.0144,0.0132,5.75,-0.00065,5.75,0.0042,4.75,-0.00235,0.8660254037844387,-0.4999999999999998,15,17.810660758370982,10.828527299913622
9,Sumatera Barat,2023-05-01,2023,5,0.0211,5.75,0.0029,54334000.0,5.92,0.8031,50438.37,84.0,1.3428,0.0175,0.443,0.0174,0.0161,0.015,0.015,0.0148,5.75,0.00015,5.75,0.00115,5.25,-0.0017,0.49999999999999994,-0.8660254037844387,16,17.810660758370982,10.828527299913622
9,Sumatera Barat,2023-06-01,2023,6,0.0196,5.75,0.0003,54334000.0,5.926666666666667,0.8031,50438.37,84.0,1.3428,0.0175,0.443,0.0211,0.0174,0.0161,0.0156,0.0154,5.75,0.0029,5.75,-0.00065,5.5,0.0082,1.2246467991473532e-16,-1.0,17,17.810660758370982,10.828527299913622
9,Sumatera Barat,2023-07-01,2023,7,0.0232,5.75,0.00425,54334000.0,5.933333333333334,0.8031,50438.37,84.0,1.3428,0.0175,0.443,0.0196,0.0211,0.0174,0.015,0.0154,5.75,0.0003,5.75,0.00015,5.75,0.0042,-0.4999999999999997,-0.8660254037844388,18,17.810660758370982,10.828527299913622
9,Sumatera Barat,2023-08-01,2023,8,0.0219,5.75,-0.0001,54334000.0,5.94,0.8031,50438.37,84.0,1.3428,0.0175,0.443,0.0232,0.0196,0.0211,0.015,0.0163,5.75,0.00425,5.75,0.0029,5.75,0.00115,-0.8660254037844384,-0.5000000000000004,19,17.810660758370982,10.828527299913622
9,Sumatera Barat,2023-09-01,2023,9,0.0233,5.75,0.00365,54334000.0,5.915,0.8031,50438.37,84.0,1.3428,0.0175,0.443,0.0219,0.0232,0.0196,0.0161,0.0153,5.75,-0.0001,5.75,0.0003,5.75,-0.00065,-1.0,-1.8369701987210297e-16,20,17.810660758370982,10.828527299913622
9,Sumatera Barat,2023-10-01,2023,10,0.0235,6.0,0.0003,54334000.0,5.890000000000001,0.8031,50438.37,84.0,1.3428,0.0175,0.443,0.0233,0.0219,0.0232,0.0174,0.0144,5.75,0.00365,5.75,0.00425,5.75,0.00015,-0.8660254037844386,0.5000000000000001,21,17.810660758370982,10.828527299913622
9,Sumatera Barat,2023-11-01,2023,11,0.0216,6.0,0.0047,54334000.0,5.865,0.8031,50438.37,84.0,1.3428,0.0175,0.443,0.0235,0.0233,0.0219,0.0211,0.015,6.0,0.0003,5.75,-0.0001,5.75,0.0029,-0.5000000000000004,0.8660254037844384,22,17.810660758370982,10.828527299913622
9,Sumatera Barat,2023-12-01,2023,12,0.0223,6.0,0.001,54334000.0,5.84,0.8031,50438.37,84.0,1.3428,0.0175,0.443,0.0216,0.0235,0.0233,0.0196,0.0156,6.0,0.0047,5.75,0.00365,5.75,0.0003,-2.4492935982947064e-16,1.0,23,17.810660758370982,10.828527299913622
9,Sumatera Barat,2024-01-01,2024,1,0.0219,6.0,0.0257,57083000.0,5.815,0.7514,52018.81,83.0,1.3696,0.0189,0.4298,0.0223,0.0216,0.0235,0.0232,0.015,6.0,0.001,6.0,0.0003,5.75,0.00425,0.49999999999999994,0.8660254037844387,24,17.86001692452374,10.859379886554603
9,Sumatera Barat,2024-02-01,2024,2,0.0232,6.0,0.0332,57083000.0,5.79,0.7514,52018.81,83.0,1.3696,0.0189,0.4298,0.0219,0.0223,0.0216,0.0219,0.015,6.0,0.0257,6.0,0.0047,5.75,-0.0001,0.8660254037844386,0.5000000000000001,25,17.86001692452374,10.859379886554603
9,Sumatera Barat,2024-03-01,2024,3,0.0183,6.0,0.0393,57083000.0,5.783333333333333,0.7514,52018.81,83.0,1.3696,0.0189,0.4298,0.0232,0.0219,0.0223,0.0233,0.0161,6.0,0.0332,6.0,0.001,5.75,0.00365,1.0,6.123233995736766e-17,26,17.86001692452374,10.859379886554603
9,Sumatera Barat,2024-04-01,2024,4,0.0196,6.25,0.0381,57083000.0,5.776666666666666,0.7514,52018.81,83.0,1.3696,0.0189,0.4298,0.0183,0.0232,0.0219,0.0235,0.0174,6.0,0.0393,6.0,0.0257,6.0,0.0003,0.8660254037844387,-0.4999999999999998,27,17.86001692452374,10.859379886554603
9,Sumatera Barat,2024-05-01,2024,5,0.0224,6.25,0.0417,57083000.0,5.77,0.7514,52018.81,83.0,1.3696,0.0189,0.4298,0.0196,0.0183,0.0232,0.0216,0.0211,6.25,0.0381,6.0,0.0332,6.0,0.0047,0.49999999999999994,-0.8660254037844387,28,17.86001692452374,10.859379886554603
9,Sumatera Barat,2024-06-01,2024,6,0.0171,6.25,0.0404,57083000.0,5.763333333333334,0.7514,52018.81,83.0,1.3696,0.0189,0.4298,0.0224,0.0196,0.0183,0.0223,0.0196,6.25,0.0417,6.0,0.0393,6.0,0.001,1.2246467991473532e-16,-1.0,29,17.86001692452374,10.859379886554603
9,Sumatera Barat,2024-07-01,2024,7,0.0236,6.25,0.0244,57083000.0,5.756666666666667,0.7514,52018.81,83.0,1.3696,0.0189,0.4298,0.0171,0.0224,0.0196,0.0219,0.0232,6.25,0.0404,6.25,0.0381,6.0,0.0257,-0.4999999999999997,-0.8660254037844388,30,17.86001692452374,10.859379886554603
9,Sumatera Barat,2024-08-01,2024,8,0.024,6.25,0.0222,57083000.0,5.75,0.7514,52018.81,83.0,1.3696,0.0189,0.4298,0.0236,0.0171,0.0224,0.0232,0.0219,6.25,0.0244,6.25,0.0417,6.0,0.0332,-0.8660254037844384,-0.5000000000000004,31,17.86001692452374,10.859379886554603
9,Sumatera Barat,2024-09-01,2024,9,0.0229,6.0,0.0152,57083000.0,5.74,0.7514,52018.81,83.0,1.3696,0.0189,0.4298,0.024,0.0236,0.0171,0.0183,0.0233,6.25,0.0222,6.25,0.0404,6.0,0.0393,-1.0,-1.8369701987210297e-16,32,17.86001692452374,10.859379886554603
9,Sumatera Barat,2024-10-01,2024,10,0.0252,6.0,0.0165,57083000.0,5.73,0.7514,52018.81,83.0,1.3696,0.0189,0.4298,0.0229,0.024,0.0236,0.0196,0.0235,6.0,0.0152,6.25,0.0244,6.25,0.0381,-0.8660254037844386,0.5000000000000001,33,17.86001692452374,10.859379886554603
9,Sumatera Barat,2024-11-01,2024,11,0.0261,6.0,0.008,57083000.0,5.720000000000001,0.7514,52018.81,83.0,1.3696,0.0189,0.4298,0.0252,0.0229,0.024,0.0224,0.0216,6.0,0.0165,6.25,0.0222,6.25,0.0417,-0.5000000000000004,0.8660254037844384,34,17.86001692452374,10.859379886554603
9,Sumatera Barat,2024-12-01,2024,12,0.0281,6.0,0.0089,57083000.0,5.71,0.7514,52018.81,83.0,1.3696,0.0189,0.4298,0.0261,0.0252,0.0229,0.0171,0.0223,6.0,0.008,6.0,0.0152,6.25,0.0404,-2.4492935982947064e-16,1.0,35,17.86001692452374,10.859379886554603
9,Sumatera Barat,2025-01-01,2025,1,0.0311,5.75,0.0124,59549000.0,5.7,0.7645,54261.07,82.0,1.3104,0.0237,0.4308,0.0281,0.0261,0.0252,0.0236,0.0219,6.0,0.0089,6.0,0.0165,6.25,0.0244,0.49999999999999994,0.8660254037844387,36,17.902310077806227,10.901580735135077
9,Sumatera Barat,2025-02-01,2025,2,0.0316,5.75,-0.0009,59549000.0,5.69,0.7645,54261.07,82.0,1.3104,0.0237,0.4308,0.0311,0.0281,0.0261,0.024,0.0232,5.75,0.0124,6.0,0.008,6.25,0.0222,0.8660254037844386,0.5000000000000001,37,17.902310077806227,10.901580735135077
9,Sumatera Barat,2025-03-01,2025,3,0.034,5.75,0.003,59549000.0,5.678333333333334,0.7645,54261.07,82.0,1.3104,0.0237,0.4308,0.0316,0.0311,0.0281,0.0229,0.0183,5.75,-0.0009,6.0,0.0089,6.0,0.0152,1.0,6.123233995736766e-17,38,17.902310077806227,10.901580735135077
9,Sumatera Barat,2025-04-01,2025,4,0.0319,5.75,0.0238,59549000.0,5.666666666666667,0.7645,54261.07,82.0,1.3104,0.0237,0.4308,0.034,0.0316,0.0311,0.0252,0.0196,5.75,0.003,5.75,0.0124,6.0,0.0165,0.8660254037844387,-0.4999999999999998,39,17.902310077806227,10.901580735135077
9,Sumatera Barat,2025-05-01,2025,5,0.0316,5.75,0.0085,59549000.0,5.655,0.7645,54261.07,82.0,1.3104,0.0237,0.4308,0.0319,0.034,0.0316,0.0261,0.0224,5.75,0.0238,5.75,-0.0009,6.0,0.008,0.49999999999999994,-0.8660254037844387,40,17.902310077806227,10.901580735135077
9,Sumatera Barat,2025-06-01,2025,6,0.024,5.5,0.0045,59549000.0,5.6433333333333335,0.7645,54261.07,82.0,1.3104,0.0237,0.4308,0.0316,0.0319,0.034,0.0281,0.0171,5.75,0.0085,5.75,0.003,6.0,0.0089,1.2246467991473532e-16,-1.0,41,17.902310077806227,10.901580735135077
9,Sumatera Barat,2025-07-01,2025,7,0.0228,5.25,0.0219,59549000.0,5.631666666666667,0.7645,54261.07,82.0,1.3104,0.0237,0.4308,0.024,0.0316,0.0319,0.0311,0.0236,5.5,0.0045,5.75,0.0238,5.75,0.0124,-0.4999999999999997,-0.8660254037844388,42,17.902310077806227,10.901580735135077
9,Sumatera Barat,2025-08-01,2025,8,0.0214,5.0,0.0289,59549000.0,5.62,0.7645,54261.07,82.0,1.3104,0.0237,0.4308,0.0228,0.024,0.0316,0.0316,0.024,5.25,0.0219,5.75,0.0085,5.75,-0.0009,-0.8660254037844384,-0.5000000000000004,43,17.902310077806227,10.901580735135077
9,Sumatera Barat,2025-09-01,2025,9,0.022,4.75,0.0422,59549000.0,5.62,0.7645,54261.07,82.0,1.3104,0.0237,0.4308,0.0214,0.0228,0.024,0.034,0.0229,5.0,0.0289,5.5,0.0045,5.75,0.003,-1.0,-1.8369701987210297e-16,44,17.902310077806227,10.901580735135077
9,Sumatera Barat,2025-10-01,2025,10,0.0217,4.75,0.0452,59549000.0,5.62,0.7645,54261.07,82.0,1.3104,0.0237,0.4308,0.022,0.0214,0.0228,0.0319,0.0252,4.75,0.0422,5.25,0.0219,5.75,0.0238,-0.8660254037844386,0.5000000000000001,45,17.902310077806227,10.901580735135077
9,Sumatera Barat,2025-11-01,2025,11,0.0224,4.75,0.0398,59549000.0,5.62,0.7645,54261.07,82.0,1.3104,0.0237,0.4308,0.0217,0.022,0.0214,0.0316,0.0261,4.75,0.0452,5.0,0.0289,5.75,0.0085,-0.5000000000000004,0.8660254037844384,46,17.902310077806227,10.901580735135077
9,Sumatera Barat,2025-12-01,2025,12,0.0188,4.75,0.0515,59549000.0,5.62,0.7645,54261.07,82.0,1.3104,0.0237,0.4308,0.0224,0.0217,0.022,0.024,0.0281,4.75,0.0398,4.75,0.0422,5.5,0.0045,-2.4492935982947064e-16,1.0,47,17.902310077806227,10.901580735135077
10,Riau,2022-01-01,2022,1,0.0208,3.5,0.0092,151259000.0,4.4,0.756,108539.59,84.0,0.7825,0.0195,0.4249,,,,,,,,,,,,0.49999999999999994,0.8660254037844387,0,18.834504163848333,11.594879483386665
10,Riau,2022-02-01,2022,2,0.0189,3.5,-0.00243,151259000.0,4.4,0.756,108539.59,84.0,0.7825,0.0195,0.4249,0.0208,,,,,3.5,0.0092,,,,,0.8660254037844386,0.5000000000000001,1,18.834504163848333,11.594879483386665
10,Riau,2022-03-01,2022,3,0.0175,3.5,0.00923,151259000.0,4.3950000000000005,0.756,108539.59,84.0,0.7825,0.0195,0.4249,0.0189,0.0208,,,,3.5,-0.00243,,,,,1.0,6.123233995736766e-17,2,18.834504163848333,11.594879483386665
10,Riau,2022-04-01,2022,4,0.0179,3.5,0.0062,151259000.0,4.390000000000001,0.756,108539.59,84.0,0.7825,0.0195,0.4249,0.0175,0.0189,0.0208,,,3.5,0.00923,3.5,0.0092,,,0.8660254037844387,-0.4999999999999998,3,18.834504163848333,11.594879483386665
10,Riau,2022-05-01,2022,5,0.0174,3.5,0.01063,151259000.0,4.385,0.756,108539.59,84.0,0.7825,0.0195,0.4249,0.0179,0.0175,0.0189,,,3.5,0.0062,3.5,-0.00243,,,0.49999999999999994,-0.8660254037844387,4,18.834504163848333,11.594879483386665
10,Riau,2022-06-01,2022,6,0.0194,3.5,0.0145,151259000.0,4.38,0.756,108539.59,84.0,0.7825,0.0195,0.4249,0.0174,0.0179,0.0175,,,3.5,0.01063,3.5,0.00923,,,1.2246467991473532e-16,-1.0,5,18.834504163848333,11.594879483386665
10,Riau,2022-07-01,2022,7,0.0221,3.5,0.00787,151259000.0,4.375,0.756,108539.59,84.0,0.7825,0.0195,0.4249,0.0194,0.0174,0.0179,0.0208,,3.5,0.0145,3.5,0.0062,3.5,0.0092,-0.4999999999999997,-0.8660254037844388,6,18.834504163848333,11.594879483386665
10,Riau,2022-08-01,2022,8,0.0231,3.75,-0.01283,151259000.0,4.37,0.756,108539.59,84.0,0.7825,0.0195,0.4249,0.0221,0.0194,0.0174,0.0189,,3.5,0.00787,3.5,0.01063,3.5,-0.00243,-0.8660254037844384,-0.5000000000000004,7,18.834504163848333,11.594879483386665
10,Riau,2022-09-01,2022,9,0.0247,4.25,0.0134,151259000.0,4.35,0.756,108539.59,84.0,0.7825,0.0195,0.4249,0.0231,0.0221,0.0194,0.0175,,3.75,-0.01283,3.5,0.0145,3.5,0.00923,-1.0,-1.8369701987210297e-16,8,18.834504163848333,11.594879483386665
10,Riau,2022-10-01,2022,10,0.0173,4.75,-0.0067,151259000.0,4.33,0.756,108539.59,84.0,0.7825,0.0195,0.4249,0.0247,0.0231,0.0221,0.0179,,4.25,0.0134,3.5,0.00787,3.5,0.0062,-0.8660254037844386,0.5000000000000001,9,18.834504163848333,11.594879483386665
10,Riau,2022-11-01,2022,11,0.0183,5.25,0.0016,151259000.0,4.3100000000000005,0.756,108539.59,84.0,0.7825,0.0195,0.4249,0.0173,0.0247,0.0231,0.0174,,4.75,-0.0067,3.75,-0.01283,3.5,0.01063,-0.5000000000000004,0.8660254037844384,10,18.834504163848333,11.594879483386665
10,Riau,2022-12-01,2022,12,0.0169,5.5,0.00917,151259000.0,4.29,0.756,108539.59,84.0,0.7825,0.0195,0.4249,0.0183,0.0173,0.0247,0.0194,,5.25,0.0016,4.25,0.0134,3.5,0.0145,-2.4492935982947064e-16,1.0,11,18.834504163848333,11.594879483386665
10,Riau,2023-01-01,2023,1,0.0154,5.75,0.00663,154522000.0,4.27,0.7714,110730.93,86.0,0.8306,0.0218,0.447,0.0169,0.0183,0.0173,0.0221,0.0208,5.5,0.00917,4.75,-0.0067,3.5,0.00787,0.49999999999999994,0.8660254037844387,12,18.85584704545847,11.614867514324416
10,Riau,2023-02-01,2023,2,0.0136,5.75,0.00087,154522000.0,4.25,0.7714,110730.93,86.0,0.8306,0.0218,0.447,0.0154,0.0169,0.0183,0.0231,0.0189,5.75,0.00663,5.25,0.0016,3.75,-0.01283,0.8660254037844386,0.5000000000000001,13,18.85584704545847,11.614867514324416
10,Riau,2023-03-01,2023,3,0.0146,5.75,-0.00127,154522000.0,4.246666666666667,0.7714,110730.93,86.0,0.8306,0.0218,0.447,0.0136,0.0154,0.0169,0.0247,0.0175,5.75,0.00087,5.5,0.00917,4.25,0.0134,1.0,6.123233995736766e-17,14,18.85584704545847,11.614867514324416
10,Riau,2023-04-01,2023,4,0.0139,5.75,0.00083,154522000.0,4.243333333333333,0.7714,110730.93,86.0,0.8306,0.0218,0.447,0.0146,0.0136,0.0154,0.0173,0.0179,5.75,-0.00127,5.75,0.00663,4.75,-0.0067,0.8660254037844387,-0.4999999999999998,15,18.85584704545847,11.614867514324416
10,Riau,2023-05-01,2023,5,0.0174,5.75,0.0014,154522000.0,4.24,0.7714,110730.93,86.0,0.8306,0.0218,0.447,0.0139,0.0146,0.0136,0.0183,0.0174,5.75,0.00083,5.75,0.00087,5.25,0.0016,0.49999999999999994,-0.8660254037844387,16,18.85584704545847,11.614867514324416
10,Riau,2023-06-01,2023,6,0.0172,5.75,0.00173,154522000.0,4.236666666666667,0.7714,110730.93,86.0,0.8306,0.0218,0.447,0.0174,0.0139,0.0146,0.0169,0.0194,5.75,0.0014,5.75,-0.00127,5.5,0.00917,1.2246467991473532e-16,-1.0,17,18.85584704545847,11.614867514324416
10,Riau,2023-07-01,2023,7,0.0211,5.75,0.00497,154522000.0,4.233333333333333,0.7714,110730.93,86.0,0.8306,0.0218,0.447,0.0172,0.0174,0.0139,0.0154,0.0221,5.75,0.00173,5.75,0.00083,5.75,0.00663,-0.4999999999999997,-0.8660254037844388,18,18.85584704545847,11.614867514324416
10,Riau,2023-08-01,2023,8,0.0166,5.75,-0.0023,154522000.0,4.23,0.7714,110730.93,86.0,0.8306,0.0218,0.447,0.0211,0.0172,0.0174,0.0136,0.0231,5.75,0.00497,5.75,0.0014,5.75,0.00087,-0.8660254037844384,-0.5000000000000004,19,18.85584704545847,11.614867514324416
10,Riau,2023-09-01,2023,9,0.0153,5.75,0.00317,154522000.0,4.166666666666667,0.7714,110730.93,86.0,0.8306,0.0218,0.447,0.0166,0.0211,0.0172,0.0146,0.0247,5.75,-0.0023,5.75,0.00173,5.75,-0.00127,-1.0,-1.8369701987210297e-16,20,18.85584704545847,11.614867514324416
10,Riau,2023-10-01,2023,10,0.0159,6.0,-0.0013,154522000.0,4.1033333333333335,0.7714,110730.93,86.0,0.8306,0.0218,0.447,0.0153,0.0166,0.0211,0.0139,0.0173,5.75,0.00317,5.75,0.00497,5.75,0.00083,-0.8660254037844386,0.5000000000000001,21,18.85584704545847,11.614867514324416
10,Riau,2023-11-01,2023,11,0.0147,6.0,0.00683,154522000.0,4.04,0.7714,110730.93,86.0,0.8306,0.0218,0.447,0.0159,0.0153,0.0166,0.0174,0.0183,6.0,-0.0013,5.75,-0.0023,5.75,0.0014,-0.5000000000000004,0.8660254037844384,22,18.85584704545847,11.614867514324416
10,Riau,2023-12-01,2023,12,0.0144,6.0,0.00097,154522000.0,3.976666666666667,0.7714,110730.93,86.0,0.8306,0.0218,0.447,0.0147,0.0159,0.0153,0.0172,0.0169,6.0,0.00683,5.75,0.00317,5.75,0.00173,-2.4492935982947064e-16,1.0,23,18.85584704545847,11.614867514324416
10,Riau,2024-01-01,2024,1,0.0139,6.0,0.0235,165350000.0,3.9133333333333336,0.8249,117909.72,85.0,0.858,0.0208,0.4269,0.0144,0.0147,0.0159,0.0211,0.0154,6.0,0.00097,6.0,-0.0013,5.75,0.00497,0.49999999999999994,0.8660254037844387,24,18.923575003439854,11.677683006904378
10,Riau,2024-02-01,2024,2,0.0141,6.0,0.0286,165350000.0,3.85,0.8249,117909.72,85.0,0.858,0.0208,0.4269,0.0139,0.0144,0.0147,0.0166,0.0136,6.0,0.0235,6.0,0.00683,5.75,-0.0023,0.8660254037844386,0.5000000000000001,25,18.923575003439854,11.677683006904378
10,Riau,2024-03-01,2024,3,0.0138,6.0,0.0357,165350000.0,3.825,0.8249,117909.72,85.0,0.858,0.0208,0.4269,0.0141,0.0139,0.0144,0.0153,0.0146,6.0,0.0286,6.0,0.00097,5.75,0.00317,1.0,6.123233995736766e-17,26,18.923575003439854,11.677683006904378
10,Riau,2024-04-01,2024,4,0.0133,6.25,0.0399,165350000.0,3.8,0.8249,117909.72,85.0,0.858,0.0208,0.4269,0.0138,0.0141,0.0139,0.0159,0.0139,6.0,0.0357,6.0,0.0235,6.0,-0.0013,0.8660254037844387,-0.4999999999999998,27,18.923575003439854,11.677683006904378
10,Riau,2024-05-01,2024,5,0.0159,6.25,0.0441,165350000.0,3.775,0.8249,117909.72,85.0,0.858,0.0208,0.4269,0.0133,0.0138,0.0141,0.0147,0.0174,6.25,0.0399,6.0,0.0286,6.0,0.00683,0.49999999999999994,-0.8660254037844387,28,18.923575003439854,11.677683006904378
10,Riau,2024-06-01,2024,6,0.0144,6.25,0.0356,165350000.0,3.75,0.8249,117909.72,85.0,0.858,0.0208,0.4269,0.0159,0.0133,0.0138,0.0144,0.0172,6.25,0.0441,6.0,0.0357,6.0,0.00097,1.2246467991473532e-16,-1.0,29,18.923575003439854,11.677683006904378
10,Riau,2024-07-01,2024,7,0.0131,6.25,0.0222,165350000.0,3.725,0.8249,117909.72,85.0,0.858,0.0208,0.4269,0.0144,0.0159,0.0133,0.0139,0.0211,6.25,0.0356,6.25,0.0399,6.0,0.0235,-0.4999999999999997,-0.8660254037844388,30,18.923575003439854,11.677683006904378
10,Riau,2024-08-01,2024,8,0.0135,6.25,0.0199,165350000.0,3.7,0.8249,117909.72,85.0,0.858,0.0208,0.4269,0.0131,0.0144,0.0159,0.0141,0.0166,6.25,0.0222,6.25,0.0441,6.0,0.0286,-0.8660254037844384,-0.5000000000000004,31,18.923575003439854,11.677683006904378
10,Riau,2024-09-01,2024,9,0.013,6.0,0.0138,165350000.0,3.77,0.8249,117909.72,85.0,0.858,0.0208,0.4269,0.0135,0.0131,0.0144,0.0138,0.0153,6.25,0.0199,6.25,0.0356,6.0,0.0357,-1.0,-1.8369701987210297e-16,32,18.923575003439854,11.677683006904378
10,Riau,2024-10-01,2024,10,0.0141,6.0,0.0151,165350000.0,3.84,0.8249,117909.72,85.0,0.858,0.0208,0.4269,0.013,0.0135,0.0131,0.0133,0.0159,6.0,0.0138,6.25,0.0222,6.25,0.0399,-0.8660254037844386,0.5000000000000001,33,18.923575003439854,11.677683006904378
10,Riau,2024-11-01,2024,11,0.0147,6.0,0.0087,165350000.0,3.91,0.8249,117909.72,85.0,0.858,0.0208,0.4269,0.0141,0.013,0.0135,0.0159,0.0147,6.0,0.0151,6.25,0.0199,6.25,0.0441,-0.5000000000000004,0.8660254037844384,34,18.923575003439854,11.677683006904378
10,Riau,2024-12-01,2024,12,0.0152,6.0,0.0125,165350000.0,3.98,0.8249,117909.72,85.0,0.858,0.0208,0.4269,0.0147,0.0141,0.013,0.0144,0.0144,6.0,0.0087,6.0,0.0138,6.25,0.0356,-2.4492935982947064e-16,1.0,35,18.923575003439854,11.677683006904378
10,Riau,2025-01-01,2025,1,0.0155,5.75,0.0112,176385000.0,4.05,0.8081,120812.21,84.0,0.852,0.0229,0.4223,0.0152,0.0147,0.0141,0.0131,0.0139,6.0,0.0125,6.0,0.0151,6.25,0.0222,0.49999999999999994,0.8660254037844387,36,18.98817966957718,11.70200091280874
10,Riau,2025-02-01,2025,2,0.0157,5.75,0.0002,176385000.0,4.12,0.8081,120812.21,84.0,0.852,0.0229,0.4223,0.0155,0.0152,0.0147,0.0135,0.0141,5.75,0.0112,6.0,0.0087,6.25,0.0199,0.8660254037844386,0.5000000000000001,37,18.98817966957718,11.70200091280874
10,Riau,2025-03-01,2025,3,0.0165,5.75,0.0068,176385000.0,4.126666666666667,0.8081,120812.21,84.0,0.852,0.0229,0.4223,0.0157,0.0155,0.0152,0.013,0.0138,5.75,0.0002,6.0,0.0125,6.0,0.0138,1.0,6.123233995736766e-17,38,18.98817966957718,11.70200091280874
10,Riau,2025-04-01,2025,4,0.0186,5.75,0.0207,176385000.0,4.133333333333334,0.8081,120812.21,84.0,0.852,0.0229,0.4223,0.0165,0.0157,0.0155,0.0141,0.0133,5.75,0.0068,5.75,0.0112,6.0,0.0151,0.8660254037844387,-0.4999999999999998,39,18.98817966957718,11.70200091280874
10,Riau,2025-05-01,2025,5,0.0197,5.75,0.0098,176385000.0,4.140000000000001,0.8081,120812.21,84.0,0.852,0.0229,0.4223,0.0186,0.0165,0.0157,0.0147,0.0159,5.75,0.0207,5.75,0.0002,6.0,0.0087,0.49999999999999994,-0.8660254037844387,40,18.98817966957718,11.70200091280874
10,Riau,2025-06-01,2025,6,0.0166,5.5,0.0098,176385000.0,4.1466666666666665,0.8081,120812.21,84.0,0.852,0.0229,0.4223,0.0197,0.0186,0.0165,0.0152,0.0144,5.75,0.0098,5.75,0.0068,6.0,0.0125,1.2246467991473532e-16,-1.0,41,18.98817966957718,11.70200091280874
10,Riau,2025-07-01,2025,7,0.0172,5.25,0.0242,176385000.0,4.153333333333333,0.8081,120812.21,84.0,0.852,0.0229,0.4223,0.0166,0.0197,0.0186,0.0155,0.0131,5.5,0.0098,5.75,0.0207,5.75,0.0112,-0.4999999999999997,-0.8660254037844388,42,18.98817966957718,11.70200091280874
10,Riau,2025-08-01,2025,8,0.0171,5.0,0.0358,176385000.0,4.16,0.8081,120812.21,84.0,0.852,0.0229,0.4223,0.0172,0.0166,0.0197,0.0157,0.0135,5.25,0.0242,5.75,0.0098,5.75,0.0002,-0.8660254037844384,-0.5000000000000004,43,18.98817966957718,11.70200091280874
10,Riau,2025-09-01,2025,9,0.0182,4.75,0.0508,176385000.0,4.16,0.8081,120812.21,84.0,0.852,0.0229,0.4223,0.0171,0.0172,0.0166,0.0165,0.013,5.0,0.0358,5.5,0.0098,5.75,0.0068,-1.0,-1.8369701987210297e-16,44,18.98817966957718,11.70200091280874
10,Riau,2025-10-01,2025,10,0.0176,4.75,0.0495,176385000.0,4.16,0.8081,120812.21,84.0,0.852,0.0229,0.4223,0.0182,0.0171,0.0172,0.0186,0.0141,4.75,0.0508,5.25,0.0242,5.75,0.0207,-0.8660254037844386,0.5000000000000001,45,18.98817966957718,11.70200091280874
10,Riau,2025-11-01,2025,11,0.0183,4.75,0.0427,176385000.0,4.16,0.8081,120812.21,84.0,0.852,0.0229,0.4223,0.0176,0.0182,0.0171,0.0197,0.0147,4.75,0.0495,5.0,0.0358,5.75,0.0098,-0.5000000000000004,0.8660254037844384,46,18.98817966957718,11.70200091280874
10,Riau,2025-12-01,2025,12,0.0163,4.75,0.0488,176385000.0,4.16,0.8081,120812.21,84.0,0.852,0.0229,0.4223,0.0183,0.0176,0.0182,0.0166,0.0152,4.75,0.0427,4.75,0.0508,5.5,0.0098,-2.4492935982947064e-16,1.0,47,18.98817966957718,11.70200091280874
11,Kepulauan Riau,2022-01-01,2022,1,0.022,3.5,0.0056,145530000.0,8.02,0.737,64186.11,58.0,0.7124,0.0191,0.7909,,,,,,,,,,,,0.49999999999999994,0.8660254037844387,0,18.795892815760944,11.069557690703089
11,Kepulauan Riau,2022-02-01,2022,2,0.0209,3.5,-0.002,145530000.0,8.02,0.737,64186.11,58.0,0.7124,0.0191,0.7909,0.022,,,,,3.5,0.0056,,,,,0.8660254037844386,0.5000000000000001,1,18.795892815760944,11.069557690703089
11,Kepulauan Riau,2022-03-01,2022,3,0.0242,3.5,0.00545,145530000.0,8.055,0.737,64186.11,58.0,0.7124,0.0191,0.7909,0.0209,0.022,,,,3.5,-0.002,,,,,1.0,6.123233995736766e-17,2,18.795892815760944,11.069557690703089
11,Kepulauan Riau,2022-04-01,2022,4,0.0249,3.5,0.0098,145530000.0,8.09,0.737,64186.11,58.0,0.7124,0.0191,0.7909,0.0242,0.0209,0.022,,,3.5,0.00545,3.5,0.0056,,,0.8660254037844387,-0.4999999999999998,3,18.795892815760944,11.069557690703089
11,Kepulauan Riau,2022-05-01,2022,5,0.0211,3.5,0.00905,145530000.0,8.125,0.737,64186.11,58.0,0.7124,0.0191,0.7909,0.0249,0.0242,0.0209,,,3.5,0.0098,3.5,-0.002,,,0.49999999999999994,-0.8660254037844387,4,18.795892815760944,11.069557690703089
11,Kepulauan Riau,2022-06-01,2022,6,0.0237,3.5,0.0082,145530000.0,8.16,0.737,64186.11,58.0,0.7124,0.0191,0.7909,0.0211,0.0249,0.0242,,,3.5,0.00905,3.5,0.00545,,,1.2246467991473532e-16,-1.0,5,18.795892815760944,11.069557690703089
11,Kepulauan Riau,2022-07-01,2022,7,0.0271,3.5,0.00635,145530000.0,8.195,0.737,64186.11,58.0,0.7124,0.0191,0.7909,0.0237,0.0211,0.0249,0.022,,3.5,0.0082,3.5,0.0098,3.5,0.0056,-0.4999999999999997,-0.8660254037844388,6,18.795892815760944,11.069557690703089
11,Kepulauan Riau,2022-08-01,2022,8,0.0281,3.75,-0.0052,145530000.0,8.23,0.737,64186.11,58.0,0.7124,0.0191,0.7909,0.0271,0.0237,0.0211,0.0209,,3.5,0.00635,3.5,0.00905,3.5,-0.002,-0.8660254037844384,-0.5000000000000004,7,18.795892815760944,11.069557690703089
11,Kepulauan Riau,2022-09-01,2022,9,0.0287,4.25,0.01,145530000.0,8.126666666666667,0.737,64186.11,58.0,0.7124,0.0191,0.7909,0.0281,0.0271,0.0237,0.0242,,3.75,-0.0052,3.5,0.0082,3.5,0.00545,-1.0,-1.8369701987210297e-16,8,18.795892815760944,11.069557690703089
11,Kepulauan Riau,2022-10-01,2022,10,0.0258,4.75,-0.0019,145530000.0,8.023333333333333,0.737,64186.11,58.0,0.7124,0.0191,0.7909,0.0287,0.0281,0.0271,0.0249,,4.25,0.01,3.5,0.00635,3.5,0.0098,-0.8660254037844386,0.5000000000000001,9,18.795892815760944,11.069557690703089
11,Kepulauan Riau,2022-11-01,2022,11,0.0246,5.25,-0.0019,145530000.0,7.92,0.737,64186.11,58.0,0.7124,0.0191,0.7909,0.0258,0.0287,0.0281,0.0211,,4.75,-0.0019,3.75,-0.0052,3.5,0.00905,-0.5000000000000004,0.8660254037844384,10,18.795892815760944,11.069557690703089
11,Kepulauan Riau,2022-12-01,2022,12,0.0234,5.5,0.00995,145530000.0,7.816666666666667,0.737,64186.11,58.0,0.7124,0.0191,0.7909,0.0246,0.0258,0.0287,0.0237,,5.25,-0.0019,4.25,0.01,3.5,0.0082,-2.4492935982947064e-16,1.0,11,18.795892815760944,11.069557690703089
11,Kepulauan Riau,2023-01-01,2023,1,0.0217,5.75,-0.00185,154065000.0,7.713333333333334,0.7567,71196.76,61.0,0.6944,0.0381,0.7805,0.0234,0.0246,0.0258,0.0271,0.022,5.5,0.00995,4.75,-0.0019,3.5,0.00635,0.49999999999999994,0.8660254037844387,12,18.852885155740918,11.173216636231013
11,Kepulauan Riau,2023-02-01,2023,2,0.0192,5.75,0.0041,154065000.0,7.61,0.7567,71196.76,61.0,0.6944,0.0381,0.7805,0.0217,0.0234,0.0246,0.0281,0.0209,5.75,-0.00185,5.25,-0.0019,3.75,-0.0052,0.8660254037844386,0.5000000000000001,13,18.852885155740918,11.173216636231013
11,Kepulauan Riau,2023-03-01,2023,3,0.022,5.75,-0.0018,154065000.0,7.475,0.7567,71196.76,61.0,0.6944,0.0381,0.7805,0.0192,0.0217,0.0234,0.0287,0.0242,5.75,0.0041,5.5,0.00995,4.25,0.01,1.0,6.123233995736766e-17,14,18.852885155740918,11.173216636231013
11,Kepulauan Riau,2023-04-01,2023,4,0.0173,5.75,0.00345,154065000.0,7.34,0.7567,71196.76,61.0,0.6944,0.0381,0.7805,0.022,0.0192,0.0217,0.0258,0.0249,5.75,-0.0018,5.75,-0.00185,4.75,-0.0019,0.8660254037844387,-0.4999999999999998,15,18.852885155740918,11.173216636231013
11,Kepulauan Riau,2023-05-01,2023,5,0.022,5.75,-0.0026,154065000.0,7.205,0.7567,71196.76,61.0,0.6944,0.0381,0.7805,0.0173,0.022,0.0192,0.0246,0.0211,5.75,0.00345,5.75,0.0041,5.25,-0.0019,0.49999999999999994,-0.8660254037844387,16,18.852885155740918,11.173216636231013
11,Kepulauan Riau,2023-06-01,2023,6,0.0211,5.75,0.00405,154065000.0,7.07,0.7567,71196.76,61.0,0.6944,0.0381,0.7805,0.022,0.0173,0.022,0.0234,0.0237,5.75,-0.0026,5.75,-0.0018,5.5,0.00995,1.2246467991473532e-16,-1.0,17,18.852885155740918,11.173216636231013
11,Kepulauan Riau,2023-07-01,2023,7,0.0235,5.75,0.0031,154065000.0,6.935,0.7567,71196.76,61.0,0.6944,0.0381,0.7805,0.0211,0.022,0.0173,0.0217,0.0271,5.75,0.00405,5.75,0.00345,5.75,-0.00185,-0.4999999999999997,-0.8660254037844388,18,18.852885155740918,11.173216636231013
11,Kepulauan Riau,2023-08-01,2023,8,0.0175,5.75,0.00095,154065000.0,6.8,0.7567,71196.76,61.0,0.6944,0.0381,0.7805,0.0235,0.0211,0.022,0.0192,0.0281,5.75,0.0031,5.75,-0.0026,5.75,0.0041,-0.8660254037844384,-0.5000000000000004,19,18.852885155740918,11.173216636231013
11,Kepulauan Riau,2023-09-01,2023,9,0.0187,5.75,0.0027,154065000.0,6.823333333333333,0.7567,71196.76,61.0,0.6944,0.0381,0.7805,0.0175,0.0235,0.0211,0.022,0.0287,5.75,0.00095,5.75,0.00405,5.75,-0.0018,-1.0,-1.8369701987210297e-16,20,18.852885155740918,11.173216636231013
11,Kepulauan Riau,2023-10-01,2023,10,0.0179,6.0,0.0022,154065000.0,6.846666666666667,0.7567,71196.76,61.0,0.6944,0.0381,0.7805,0.0187,0.0175,0.0235,0.0173,0.0258,5.75,0.0027,5.75,0.0031,5.75,0.00345,-0.8660254037844386,0.5000000000000001,21,18.852885155740918,11.173216636231013
11,Kepulauan Riau,2023-11-01,2023,11,0.0179,6.0,0.00725,154065000.0,6.87,0.7567,71196.76,61.0,0.6944,0.0381,0.7805,0.0179,0.0187,0.0175,0.022,0.0246,6.0,0.0022,5.75,0.00095,5.75,-0.0026,-0.5000000000000004,0.8660254037844384,22,18.852885155740918,11.173216636231013
11,Kepulauan Riau,2023-12-01,2023,12,0.0215,6.0,0.00325,154065000.0,6.8933333333333335,0.7567,71196.76,61.0,0.6944,0.0381,0.7805,0.0179,0.0179,0.0187,0.0211,0.0234,6.0,0.00725,5.75,0.0027,5.75,0.00405,-2.4492935982947064e-16,1.0,23,18.852885155740918,11.173216636231013
11,Kepulauan Riau,2024-01-01,2024,1,0.0183,6.0,0.0338,161424000.0,6.916666666666667,0.8109,74243.23,58.0,0.7181,0.0361,0.7595,0.0215,0.0179,0.0179,0.0235,0.0217,6.0,0.00325,6.0,0.0022,5.75,0.0031,0.49999999999999994,0.8660254037844387,24,18.899545007825164,11.215115343207623
11,Kepulauan Riau,2024-02-01,2024,2,0.0169,6.0,0.0265,161424000.0,6.94,0.8109,74243.23,58.0,0.7181,0.0361,0.7595,0.0183,0.0215,0.0179,0.0175,0.0192,6.0,0.0338,6.0,0.00725,5.75,0.00095,0.8660254037844386,0.5000000000000001,25,18.899545007825164,11.215115343207623
11,Kepulauan Riau,2024-03-01,2024,3,0.0176,6.0,0.0337,161424000.0,6.848333333333334,0.8109,74243.23,58.0,0.7181,0.0361,0.7595,0.0169,0.0183,0.0215,0.0187,0.022,6.0,0.0265,6.0,0.00325,5.75,0.0027,1.0,6.123233995736766e-17,26,18.899545007825164,11.215115343207623
11,Kepulauan Riau,2024-04-01,2024,4,0.0155,6.25,0.0304,161424000.0,6.756666666666667,0.8109,74243.23,58.0,0.7181,0.0361,0.7595,0.0176,0.0169,0.0183,0.0179,0.0173,6.0,0.0337,6.0,0.0338,6.0,0.0022,0.8660254037844387,-0.4999999999999998,27,18.899545007825164,11.215115343207623
11,Kepulauan Riau,2024-05-01,2024,5,0.0195,6.25,0.0367,161424000.0,6.665,0.8109,74243.23,58.0,0.7181,0.0361,0.7595,0.0155,0.0176,0.0169,0.0179,0.022,6.25,0.0304,6.0,0.0265,6.0,0.00725,0.49999999999999994,-0.8660254037844387,28,18.899545007825164,11.215115343207623
11,Kepulauan Riau,2024-06-01,2024,6,0.0187,6.25,0.0354,161424000.0,6.573333333333333,0.8109,74243.23,58.0,0.7181,0.0361,0.7595,0.0195,0.0155,0.0176,0.0215,0.0211,6.25,0.0367,6.0,0.0337,6.0,0.00325,1.2246467991473532e-16,-1.0,29,18.899545007825164,11.215115343207623
11,Kepulauan Riau,2024-07-01,2024,7,0.0161,6.25,0.0281,161424000.0,6.4816666666666665,0.8109,74243.23,58.0,0.7181,0.0361,0.7595,0.0187,0.0195,0.0155,0.0183,0.0235,6.25,0.0354,6.25,0.0304,6.0,0.0338,-0.4999999999999997,-0.8660254037844388,30,18.899545007825164,11.215115343207623
11,Kepulauan Riau,2024-08-01,2024,8,0.0152,6.25,0.0264,161424000.0,6.39,0.8109,74243.23,58.0,0.7181,0.0361,0.7595,0.0161,0.0187,0.0195,0.0169,0.0175,6.25,0.0281,6.25,0.0367,6.0,0.0265,-0.8660254037844384,-0.5000000000000004,31,18.899545007825164,11.215115343207623
11,Kepulauan Riau,2024-09-01,2024,9,0.0151,6.0,0.0253,161424000.0,6.473333333333333,0.8109,74243.23,58.0,0.7181,0.0361,0.7595,0.0152,0.0161,0.0187,0.0176,0.0187,6.25,0.0264,6.25,0.0354,6.0,0.0337,-1.0,-1.8369701987210297e-16,32,18.899545007825164,11.215115343207623
11,Kepulauan Riau,2024-10-01,2024,10,0.0149,6.0,0.0231,161424000.0,6.556666666666667,0.8109,74243.23,58.0,0.7181,0.0361,0.7595,0.0151,0.0152,0.0161,0.0155,0.0179,6.0,0.0253,6.25,0.0281,6.25,0.0304,-0.8660254037844386,0.5000000000000001,33,18.899545007825164,11.215115343207623
11,Kepulauan Riau,2024-11-01,2024,11,0.0165,6.0,0.0189,161424000.0,6.64,0.8109,74243.23,58.0,0.7181,0.0361,0.7595,0.0149,0.0151,0.0152,0.0195,0.0179,6.0,0.0231,6.25,0.0264,6.25,0.0367,-0.5000000000000004,0.8660254037844384,34,18.899545007825164,11.215115343207623
11,Kepulauan Riau,2024-12-01,2024,12,0.0164,6.0,0.0209,161424000.0,6.723333333333333,0.8109,74243.23,58.0,0.7181,0.0361,0.7595,0.0165,0.0149,0.0151,0.0187,0.0215,6.0,0.0189,6.0,0.0253,6.25,0.0354,-2.4492935982947064e-16,1.0,35,18.899545007825164,11.215115343207623
11,Kepulauan Riau,2025-01-01,2025,1,0.016,5.75,0.0201,172459000.0,6.806666666666667,0.8103,76973.61,59.0,0.748,0.0331,0.7177,0.0164,0.0165,0.0149,0.0161,0.0183,6.0,0.0209,6.0,0.0231,6.25,0.0281,0.49999999999999994,0.8660254037844387,36,18.965670090824105,11.251230906199808
11,Kepulauan Riau,2025-02-01,2025,2,0.0164,5.75,0.0209,172459000.0,6.89,0.8103,76973.61,59.0,0.748,0.0331,0.7177,0.016,0.0164,0.0165,0.0152,0.0169,5.75,0.0201,6.0,0.0189,6.25,0.0264,0.8660254037844386,0.5000000000000001,37,18.965670090824105,11.251230906199808
11,Kepulauan Riau,2025-03-01,2025,3,0.0172,5.75,0.0201,172459000.0,6.816666666666666,0.8103,76973.61,59.0,0.748,0.0331,0.7177,0.0164,0.016,0.0164,0.0151,0.0176,5.75,0.0209,6.0,0.0209,6.0,0.0253,1.0,6.123233995736766e-17,38,18.965670090824105,11.251230906199808
11,Kepulauan Riau,2025-04-01,2025,4,0.0205,5.75,0.0256,172459000.0,6.743333333333333,0.8103,76973.61,59.0,0.748,0.0331,0.7177,0.0172,0.0164,0.016,0.0149,0.0155,5.75,0.0201,5.75,0.0201,6.0,0.0231,0.8660254037844387,-0.4999999999999998,39,18.965670090824105,11.251230906199808
11,Kepulauan Riau,2025-05-01,2025,5,0.0207,5.75,0.0173,172459000.0,6.67,0.8103,76973.61,59.0,0.748,0.0331,0.7177,0.0205,0.0172,0.0164,0.0165,0.0195,5.75,0.0256,5.75,0.0209,6.0,0.0189,0.49999999999999994,-0.8660254037844387,40,18.965670090824105,11.251230906199808
11,Kepulauan Riau,2025-06-01,2025,6,0.018,5.5,0.0132,172459000.0,6.596666666666667,0.8103,76973.61,59.0,0.748,0.0331,0.7177,0.0207,0.0205,0.0172,0.0164,0.0187,5.75,0.0173,5.75,0.0201,6.0,0.0209,1.2246467991473532e-16,-1.0,41,18.965670090824105,11.251230906199808
11,Kepulauan Riau,2025-07-01,2025,7,0.0174,5.25,0.0197,172459000.0,6.523333333333333,0.8103,76973.61,59.0,0.748,0.0331,0.7177,0.018,0.0207,0.0205,0.016,0.0161,5.5,0.0132,5.75,0.0256,5.75,0.0201,-0.4999999999999997,-0.8660254037844388,42,18.965670090824105,11.251230906199808
11,Kepulauan Riau,2025-08-01,2025,8,0.015,5.0,0.0219,172459000.0,6.45,0.8103,76973.61,59.0,0.748,0.0331,0.7177,0.0174,0.018,0.0207,0.0164,0.0152,5.25,0.0197,5.75,0.0173,5.75,0.0209,-0.8660254037844384,-0.5000000000000004,43,18.965670090824105,11.251230906199808
11,Kepulauan Riau,2025-09-01,2025,9,0.0164,4.75,0.027,172459000.0,6.45,0.8103,76973.61,59.0,0.748,0.0331,0.7177,0.015,0.0174,0.018,0.0172,0.0151,5.0,0.0219,5.5,0.0132,5.75,0.0201,-1.0,-1.8369701987210297e-16,44,18.965670090824105,11.251230906199808
11,Kepulauan Riau,2025-10-01,2025,10,0.0168,4.75,0.0301,172459000.0,6.45,0.8103,76973.61,59.0,0.748,0.0331,0.7177,0.0164,0.015,0.0174,0.0205,0.0149,4.75,0.027,5.25,0.0197,5.75,0.0256,-0.8660254037844386,0.5000000000000001,45,18.965670090824105,11.251230906199808
11,Kepulauan Riau,2025-11-01,2025,11,0.0164,4.75,0.03,172459000.0,6.45,0.8103,76973.61,59.0,0.748,0.0331,0.7177,0.0168,0.0164,0.015,0.0207,0.0165,4.75,0.0301,5.0,0.0219,5.75,0.0173,-0.5000000000000004,0.8660254037844384,46,18.965670090824105,11.251230906199808
11,Kepulauan Riau,2025-12-01,2025,12,0.0162,4.75,0.0347,172459000.0,6.45,0.8103,76973.61,59.0,0.748,0.0331,0.7177,0.0164,0.0168,0.0164,0.018,0.0164,4.75,0.03,4.75,0.027,5.5,0.0132,-2.4492935982947064e-16,1.0,47,18.965670090824105,11.251230906199808
12,Kepulauan Bangka Belitung,2022-01-01,2022,1,0.0208,3.5,0.0088,63866000.0,4.18,0.801,24448.7,31.0,0.592,0.033,0.8012,,,,,,,,,,,,0.49999999999999994,0.8660254037844387,0,17.972297712022865,10.104373224889091
12,Kepulauan Bangka Belitung,2022-02-01,2022,2,0.0187,3.5,-0.01305,63866000.0,4.18,0.801,24448.7,31.0,0.592,0.033,0.8012,0.0208,,,,,3.5,0.0088,,,,,0.8660254037844386,0.5000000000000001,1,17.972297712022865,10.104373224889091
12,Kepulauan Bangka Belitung,2022-03-01,2022,3,0.0177,3.5,0.01195,63866000.0,4.278333333333333,0.801,24448.7,31.0,0.592,0.033,0.8012,0.0187,0.0208,,,,3.5,-0.01305,,,,,1.0,6.123233995736766e-17,2,17.972297712022865,10.104373224889091
12,Kepulauan Bangka Belitung,2022-04-01,2022,4,0.0188,3.5,0.022,63866000.0,4.376666666666666,0.801,24448.7,31.0,0.592,0.033,0.8012,0.0177,0.0187,0.0208,,,3.5,0.01195,3.5,0.0088,,,0.8660254037844387,-0.4999999999999998,3,17.972297712022865,10.104373224889091
12,Kepulauan Bangka Belitung,2022-05-01,2022,5,0.018,3.5,0.01545,63866000.0,4.475,0.801,24448.7,31.0,0.592,0.033,0.8012,0.0188,0.0177,0.0187,,,3.5,0.022,3.5,-0.01305,,,0.49999999999999994,-0.8660254037844387,4,17.972297712022865,10.104373224889091
12,Kepulauan Bangka Belitung,2022-06-01,2022,6,0.0184,3.5,-0.00125,63866000.0,4.573333333333333,0.801,24448.7,31.0,0.592,0.033,0.8012,0.018,0.0188,0.0177,,,3.5,0.01545,3.5,0.01195,,,1.2246467991473532e-16,-1.0,5,17.972297712022865,10.104373224889091
12,Kepulauan Bangka Belitung,2022-07-01,2022,7,0.02,3.5,0.01065,63866000.0,4.671666666666666,0.801,24448.7,31.0,0.592,0.033,0.8012,0.0184,0.018,0.0188,0.0208,,3.5,-0.00125,3.5,0.022,3.5,0.0088,-0.4999999999999997,-0.8660254037844388,6,17.972297712022865,10.104373224889091
12,Kepulauan Bangka Belitung,2022-08-01,2022,8,0.0207,3.75,-0.01425,63866000.0,4.77,0.801,24448.7,31.0,0.592,0.033,0.8012,0.02,0.0184,0.018,0.0187,,3.5,0.01065,3.5,0.01545,3.5,-0.01305,-0.8660254037844384,-0.5000000000000004,7,17.972297712022865,10.104373224889091
12,Kepulauan Bangka Belitung,2022-09-01,2022,9,0.023,4.25,0.0072,63866000.0,4.623333333333333,0.801,24448.7,31.0,0.592,0.033,0.8012,0.0207,0.02,0.0184,0.0177,,3.75,-0.01425,3.5,-0.00125,3.5,0.01195,-1.0,-1.8369701987210297e-16,8,17.972297712022865,10.104373224889091
12,Kepulauan Bangka Belitung,2022-10-01,2022,10,0.0165,4.75,-0.0065,63866000.0,4.476666666666667,0.801,24448.7,31.0,0.592,0.033,0.8012,0.023,0.0207,0.02,0.0188,,4.25,0.0072,3.5,0.01065,3.5,0.022,-0.8660254037844386,0.5000000000000001,9,17.972297712022865,10.104373224889091
12,Kepulauan Bangka Belitung,2022-11-01,2022,11,0.0175,5.25,-0.00225,63866000.0,4.33,0.801,24448.7,31.0,0.592,0.033,0.8012,0.0165,0.023,0.0207,0.018,,4.75,-0.0065,3.75,-0.01425,3.5,0.01545,-0.5000000000000004,0.8660254037844384,10,17.972297712022865,10.104373224889091
12,Kepulauan Bangka Belitung,2022-12-01,2022,12,0.0151,5.5,0.0121,63866000.0,4.183333333333334,0.801,24448.7,31.0,0.592,0.033,0.8012,0.0175,0.0165,0.023,0.0184,,5.25,-0.00225,4.25,0.0072,3.5,-0.00125,-2.4492935982947064e-16,1.0,11,17.972297712022865,10.104373224889091
12,Kepulauan Bangka Belitung,2023-01-01,2023,1,0.0149,5.75,0.00805,67813000.0,4.036666666666667,0.8266,23323.24,30.0,0.6929,0.0163,0.7813,0.0151,0.0175,0.0165,0.02,0.0208,5.5,0.0121,4.75,-0.0065,3.5,0.01065,0.49999999999999994,0.8660254037844387,12,18.032264489690196,10.057248442119324
12,Kepulauan Bangka Belitung,2023-02-01,2023,2,0.0142,5.75,-0.00285,67813000.0,3.89,0.8266,23323.24,30.0,0.6929,0.0163,0.7813,0.0149,0.0151,0.0175,0.0207,0.0187,5.75,0.00805,5.25,-0.00225,3.75,-0.01425,0.8660254037844386,0.5000000000000001,13,18.032264489690196,10.057248442119324
12,Kepulauan Bangka Belitung,2023-03-01,2023,3,0.0142,5.75,0.0048,67813000.0,4.001666666666667,0.8266,23323.24,30.0,0.6929,0.0163,0.7813,0.0142,0.0149,0.0151,0.023,0.0177,5.75,-0.00285,5.5,0.0121,4.25,0.0072,1.0,6.123233995736766e-17,14,18.032264489690196,10.057248442119324
12,Kepulauan Bangka Belitung,2023-04-01,2023,4,0.0129,5.75,0.00385,67813000.0,4.113333333333333,0.8266,23323.24,30.0,0.6929,0.0163,0.7813,0.0142,0.0142,0.0149,0.0165,0.0188,5.75,0.0048,5.75,0.00805,4.75,-0.0065,0.8660254037844387,-0.4999999999999998,15,18.032264489690196,10.057248442119324
12,Kepulauan Bangka Belitung,2023-05-01,2023,5,0.0151,5.75,0.00645,67813000.0,4.225,0.8266,23323.24,30.0,0.6929,0.0163,0.7813,0.0129,0.0142,0.0142,0.0175,0.018,5.75,0.00385,5.75,-0.00285,5.25,-0.00225,0.49999999999999994,-0.8660254037844387,16,18.032264489690196,10.057248442119324
12,Kepulauan Bangka Belitung,2023-06-01,2023,6,0.016,5.75,0.00185,67813000.0,4.336666666666666,0.8266,23323.24,30.0,0.6929,0.0163,0.7813,0.0151,0.0129,0.0142,0.0151,0.0184,5.75,0.00645,5.75,0.0048,5.5,0.0121,1.2246467991473532e-16,-1.0,17,18.032264489690196,10.057248442119324
12,Kepulauan Bangka Belitung,2023-07-01,2023,7,0.0202,5.75,0.00435,67813000.0,4.448333333333333,0.8266,23323.24,30.0,0.6929,0.0163,0.7813,0.016,0.0151,0.0129,0.0149,0.02,5.75,0.00185,5.75,0.00385,5.75,0.00805,-0.4999999999999997,-0.8660254037844388,18,18.032264489690196,10.057248442119324
12,Kepulauan Bangka Belitung,2023-08-01,2023,8,0.0119,5.75,-0.0017,67813000.0,4.56,0.8266,23323.24,30.0,0.6929,0.0163,0.7813,0.0202,0.016,0.0151,0.0142,0.0207,5.75,0.00435,5.75,0.00645,5.75,-0.00285,-0.8660254037844384,-0.5000000000000004,19,18.032264489690196,10.057248442119324
12,Kepulauan Bangka Belitung,2023-09-01,2023,9,0.0127,5.75,0.0101,67813000.0,4.441666666666666,0.8266,23323.24,30.0,0.6929,0.0163,0.7813,0.0119,0.0202,0.016,0.0142,0.023,5.75,-0.0017,5.75,0.00185,5.75,0.0048,-1.0,-1.8369701987210297e-16,20,18.032264489690196,10.057248442119324
12,Kepulauan Bangka Belitung,2023-10-01,2023,10,0.013,6.0,-0.0037,67813000.0,4.323333333333333,0.8266,23323.24,30.0,0.6929,0.0163,0.7813,0.0127,0.0119,0.0202,0.0129,0.0165,5.75,0.0101,5.75,0.00435,5.75,0.00385,-0.8660254037844386,0.5000000000000001,21,18.032264489690196,10.057248442119324
12,Kepulauan Bangka Belitung,2023-11-01,2023,11,0.0142,6.0,-0.0008,67813000.0,4.205,0.8266,23323.24,30.0,0.6929,0.0163,0.7813,0.013,0.0127,0.0119,0.0151,0.0175,6.0,-0.0037,5.75,-0.0017,5.75,0.00645,-0.5000000000000004,0.8660254037844384,22,18.032264489690196,10.057248442119324
12,Kepulauan Bangka Belitung,2023-12-01,2023,12,0.0142,6.0,-0.00155,67813000.0,4.086666666666667,0.8266,23323.24,30.0,0.6929,0.0163,0.7813,0.0142,0.013,0.0127,0.016,0.0151,6.0,-0.0008,5.75,0.0101,5.75,0.00185,-2.4492935982947064e-16,1.0,23,18.032264489690196,10.057248442119324
12,Kepulauan Bangka Belitung,2024-01-01,2024,1,0.0141,6.0,0.0121,70193000.0,3.968333333333333,0.8483,22868.34,30.0,0.7788,0.0165,0.8316,0.0142,0.0142,0.013,0.0202,0.0149,6.0,-0.00155,6.0,-0.0037,5.75,0.00435,0.49999999999999994,0.8660254037844387,24,18.06675916317088,10.037552427833461
12,Kepulauan Bangka Belitung,2024-02-01,2024,2,0.0145,6.0,0.0186,70193000.0,3.85,0.8483,22868.34,30.0,0.7788,0.0165,0.8316,0.0141,0.0142,0.0142,0.0119,0.0142,6.0,0.0121,6.0,-0.0008,5.75,-0.0017,0.8660254037844386,0.5000000000000001,25,18.06675916317088,10.037552427833461
12,Kepulauan Bangka Belitung,2024-03-01,2024,3,0.0143,6.0,0.018,70193000.0,3.98,0.8483,22868.34,30.0,0.7788,0.0165,0.8316,0.0145,0.0141,0.0142,0.0127,0.0142,6.0,0.0186,6.0,-0.00155,5.75,0.0101,1.0,6.123233995736766e-17,26,18.06675916317088,10.037552427833461
12,Kepulauan Bangka Belitung,2024-04-01,2024,4,0.0119,6.25,0.0193,70193000.0,4.11,0.8483,22868.34,30.0,0.7788,0.0165,0.8316,0.0143,0.0145,0.0141,0.013,0.0129,6.0,0.018,6.0,0.0121,6.0,-0.0037,0.8660254037844387,-0.4999999999999998,27,18.06675916317088,10.037552427833461
12,Kepulauan Bangka Belitung,2024-05-01,2024,5,0.0142,6.25,0.0125,70193000.0,4.24,0.8483,22868.34,30.0,0.7788,0.0165,0.8316,0.0119,0.0143,0.0145,0.0142,0.0151,6.25,0.0193,6.0,0.0186,6.0,-0.0008,0.49999999999999994,-0.8660254037844387,28,18.06675916317088,10.037552427833461
12,Kepulauan Bangka Belitung,2024-06-01,2024,6,0.0133,6.25,0.0108,70193000.0,4.37,0.8483,22868.34,30.0,0.7788,0.0165,0.8316,0.0142,0.0119,0.0143,0.0142,0.016,6.25,0.0125,6.0,0.018,6.0,-0.00155,1.2246467991473532e-16,-1.0,29,18.06675916317088,10.037552427833461
12,Kepulauan Bangka Belitung,2024-07-01,2024,7,0.0146,6.25,0.0084,70193000.0,4.5,0.8483,22868.34,30.0,0.7788,0.0165,0.8316,0.0133,0.0142,0.0119,0.0141,0.0202,6.25,0.0108,6.25,0.0193,6.0,0.0121,-0.4999999999999997,-0.8660254037844388,30,18.06675916317088,10.037552427833461
12,Kepulauan Bangka Belitung,2024-08-01,2024,8,0.0166,6.25,0.0102,70193000.0,4.63,0.8483,22868.34,30.0,0.7788,0.0165,0.8316,0.0146,0.0133,0.0142,0.0145,0.0119,6.25,0.0084,6.25,0.0125,6.0,0.0186,-0.8660254037844384,-0.5000000000000004,31,18.06675916317088,10.037552427833461
12,Kepulauan Bangka Belitung,2024-09-01,2024,9,0.0178,6.0,0.0049,70193000.0,4.553333333333333,0.8483,22868.34,30.0,0.7788,0.0165,0.8316,0.0166,0.0146,0.0133,0.0143,0.0127,6.25,0.0102,6.25,0.0108,6.0,0.018,-1.0,-1.8369701987210297e-16,32,18.06675916317088,10.037552427833461
12,Kepulauan Bangka Belitung,2024-10-01,2024,10,0.0201,6.0,0.0022,70193000.0,4.476666666666667,0.8483,22868.34,30.0,0.7788,0.0165,0.8316,0.0178,0.0166,0.0146,0.0119,0.013,6.0,0.0049,6.25,0.0084,6.25,0.0193,-0.8660254037844386,0.5000000000000001,33,18.06675916317088,10.037552427833461
12,Kepulauan Bangka Belitung,2024-11-01,2024,11,0.02,6.0,0.0022,70193000.0,4.4,0.8483,22868.34,30.0,0.7788,0.0165,0.8316,0.0201,0.0178,0.0166,0.0142,0.0142,6.0,0.0022,6.25,0.0102,6.25,0.0125,-0.5000000000000004,0.8660254037844384,34,18.06675916317088,10.037552427833461
12,Kepulauan Bangka Belitung,2024-12-01,2024,12,0.0201,6.0,0.0075,70193000.0,4.323333333333333,0.8483,22868.34,30.0,0.7788,0.0165,0.8316,0.02,0.0201,0.0178,0.0133,0.0142,6.0,0.0022,6.0,0.0049,6.25,0.0108,-2.4492935982947064e-16,1.0,35,18.06675916317088,10.037552427833461
12,Kepulauan Bangka Belitung,2025-01-01,2025,1,0.0208,5.75,-0.0023,75323000.0,4.246666666666666,0.8088,24610.48,30.0,0.7442,0.02,0.878,0.0201,0.02,0.0201,0.0146,0.0141,6.0,0.0075,6.0,0.0022,6.25,0.0084,0.49999999999999994,0.8660254037844387,36,18.137296104294606,10.110968279732097
12,Kepulauan Bangka Belitung,2025-02-01,2025,2,0.0206,5.75,-0.0064,75323000.0,4.17,0.8088,24610.48,30.0,0.7442,0.02,0.878,0.0208,0.0201,0.02,0.0166,0.0145,5.75,-0.0023,6.0,0.0022,6.25,0.0102,0.8660254037844386,0.5000000000000001,37,18.137296104294606,10.110968279732097
12,Kepulauan Bangka Belitung,2025-03-01,2025,3,0.0193,5.75,0.0113,75323000.0,4.216666666666667,0.8088,24610.48,30.0,0.7442,0.02,0.878,0.0206,0.0208,0.0201,0.0178,0.0143,5.75,-0.0064,6.0,0.0075,6.0,0.0049,1.0,6.123233995736766e-17,38,18.137296104294606,10.110968279732097
12,Kepulauan Bangka Belitung,2025-04-01,2025,4,0.0198,5.75,0.0137,75323000.0,4.263333333333334,0.8088,24610.48,30.0,0.7442,0.02,0.878,0.0193,0.0206,0.0208,0.0201,0.0119,5.75,0.0113,5.75,-0.0023,6.0,0.0022,0.8660254037844387,-0.4999999999999998,39,18.137296104294606,10.110968279732097
12,Kepulauan Bangka Belitung,2025-05-01,2025,5,0.0195,5.75,0.0079,75323000.0,4.3100000000000005,0.8088,24610.48,30.0,0.7442,0.02,0.878,0.0198,0.0193,0.0206,0.02,0.0142,5.75,0.0137,5.75,-0.0064,6.0,0.0022,0.49999999999999994,-0.8660254037844387,40,18.137296104294606,10.110968279732097
12,Kepulauan Bangka Belitung,2025-06-01,2025,6,0.016,5.5,0.0099,75323000.0,4.3566666666666665,0.8088,24610.48,30.0,0.7442,0.02,0.878,0.0195,0.0198,0.0193,0.0201,0.0133,5.75,0.0079,5.75,0.0113,6.0,0.0075,1.2246467991473532e-16,-1.0,41,18.137296104294606,10.110968279732097
12,Kepulauan Bangka Belitung,2025-07-01,2025,7,0.0163,5.25,0.0205,75323000.0,4.403333333333333,0.8088,24610.48,30.0,0.7442,0.02,0.878,0.016,0.0195,0.0198,0.0208,0.0146,5.5,0.0099,5.75,0.0137,5.75,-0.0023,-0.4999999999999997,-0.8660254037844388,42,18.137296104294606,10.110968279732097
12,Kepulauan Bangka Belitung,2025-08-01,2025,8,0.0181,5.0,0.0134,75323000.0,4.45,0.8088,24610.48,30.0,0.7442,0.02,0.878,0.0163,0.016,0.0195,0.0206,0.0166,5.25,0.0205,5.75,0.0079,5.75,-0.0064,-0.8660254037844384,-0.5000000000000004,43,18.137296104294606,10.110968279732097
12,Kepulauan Bangka Belitung,2025-09-01,2025,9,0.0138,4.75,0.0182,75323000.0,4.45,0.8088,24610.48,30.0,0.7442,0.02,0.878,0.0181,0.0163,0.016,0.0193,0.0178,5.0,0.0134,5.5,0.0099,5.75,0.0113,-1.0,-1.8369701987210297e-16,44,18.137296104294606,10.110968279732097
12,Kepulauan Bangka Belitung,2025-10-01,2025,10,0.0145,4.75,0.0251,75323000.0,4.45,0.8088,24610.48,30.0,0.7442,0.02,0.878,0.0138,0.0181,0.0163,0.0198,0.0201,4.75,0.0182,5.25,0.0205,5.75,0.0137,-0.8660254037844386,0.5000000000000001,45,18.137296104294606,10.110968279732097
12,Kepulauan Bangka Belitung,2025-11-01,2025,11,0.015,4.75,0.0287,75323000.0,4.45,0.8088,24610.48,30.0,0.7442,0.02,0.878,0.0145,0.0138,0.0181,0.0195,0.02,4.75,0.0251,5.0,0.0134,5.75,0.0079,-0.5000000000000004,0.8660254037844384,46,18.137296104294606,10.110968279732097
12,Kepulauan Bangka Belitung,2025-12-01,2025,12,0.0157,4.75,0.0277,75323000.0,4.45,0.8088,24610.48,30.0,0.7442,0.02,0.878,0.015,0.0145,0.0138,0.016,0.0201,4.75,0.0287,4.75,0.0182,5.5,0.0099,-2.4492935982947064e-16,1.0,47,18.137296104294606,10.110968279732097
13,Jambi,2022-01-01,2022,1,0.0216,3.5,0.0126,76224000.0,4.7,0.707,43793.87,61.0,1.0794,0.0189,0.4616,,,,,,,,,,,,0.49999999999999994,0.8660254037844387,0,18.149186944816336,10.687271966217399
13,Jambi,2022-02-01,2022,2,0.0205,3.5,-0.00615,76224000.0,4.7,0.707,43793.87,61.0,1.0794,0.0189,0.4616,0.0216,,,,,3.5,0.0126,,,,,0.8660254037844386,0.5000000000000001,1,18.149186944816336,10.687271966217399
13,Jambi,2022-03-01,2022,3,0.0177,3.5,0.01225,76224000.0,4.681666666666667,0.707,43793.87,61.0,1.0794,0.0189,0.4616,0.0205,0.0216,,,,3.5,-0.00615,,,,,1.0,6.123233995736766e-17,2,18.149186944816336,10.687271966217399
13,Jambi,2022-04-01,2022,4,0.0186,3.5,0.0139,76224000.0,4.663333333333333,0.707,43793.87,61.0,1.0794,0.0189,0.4616,0.0177,0.0205,0.0216,,,3.5,0.01225,3.5,0.0126,,,0.8660254037844387,-0.4999999999999998,3,18.149186944816336,10.687271966217399
13,Jambi,2022-05-01,2022,5,0.0183,3.5,0.00845,76224000.0,4.645,0.707,43793.87,61.0,1.0794,0.0189,0.4616,0.0186,0.0177,0.0205,,,3.5,0.0139,3.5,-0.00615,,,0.49999999999999994,-0.8660254037844387,4,18.149186944816336,10.687271966217399
13,Jambi,2022-06-01,2022,6,0.0217,3.5,0.0149,76224000.0,4.626666666666667,0.707,43793.87,61.0,1.0794,0.0189,0.4616,0.0183,0.0186,0.0177,,,3.5,0.00845,3.5,0.01225,,,1.2246467991473532e-16,-1.0,5,18.149186944816336,10.687271966217399
13,Jambi,2022-07-01,2022,7,0.0242,3.5,0.01175,76224000.0,4.608333333333333,0.707,43793.87,61.0,1.0794,0.0189,0.4616,0.0217,0.0183,0.0186,0.0216,,3.5,0.0149,3.5,0.0139,3.5,0.0126,-0.4999999999999997,-0.8660254037844388,6,18.149186944816336,10.687271966217399
13,Jambi,2022-08-01,2022,8,0.0265,3.75,-0.013,76224000.0,4.59,0.707,43793.87,61.0,1.0794,0.0189,0.4616,0.0242,0.0217,0.0183,0.0205,,3.5,0.01175,3.5,0.00845,3.5,-0.00615,-0.8660254037844384,-0.5000000000000004,7,18.149186944816336,10.687271966217399
13,Jambi,2022-09-01,2022,9,0.0282,4.25,0.00825,76224000.0,4.575,0.707,43793.87,61.0,1.0794,0.0189,0.4616,0.0265,0.0242,0.0217,0.0177,,3.75,-0.013,3.5,0.0149,3.5,0.01225,-1.0,-1.8369701987210297e-16,8,18.149186944816336,10.687271966217399
13,Jambi,2022-10-01,2022,10,0.0163,4.75,-0.0065,76224000.0,4.56,0.707,43793.87,61.0,1.0794,0.0189,0.4616,0.0282,0.0265,0.0242,0.0186,,4.25,0.00825,3.5,0.01175,3.5,0.0139,-0.8660254037844386,0.5000000000000001,9,18.149186944816336,10.687271966217399
13,Jambi,2022-11-01,2022,11,0.0188,5.25,-0.00285,76224000.0,4.545,0.707,43793.87,61.0,1.0794,0.0189,0.4616,0.0163,0.0282,0.0265,0.0183,,4.75,-0.0065,3.75,-0.013,3.5,0.00845,-0.5000000000000004,0.8660254037844384,10,18.149186944816336,10.687271966217399
13,Jambi,2022-12-01,2022,12,0.0166,5.5,0.00735,76224000.0,4.53,0.707,43793.87,61.0,1.0794,0.0189,0.4616,0.0188,0.0163,0.0282,0.0217,,5.25,-0.00285,4.25,0.00825,3.5,0.0149,-2.4492935982947064e-16,1.0,11,18.149186944816336,10.687271966217399
13,Jambi,2023-01-01,2023,1,0.0141,5.75,0.0084,79873000.0,4.515,0.8046,43529.88,58.0,1.1533,0.0181,0.483,0.0166,0.0188,0.0163,0.0242,0.0216,5.5,0.00735,4.75,-0.0065,3.5,0.01175,0.49999999999999994,0.8660254037844387,12,18.195948443744733,10.681225850285031
13,Jambi,2023-02-01,2023,2,0.0132,5.75,-0.0003,79873000.0,4.5,0.8046,43529.88,58.0,1.1533,0.0181,0.483,0.0141,0.0166,0.0188,0.0265,0.0205,5.75,0.0084,5.25,-0.00285,3.75,-0.013,0.8660254037844386,0.5000000000000001,13,18.195948443744733,10.681225850285031
13,Jambi,2023-03-01,2023,3,0.0142,5.75,-0.0014,79873000.0,4.505,0.8046,43529.88,58.0,1.1533,0.0181,0.483,0.0132,0.0141,0.0166,0.0282,0.0177,5.75,-0.0003,5.5,0.00735,4.25,0.00825,1.0,6.123233995736766e-17,14,18.195948443744733,10.681225850285031
13,Jambi,2023-04-01,2023,4,0.0143,5.75,0.00205,79873000.0,4.51,0.8046,43529.88,58.0,1.1533,0.0181,0.483,0.0142,0.0132,0.0141,0.0163,0.0186,5.75,-0.0014,5.75,0.0084,4.75,-0.0065,0.8660254037844387,-0.4999999999999998,15,18.195948443744733,10.681225850285031
13,Jambi,2023-05-01,2023,5,0.015,5.75,0.0033,79873000.0,4.515000000000001,0.8046,43529.88,58.0,1.1533,0.0181,0.483,0.0143,0.0142,0.0132,0.0188,0.0183,5.75,0.00205,5.75,-0.0003,5.25,-0.00285,0.49999999999999994,-0.8660254037844387,16,18.195948443744733,10.681225850285031
13,Jambi,2023-06-01,2023,6,0.0152,5.75,0.00095,79873000.0,4.5200000000000005,0.8046,43529.88,58.0,1.1533,0.0181,0.483,0.015,0.0143,0.0142,0.0166,0.0217,5.75,0.0033,5.75,-0.0014,5.5,0.00735,1.2246467991473532e-16,-1.0,17,18.195948443744733,10.681225850285031
13,Jambi,2023-07-01,2023,7,0.0181,5.75,0.00395,79873000.0,4.525,0.8046,43529.88,58.0,1.1533,0.0181,0.483,0.0152,0.015,0.0143,0.0141,0.0242,5.75,0.00095,5.75,0.00205,5.75,0.0084,-0.4999999999999997,-0.8660254037844388,18,18.195948443744733,10.681225850285031
13,Jambi,2023-08-01,2023,8,0.0141,5.75,-0.00395,79873000.0,4.53,0.8046,43529.88,58.0,1.1533,0.0181,0.483,0.0181,0.0152,0.015,0.0132,0.0265,5.75,0.00395,5.75,0.0033,5.75,-0.0003,-0.8660254037844384,-0.5000000000000004,19,18.195948443744733,10.681225850285031
13,Jambi,2023-09-01,2023,9,0.0151,5.75,0.0038,79873000.0,4.516666666666667,0.8046,43529.88,58.0,1.1533,0.0181,0.483,0.0141,0.0181,0.0152,0.0142,0.0282,5.75,-0.00395,5.75,0.00095,5.75,-0.0014,-1.0,-1.8369701987210297e-16,20,18.195948443744733,10.681225850285031
13,Jambi,2023-10-01,2023,10,0.0147,6.0,0.0027,79873000.0,4.503333333333334,0.8046,43529.88,58.0,1.1533,0.0181,0.483,0.0151,0.0141,0.0181,0.0143,0.0163,5.75,0.0038,5.75,0.00395,5.75,0.00205,-0.8660254037844386,0.5000000000000001,21,18.195948443744733,10.681225850285031
13,Jambi,2023-11-01,2023,11,0.0141,6.0,0.008,79873000.0,4.49,0.8046,43529.88,58.0,1.1533,0.0181,0.483,0.0147,0.0151,0.0141,0.015,0.0188,6.0,0.0027,5.75,-0.00395,5.75,0.0033,-0.5000000000000004,0.8660254037844384,22,18.195948443744733,10.681225850285031
13,Jambi,2023-12-01,2023,12,0.0137,6.0,0.0028,79873000.0,4.476666666666667,0.8046,43529.88,58.0,1.1533,0.0181,0.483,0.0141,0.0147,0.0151,0.0152,0.0166,6.0,0.008,5.75,0.0038,5.75,0.00095,-2.4492935982947064e-16,1.0,23,18.195948443744733,10.681225850285031
13,Jambi,2024-01-01,2024,1,0.0128,6.0,0.0299,86775000.0,4.463333333333334,0.8591,46058.36,57.0,1.1853,0.017,0.4823,0.0137,0.0141,0.0147,0.0181,0.0141,6.0,0.0028,6.0,0.0027,5.75,0.00395,0.49999999999999994,0.8660254037844387,24,18.27882913123618,10.73768627835847
13,Jambi,2024-02-01,2024,2,0.015,6.0,0.0319,86775000.0,4.45,0.8591,46058.36,57.0,1.1853,0.017,0.4823,0.0128,0.0137,0.0141,0.0141,0.0132,6.0,0.0299,6.0,0.008,5.75,-0.00395,0.8660254037844386,0.5000000000000001,25,18.27882913123618,10.73768627835847
13,Jambi,2024-03-01,2024,3,0.0151,6.0,0.0384,86775000.0,4.455,0.8591,46058.36,57.0,1.1853,0.017,0.4823,0.015,0.0128,0.0137,0.0151,0.0142,6.0,0.0319,6.0,0.0028,5.75,0.0038,1.0,6.123233995736766e-17,26,18.27882913123618,10.73768627835847
13,Jambi,2024-04-01,2024,4,0.0126,6.25,0.0393,86775000.0,4.46,0.8591,46058.36,57.0,1.1853,0.017,0.4823,0.0151,0.015,0.0128,0.0147,0.0143,6.0,0.0384,6.0,0.0299,6.0,0.0027,0.8660254037844387,-0.4999999999999998,27,18.27882913123618,10.73768627835847
13,Jambi,2024-05-01,2024,5,0.0136,6.25,0.0355,86775000.0,4.465,0.8591,46058.36,57.0,1.1853,0.017,0.4823,0.0126,0.0151,0.015,0.0141,0.015,6.25,0.0393,6.0,0.0319,6.0,0.008,0.49999999999999994,-0.8660254037844387,28,18.27882913123618,10.73768627835847
13,Jambi,2024-06-01,2024,6,0.0125,6.25,0.0334,86775000.0,4.470000000000001,0.8591,46058.36,57.0,1.1853,0.017,0.4823,0.0136,0.0126,0.0151,0.0137,0.0152,6.25,0.0355,6.0,0.0384,6.0,0.0028,1.2246467991473532e-16,-1.0,29,18.27882913123618,10.73768627835847
13,Jambi,2024-07-01,2024,7,0.0126,6.25,0.0214,86775000.0,4.4750000000000005,0.8591,46058.36,57.0,1.1853,0.017,0.4823,0.0125,0.0136,0.0126,0.0128,0.0181,6.25,0.0334,6.25,0.0393,6.0,0.0299,-0.4999999999999997,-0.8660254037844388,30,18.27882913123618,10.73768627835847
13,Jambi,2024-08-01,2024,8,0.012,6.25,0.025,86775000.0,4.48,0.8591,46058.36,57.0,1.1853,0.017,0.4823,0.0126,0.0125,0.0136,0.015,0.0141,6.25,0.0214,6.25,0.0355,6.0,0.0319,-0.8660254037844384,-0.5000000000000004,31,18.27882913123618,10.73768627835847
13,Jambi,2024-09-01,2024,9,0.0131,6.0,0.0195,86775000.0,4.48,0.8591,46058.36,57.0,1.1853,0.017,0.4823,0.012,0.0126,0.0125,0.0151,0.0151,6.25,0.025,6.25,0.0334,6.0,0.0384,-1.0,-1.8369701987210297e-16,32,18.27882913123618,10.73768627835847
13,Jambi,2024-10-01,2024,10,0.0136,6.0,0.0184,86775000.0,4.48,0.8591,46058.36,57.0,1.1853,0.017,0.4823,0.0131,0.012,0.0126,0.0126,0.0147,6.0,0.0195,6.25,0.0214,6.25,0.0393,-0.8660254037844386,0.5000000000000001,33,18.27882913123618,10.73768627835847
13,Jambi,2024-11-01,2024,11,0.0143,6.0,0.0142,86775000.0,4.48,0.8591,46058.36,57.0,1.1853,0.017,0.4823,0.0136,0.0131,0.012,0.0136,0.0141,6.0,0.0184,6.25,0.025,6.25,0.0355,-0.5000000000000004,0.8660254037844384,34,18.27882913123618,10.73768627835847
13,Jambi,2024-12-01,2024,12,0.0153,6.0,0.0143,86775000.0,4.48,0.8591,46058.36,57.0,1.1853,0.017,0.4823,0.0143,0.0136,0.0131,0.0125,0.0137,6.0,0.0142,6.0,0.0195,6.25,0.0334,-2.4492935982947064e-16,1.0,35,18.27882913123618,10.73768627835847
13,Jambi,2025-01-01,2025,1,0.0168,5.75,0.0046,92786000.0,4.48,0.8771,47619.86,57.0,1.172,0.0178,0.4938,0.0153,0.0143,0.0136,0.0126,0.0128,6.0,0.0143,6.0,0.0184,6.25,0.0214,0.49999999999999994,0.8660254037844387,36,18.345806335084124,10.771026179516587
13,Jambi,2025-02-01,2025,2,0.0173,5.75,-0.0027,92786000.0,4.48,0.8771,47619.86,57.0,1.172,0.0178,0.4938,0.0168,0.0153,0.0143,0.012,0.015,5.75,0.0046,6.0,0.0142,6.25,0.025,0.8660254037844386,0.5000000000000001,37,18.345806335084124,10.771026179516587
13,Jambi,2025-03-01,2025,3,0.0212,5.75,0.0032,92786000.0,4.443333333333333,0.8771,47619.86,57.0,1.172,0.0178,0.4938,0.0173,0.0168,0.0153,0.0131,0.0151,5.75,-0.0027,6.0,0.0143,6.0,0.0195,1.0,6.123233995736766e-17,38,18.345806335084124,10.771026179516587
13,Jambi,2025-04-01,2025,4,0.0192,5.75,0.0184,92786000.0,4.406666666666667,0.8771,47619.86,57.0,1.172,0.0178,0.4938,0.0212,0.0173,0.0168,0.0136,0.0126,5.75,0.0032,5.75,0.0046,6.0,0.0184,0.8660254037844387,-0.4999999999999998,39,18.345806335084124,10.771026179516587
13,Jambi,2025-05-01,2025,5,0.0227,5.75,0.0096,92786000.0,4.37,0.8771,47619.86,57.0,1.172,0.0178,0.4938,0.0192,0.0212,0.0173,0.0143,0.0136,5.75,0.0184,5.75,-0.0027,6.0,0.0142,0.49999999999999994,-0.8660254037844387,40,18.345806335084124,10.771026179516587
13,Jambi,2025-06-01,2025,6,0.0216,5.5,0.0134,92786000.0,4.333333333333333,0.8771,47619.86,57.0,1.172,0.0178,0.4938,0.0227,0.0192,0.0212,0.0153,0.0125,5.75,0.0096,5.75,0.0032,6.0,0.0143,1.2246467991473532e-16,-1.0,41,18.345806335084124,10.771026179516587
13,Jambi,2025-07-01,2025,7,0.0229,5.25,0.0271,92786000.0,4.296666666666667,0.8771,47619.86,57.0,1.172,0.0178,0.4938,0.0216,0.0227,0.0192,0.0168,0.0126,5.5,0.0134,5.75,0.0184,5.75,0.0046,-0.4999999999999997,-0.8660254037844388,42,18.345806335084124,10.771026179516587
13,Jambi,2025-08-01,2025,8,0.0222,5.0,0.0276,92786000.0,4.26,0.8771,47619.86,57.0,1.172,0.0178,0.4938,0.0229,0.0216,0.0227,0.0173,0.012,5.25,0.0271,5.75,0.0096,5.75,-0.0027,-0.8660254037844384,-0.5000000000000004,43,18.345806335084124,10.771026179516587
13,Jambi,2025-09-01,2025,9,0.023,4.75,0.0377,92786000.0,4.26,0.8771,47619.86,57.0,1.172,0.0178,0.4938,0.0222,0.0229,0.0216,0.0212,0.0131,5.0,0.0276,5.5,0.0134,5.75,0.0032,-1.0,-1.8369701987210297e-16,44,18.345806335084124,10.771026179516587
13,Jambi,2025-10-01,2025,10,0.023,4.75,0.0371,92786000.0,4.26,0.8771,47619.86,57.0,1.172,0.0178,0.4938,0.023,0.0222,0.0229,0.0192,0.0136,4.75,0.0377,5.25,0.0271,5.75,0.0184,-0.8660254037844386,0.5000000000000001,45,18.345806335084124,10.771026179516587
13,Jambi,2025-11-01,2025,11,0.0218,4.75,0.0355,92786000.0,4.26,0.8771,47619.86,57.0,1.172,0.0178,0.4938,0.023,0.023,0.0222,0.0227,0.0143,4.75,0.0371,5.0,0.0276,5.75,0.0096,-0.5000000000000004,0.8660254037844384,46,18.345806335084124,10.771026179516587
13,Jambi,2025-12-01,2025,12,0.0185,4.75,0.0371,92786000.0,4.26,0.8771,47619.86,57.0,1.172,0.0178,0.4938,0.0218,0.023,0.023,0.0216,0.0153,4.75,0.0355,4.75,0.0377,5.5,0.0134,-2.4492935982947064e-16,1.0,47,18.345806335084124,10.771026179516587
14,Sumatera Selatan,2022-01-01,2022,1,0.0229,3.5,0.00885,68239000.0,4.74,0.81,106026.1,98.0,0.8938,0.0295,0.0693,,,,,,,,,,,,0.49999999999999994,0.8660254037844387,0,18.03852682153292,11.571450000796018
14,Sumatera Selatan,2022-02-01,2022,2,0.0239,3.5,-0.0003,68239000.0,4.74,0.81,106026.1,98.0,0.8938,0.0295,0.0693,0.0229,,,,,3.5,0.00885,,,,,0.8660254037844386,0.5000000000000001,1,18.03852682153292,11.571450000796018
14,Sumatera Selatan,2022-03-01,2022,3,0.0213,3.5,0.0068,68239000.0,4.721666666666667,0.81,106026.1,98.0,0.8938,0.0295,0.0693,0.0239,0.0229,,,,3.5,-0.0003,,,,,1.0,6.123233995736766e-17,2,18.03852682153292,11.571450000796018
14,Sumatera Selatan,2022-04-01,2022,4,0.0219,3.5,0.0092,68239000.0,4.703333333333333,0.81,106026.1,98.0,0.8938,0.0295,0.0693,0.0213,0.0239,0.0229,,,3.5,0.0068,3.5,0.00885,,,0.8660254037844387,-0.4999999999999998,3,18.03852682153292,11.571450000796018
14,Sumatera Selatan,2022-05-01,2022,5,0.0216,3.5,0.00895,68239000.0,4.6850000000000005,0.81,106026.1,98.0,0.8938,0.0295,0.0693,0.0219,0.0213,0.0239,,,3.5,0.0092,3.5,-0.0003,,,0.49999999999999994,-0.8660254037844387,4,18.03852682153292,11.571450000796018
14,Sumatera Selatan,2022-06-01,2022,6,0.025,3.5,0.00875,68239000.0,4.666666666666667,0.81,106026.1,98.0,0.8938,0.0295,0.0693,0.0216,0.0219,0.0213,,,3.5,0.00895,3.5,0.0068,,,1.2246467991473532e-16,-1.0,5,18.03852682153292,11.571450000796018
14,Sumatera Selatan,2022-07-01,2022,7,0.0276,3.5,0.0072,68239000.0,4.648333333333333,0.81,106026.1,98.0,0.8938,0.0295,0.0693,0.025,0.0216,0.0219,0.0229,,3.5,0.00875,3.5,0.0092,3.5,0.00885,-0.4999999999999997,-0.8660254037844388,6,18.03852682153292,11.571450000796018
14,Sumatera Selatan,2022-08-01,2022,8,0.0275,3.75,-0.00675,68239000.0,4.63,0.81,106026.1,98.0,0.8938,0.0295,0.0693,0.0276,0.025,0.0216,0.0239,,3.5,0.0072,3.5,0.00895,3.5,-0.0003,-0.8660254037844384,-0.5000000000000004,7,18.03852682153292,11.571450000796018
14,Sumatera Selatan,2022-09-01,2022,9,0.03,4.25,0.0116,68239000.0,4.613333333333333,0.81,106026.1,98.0,0.8938,0.0295,0.0693,0.0275,0.0276,0.025,0.0213,,3.75,-0.00675,3.5,0.00875,3.5,0.0068,-1.0,-1.8369701987210297e-16,8,18.03852682153292,11.571450000796018
14,Sumatera Selatan,2022-10-01,2022,10,0.0216,4.75,-0.0014,68239000.0,4.596666666666667,0.81,106026.1,98.0,0.8938,0.0295,0.0693,0.03,0.0275,0.0276,0.0219,,4.25,0.0116,3.5,0.0072,3.5,0.0092,-0.8660254037844386,0.5000000000000001,9,18.03852682153292,11.571450000796018
14,Sumatera Selatan,2022-11-01,2022,11,0.0215,5.25,-0.0007,68239000.0,4.58,0.81,106026.1,98.0,0.8938,0.0295,0.0693,0.0216,0.03,0.0275,0.0216,,4.75,-0.0014,3.75,-0.00675,3.5,0.00895,-0.5000000000000004,0.8660254037844384,10,18.03852682153292,11.571450000796018
14,Sumatera Selatan,2022-12-01,2022,12,0.0197,5.5,0.0053,68239000.0,4.5633333333333335,0.81,106026.1,98.0,0.8938,0.0295,0.0693,0.0215,0.0216,0.03,0.025,,5.25,-0.0007,4.25,0.0116,3.5,0.00875,-2.4492935982947064e-16,1.0,11,18.03852682153292,11.571450000796018
14,Sumatera Selatan,2023-01-01,2023,1,0.0182,5.75,0.00345,71958000.0,4.546666666666667,0.7002,98718.51,98.0,1.0439,0.0342,0.0716,0.0197,0.0215,0.0216,0.0276,0.0229,5.5,0.0053,4.75,-0.0014,3.5,0.0072,0.49999999999999994,0.8660254037844387,12,18.09159318733891,11.500037875593671
14,Sumatera Selatan,2023-02-01,2023,2,0.0173,5.75,0.00065,71958000.0,4.53,0.7002,98718.51,98.0,1.0439,0.0342,0.0716,0.0182,0.0197,0.0215,0.0275,0.0239,5.75,0.00345,5.25,-0.0007,3.75,-0.00675,0.8660254037844386,0.5000000000000001,13,18.09159318733891,11.500037875593671
14,Sumatera Selatan,2023-03-01,2023,3,0.0194,5.75,0.0016,71958000.0,4.46,0.7002,98718.51,98.0,1.0439,0.0342,0.0716,0.0173,0.0182,0.0197,0.03,0.0213,5.75,0.00065,5.5,0.0053,4.25,0.0116,1.0,6.123233995736766e-17,14,18.09159318733891,11.500037875593671
14,Sumatera Selatan,2023-04-01,2023,4,0.0183,5.75,0.0034,71958000.0,4.390000000000001,0.7002,98718.51,98.0,1.0439,0.0342,0.0716,0.0194,0.0173,0.0182,0.0216,0.0219,5.75,0.0016,5.75,0.00345,4.75,-0.0014,0.8660254037844387,-0.4999999999999998,15,18.09159318733891,11.500037875593671
14,Sumatera Selatan,2023-05-01,2023,5,0.0252,5.75,0.0004,71958000.0,4.32,0.7002,98718.51,98.0,1.0439,0.0342,0.0716,0.0183,0.0194,0.0173,0.0215,0.0216,5.75,0.0034,5.75,0.00065,5.25,-0.0007,0.49999999999999994,-0.8660254037844387,16,18.09159318733891,11.500037875593671
14,Sumatera Selatan,2023-06-01,2023,6,0.0243,5.75,0.0032,71958000.0,4.25,0.7002,98718.51,98.0,1.0439,0.0342,0.0716,0.0252,0.0183,0.0194,0.0197,0.025,5.75,0.0004,5.75,0.0016,5.5,0.0053,1.2246467991473532e-16,-1.0,17,18.09159318733891,11.500037875593671
14,Sumatera Selatan,2023-07-01,2023,7,0.0277,5.75,0.003,71958000.0,4.180000000000001,0.7002,98718.51,98.0,1.0439,0.0342,0.0716,0.0243,0.0252,0.0183,0.0182,0.0276,5.75,0.0032,5.75,0.0034,5.75,0.00345,-0.4999999999999997,-0.8660254037844388,18,18.09159318733891,11.500037875593671
14,Sumatera Selatan,2023-08-01,2023,8,0.0244,5.75,-0.0004,71958000.0,4.11,0.7002,98718.51,98.0,1.0439,0.0342,0.0716,0.0277,0.0243,0.0252,0.0173,0.0275,5.75,0.003,5.75,0.0004,5.75,0.00065,-0.8660254037844384,-0.5000000000000004,19,18.09159318733891,11.500037875593671
14,Sumatera Selatan,2023-09-01,2023,9,0.0247,5.75,0.00355,71958000.0,4.086666666666667,0.7002,98718.51,98.0,1.0439,0.0342,0.0716,0.0244,0.0277,0.0243,0.0194,0.03,5.75,-0.0004,5.75,0.0032,5.75,0.0016,-1.0,-1.8369701987210297e-16,20,18.09159318733891,11.500037875593671
14,Sumatera Selatan,2023-10-01,2023,10,0.0256,6.0,0.0036,71958000.0,4.0633333333333335,0.7002,98718.51,98.0,1.0439,0.0342,0.0716,0.0247,0.0244,0.0277,0.0183,0.0216,5.75,0.00355,5.75,0.003,5.75,0.0034,-0.8660254037844386,0.5000000000000001,21,18.09159318733891,11.500037875593671
14,Sumatera Selatan,2023-11-01,2023,11,0.0254,6.0,0.0044,71958000.0,4.04,0.7002,98718.51,98.0,1.0439,0.0342,0.0716,0.0256,0.0247,0.0244,0.0252,0.0215,6.0,0.0036,5.75,-0.0004,5.75,0.0004,-0.5000000000000004,0.8660254037844384,22,18.09159318733891,11.500037875593671
14,Sumatera Selatan,2023-12-01,2023,12,0.0272,6.0,0.002,71958000.0,4.016666666666667,0.7002,98718.51,98.0,1.0439,0.0342,0.0716,0.0254,0.0256,0.0247,0.0243,0.0197,6.0,0.0044,5.75,0.00355,5.75,0.0032,-2.4492935982947064e-16,1.0,23,18.09159318733891,11.500037875593671
14,Sumatera Selatan,2024-01-01,2024,1,0.028,6.0,0.0335,75132000.0,3.9933333333333336,0.7462,102606.0,97.0,1.1377,0.0224,0.0636,0.0272,0.0254,0.0256,0.0277,0.0182,6.0,0.002,6.0,0.0036,5.75,0.003,0.49999999999999994,0.8660254037844387,24,18.134757137825357,11.538661435512369
14,Sumatera Selatan,2024-02-01,2024,2,0.0275,6.0,0.0315,75132000.0,3.97,0.7462,102606.0,97.0,1.1377,0.0224,0.0636,0.028,0.0272,0.0254,0.0244,0.0173,6.0,0.0335,6.0,0.0044,5.75,-0.0004,0.8660254037844386,0.5000000000000001,25,18.134757137825357,11.538661435512369
14,Sumatera Selatan,2024-03-01,2024,3,0.0247,6.0,0.0324,75132000.0,3.951666666666666,0.7462,102606.0,97.0,1.1377,0.0224,0.0636,0.0275,0.028,0.0272,0.0247,0.0194,6.0,0.0315,6.0,0.002,5.75,0.00355,1.0,6.123233995736766e-17,26,18.134757137825357,11.538661435512369
14,Sumatera Selatan,2024-04-01,2024,4,0.0244,6.25,0.0312,75132000.0,3.9333333333333336,0.7462,102606.0,97.0,1.1377,0.0224,0.0636,0.0247,0.0275,0.028,0.0256,0.0183,6.0,0.0324,6.0,0.0335,6.0,0.0036,0.8660254037844387,-0.4999999999999998,27,18.134757137825357,11.538661435512369
14,Sumatera Selatan,2024-05-01,2024,5,0.0366,6.25,0.0298,75132000.0,3.915,0.7462,102606.0,97.0,1.1377,0.0224,0.0636,0.0244,0.0247,0.0275,0.0254,0.0252,6.25,0.0312,6.0,0.0315,6.0,0.0044,0.49999999999999994,-0.8660254037844387,28,18.134757137825357,11.538661435512369
14,Sumatera Selatan,2024-06-01,2024,6,0.0348,6.25,0.0248,75132000.0,3.8966666666666665,0.7462,102606.0,97.0,1.1377,0.0224,0.0636,0.0366,0.0244,0.0247,0.0272,0.0243,6.25,0.0298,6.0,0.0324,6.0,0.002,1.2246467991473532e-16,-1.0,29,18.134757137825357,11.538661435512369
14,Sumatera Selatan,2024-07-01,2024,7,0.0303,6.25,0.0187,75132000.0,3.878333333333333,0.7462,102606.0,97.0,1.1377,0.0224,0.0636,0.0348,0.0366,0.0244,0.028,0.0277,6.25,0.0248,6.25,0.0312,6.0,0.0335,-0.4999999999999997,-0.8660254037844388,30,18.134757137825357,11.538661435512369
14,Sumatera Selatan,2024-08-01,2024,8,0.028,6.25,0.018,75132000.0,3.86,0.7462,102606.0,97.0,1.1377,0.0224,0.0636,0.0303,0.0348,0.0366,0.0275,0.0244,6.25,0.0187,6.25,0.0298,6.0,0.0315,-0.8660254037844384,-0.5000000000000004,31,18.134757137825357,11.538661435512369
14,Sumatera Selatan,2024-09-01,2024,9,0.0279,6.0,0.014,75132000.0,3.865,0.7462,102606.0,97.0,1.1377,0.0224,0.0636,0.028,0.0303,0.0348,0.0247,0.0247,6.25,0.018,6.25,0.0248,6.0,0.0324,-1.0,-1.8369701987210297e-16,32,18.134757137825357,11.538661435512369
14,Sumatera Selatan,2024-10-01,2024,10,0.0278,6.0,0.0109,75132000.0,3.87,0.7462,102606.0,97.0,1.1377,0.0224,0.0636,0.0279,0.028,0.0303,0.0244,0.0256,6.0,0.014,6.25,0.0187,6.25,0.0312,-0.8660254037844386,0.5000000000000001,33,18.134757137825357,11.538661435512369
14,Sumatera Selatan,2024-11-01,2024,11,0.0295,6.0,0.0073,75132000.0,3.875,0.7462,102606.0,97.0,1.1377,0.0224,0.0636,0.0278,0.0279,0.028,0.0366,0.0254,6.0,0.0109,6.25,0.018,6.25,0.0298,-0.5000000000000004,0.8660254037844384,34,18.134757137825357,11.538661435512369
14,Sumatera Selatan,2024-12-01,2024,12,0.0302,6.0,0.012,75132000.0,3.88,0.7462,102606.0,97.0,1.1377,0.0224,0.0636,0.0295,0.0278,0.0279,0.0348,0.0272,6.0,0.0073,6.0,0.014,6.25,0.0248,-2.4492935982947064e-16,1.0,35,18.134757137825357,11.538661435512369
14,Sumatera Selatan,2025-01-01,2025,1,0.0314,5.75,0.0092,80663000.0,3.885,0.7698,107536.03,98.0,1.1147,0.0246,0.0603,0.0302,0.0295,0.0278,0.0303,0.028,6.0,0.012,6.0,0.0109,6.25,0.0187,0.49999999999999994,0.8660254037844387,36,18.205790552271566,11.585590532351647
14,Sumatera Selatan,2025-02-01,2025,2,0.031,5.75,0.0049,80663000.0,3.89,0.7698,107536.03,98.0,1.1147,0.0246,0.0603,0.0314,0.0302,0.0295,0.028,0.0275,5.75,0.0092,6.0,0.0073,6.25,0.018,0.8660254037844386,0.5000000000000001,37,18.205790552271566,11.585590532351647
14,Sumatera Selatan,2025-03-01,2025,3,0.0306,5.75,0.0177,80663000.0,3.856666666666667,0.7698,107536.03,98.0,1.1147,0.0246,0.0603,0.031,0.0314,0.0302,0.0279,0.0247,5.75,0.0049,6.0,0.012,6.0,0.014,1.0,6.123233995736766e-17,38,18.205790552271566,11.585590532351647
14,Sumatera Selatan,2025-04-01,2025,4,0.0273,5.75,0.0274,80663000.0,3.823333333333333,0.7698,107536.03,98.0,1.1147,0.0246,0.0603,0.0306,0.031,0.0314,0.0278,0.0244,5.75,0.0177,5.75,0.0092,6.0,0.0109,0.8660254037844387,-0.4999999999999998,39,18.205790552271566,11.585590532351647
14,Sumatera Selatan,2025-05-01,2025,5,0.0282,5.75,0.0233,80663000.0,3.79,0.7698,107536.03,98.0,1.1147,0.0246,0.0603,0.0273,0.0306,0.031,0.0295,0.0366,5.75,0.0274,5.75,0.0049,6.0,0.0073,0.49999999999999994,-0.8660254037844387,40,18.205790552271566,11.585590532351647
14,Sumatera Selatan,2025-06-01,2025,6,0.0266,5.5,0.0244,80663000.0,3.756666666666667,0.7698,107536.03,98.0,1.1147,0.0246,0.0603,0.0282,0.0273,0.0306,0.0302,0.0348,5.75,0.0233,5.75,0.0177,6.0,0.012,1.2246467991473532e-16,-1.0,41,18.205790552271566,11.585590532351647
14,Sumatera Selatan,2025-07-01,2025,7,0.0251,5.25,0.0288,80663000.0,3.723333333333333,0.7698,107536.03,98.0,1.1147,0.0246,0.0603,0.0266,0.0282,0.0273,0.0314,0.0303,5.5,0.0244,5.75,0.0274,5.75,0.0092,-0.4999999999999997,-0.8660254037844388,42,18.205790552271566,11.585590532351647
14,Sumatera Selatan,2025-08-01,2025,8,0.0246,5.0,0.0304,80663000.0,3.69,0.7698,107536.03,98.0,1.1147,0.0246,0.0603,0.0251,0.0266,0.0282,0.031,0.028,5.25,0.0288,5.75,0.0233,5.75,0.0049,-0.8660254037844384,-0.5000000000000004,43,18.205790552271566,11.585590532351647
14,Sumatera Selatan,2025-09-01,2025,9,0.028,4.75,0.0344,80663000.0,3.69,0.7698,107536.03,98.0,1.1147,0.0246,0.0603,0.0246,0.0251,0.0266,0.0306,0.0279,5.0,0.0304,5.5,0.0244,5.75,0.0177,-1.0,-1.8369701987210297e-16,44,18.205790552271566,11.585590532351647
14,Sumatera Selatan,2025-10-01,2025,10,0.0277,4.75,0.0349,80663000.0,3.69,0.7698,107536.03,98.0,1.1147,0.0246,0.0603,0.028,0.0246,0.0251,0.0273,0.0278,4.75,0.0344,5.25,0.0288,5.75,0.0274,-0.8660254037844386,0.5000000000000001,45,18.205790552271566,11.585590532351647
14,Sumatera Selatan,2025-11-01,2025,11,0.0309,4.75,0.0291,80663000.0,3.69,0.7698,107536.03,98.0,1.1147,0.0246,0.0603,0.0277,0.028,0.0246,0.0282,0.0295,4.75,0.0349,5.0,0.0304,5.75,0.0233,-0.5000000000000004,0.8660254037844384,46,18.205790552271566,11.585590532351647
14,Sumatera Selatan,2025-12-01,2025,12,0.0308,4.75,0.0291,80663000.0,3.69,0.7698,107536.03,98.0,1.1147,0.0246,0.0603,0.0309,0.0277,0.028,0.0266,0.0302,4.75,0.0291,4.75,0.0344,5.5,0.0244,-2.4492935982947064e-16,1.0,47,18.205790552271566,11.585590532351647
15,Bengkulu,2022-01-01,2022,1,0.0292,3.5,0.0054,43757000.0,3.39,0.758,16379.51,32.0,1.599,0.0147,0.5038,,,,,,,,,,,,0.49999999999999994,0.8660254037844387,0,17.59416218082275,9.703847492453495
15,Bengkulu,2022-02-01,2022,2,0.0267,3.5,-0.001,43757000.0,3.39,0.758,16379.51,32.0,1.599,0.0147,0.5038,0.0292,,,,,3.5,0.0054,,,,,0.8660254037844386,0.5000000000000001,1,17.59416218082275,9.703847492453495
15,Bengkulu,2022-03-01,2022,3,0.0254,3.5,0.0074,43757000.0,3.4233333333333333,0.758,16379.51,32.0,1.599,0.0147,0.5038,0.0267,0.0292,,,,3.5,-0.001,,,,,1.0,6.123233995736766e-17,2,17.59416218082275,9.703847492453495
15,Bengkulu,2022-04-01,2022,4,0.0264,3.5,0.0145,43757000.0,3.4566666666666666,0.758,16379.51,32.0,1.599,0.0147,0.5038,0.0254,0.0267,0.0292,,,3.5,0.0074,3.5,0.0054,,,0.8660254037844387,-0.4999999999999998,3,17.59416218082275,9.703847492453495
15,Bengkulu,2022-05-01,2022,5,0.0284,3.5,0.0053,43757000.0,3.49,0.758,16379.51,32.0,1.599,0.0147,0.5038,0.0264,0.0254,0.0267,,,3.5,0.0145,3.5,-0.001,,,0.49999999999999994,-0.8660254037844387,4,17.59416218082275,9.703847492453495
15,Bengkulu,2022-06-01,2022,6,0.0342,3.5,0.006,43757000.0,3.523333333333333,0.758,16379.51,32.0,1.599,0.0147,0.5038,0.0284,0.0264,0.0254,,,3.5,0.0053,3.5,0.0074,,,1.2246467991473532e-16,-1.0,5,17.59416218082275,9.703847492453495
15,Bengkulu,2022-07-01,2022,7,0.0378,3.5,0.0091,43757000.0,3.556666666666666,0.758,16379.51,32.0,1.599,0.0147,0.5038,0.0342,0.0284,0.0264,0.0292,,3.5,0.006,3.5,0.0145,3.5,0.0054,-0.4999999999999997,-0.8660254037844388,6,17.59416218082275,9.703847492453495
15,Bengkulu,2022-08-01,2022,8,0.0363,3.75,-0.0024,43757000.0,3.59,0.758,16379.51,32.0,1.599,0.0147,0.5038,0.0378,0.0342,0.0284,0.0267,,3.5,0.0091,3.5,0.0053,3.5,-0.001,-0.8660254037844384,-0.5000000000000004,7,17.59416218082275,9.703847492453495
15,Bengkulu,2022-09-01,2022,9,0.0377,4.25,0.0122,43757000.0,3.5266666666666664,0.758,16379.51,32.0,1.599,0.0147,0.5038,0.0363,0.0378,0.0342,0.0254,,3.75,-0.0024,3.5,0.006,3.5,0.0074,-1.0,-1.8369701987210297e-16,8,17.59416218082275,9.703847492453495
15,Bengkulu,2022-10-01,2022,10,0.0207,4.75,-0.0014,43757000.0,3.4633333333333334,0.758,16379.51,32.0,1.599,0.0147,0.5038,0.0377,0.0363,0.0378,0.0264,,4.25,0.0122,3.5,0.0091,3.5,0.0145,-0.8660254037844386,0.5000000000000001,9,17.59416218082275,9.703847492453495
15,Bengkulu,2022-11-01,2022,11,0.0219,5.25,0.0005,43757000.0,3.4,0.758,16379.51,32.0,1.599,0.0147,0.5038,0.0207,0.0377,0.0363,0.0284,,4.75,-0.0014,3.75,-0.0024,3.5,0.0053,-0.5000000000000004,0.8660254037844384,10,17.59416218082275,9.703847492453495
15,Bengkulu,2022-12-01,2022,12,0.018,5.5,0.0023,43757000.0,3.3366666666666664,0.758,16379.51,32.0,1.599,0.0147,0.5038,0.0219,0.0207,0.0377,0.0342,,5.25,0.0005,4.25,0.0122,3.5,0.006,-2.4492935982947064e-16,1.0,11,17.59416218082275,9.703847492453495
15,Bengkulu,2023-01-01,2023,1,0.0177,5.75,0.0062,46301000.0,3.273333333333333,0.7763,16237.83,32.0,1.7123,0.0193,0.5013,0.018,0.0219,0.0207,0.0378,0.0292,5.5,0.0023,4.75,-0.0014,3.5,0.0091,0.49999999999999994,0.8660254037844387,12,17.650674138693166,9.695160566785376
15,Bengkulu,2023-02-01,2023,2,0.0152,5.75,0.0004,46301000.0,3.21,0.7763,16237.83,32.0,1.7123,0.0193,0.5013,0.0177,0.018,0.0219,0.0363,0.0267,5.75,0.0062,5.25,0.0005,3.75,-0.0024,0.8660254037844386,0.5000000000000001,13,17.650674138693166,9.695160566785376
15,Bengkulu,2023-03-01,2023,3,0.013,5.75,0.0025,46301000.0,3.245,0.7763,16237.83,32.0,1.7123,0.0193,0.5013,0.0152,0.0177,0.018,0.0377,0.0254,5.75,0.0004,5.5,0.0023,4.25,0.0122,1.0,6.123233995736766e-17,14,17.650674138693166,9.695160566785376
15,Bengkulu,2023-04-01,2023,4,0.0113,5.75,0.0028,46301000.0,3.28,0.7763,16237.83,32.0,1.7123,0.0193,0.5013,0.013,0.0152,0.0177,0.0207,0.0264,5.75,0.0025,5.75,0.0062,4.75,-0.0014,0.8660254037844387,-0.4999999999999998,15,17.650674138693166,9.695160566785376
15,Bengkulu,2023-05-01,2023,5,0.0152,5.75,0.0017,46301000.0,3.315,0.7763,16237.83,32.0,1.7123,0.0193,0.5013,0.0113,0.013,0.0152,0.0219,0.0284,5.75,0.0028,5.75,0.0004,5.25,0.0005,0.49999999999999994,-0.8660254037844387,16,17.650674138693166,9.695160566785376
15,Bengkulu,2023-06-01,2023,6,0.0139,5.75,0.0021,46301000.0,3.35,0.7763,16237.83,32.0,1.7123,0.0193,0.5013,0.0152,0.0113,0.013,0.018,0.0342,5.75,0.0017,5.75,0.0025,5.5,0.0023,1.2246467991473532e-16,-1.0,17,17.650674138693166,9.695160566785376
15,Bengkulu,2023-07-01,2023,7,0.0171,5.75,0.0049,46301000.0,3.385,0.7763,16237.83,32.0,1.7123,0.0193,0.5013,0.0139,0.0152,0.0113,0.0177,0.0378,5.75,0.0021,5.75,0.0028,5.75,0.0062,-0.4999999999999997,-0.8660254037844388,18,17.650674138693166,9.695160566785376
15,Bengkulu,2023-08-01,2023,8,0.0126,5.75,-0.0007,46301000.0,3.42,0.7763,16237.83,32.0,1.7123,0.0193,0.5013,0.0171,0.0139,0.0152,0.0152,0.0363,5.75,0.0049,5.75,0.0017,5.75,0.0004,-0.8660254037844384,-0.5000000000000004,19,17.650674138693166,9.695160566785376
15,Bengkulu,2023-09-01,2023,9,0.0114,5.75,0.0023,46301000.0,3.3783333333333334,0.7763,16237.83,32.0,1.7123,0.0193,0.5013,0.0126,0.0171,0.0139,0.013,0.0377,5.75,-0.0007,5.75,0.0021,5.75,0.0025,-1.0,-1.8369701987210297e-16,20,17.650674138693166,9.695160566785376
15,Bengkulu,2023-10-01,2023,10,0.0114,6.0,0.0028,46301000.0,3.3366666666666664,0.7763,16237.83,32.0,1.7123,0.0193,0.5013,0.0114,0.0126,0.0171,0.0113,0.0207,5.75,0.0023,5.75,0.0049,5.75,0.0028,-0.8660254037844386,0.5000000000000001,21,17.650674138693166,9.695160566785376
15,Bengkulu,2023-11-01,2023,11,0.0111,6.0,0.003,46301000.0,3.295,0.7763,16237.83,32.0,1.7123,0.0193,0.5013,0.0114,0.0114,0.0126,0.0152,0.0219,6.0,0.0028,5.75,-0.0007,5.75,0.0017,-0.5000000000000004,0.8660254037844384,22,17.650674138693166,9.695160566785376
15,Bengkulu,2023-12-01,2023,12,0.0113,6.0,0.0024,46301000.0,3.2533333333333334,0.7763,16237.83,32.0,1.7123,0.0193,0.5013,0.0111,0.0114,0.0114,0.0139,0.018,6.0,0.003,5.75,0.0023,5.75,0.0021,-2.4492935982947064e-16,1.0,23,17.650674138693166,9.695160566785376
15,Bengkulu,2024-01-01,2024,1,0.0114,6.0,0.0283,49233000.0,3.2116666666666664,0.8267,17668.36,32.0,1.6732,0.0146,0.4756,0.0113,0.0111,0.0114,0.0171,0.0177,6.0,0.0024,6.0,0.0028,5.75,0.0049,0.49999999999999994,0.8660254037844387,24,17.712074708641453,9.779587345076585
15,Bengkulu,2024-02-01,2024,2,0.0139,6.0,0.0368,49233000.0,3.17,0.8267,17668.36,32.0,1.6732,0.0146,0.4756,0.0114,0.0113,0.0111,0.0126,0.0152,6.0,0.0283,6.0,0.003,5.75,-0.0007,0.8660254037844386,0.5000000000000001,25,17.712074708641453,9.779587345076585
15,Bengkulu,2024-03-01,2024,3,0.0131,6.0,0.0356,49233000.0,3.16,0.8267,17668.36,32.0,1.6732,0.0146,0.4756,0.0139,0.0114,0.0113,0.0114,0.013,6.0,0.0368,6.0,0.0024,5.75,0.0023,1.0,6.123233995736766e-17,26,17.712074708641453,9.779587345076585
15,Bengkulu,2024-04-01,2024,4,0.0144,6.25,0.0362,49233000.0,3.15,0.8267,17668.36,32.0,1.6732,0.0146,0.4756,0.0131,0.0139,0.0114,0.0114,0.0113,6.0,0.0356,6.0,0.0283,6.0,0.0028,0.8660254037844387,-0.4999999999999998,27,17.712074708641453,9.779587345076585
15,Bengkulu,2024-05-01,2024,5,0.018,6.25,0.0371,49233000.0,3.14,0.8267,17668.36,32.0,1.6732,0.0146,0.4756,0.0144,0.0131,0.0139,0.0111,0.0152,6.25,0.0362,6.0,0.0368,6.0,0.003,0.49999999999999994,-0.8660254037844387,28,17.712074708641453,9.779587345076585
15,Bengkulu,2024-06-01,2024,6,0.0138,6.25,0.0364,49233000.0,3.13,0.8267,17668.36,32.0,1.6732,0.0146,0.4756,0.018,0.0144,0.0131,0.0113,0.0139,6.25,0.0371,6.0,0.0356,6.0,0.0024,1.2246467991473532e-16,-1.0,29,17.712074708641453,9.779587345076585
15,Bengkulu,2024-07-01,2024,7,0.0154,6.25,0.0231,49233000.0,3.12,0.8267,17668.36,32.0,1.6732,0.0146,0.4756,0.0138,0.018,0.0144,0.0114,0.0171,6.25,0.0364,6.25,0.0362,6.0,0.0283,-0.4999999999999997,-0.8660254037844388,30,17.712074708641453,9.779587345076585
15,Bengkulu,2024-08-01,2024,8,0.015,6.25,0.0234,49233000.0,3.11,0.8267,17668.36,32.0,1.6732,0.0146,0.4756,0.0154,0.0138,0.018,0.0139,0.0126,6.25,0.0231,6.25,0.0371,6.0,0.0368,-0.8660254037844384,-0.5000000000000004,31,17.712074708641453,9.779587345076585
15,Bengkulu,2024-09-01,2024,9,0.0135,6.0,0.0148,49233000.0,3.131666666666667,0.8267,17668.36,32.0,1.6732,0.0146,0.4756,0.015,0.0154,0.0138,0.0131,0.0114,6.25,0.0234,6.25,0.0364,6.0,0.0356,-1.0,-1.8369701987210297e-16,32,17.712074708641453,9.779587345076585
15,Bengkulu,2024-10-01,2024,10,0.0156,6.0,0.0134,49233000.0,3.1533333333333333,0.8267,17668.36,32.0,1.6732,0.0146,0.4756,0.0135,0.015,0.0154,0.0144,0.0114,6.0,0.0148,6.25,0.0231,6.25,0.0362,-0.8660254037844386,0.5000000000000001,33,17.712074708641453,9.779587345076585
15,Bengkulu,2024-11-01,2024,11,0.0167,6.0,0.0082,49233000.0,3.175,0.8267,17668.36,32.0,1.6732,0.0146,0.4756,0.0156,0.0135,0.015,0.018,0.0111,6.0,0.0134,6.25,0.0234,6.25,0.0371,-0.5000000000000004,0.8660254037844384,34,17.712074708641453,9.779587345076585
15,Bengkulu,2024-12-01,2024,12,0.0164,6.0,0.0084,49233000.0,3.1966666666666668,0.8267,17668.36,32.0,1.6732,0.0146,0.4756,0.0167,0.0156,0.0135,0.0138,0.0113,6.0,0.0082,6.0,0.0148,6.25,0.0364,-2.4492935982947064e-16,1.0,35,17.712074708641453,9.779587345076585
15,Bengkulu,2025-01-01,2025,1,0.0174,5.75,0.0009,52305000.0,3.2183333333333337,0.8851,18780.77,32.0,1.604,0.0161,0.4757,0.0164,0.0167,0.0156,0.0154,0.0114,6.0,0.0084,6.0,0.0134,6.25,0.0231,0.49999999999999994,0.8660254037844387,36,17.77260254587863,9.840641997522354
15,Bengkulu,2025-02-01,2025,2,0.0174,5.75,-0.0126,52305000.0,3.24,0.8851,18780.77,32.0,1.604,0.0161,0.4757,0.0174,0.0164,0.0167,0.015,0.0139,5.75,0.0009,6.0,0.0082,6.25,0.0234,0.8660254037844386,0.5000000000000001,37,17.77260254587863,9.840641997522354
15,Bengkulu,2025-03-01,2025,3,0.0184,5.75,-0.0022,52305000.0,3.268333333333333,0.8851,18780.77,32.0,1.604,0.0161,0.4757,0.0174,0.0174,0.0164,0.0135,0.0131,5.75,-0.0126,6.0,0.0084,6.0,0.0148,1.0,6.123233995736766e-17,38,17.77260254587863,9.840641997522354
15,Bengkulu,2025-04-01,2025,4,0.0211,5.75,0.0096,52305000.0,3.296666666666667,0.8851,18780.77,32.0,1.604,0.0161,0.4757,0.0184,0.0174,0.0174,0.0156,0.0144,5.75,-0.0022,5.75,0.0009,6.0,0.0134,0.8660254037844387,-0.4999999999999998,39,17.77260254587863,9.840641997522354
15,Bengkulu,2025-05-01,2025,5,0.0214,5.75,0.0039,52305000.0,3.325,0.8851,18780.77,32.0,1.604,0.0161,0.4757,0.0211,0.0184,0.0174,0.0167,0.018,5.75,0.0096,5.75,-0.0126,6.0,0.0082,0.49999999999999994,-0.8660254037844387,40,17.77260254587863,9.840641997522354
15,Bengkulu,2025-06-01,2025,6,0.0175,5.5,-0.001,52305000.0,3.353333333333333,0.8851,18780.77,32.0,1.604,0.0161,0.4757,0.0214,0.0211,0.0184,0.0164,0.0138,5.75,0.0039,5.75,-0.0022,6.0,0.0084,1.2246467991473532e-16,-1.0,41,17.77260254587863,9.840641997522354
15,Bengkulu,2025-07-01,2025,7,0.0187,5.25,0.0101,52305000.0,3.381666666666667,0.8851,18780.77,32.0,1.604,0.0161,0.4757,0.0175,0.0214,0.0211,0.0174,0.0154,5.5,-0.001,5.75,0.0096,5.75,0.0009,-0.4999999999999997,-0.8660254037844388,42,17.77260254587863,9.840641997522354
15,Bengkulu,2025-08-01,2025,8,0.0187,5.0,0.013,52305000.0,3.41,0.8851,18780.77,32.0,1.604,0.0161,0.4757,0.0187,0.0175,0.0214,0.0174,0.015,5.25,0.0101,5.75,0.0039,5.75,-0.0126,-0.8660254037844384,-0.5000000000000004,43,17.77260254587863,9.840641997522354
15,Bengkulu,2025-09-01,2025,9,0.0205,4.75,0.0257,52305000.0,3.41,0.8851,18780.77,32.0,1.604,0.0161,0.4757,0.0187,0.0187,0.0175,0.0184,0.0135,5.0,0.013,5.5,-0.001,5.75,-0.0022,-1.0,-1.8369701987210297e-16,44,17.77260254587863,9.840641997522354
15,Bengkulu,2025-10-01,2025,10,0.0218,4.75,0.0285,52305000.0,3.41,0.8851,18780.77,32.0,1.604,0.0161,0.4757,0.0205,0.0187,0.0187,0.0211,0.0156,4.75,0.0257,5.25,0.0101,5.75,0.0096,-0.8660254037844386,0.5000000000000001,45,17.77260254587863,9.840641997522354
15,Bengkulu,2025-11-01,2025,11,0.0216,4.75,0.0268,52305000.0,3.41,0.8851,18780.77,32.0,1.604,0.0161,0.4757,0.0218,0.0205,0.0187,0.0214,0.0167,4.75,0.0285,5.0,0.013,5.75,0.0039,-0.5000000000000004,0.8660254037844384,46,17.77260254587863,9.840641997522354
15,Bengkulu,2025-12-01,2025,12,0.0183,4.75,0.0277,52305000.0,3.41,0.8851,18780.77,32.0,1.604,0.0161,0.4757,0.0216,0.0218,0.0205,0.0175,0.0164,4.75,0.0268,4.75,0.0257,5.5,-0.001,-2.4492935982947064e-16,1.0,47,17.77260254587863,9.840641997522354
16,Lampung,2022-01-01,2022,1,0.0264,3.5,0.00465,44982000.0,4.31,0.772,52656.14,65.0,1.1521,0.0487,0.4541,,,,,,,,,,,,0.49999999999999994,0.8660254037844387,0,17.62177298994437,10.871557120903185
16,Lampung,2022-02-01,2022,2,0.0248,3.5,-0.003,44982000.0,4.31,0.772,52656.14,65.0,1.1521,0.0487,0.4541,0.0264,,,,,3.5,0.00465,,,,,0.8660254037844386,0.5000000000000001,1,17.62177298994437,10.871557120903185
16,Lampung,2022-03-01,2022,3,0.0258,3.5,0.00895,44982000.0,4.345,0.772,52656.14,65.0,1.1521,0.0487,0.4541,0.0248,0.0264,,,,3.5,-0.003,,,,,1.0,6.123233995736766e-17,2,17.62177298994437,10.871557120903185
16,Lampung,2022-04-01,2022,4,0.0288,3.5,0.0102,44982000.0,4.38,0.772,52656.14,65.0,1.1521,0.0487,0.4541,0.0258,0.0248,0.0264,,,3.5,0.00895,3.5,0.00465,,,0.8660254037844387,-0.4999999999999998,3,17.62177298994437,10.871557120903185
16,Lampung,2022-05-01,2022,5,0.0281,3.5,0.0061,44982000.0,4.414999999999999,0.772,52656.14,65.0,1.1521,0.0487,0.4541,0.0288,0.0258,0.0248,,,3.5,0.0102,3.5,-0.003,,,0.49999999999999994,-0.8660254037844387,4,17.62177298994437,10.871557120903185
16,Lampung,2022-06-01,2022,6,0.0312,3.5,0.01145,44982000.0,4.449999999999999,0.772,52656.14,65.0,1.1521,0.0487,0.4541,0.0281,0.0288,0.0258,,,3.5,0.0061,3.5,0.00895,,,1.2246467991473532e-16,-1.0,5,17.62177298994437,10.871557120903185
16,Lampung,2022-07-01,2022,7,0.0344,3.5,0.00665,44982000.0,4.484999999999999,0.772,52656.14,65.0,1.1521,0.0487,0.4541,0.0312,0.0281,0.0288,0.0264,,3.5,0.01145,3.5,0.0102,3.5,0.00465,-0.4999999999999997,-0.8660254037844388,6,17.62177298994437,10.871557120903185
16,Lampung,2022-08-01,2022,8,0.0351,3.75,-0.0064,44982000.0,4.52,0.772,52656.14,65.0,1.1521,0.0487,0.4541,0.0344,0.0312,0.0281,0.0248,,3.5,0.00665,3.5,0.0061,3.5,-0.003,-0.8660254037844384,-0.5000000000000004,7,17.62177298994437,10.871557120903185
16,Lampung,2022-09-01,2022,9,0.0349,4.25,0.0118,44982000.0,4.463333333333333,0.772,52656.14,65.0,1.1521,0.0487,0.4541,0.0351,0.0344,0.0312,0.0258,,3.75,-0.0064,3.5,0.01145,3.5,0.00895,-1.0,-1.8369701987210297e-16,8,17.62177298994437,10.871557120903185
16,Lampung,2022-10-01,2022,10,0.0237,4.75,-0.0035,44982000.0,4.406666666666666,0.772,52656.14,65.0,1.1521,0.0487,0.4541,0.0349,0.0351,0.0344,0.0288,,4.25,0.0118,3.5,0.00665,3.5,0.0102,-0.8660254037844386,0.5000000000000001,9,17.62177298994437,10.871557120903185
16,Lampung,2022-11-01,2022,11,0.0249,5.25,0.0003,44982000.0,4.35,0.772,52656.14,65.0,1.1521,0.0487,0.4541,0.0237,0.0349,0.0351,0.0281,,4.75,-0.0035,3.75,-0.0064,3.5,0.0061,-0.5000000000000004,0.8660254037844384,10,17.62177298994437,10.871557120903185
16,Lampung,2022-12-01,2022,12,0.021,5.5,0.00625,44982000.0,4.293333333333333,0.772,52656.14,65.0,1.1521,0.0487,0.4541,0.0249,0.0237,0.0349,0.0312,,5.25,0.0003,4.25,0.0118,3.5,0.01145,-2.4492935982947064e-16,1.0,11,17.62177298994437,10.871557120903185
16,Lampung,2023-01-01,2023,1,0.0216,5.75,0.0079,48188000.0,4.236666666666666,0.7586,53539.91,65.0,1.1296,0.026,0.4938,0.021,0.0249,0.0237,0.0344,0.0264,5.5,0.00625,4.75,-0.0035,3.5,0.00665,0.49999999999999994,0.8660254037844387,12,17.690620606120934,10.88820131356793
16,Lampung,2023-02-01,2023,2,0.0211,5.75,0.0016,48188000.0,4.18,0.7586,53539.91,65.0,1.1296,0.026,0.4938,0.0216,0.021,0.0249,0.0351,0.0248,5.75,0.0079,5.25,0.0003,3.75,-0.0064,0.8660254037844386,0.5000000000000001,13,17.690620606120934,10.88820131356793
16,Lampung,2023-03-01,2023,3,0.0211,5.75,-0.00075,48188000.0,4.1883333333333335,0.7586,53539.91,65.0,1.1296,0.026,0.4938,0.0211,0.0216,0.021,0.0349,0.0258,5.75,0.0016,5.5,0.00625,4.25,0.0118,1.0,6.123233995736766e-17,14,17.690620606120934,10.88820131356793
16,Lampung,2023-04-01,2023,4,0.0219,5.75,0.003,48188000.0,4.196666666666666,0.7586,53539.91,65.0,1.1296,0.026,0.4938,0.0211,0.0211,0.0216,0.0237,0.0288,5.75,-0.00075,5.75,0.0079,4.75,-0.0035,0.8660254037844387,-0.4999999999999998,15,17.690620606120934,10.88820131356793
16,Lampung,2023-05-01,2023,5,0.0258,5.75,0.0007,48188000.0,4.205,0.7586,53539.91,65.0,1.1296,0.026,0.4938,0.0219,0.0211,0.0211,0.0249,0.0281,5.75,0.003,5.75,0.0016,5.25,0.0003,0.49999999999999994,-0.8660254037844387,16,17.690620606120934,10.88820131356793
16,Lampung,2023-06-01,2023,6,0.0288,5.75,0.0009,48188000.0,4.213333333333334,0.7586,53539.91,65.0,1.1296,0.026,0.4938,0.0258,0.0219,0.0211,0.021,0.0312,5.75,0.0007,5.75,-0.00075,5.5,0.00625,1.2246467991473532e-16,-1.0,17,17.690620606120934,10.88820131356793
16,Lampung,2023-07-01,2023,7,0.0322,5.75,0.00135,48188000.0,4.221666666666667,0.7586,53539.91,65.0,1.1296,0.026,0.4938,0.0288,0.0258,0.0219,0.0216,0.0344,5.75,0.0009,5.75,0.003,5.75,0.0079,-0.4999999999999997,-0.8660254037844388,18,17.690620606120934,10.88820131356793
16,Lampung,2023-08-01,2023,8,0.0277,5.75,0.00135,48188000.0,4.23,0.7586,53539.91,65.0,1.1296,0.026,0.4938,0.0322,0.0288,0.0258,0.0211,0.0351,5.75,0.00135,5.75,0.0007,5.75,0.0016,-0.8660254037844384,-0.5000000000000004,19,17.690620606120934,10.88820131356793
16,Lampung,2023-09-01,2023,9,0.0279,5.75,0.0033,48188000.0,4.211666666666667,0.7586,53539.91,65.0,1.1296,0.026,0.4938,0.0277,0.0322,0.0288,0.0211,0.0349,5.75,0.00135,5.75,0.0009,5.75,-0.00075,-1.0,-1.8369701987210297e-16,20,17.690620606120934,10.88820131356793
16,Lampung,2023-10-01,2023,10,0.0282,6.0,0.0036,48188000.0,4.193333333333333,0.7586,53539.91,65.0,1.1296,0.026,0.4938,0.0279,0.0277,0.0322,0.0219,0.0237,5.75,0.0033,5.75,0.00135,5.75,0.003,-0.8660254037844386,0.5000000000000001,21,17.690620606120934,10.88820131356793
16,Lampung,2023-11-01,2023,11,0.0253,6.0,0.0094,48188000.0,4.175000000000001,0.7586,53539.91,65.0,1.1296,0.026,0.4938,0.0282,0.0279,0.0277,0.0258,0.0249,6.0,0.0036,5.75,0.00135,5.75,0.0007,-0.5000000000000004,0.8660254037844384,22,17.690620606120934,10.88820131356793
16,Lampung,2023-12-01,2023,12,0.026,6.0,-5e-05,48188000.0,4.156666666666667,0.7586,53539.91,65.0,1.1296,0.026,0.4938,0.0253,0.0282,0.0279,0.0288,0.021,6.0,0.0094,5.75,0.0033,5.75,0.0009,-2.4492935982947064e-16,1.0,23,17.690620606120934,10.88820131356793
16,Lampung,2024-01-01,2024,1,0.0275,6.0,0.0328,51387000.0,4.138333333333334,0.7775,57454.12,65.0,1.1299,0.0278,0.48,0.026,0.0253,0.0282,0.0322,0.0216,6.0,-5e-05,6.0,0.0036,5.75,0.00135,0.49999999999999994,0.8660254037844387,24,17.754895799608406,10.958759400280623
16,Lampung,2024-02-01,2024,2,0.0304,6.0,0.0328,51387000.0,4.12,0.7775,57454.12,65.0,1.1299,0.0278,0.48,0.0275,0.026,0.0253,0.0277,0.0211,6.0,0.0328,6.0,0.0094,5.75,0.00135,0.8660254037844386,0.5000000000000001,25,17.754895799608406,10.958759400280623
16,Lampung,2024-03-01,2024,3,0.0315,6.0,0.0345,51387000.0,4.131666666666667,0.7775,57454.12,65.0,1.1299,0.0278,0.48,0.0304,0.0275,0.026,0.0279,0.0211,6.0,0.0328,6.0,-5e-05,5.75,0.0033,1.0,6.123233995736766e-17,26,17.754895799608406,10.958759400280623
16,Lampung,2024-04-01,2024,4,0.028,6.25,0.0329,51387000.0,4.1433333333333335,0.7775,57454.12,65.0,1.1299,0.0278,0.48,0.0315,0.0304,0.0275,0.0282,0.0219,6.0,0.0345,6.0,0.0328,6.0,0.0036,0.8660254037844387,-0.4999999999999998,27,17.754895799608406,10.958759400280623
16,Lampung,2024-05-01,2024,5,0.0305,6.25,0.0309,51387000.0,4.155,0.7775,57454.12,65.0,1.1299,0.0278,0.48,0.028,0.0315,0.0304,0.0253,0.0258,6.25,0.0329,6.0,0.0328,6.0,0.0094,0.49999999999999994,-0.8660254037844387,28,17.754895799608406,10.958759400280623
16,Lampung,2024-06-01,2024,6,0.0274,6.25,0.0284,51387000.0,4.166666666666667,0.7775,57454.12,65.0,1.1299,0.0278,0.48,0.0305,0.028,0.0315,0.026,0.0288,6.25,0.0309,6.0,0.0345,6.0,-5e-05,1.2246467991473532e-16,-1.0,29,17.754895799608406,10.958759400280623
16,Lampung,2024-07-01,2024,7,0.0285,6.25,0.0255,51387000.0,4.178333333333334,0.7775,57454.12,65.0,1.1299,0.0278,0.48,0.0274,0.0305,0.028,0.0275,0.0322,6.25,0.0284,6.25,0.0329,6.0,0.0328,-0.4999999999999997,-0.8660254037844388,30,17.754895799608406,10.958759400280623
16,Lampung,2024-08-01,2024,8,0.0283,6.25,0.0233,51387000.0,4.19,0.7775,57454.12,65.0,1.1299,0.0278,0.48,0.0285,0.0274,0.0305,0.0304,0.0277,6.25,0.0255,6.25,0.0309,6.0,0.0328,-0.8660254037844384,-0.5000000000000004,31,17.754895799608406,10.958759400280623
16,Lampung,2024-09-01,2024,9,0.0261,6.0,0.0216,51387000.0,4.17,0.7775,57454.12,65.0,1.1299,0.0278,0.48,0.0283,0.0285,0.0274,0.0315,0.0279,6.25,0.0233,6.25,0.0284,6.0,0.0345,-1.0,-1.8369701987210297e-16,32,17.754895799608406,10.958759400280623
16,Lampung,2024-10-01,2024,10,0.0265,6.0,0.0194,51387000.0,4.15,0.7775,57454.12,65.0,1.1299,0.0278,0.48,0.0261,0.0283,0.0285,0.028,0.0282,6.0,0.0216,6.25,0.0255,6.25,0.0329,-0.8660254037844386,0.5000000000000001,33,17.754895799608406,10.958759400280623
16,Lampung,2024-11-01,2024,11,0.024,6.0,0.015,51387000.0,4.130000000000001,0.7775,57454.12,65.0,1.1299,0.0278,0.48,0.0265,0.0261,0.0283,0.0305,0.0253,6.0,0.0194,6.25,0.0233,6.25,0.0309,-0.5000000000000004,0.8660254037844384,34,17.754895799608406,10.958759400280623
16,Lampung,2024-12-01,2024,12,0.0237,6.0,0.0157,51387000.0,4.11,0.7775,57454.12,65.0,1.1299,0.0278,0.48,0.024,0.0265,0.0261,0.0274,0.026,6.0,0.015,6.0,0.0216,6.25,0.0284,-2.4492935982947064e-16,1.0,35,17.754895799608406,10.958759400280623
16,Lampung,2025-01-01,2025,1,0.0246,5.75,0.0104,55009000.0,4.09,0.7826,60319.76,64.0,1.0951,0.0277,0.4746,0.0237,0.024,0.0265,0.0285,0.0275,6.0,0.0157,6.0,0.0194,6.25,0.0255,0.49999999999999994,0.8660254037844387,36,17.823007384352255,11.00743160207196
16,Lampung,2025-02-01,2025,2,0.0283,5.75,-0.0002,55009000.0,4.07,0.7826,60319.76,64.0,1.0951,0.0277,0.4746,0.0246,0.0237,0.024,0.0283,0.0304,5.75,0.0104,6.0,0.015,6.25,0.0233,0.8660254037844386,0.5000000000000001,37,17.823007384352255,11.00743160207196
16,Lampung,2025-03-01,2025,3,0.0272,5.75,0.0158,55009000.0,4.093333333333334,0.7826,60319.76,64.0,1.0951,0.0277,0.4746,0.0283,0.0246,0.0237,0.0261,0.0315,5.75,-0.0002,6.0,0.0157,6.0,0.0216,1.0,6.123233995736766e-17,38,17.823007384352255,11.00743160207196
16,Lampung,2025-04-01,2025,4,0.0314,5.75,0.028,55009000.0,4.116666666666667,0.7826,60319.76,64.0,1.0951,0.0277,0.4746,0.0272,0.0283,0.0246,0.0265,0.028,5.75,0.0158,5.75,0.0104,6.0,0.0194,0.8660254037844387,-0.4999999999999998,39,17.823007384352255,11.00743160207196
16,Lampung,2025-05-01,2025,5,0.0342,5.75,0.0212,55009000.0,4.140000000000001,0.7826,60319.76,64.0,1.0951,0.0277,0.4746,0.0314,0.0272,0.0283,0.024,0.0305,5.75,0.028,5.75,-0.0002,6.0,0.015,0.49999999999999994,-0.8660254037844387,40,17.823007384352255,11.00743160207196
16,Lampung,2025-06-01,2025,6,0.0281,5.5,0.0227,55009000.0,4.163333333333333,0.7826,60319.76,64.0,1.0951,0.0277,0.4746,0.0342,0.0314,0.0272,0.0237,0.0274,5.75,0.0212,5.75,0.0158,6.0,0.0157,1.2246467991473532e-16,-1.0,41,17.823007384352255,11.00743160207196
16,Lampung,2025-07-01,2025,7,0.0278,5.25,0.0263,55009000.0,4.1866666666666665,0.7826,60319.76,64.0,1.0951,0.0277,0.4746,0.0281,0.0342,0.0314,0.0246,0.0285,5.5,0.0227,5.75,0.028,5.75,0.0104,-0.4999999999999997,-0.8660254037844388,42,17.823007384352255,11.00743160207196
16,Lampung,2025-08-01,2025,8,0.0284,5.0,0.0105,55009000.0,4.21,0.7826,60319.76,64.0,1.0951,0.0277,0.4746,0.0278,0.0281,0.0342,0.0283,0.0283,5.25,0.0263,5.75,0.0212,5.75,-0.0002,-0.8660254037844384,-0.5000000000000004,43,17.823007384352255,11.00743160207196
16,Lampung,2025-09-01,2025,9,0.0284,4.75,0.0117,55009000.0,4.21,0.7826,60319.76,64.0,1.0951,0.0277,0.4746,0.0284,0.0278,0.0281,0.0272,0.0261,5.0,0.0105,5.5,0.0227,5.75,0.0158,-1.0,-1.8369701987210297e-16,44,17.823007384352255,11.00743160207196
16,Lampung,2025-10-01,2025,10,0.0248,4.75,0.012,55009000.0,4.21,0.7826,60319.76,64.0,1.0951,0.0277,0.4746,0.0284,0.0284,0.0278,0.0314,0.0265,4.75,0.0117,5.25,0.0263,5.75,0.028,-0.8660254037844386,0.5000000000000001,45,17.823007384352255,11.00743160207196
16,Lampung,2025-11-01,2025,11,0.026,4.75,0.0114,55009000.0,4.21,0.7826,60319.76,64.0,1.0951,0.0277,0.4746,0.0248,0.0284,0.0284,0.0342,0.024,4.75,0.012,5.0,0.0105,5.75,0.0212,-0.5000000000000004,0.8660254037844384,46,17.823007384352255,11.00743160207196
16,Lampung,2025-12-01,2025,12,0.0238,4.75,0.0125,55009000.0,4.21,0.7826,60319.76,64.0,1.0951,0.0277,0.4746,0.026,0.0248,0.0284,0.0281,0.0237,4.75,0.0114,4.75,0.0117,5.5,0.0227,-2.4492935982947064e-16,1.0,47,17.823007384352255,11.00743160207196
17,Kalimantan Barat,2022-01-01,2022,1,0.0261,3.5,0.00797,46092000.0,4.86,0.788,71511.73,76.0,0.906,0.0195,0.4094,,,,,,,,,,,,0.49999999999999994,0.8660254037844387,0,17.64614997881178,11.177630754792553
17,Kalimantan Barat,2022-02-01,2022,2,0.0245,3.5,0.0025,46092000.0,4.86,0.788,71511.73,76.0,0.906,0.0195,0.4094,0.0261,,,,,3.5,0.00797,,,,,0.8660254037844386,0.5000000000000001,1,17.64614997881178,11.177630754792553
17,Kalimantan Barat,2022-03-01,2022,3,0.024,3.5,0.00503,46092000.0,4.901666666666667,0.788,71511.73,76.0,0.906,0.0195,0.4094,0.0245,0.0261,,,,3.5,0.0025,,,,,1.0,6.123233995736766e-17,2,17.64614997881178,11.177630754792553
17,Kalimantan Barat,2022-04-01,2022,4,0.0246,3.5,0.0131,46092000.0,4.943333333333333,0.788,71511.73,76.0,0.906,0.0195,0.4094,0.024,0.0245,0.0261,,,3.5,0.00503,3.5,0.00797,,,0.8660254037844387,-0.4999999999999998,3,17.64614997881178,11.177630754792553
17,Kalimantan Barat,2022-05-01,2022,5,0.0243,3.5,0.0094,46092000.0,4.985,0.788,71511.73,76.0,0.906,0.0195,0.4094,0.0246,0.024,0.0245,,,3.5,0.0131,3.5,0.0025,,,0.49999999999999994,-0.8660254037844387,4,17.64614997881178,11.177630754792553
17,Kalimantan Barat,2022-06-01,2022,6,0.0284,3.5,0.00157,46092000.0,5.026666666666667,0.788,71511.73,76.0,0.906,0.0195,0.4094,0.0243,0.0246,0.024,,,3.5,0.0094,3.5,0.00503,,,1.2246467991473532e-16,-1.0,5,17.64614997881178,11.177630754792553
17,Kalimantan Barat,2022-07-01,2022,7,0.0329,3.5,0.00213,46092000.0,5.068333333333333,0.788,71511.73,76.0,0.906,0.0195,0.4094,0.0284,0.0243,0.0246,0.0261,,3.5,0.00157,3.5,0.0131,3.5,0.00797,-0.4999999999999997,-0.8660254037844388,6,17.64614997881178,11.177630754792553
17,Kalimantan Barat,2022-08-01,2022,8,0.0347,3.75,-0.0045,46092000.0,5.11,0.788,71511.73,76.0,0.906,0.0195,0.4094,0.0329,0.0284,0.0243,0.0245,,3.5,0.00213,3.5,0.0094,3.5,0.0025,-0.8660254037844384,-0.5000000000000004,7,17.64614997881178,11.177630754792553
17,Kalimantan Barat,2022-09-01,2022,9,0.0372,4.25,0.01537,46092000.0,5.011666666666667,0.788,71511.73,76.0,0.906,0.0195,0.4094,0.0347,0.0329,0.0284,0.024,,3.75,-0.0045,3.5,0.00157,3.5,0.00503,-1.0,-1.8369701987210297e-16,8,17.64614997881178,11.177630754792553
17,Kalimantan Barat,2022-10-01,2022,10,0.023,4.75,0.0007,46092000.0,4.913333333333333,0.788,71511.73,76.0,0.906,0.0195,0.4094,0.0372,0.0347,0.0329,0.0246,,4.25,0.01537,3.5,0.00213,3.5,0.0131,-0.8660254037844386,0.5000000000000001,9,17.64614997881178,11.177630754792553
17,Kalimantan Barat,2022-11-01,2022,11,0.0238,5.25,0.00293,46092000.0,4.815,0.788,71511.73,76.0,0.906,0.0195,0.4094,0.023,0.0372,0.0347,0.0243,,4.75,0.0007,3.75,-0.0045,3.5,0.0094,-0.5000000000000004,0.8660254037844384,10,17.64614997881178,11.177630754792553
17,Kalimantan Barat,2022-12-01,2022,12,0.022,5.5,0.0049,46092000.0,4.716666666666667,0.788,71511.73,76.0,0.906,0.0195,0.4094,0.0238,0.023,0.0372,0.0284,,5.25,0.00293,4.25,0.01537,3.5,0.00157,-2.4492935982947064e-16,1.0,11,17.64614997881178,11.177630754792553
17,Kalimantan Barat,2023-01-01,2023,1,0.0188,5.75,0.00297,48809000.0,4.618333333333333,0.7996,74919.48,77.0,0.953,0.0176,0.4089,0.022,0.0238,0.023,0.0329,0.0261,5.5,0.0049,4.75,0.0007,3.5,0.00213,0.49999999999999994,0.8660254037844387,12,17.70342530053648,11.224182563371457
17,Kalimantan Barat,2023-02-01,2023,2,0.0194,5.75,-0.0007,48809000.0,4.52,0.7996,74919.48,77.0,0.953,0.0176,0.4089,0.0188,0.022,0.0238,0.0347,0.0245,5.75,0.00297,5.25,0.00293,3.75,-0.0045,0.8660254037844386,0.5000000000000001,13,17.70342530053648,11.224182563371457
17,Kalimantan Barat,2023-03-01,2023,3,0.0203,5.75,0.00133,48809000.0,4.6083333333333325,0.7996,74919.48,77.0,0.953,0.0176,0.4089,0.0194,0.0188,0.022,0.0372,0.024,5.75,-0.0007,5.5,0.0049,4.25,0.01537,1.0,6.123233995736766e-17,14,17.70342530053648,11.224182563371457
17,Kalimantan Barat,2023-04-01,2023,4,0.0194,5.75,0.00467,48809000.0,4.696666666666666,0.7996,74919.48,77.0,0.953,0.0176,0.4089,0.0203,0.0194,0.0188,0.023,0.0246,5.75,0.00133,5.75,0.00297,4.75,0.0007,0.8660254037844387,-0.4999999999999998,15,17.70342530053648,11.224182563371457
17,Kalimantan Barat,2023-05-01,2023,5,0.0229,5.75,0.00337,48809000.0,4.785,0.7996,74919.48,77.0,0.953,0.0176,0.4089,0.0194,0.0203,0.0194,0.0238,0.0243,5.75,0.00467,5.75,-0.0007,5.25,0.00293,0.49999999999999994,-0.8660254037844387,16,17.70342530053648,11.224182563371457
17,Kalimantan Barat,2023-06-01,2023,6,0.0227,5.75,0.0035,48809000.0,4.873333333333333,0.7996,74919.48,77.0,0.953,0.0176,0.4089,0.0229,0.0194,0.0203,0.022,0.0284,5.75,0.00337,5.75,0.00133,5.5,0.0049,1.2246467991473532e-16,-1.0,17,17.70342530053648,11.224182563371457
17,Kalimantan Barat,2023-07-01,2023,7,0.0251,5.75,0.00017,48809000.0,4.961666666666666,0.7996,74919.48,77.0,0.953,0.0176,0.4089,0.0227,0.0229,0.0194,0.0188,0.0329,5.75,0.0035,5.75,0.00467,5.75,0.00297,-0.4999999999999997,-0.8660254037844388,18,17.70342530053648,11.224182563371457
17,Kalimantan Barat,2023-08-01,2023,8,0.0205,5.75,-0.0022,48809000.0,5.05,0.7996,74919.48,77.0,0.953,0.0176,0.4089,0.0251,0.0227,0.0229,0.0194,0.0347,5.75,0.00017,5.75,0.00337,5.75,-0.0007,-0.8660254037844384,-0.5000000000000004,19,17.70342530053648,11.224182563371457
17,Kalimantan Barat,2023-09-01,2023,9,0.0195,5.75,0.00073,48809000.0,4.908333333333333,0.7996,74919.48,77.0,0.953,0.0176,0.4089,0.0205,0.0251,0.0227,0.0203,0.0372,5.75,-0.0022,5.75,0.0035,5.75,0.00133,-1.0,-1.8369701987210297e-16,20,17.70342530053648,11.224182563371457
17,Kalimantan Barat,2023-10-01,2023,10,0.02,6.0,0.00063,48809000.0,4.766666666666667,0.7996,74919.48,77.0,0.953,0.0176,0.4089,0.0195,0.0205,0.0251,0.0194,0.023,5.75,0.00073,5.75,0.00017,5.75,0.00467,-0.8660254037844386,0.5000000000000001,21,17.70342530053648,11.224182563371457
17,Kalimantan Barat,2023-11-01,2023,11,0.0204,6.0,0.0005,48809000.0,4.625,0.7996,74919.48,77.0,0.953,0.0176,0.4089,0.02,0.0195,0.0205,0.0229,0.0238,6.0,0.00063,5.75,-0.0022,5.75,0.00337,-0.5000000000000004,0.8660254037844384,22,17.70342530053648,11.224182563371457
17,Kalimantan Barat,2023-12-01,2023,12,0.0196,6.0,0.0044,48809000.0,4.483333333333333,0.7996,74919.48,77.0,0.953,0.0176,0.4089,0.0204,0.02,0.0195,0.0227,0.022,6.0,0.0005,5.75,0.00073,5.75,0.0035,-2.4492935982947064e-16,1.0,23,17.70342530053648,11.224182563371457
17,Kalimantan Barat,2024-01-01,2024,1,0.0187,6.0,0.0275,52703000.0,4.341666666666667,0.7903,77884.58,75.0,0.9775,0.0213,0.3918,0.0196,0.0204,0.02,0.0251,0.0188,6.0,0.0044,6.0,0.00063,5.75,0.00017,0.49999999999999994,0.8660254037844387,24,17.780182956861825,11.262996105609783
17,Kalimantan Barat,2024-02-01,2024,2,0.0177,6.0,0.0256,52703000.0,4.2,0.7903,77884.58,75.0,0.9775,0.0213,0.3918,0.0187,0.0196,0.0204,0.0205,0.0194,6.0,0.0275,6.0,0.0005,5.75,-0.0022,0.8660254037844386,0.5000000000000001,25,17.780182956861825,11.262996105609783
17,Kalimantan Barat,2024-03-01,2024,3,0.0172,6.0,0.0251,52703000.0,4.3100000000000005,0.7903,77884.58,75.0,0.9775,0.0213,0.3918,0.0177,0.0187,0.0196,0.0195,0.0203,6.0,0.0256,6.0,0.0044,5.75,0.00073,1.0,6.123233995736766e-17,26,17.780182956861825,11.262996105609783
17,Kalimantan Barat,2024-04-01,2024,4,0.014,6.25,0.0272,52703000.0,4.42,0.7903,77884.58,75.0,0.9775,0.0213,0.3918,0.0172,0.0177,0.0187,0.02,0.0194,6.0,0.0251,6.0,0.0275,6.0,0.00063,0.8660254037844387,-0.4999999999999998,27,17.780182956861825,11.262996105609783
17,Kalimantan Barat,2024-05-01,2024,5,0.016,6.25,0.0284,52703000.0,4.53,0.7903,77884.58,75.0,0.9775,0.0213,0.3918,0.014,0.0172,0.0177,0.0204,0.0229,6.25,0.0272,6.0,0.0256,6.0,0.0005,0.49999999999999994,-0.8660254037844387,28,17.780182956861825,11.262996105609783
17,Kalimantan Barat,2024-06-01,2024,6,0.015,6.25,0.0228,52703000.0,4.640000000000001,0.7903,77884.58,75.0,0.9775,0.0213,0.3918,0.016,0.014,0.0172,0.0196,0.0227,6.25,0.0284,6.0,0.0251,6.0,0.0044,1.2246467991473532e-16,-1.0,29,17.780182956861825,11.262996105609783
17,Kalimantan Barat,2024-07-01,2024,7,0.0127,6.25,0.0158,52703000.0,4.75,0.7903,77884.58,75.0,0.9775,0.0213,0.3918,0.015,0.016,0.014,0.0187,0.0251,6.25,0.0228,6.25,0.0272,6.0,0.0275,-0.4999999999999997,-0.8660254037844388,30,17.780182956861825,11.262996105609783
17,Kalimantan Barat,2024-08-01,2024,8,0.0118,6.25,0.0147,52703000.0,4.86,0.7903,77884.58,75.0,0.9775,0.0213,0.3918,0.0127,0.015,0.016,0.0177,0.0205,6.25,0.0158,6.25,0.0284,6.0,0.0256,-0.8660254037844384,-0.5000000000000004,31,17.780182956861825,11.262996105609783
17,Kalimantan Barat,2024-09-01,2024,9,0.0129,6.0,0.0179,52703000.0,4.755000000000001,0.7903,77884.58,75.0,0.9775,0.0213,0.3918,0.0118,0.0127,0.015,0.0172,0.0195,6.25,0.0147,6.25,0.0228,6.0,0.0251,-1.0,-1.8369701987210297e-16,32,17.780182956861825,11.262996105609783
17,Kalimantan Barat,2024-10-01,2024,10,0.0128,6.0,0.0158,52703000.0,4.65,0.7903,77884.58,75.0,0.9775,0.0213,0.3918,0.0129,0.0118,0.0127,0.014,0.02,6.0,0.0179,6.25,0.0158,6.25,0.0272,-0.8660254037844386,0.5000000000000001,33,17.780182956861825,11.262996105609783
17,Kalimantan Barat,2024-11-01,2024,11,0.0151,6.0,0.0161,52703000.0,4.545,0.7903,77884.58,75.0,0.9775,0.0213,0.3918,0.0128,0.0129,0.0118,0.016,0.0204,6.0,0.0158,6.25,0.0147,6.25,0.0284,-0.5000000000000004,0.8660254037844384,34,17.780182956861825,11.262996105609783
17,Kalimantan Barat,2024-12-01,2024,12,0.0152,6.0,0.0171,52703000.0,4.44,0.7903,77884.58,75.0,0.9775,0.0213,0.3918,0.0151,0.0128,0.0129,0.015,0.0196,6.0,0.0161,6.0,0.0179,6.25,0.0228,-2.4492935982947064e-16,1.0,35,17.780182956861825,11.262996105609783
17,Kalimantan Barat,2025-01-01,2025,1,0.0159,5.75,0.0015,56984000.0,4.335000000000001,0.7937,81682.73,75.0,0.9342,0.0243,0.3915,0.0152,0.0151,0.0128,0.0127,0.0187,6.0,0.0171,6.0,0.0158,6.25,0.0158,0.49999999999999994,0.8660254037844387,36,17.858281102189114,11.310610117809599
17,Kalimantan Barat,2025-02-01,2025,2,0.0153,5.75,0.0004,56984000.0,4.23,0.7937,81682.73,75.0,0.9342,0.0243,0.3915,0.0159,0.0152,0.0151,0.0118,0.0177,5.75,0.0015,6.0,0.0161,6.25,0.0147,0.8660254037844386,0.5000000000000001,37,17.858281102189114,11.310610117809599
17,Kalimantan Barat,2025-03-01,2025,3,0.0144,5.75,0.0094,56984000.0,4.328333333333334,0.7937,81682.73,75.0,0.9342,0.0243,0.3915,0.0153,0.0159,0.0152,0.0129,0.0172,5.75,0.0004,6.0,0.0171,6.0,0.0179,1.0,6.123233995736766e-17,38,17.858281102189114,11.310610117809599
17,Kalimantan Barat,2025-04-01,2025,4,0.0161,5.75,0.012,56984000.0,4.426666666666667,0.7937,81682.73,75.0,0.9342,0.0243,0.3915,0.0144,0.0153,0.0159,0.0128,0.014,5.75,0.0094,5.75,0.0015,6.0,0.0158,0.8660254037844387,-0.4999999999999998,39,17.858281102189114,11.310610117809599
17,Kalimantan Barat,2025-05-01,2025,5,0.0182,5.75,0.0059,56984000.0,4.525,0.7937,81682.73,75.0,0.9342,0.0243,0.3915,0.0161,0.0144,0.0153,0.0151,0.016,5.75,0.012,5.75,0.0004,6.0,0.0161,0.49999999999999994,-0.8660254037844387,40,17.858281102189114,11.310610117809599
17,Kalimantan Barat,2025-06-01,2025,6,0.0154,5.5,0.012,56984000.0,4.623333333333334,0.7937,81682.73,75.0,0.9342,0.0243,0.3915,0.0182,0.0161,0.0144,0.0152,0.015,5.75,0.0059,5.75,0.0094,6.0,0.0171,1.2246467991473532e-16,-1.0,41,17.858281102189114,11.310610117809599
17,Kalimantan Barat,2025-07-01,2025,7,0.0167,5.25,0.0214,56984000.0,4.721666666666667,0.7937,81682.73,75.0,0.9342,0.0243,0.3915,0.0154,0.0182,0.0161,0.0159,0.0127,5.5,0.012,5.75,0.012,5.75,0.0015,-0.4999999999999997,-0.8660254037844388,42,17.858281102189114,11.310610117809599
17,Kalimantan Barat,2025-08-01,2025,8,0.0173,5.0,0.0213,56984000.0,4.82,0.7937,81682.73,75.0,0.9342,0.0243,0.3915,0.0167,0.0154,0.0182,0.0153,0.0118,5.25,0.0214,5.75,0.0059,5.75,0.0004,-0.8660254037844384,-0.5000000000000004,43,17.858281102189114,11.310610117809599
17,Kalimantan Barat,2025-09-01,2025,9,0.0202,4.75,0.0194,56984000.0,4.82,0.7937,81682.73,75.0,0.9342,0.0243,0.3915,0.0173,0.0167,0.0154,0.0144,0.0129,5.0,0.0213,5.5,0.012,5.75,0.0094,-1.0,-1.8369701987210297e-16,44,17.858281102189114,11.310610117809599
17,Kalimantan Barat,2025-10-01,2025,10,0.0186,4.75,0.0207,56984000.0,4.82,0.7937,81682.73,75.0,0.9342,0.0243,0.3915,0.0202,0.0173,0.0167,0.0161,0.0128,4.75,0.0194,5.25,0.0214,5.75,0.012,-0.8660254037844386,0.5000000000000001,45,17.858281102189114,11.310610117809599
17,Kalimantan Barat,2025-11-01,2025,11,0.0164,4.75,0.0204,56984000.0,4.82,0.7937,81682.73,75.0,0.9342,0.0243,0.3915,0.0186,0.0202,0.0173,0.0182,0.0151,4.75,0.0207,5.0,0.0213,5.75,0.0059,-0.5000000000000004,0.8660254037844384,46,17.858281102189114,11.310610117809599
17,Kalimantan Barat,2025-12-01,2025,12,0.0148,4.75,0.0185,56984000.0,4.82,0.7937,81682.73,75.0,0.9342,0.0243,0.3915,0.0164,0.0186,0.0202,0.0154,0.0152,4.75,0.0204,4.75,0.0194,5.5,0.012,-2.4492935982947064e-16,1.0,47,17.858281102189114,11.310610117809599
18,Kalimantan Tengah,2022-01-01,2022,1,0.0232,3.5,0.006,72973000.0,4.2,0.766,35480.11,44.0,1.2003,0.0115,0.3964,,,,,,,,,,,,0.49999999999999994,0.8660254037844387,0,18.10560008138647,10.47675572116526
18,Kalimantan Tengah,2022-02-01,2022,2,0.0207,3.5,-0.0002,72973000.0,4.2,0.766,35480.11,44.0,1.2003,0.0115,0.3964,0.0232,,,,,3.5,0.006,,,,,0.8660254037844386,0.5000000000000001,1,18.10560008138647,10.47675572116526
18,Kalimantan Tengah,2022-03-01,2022,3,0.0186,3.5,0.0083,72973000.0,4.21,0.766,35480.11,44.0,1.2003,0.0115,0.3964,0.0207,0.0232,,,,3.5,-0.0002,,,,,1.0,6.123233995736766e-17,2,18.10560008138647,10.47675572116526
18,Kalimantan Tengah,2022-04-01,2022,4,0.0208,3.5,0.0097,72973000.0,4.22,0.766,35480.11,44.0,1.2003,0.0115,0.3964,0.0186,0.0207,0.0232,,,3.5,0.0083,3.5,0.006,,,0.8660254037844387,-0.4999999999999998,3,18.10560008138647,10.47675572116526
18,Kalimantan Tengah,2022-05-01,2022,5,0.0208,3.5,0.00935,72973000.0,4.23,0.766,35480.11,44.0,1.2003,0.0115,0.3964,0.0208,0.0186,0.0207,,,3.5,0.0097,3.5,-0.0002,,,0.49999999999999994,-0.8660254037844387,4,18.10560008138647,10.47675572116526
18,Kalimantan Tengah,2022-06-01,2022,6,0.0247,3.5,0.0088,72973000.0,4.24,0.766,35480.11,44.0,1.2003,0.0115,0.3964,0.0208,0.0208,0.0186,,,3.5,0.00935,3.5,0.0083,,,1.2246467991473532e-16,-1.0,5,18.10560008138647,10.47675572116526
18,Kalimantan Tengah,2022-07-01,2022,7,0.0285,3.5,0.004,72973000.0,4.25,0.766,35480.11,44.0,1.2003,0.0115,0.3964,0.0247,0.0208,0.0208,0.0232,,3.5,0.0088,3.5,0.0097,3.5,0.006,-0.4999999999999997,-0.8660254037844388,6,18.10560008138647,10.47675572116526
18,Kalimantan Tengah,2022-08-01,2022,8,0.0313,3.75,-0.0011,72973000.0,4.26,0.766,35480.11,44.0,1.2003,0.0115,0.3964,0.0285,0.0247,0.0208,0.0207,,3.5,0.004,3.5,0.00935,3.5,-0.0002,-0.8660254037844384,-0.5000000000000004,7,18.10560008138647,10.47675572116526
18,Kalimantan Tengah,2022-09-01,2022,9,0.0338,4.25,0.0124,72973000.0,4.19,0.766,35480.11,44.0,1.2003,0.0115,0.3964,0.0313,0.0285,0.0247,0.0186,,3.75,-0.0011,3.5,0.0088,3.5,0.0083,-1.0,-1.8369701987210297e-16,8,18.10560008138647,10.47675572116526
18,Kalimantan Tengah,2022-10-01,2022,10,0.0208,4.75,-0.0004,72973000.0,4.12,0.766,35480.11,44.0,1.2003,0.0115,0.3964,0.0338,0.0313,0.0285,0.0208,,4.25,0.0124,3.5,0.004,3.5,0.0097,-0.8660254037844386,0.5000000000000001,9,18.10560008138647,10.47675572116526
18,Kalimantan Tengah,2022-11-01,2022,11,0.0226,5.25,0.00145,72973000.0,4.05,0.766,35480.11,44.0,1.2003,0.0115,0.3964,0.0208,0.0338,0.0313,0.0208,,4.75,-0.0004,3.75,-0.0011,3.5,0.00935,-0.5000000000000004,0.8660254037844384,10,18.10560008138647,10.47675572116526
18,Kalimantan Tengah,2022-12-01,2022,12,0.0217,5.5,0.0025,72973000.0,3.98,0.766,35480.11,44.0,1.2003,0.0115,0.3964,0.0226,0.0208,0.0338,0.0247,,5.25,0.00145,4.25,0.0124,3.5,0.0088,-2.4492935982947064e-16,1.0,11,18.10560008138647,10.47675572116526
18,Kalimantan Tengah,2023-01-01,2023,1,0.019,5.75,0.0012,75271000.0,3.91,0.7351,39743.9,44.0,1.1834,0.0135,0.398,0.0217,0.0226,0.0208,0.0285,0.0232,5.5,0.0025,4.75,-0.0004,3.5,0.004,0.49999999999999994,0.8660254037844387,12,18.136605505713305,10.590236809964294
18,Kalimantan Tengah,2023-02-01,2023,2,0.0189,5.75,0.00105,75271000.0,3.84,0.7351,39743.9,44.0,1.1834,0.0135,0.398,0.019,0.0217,0.0226,0.0313,0.0207,5.75,0.0012,5.25,0.00145,3.75,-0.0011,0.8660254037844386,0.5000000000000001,13,18.136605505713305,10.590236809964294
18,Kalimantan Tengah,2023-03-01,2023,3,0.02,5.75,0.00495,75271000.0,3.883333333333333,0.7351,39743.9,44.0,1.1834,0.0135,0.398,0.0189,0.019,0.0217,0.0338,0.0186,5.75,0.00105,5.5,0.0025,4.25,0.0124,1.0,6.123233995736766e-17,14,18.136605505713305,10.590236809964294
18,Kalimantan Tengah,2023-04-01,2023,4,0.0166,5.75,0.002,75271000.0,3.9266666666666654,0.7351,39743.9,44.0,1.1834,0.0135,0.398,0.02,0.0189,0.019,0.0208,0.0208,5.75,0.00495,5.75,0.0012,4.75,-0.0004,0.8660254037844387,-0.4999999999999998,15,18.136605505713305,10.590236809964294
18,Kalimantan Tengah,2023-05-01,2023,5,0.023,5.75,0.00305,75271000.0,3.97,0.7351,39743.9,44.0,1.1834,0.0135,0.398,0.0166,0.02,0.0189,0.0226,0.0208,5.75,0.002,5.75,0.00105,5.25,0.00145,0.49999999999999994,-0.8660254037844387,16,18.136605505713305,10.590236809964294
18,Kalimantan Tengah,2023-06-01,2023,6,0.0215,5.75,0.00265,75271000.0,4.013333333333333,0.7351,39743.9,44.0,1.1834,0.0135,0.398,0.023,0.0166,0.02,0.0217,0.0247,5.75,0.00305,5.75,0.00495,5.5,0.0025,1.2246467991473532e-16,-1.0,17,18.136605505713305,10.590236809964294
18,Kalimantan Tengah,2023-07-01,2023,7,0.023,5.75,0.00125,75271000.0,4.056666666666667,0.7351,39743.9,44.0,1.1834,0.0135,0.398,0.0215,0.023,0.0166,0.019,0.0285,5.75,0.00265,5.75,0.002,5.75,0.0012,-0.4999999999999997,-0.8660254037844388,18,18.136605505713305,10.590236809964294
18,Kalimantan Tengah,2023-08-01,2023,8,0.0176,5.75,-0.002,75271000.0,4.1,0.7351,39743.9,44.0,1.1834,0.0135,0.398,0.023,0.0215,0.023,0.0189,0.0313,5.75,0.00125,5.75,0.00305,5.75,0.00105,-0.8660254037844384,-0.5000000000000004,19,18.136605505713305,10.590236809964294
18,Kalimantan Tengah,2023-09-01,2023,9,0.0199,5.75,0.0011,75271000.0,4.028333333333333,0.7351,39743.9,44.0,1.1834,0.0135,0.398,0.0176,0.023,0.0215,0.02,0.0338,5.75,-0.002,5.75,0.00265,5.75,0.00495,-1.0,-1.8369701987210297e-16,20,18.136605505713305,10.590236809964294
18,Kalimantan Tengah,2023-10-01,2023,10,0.019,6.0,0.00555,75271000.0,3.9566666666666666,0.7351,39743.9,44.0,1.1834,0.0135,0.398,0.0199,0.0176,0.023,0.0166,0.0208,5.75,0.0011,5.75,0.00125,5.75,0.002,-0.8660254037844386,0.5000000000000001,21,18.136605505713305,10.590236809964294
18,Kalimantan Tengah,2023-11-01,2023,11,0.0199,6.0,0.00215,75271000.0,3.885,0.7351,39743.9,44.0,1.1834,0.0135,0.398,0.019,0.0199,0.0176,0.023,0.0226,6.0,0.00555,5.75,-0.002,5.75,0.00305,-0.5000000000000004,0.8660254037844384,22,18.136605505713305,10.590236809964294
18,Kalimantan Tengah,2023-12-01,2023,12,0.0196,6.0,0.0029,75271000.0,3.813333333333333,0.7351,39743.9,44.0,1.1834,0.0135,0.398,0.0199,0.019,0.0199,0.0215,0.0217,6.0,0.00215,5.75,0.0011,5.75,0.00265,-2.4492935982947064e-16,1.0,23,18.136605505713305,10.590236809964294
18,Kalimantan Tengah,2024-01-01,2024,1,0.0193,6.0,0.034,79320000.0,3.7416666666666663,0.824,43955.12,44.0,1.1421,0.0161,0.392,0.0196,0.0199,0.019,0.023,0.019,6.0,0.0029,6.0,0.00555,5.75,0.00125,0.49999999999999994,0.8660254037844387,24,18.18900087422303,10.690947142565818
18,Kalimantan Tengah,2024-02-01,2024,2,0.0188,6.0,0.0246,79320000.0,3.67,0.824,43955.12,44.0,1.1421,0.0161,0.392,0.0193,0.0196,0.0199,0.0176,0.0189,6.0,0.034,6.0,0.00215,5.75,-0.002,0.8660254037844386,0.5000000000000001,25,18.18900087422303,10.690947142565818
18,Kalimantan Tengah,2024-03-01,2024,3,0.0207,6.0,0.0272,79320000.0,3.7266666666666666,0.824,43955.12,44.0,1.1421,0.0161,0.392,0.0188,0.0193,0.0196,0.0199,0.02,6.0,0.0246,6.0,0.0029,5.75,0.0011,1.0,6.123233995736766e-17,26,18.18900087422303,10.690947142565818
18,Kalimantan Tengah,2024-04-01,2024,4,0.0164,6.25,0.0299,79320000.0,3.783333333333333,0.824,43955.12,44.0,1.1421,0.0161,0.392,0.0207,0.0188,0.0193,0.019,0.0166,6.0,0.0272,6.0,0.034,6.0,0.00555,0.8660254037844387,-0.4999999999999998,27,18.18900087422303,10.690947142565818
18,Kalimantan Tengah,2024-05-01,2024,5,0.0189,6.25,0.0272,79320000.0,3.84,0.824,43955.12,44.0,1.1421,0.0161,0.392,0.0164,0.0207,0.0188,0.0199,0.023,6.25,0.0299,6.0,0.0246,6.0,0.00215,0.49999999999999994,-0.8660254037844387,28,18.18900087422303,10.690947142565818
18,Kalimantan Tengah,2024-06-01,2024,6,0.0183,6.25,0.0222,79320000.0,3.8966666666666665,0.824,43955.12,44.0,1.1421,0.0161,0.392,0.0189,0.0164,0.0207,0.0196,0.0215,6.25,0.0272,6.0,0.0272,6.0,0.0029,1.2246467991473532e-16,-1.0,29,18.18900087422303,10.690947142565818
18,Kalimantan Tengah,2024-07-01,2024,7,0.0141,6.25,0.0128,79320000.0,3.953333333333333,0.824,43955.12,44.0,1.1421,0.0161,0.392,0.0183,0.0189,0.0164,0.0193,0.023,6.25,0.0222,6.25,0.0299,6.0,0.034,-0.4999999999999997,-0.8660254037844388,30,18.18900087422303,10.690947142565818
18,Kalimantan Tengah,2024-08-01,2024,8,0.0134,6.25,0.0129,79320000.0,4.01,0.824,43955.12,44.0,1.1421,0.0161,0.392,0.0141,0.0183,0.0189,0.0188,0.0176,6.25,0.0128,6.25,0.0272,6.0,0.0246,-0.8660254037844384,-0.5000000000000004,31,18.18900087422303,10.690947142565818
18,Kalimantan Tengah,2024-09-01,2024,9,0.0144,6.0,0.0145,79320000.0,3.92,0.824,43955.12,44.0,1.1421,0.0161,0.392,0.0134,0.0141,0.0183,0.0207,0.0199,6.25,0.0129,6.25,0.0222,6.0,0.0272,-1.0,-1.8369701987210297e-16,32,18.18900087422303,10.690947142565818
18,Kalimantan Tengah,2024-10-01,2024,10,0.0145,6.0,0.0103,79320000.0,3.83,0.824,43955.12,44.0,1.1421,0.0161,0.392,0.0144,0.0134,0.0141,0.0164,0.019,6.0,0.0145,6.25,0.0128,6.25,0.0299,-0.8660254037844386,0.5000000000000001,33,18.18900087422303,10.690947142565818
18,Kalimantan Tengah,2024-11-01,2024,11,0.0149,6.0,0.0102,79320000.0,3.74,0.824,43955.12,44.0,1.1421,0.0161,0.392,0.0145,0.0144,0.0134,0.0189,0.0199,6.0,0.0103,6.25,0.0129,6.25,0.0272,-0.5000000000000004,0.8660254037844384,34,18.18900087422303,10.690947142565818
18,Kalimantan Tengah,2024-12-01,2024,12,0.0191,6.0,0.0103,79320000.0,3.65,0.824,43955.12,44.0,1.1421,0.0161,0.392,0.0149,0.0145,0.0144,0.0183,0.0196,6.0,0.0102,6.0,0.0145,6.25,0.0222,-2.4492935982947064e-16,1.0,35,18.18900087422303,10.690947142565818
18,Kalimantan Tengah,2025-01-01,2025,1,0.0181,5.75,0.0028,84730000.0,3.56,0.8957,47412.59,44.0,1.0799,0.0194,0.3858,0.0191,0.0149,0.0145,0.0141,0.0193,6.0,0.0103,6.0,0.0103,6.25,0.0128,0.49999999999999994,0.8660254037844387,36,18.254980299976843,10.766664175450796
18,Kalimantan Tengah,2025-02-01,2025,2,0.0183,5.75,0.0028,84730000.0,3.47,0.8957,47412.59,44.0,1.0799,0.0194,0.3858,0.0181,0.0191,0.0149,0.0134,0.0188,5.75,0.0028,6.0,0.0102,6.25,0.0129,0.8660254037844386,0.5000000000000001,37,18.254980299976843,10.766664175450796
18,Kalimantan Tengah,2025-03-01,2025,3,0.0183,5.75,0.0133,84730000.0,3.5533333333333337,0.8957,47412.59,44.0,1.0799,0.0194,0.3858,0.0183,0.0181,0.0191,0.0144,0.0207,5.75,0.0028,6.0,0.0103,6.0,0.0145,1.0,6.123233995736766e-17,38,18.254980299976843,10.766664175450796
18,Kalimantan Tengah,2025-04-01,2025,4,0.0184,5.75,0.0121,84730000.0,3.6366666666666663,0.8957,47412.59,44.0,1.0799,0.0194,0.3858,0.0183,0.0183,0.0181,0.0145,0.0164,5.75,0.0133,5.75,0.0028,6.0,0.0103,0.8660254037844387,-0.4999999999999998,39,18.254980299976843,10.766664175450796
18,Kalimantan Tengah,2025-05-01,2025,5,0.0214,5.75,0.0046,84730000.0,3.72,0.8957,47412.59,44.0,1.0799,0.0194,0.3858,0.0184,0.0183,0.0183,0.0149,0.0189,5.75,0.0121,5.75,0.0028,6.0,0.0102,0.49999999999999994,-0.8660254037844387,40,18.254980299976843,10.766664175450796
18,Kalimantan Tengah,2025-06-01,2025,6,0.0149,5.5,0.0106,84730000.0,3.8033333333333337,0.8957,47412.59,44.0,1.0799,0.0194,0.3858,0.0214,0.0184,0.0183,0.0191,0.0183,5.75,0.0046,5.75,0.0133,6.0,0.0103,1.2246467991473532e-16,-1.0,41,18.254980299976843,10.766664175450796
18,Kalimantan Tengah,2025-07-01,2025,7,0.0191,5.25,0.0213,84730000.0,3.8866666666666663,0.8957,47412.59,44.0,1.0799,0.0194,0.3858,0.0149,0.0214,0.0184,0.0181,0.0141,5.5,0.0106,5.75,0.0121,5.75,0.0028,-0.4999999999999997,-0.8660254037844388,42,18.254980299976843,10.766664175450796
18,Kalimantan Tengah,2025-08-01,2025,8,0.0162,5.0,0.0208,84730000.0,3.97,0.8957,47412.59,44.0,1.0799,0.0194,0.3858,0.0191,0.0149,0.0214,0.0183,0.0134,5.25,0.0213,5.75,0.0046,5.75,0.0028,-0.8660254037844384,-0.5000000000000004,43,18.254980299976843,10.766664175450796
18,Kalimantan Tengah,2025-09-01,2025,9,0.0207,4.75,0.0235,84730000.0,3.97,0.8957,47412.59,44.0,1.0799,0.0194,0.3858,0.0162,0.0191,0.0149,0.0183,0.0144,5.0,0.0208,5.5,0.0106,5.75,0.0133,-1.0,-1.8369701987210297e-16,44,18.254980299976843,10.766664175450796
18,Kalimantan Tengah,2025-10-01,2025,10,0.0191,4.75,0.0273,84730000.0,3.97,0.8957,47412.59,44.0,1.0799,0.0194,0.3858,0.0207,0.0162,0.0191,0.0184,0.0145,4.75,0.0235,5.25,0.0213,5.75,0.0121,-0.8660254037844386,0.5000000000000001,45,18.254980299976843,10.766664175450796
18,Kalimantan Tengah,2025-11-01,2025,11,0.0161,4.75,0.0256,84730000.0,3.97,0.8957,47412.59,44.0,1.0799,0.0194,0.3858,0.0191,0.0207,0.0162,0.0214,0.0149,4.75,0.0273,5.0,0.0208,5.75,0.0046,-0.5000000000000004,0.8660254037844384,46,18.254980299976843,10.766664175450796
18,Kalimantan Tengah,2025-12-01,2025,12,0.014,4.75,0.0313,84730000.0,3.97,0.8957,47412.59,44.0,1.0799,0.0194,0.3858,0.0161,0.0191,0.0207,0.0149,0.0191,4.75,0.0256,4.75,0.0235,5.5,0.0106,-2.4492935982947064e-16,1.0,47,18.254980299976843,10.766664175450796
20,Kalimantan Timur,2022-01-01,2022,1,0.024,3.5,0.0086,238917000.0,6.77,0.776,141003.72,113.0,0.6267,0.0327,0.3666,,,,,,,,,,,,0.49999999999999994,0.8660254037844387,0,19.29162677343083,11.856548643977328
20,Kalimantan Timur,2022-02-01,2022,2,0.0212,3.5,-0.00355,238917000.0,6.77,0.776,141003.72,113.0,0.6267,0.0327,0.3666,0.024,,,,,3.5,0.0086,,,,,0.8660254037844386,0.5000000000000001,1,19.29162677343083,11.856548643977328
20,Kalimantan Timur,2022-03-01,2022,3,0.0187,3.5,0.00745,238917000.0,6.593333333333333,0.776,141003.72,113.0,0.6267,0.0327,0.3666,0.0212,0.024,,,,3.5,-0.00355,,,,,1.0,6.123233995736766e-17,2,19.29162677343083,11.856548643977328
20,Kalimantan Timur,2022-04-01,2022,4,0.0186,3.5,0.0119,238917000.0,6.416666666666666,0.776,141003.72,113.0,0.6267,0.0327,0.3666,0.0187,0.0212,0.024,,,3.5,0.00745,3.5,0.0086,,,0.8660254037844387,-0.4999999999999998,3,19.29162677343083,11.856548643977328
20,Kalimantan Timur,2022-05-01,2022,5,0.0206,3.5,0.0058,238917000.0,6.24,0.776,141003.72,113.0,0.6267,0.0327,0.3666,0.0186,0.0187,0.0212,,,3.5,0.0119,3.5,-0.00355,,,0.49999999999999994,-0.8660254037844387,4,19.29162677343083,11.856548643977328
20,Kalimantan Timur,2022-06-01,2022,6,0.0219,3.5,0.00475,238917000.0,6.0633333333333335,0.776,141003.72,113.0,0.6267,0.0327,0.3666,0.0206,0.0186,0.0187,,,3.5,0.0058,3.5,0.00745,,,1.2246467991473532e-16,-1.0,5,19.29162677343083,11.856548643977328
20,Kalimantan Timur,2022-07-01,2022,7,0.0248,3.5,0.00625,238917000.0,5.886666666666667,0.776,141003.72,113.0,0.6267,0.0327,0.3666,0.0219,0.0206,0.0186,0.024,,3.5,0.00475,3.5,0.0119,3.5,0.0086,-0.4999999999999997,-0.8660254037844388,6,19.29162677343083,11.856548643977328
20,Kalimantan Timur,2022-08-01,2022,8,0.0256,3.75,-0.00265,238917000.0,5.71,0.776,141003.72,113.0,0.6267,0.0327,0.3666,0.0248,0.0219,0.0206,0.0212,,3.5,0.00625,3.5,0.0058,3.5,-0.00355,-0.8660254037844384,-0.5000000000000004,7,19.29162677343083,11.856548643977328
20,Kalimantan Timur,2022-09-01,2022,9,0.0268,4.25,0.00855,238917000.0,5.82,0.776,141003.72,113.0,0.6267,0.0327,0.3666,0.0256,0.0248,0.0219,0.0187,,3.75,-0.00265,3.5,0.00475,3.5,0.00745,-1.0,-1.8369701987210297e-16,8,19.29162677343083,11.856548643977328
20,Kalimantan Timur,2022-10-01,2022,10,0.0216,4.75,0.00155,238917000.0,5.93,0.776,141003.72,113.0,0.6267,0.0327,0.3666,0.0268,0.0256,0.0248,0.0186,,4.25,0.00855,3.5,0.00625,3.5,0.0119,-0.8660254037844386,0.5000000000000001,9,19.29162677343083,11.856548643977328
20,Kalimantan Timur,2022-11-01,2022,11,0.0219,5.25,0.00145,238917000.0,6.04,0.776,141003.72,113.0,0.6267,0.0327,0.3666,0.0216,0.0268,0.0256,0.0206,,4.75,0.00155,3.75,-0.00265,3.5,0.0058,-0.5000000000000004,0.8660254037844384,10,19.29162677343083,11.856548643977328
20,Kalimantan Timur,2022-12-01,2022,12,0.0205,5.5,0.0023,238917000.0,6.15,0.776,141003.72,113.0,0.6267,0.0327,0.3666,0.0219,0.0216,0.0268,0.0219,,5.25,0.00145,4.25,0.00855,3.5,0.00475,-2.4492935982947064e-16,1.0,11,19.29162677343083,11.856548643977328
20,Kalimantan Timur,2023-01-01,2023,1,0.0188,5.75,0.00425,215804000.0,6.26,0.7901,156245.26,112.0,0.6447,0.0189,0.3643,0.0205,0.0219,0.0216,0.0248,0.024,5.5,0.0023,4.75,0.00155,3.5,0.00625,0.49999999999999994,0.8660254037844387,12,19.189881150931544,11.959188631312177
20,Kalimantan Timur,2023-02-01,2023,2,0.0166,5.75,0.00135,215804000.0,6.37,0.7901,156245.26,112.0,0.6447,0.0189,0.3643,0.0188,0.0205,0.0219,0.0256,0.0212,5.75,0.00425,5.25,0.00145,3.75,-0.00265,0.8660254037844386,0.5000000000000001,13,19.189881150931544,11.959188631312177
20,Kalimantan Timur,2023-03-01,2023,3,0.0187,5.75,0.00595,215804000.0,6.193333333333333,0.7901,156245.26,112.0,0.6447,0.0189,0.3643,0.0166,0.0188,0.0205,0.0268,0.0187,5.75,0.00135,5.5,0.0023,4.25,0.00855,1.0,6.123233995736766e-17,14,19.189881150931544,11.959188631312177
20,Kalimantan Timur,2023-04-01,2023,4,0.0209,5.75,0.00425,215804000.0,6.016666666666667,0.7901,156245.26,112.0,0.6447,0.0189,0.3643,0.0187,0.0166,0.0188,0.0216,0.0186,5.75,0.00595,5.75,0.00425,4.75,0.00155,0.8660254037844387,-0.4999999999999998,15,19.189881150931544,11.959188631312177
20,Kalimantan Timur,2023-05-01,2023,5,0.0248,5.75,0.0022,215804000.0,5.84,0.7901,156245.26,112.0,0.6447,0.0189,0.3643,0.0209,0.0187,0.0166,0.0219,0.0206,5.75,0.00425,5.75,0.00135,5.25,0.00145,0.49999999999999994,-0.8660254037844387,16,19.189881150931544,11.959188631312177
20,Kalimantan Timur,2023-06-01,2023,6,0.0227,5.75,0.00165,215804000.0,5.663333333333333,0.7901,156245.26,112.0,0.6447,0.0189,0.3643,0.0248,0.0209,0.0187,0.0205,0.0219,5.75,0.0022,5.75,0.00595,5.5,0.0023,1.2246467991473532e-16,-1.0,17,19.189881150931544,11.959188631312177
20,Kalimantan Timur,2023-07-01,2023,7,0.0248,5.75,0.00435,215804000.0,5.486666666666666,0.7901,156245.26,112.0,0.6447,0.0189,0.3643,0.0227,0.0248,0.0209,0.0188,0.0248,5.75,0.00165,5.75,0.00425,5.75,0.00425,-0.4999999999999997,-0.8660254037844388,18,19.189881150931544,11.959188631312177
20,Kalimantan Timur,2023-08-01,2023,8,0.0186,5.75,-0.0003,215804000.0,5.31,0.7901,156245.26,112.0,0.6447,0.0189,0.3643,0.0248,0.0227,0.0248,0.0166,0.0256,5.75,0.00435,5.75,0.0022,5.75,0.00135,-0.8660254037844384,-0.5000000000000004,19,19.189881150931544,11.959188631312177
20,Kalimantan Timur,2023-09-01,2023,9,0.0204,5.75,0.00105,215804000.0,5.383333333333333,0.7901,156245.26,112.0,0.6447,0.0189,0.3643,0.0186,0.0248,0.0227,0.0187,0.0268,5.75,-0.0003,5.75,0.00165,5.75,0.00595,-1.0,-1.8369701987210297e-16,20,19.189881150931544,11.959188631312177
20,Kalimantan Timur,2023-10-01,2023,10,0.0212,6.0,0.00185,215804000.0,5.456666666666666,0.7901,156245.26,112.0,0.6447,0.0189,0.3643,0.0204,0.0186,0.0248,0.0209,0.0216,5.75,0.00105,5.75,0.00435,5.75,0.00425,-0.8660254037844386,0.5000000000000001,21,19.189881150931544,11.959188631312177
20,Kalimantan Timur,2023-11-01,2023,11,0.022,6.0,0.0037,215804000.0,5.529999999999999,0.7901,156245.26,112.0,0.6447,0.0189,0.3643,0.0212,0.0204,0.0186,0.0248,0.0219,6.0,0.00185,5.75,-0.0003,5.75,0.0022,-0.5000000000000004,0.8660254037844384,22,19.189881150931544,11.959188631312177
20,Kalimantan Timur,2023-12-01,2023,12,0.0217,6.0,0.004,215804000.0,5.6033333333333335,0.7901,156245.26,112.0,0.6447,0.0189,0.3643,0.022,0.0212,0.0204,0.0227,0.0205,6.0,0.0037,5.75,0.00105,5.75,0.00165,-2.4492935982947064e-16,1.0,23,19.189881150931544,11.959188631312177
20,Kalimantan Timur,2024-01-01,2024,1,0.0222,6.0,0.0295,212117000.0,5.676666666666667,0.8063,169406.11,110.0,0.6499,0.0198,0.3503,0.0217,0.022,0.0212,0.0248,0.0188,6.0,0.004,6.0,0.00185,5.75,0.00435,0.49999999999999994,0.8660254037844387,24,19.172648571909612,12.040060031984003
20,Kalimantan Timur,2024-02-01,2024,2,0.0239,6.0,0.0328,212117000.0,5.75,0.8063,169406.11,110.0,0.6499,0.0198,0.3503,0.0222,0.0217,0.022,0.0186,0.0166,6.0,0.0295,6.0,0.0037,5.75,-0.0003,0.8660254037844386,0.5000000000000001,25,19.172648571909612,12.040060031984003
20,Kalimantan Timur,2024-03-01,2024,3,0.0242,6.0,0.0303,212117000.0,5.648333333333333,0.8063,169406.11,110.0,0.6499,0.0198,0.3503,0.0239,0.0222,0.0217,0.0204,0.0187,6.0,0.0328,6.0,0.004,5.75,0.00105,1.0,6.123233995736766e-17,26,19.172648571909612,12.040060031984003
20,Kalimantan Timur,2024-04-01,2024,4,0.0199,6.25,0.0321,212117000.0,5.546666666666667,0.8063,169406.11,110.0,0.6499,0.0198,0.3503,0.0242,0.0239,0.0222,0.0212,0.0209,6.0,0.0303,6.0,0.0295,6.0,0.00185,0.8660254037844387,-0.4999999999999998,27,19.172648571909612,12.040060031984003
20,Kalimantan Timur,2024-05-01,2024,5,0.0226,6.25,0.0329,212117000.0,5.445,0.8063,169406.11,110.0,0.6499,0.0198,0.3503,0.0199,0.0242,0.0239,0.022,0.0248,6.25,0.0321,6.0,0.0328,6.0,0.0037,0.49999999999999994,-0.8660254037844387,28,19.172648571909612,12.040060031984003
20,Kalimantan Timur,2024-06-01,2024,6,0.0189,6.25,0.0299,212117000.0,5.343333333333333,0.8063,169406.11,110.0,0.6499,0.0198,0.3503,0.0226,0.0199,0.0242,0.0217,0.0227,6.25,0.0329,6.0,0.0303,6.0,0.004,1.2246467991473532e-16,-1.0,29,19.172648571909612,12.040060031984003
20,Kalimantan Timur,2024-07-01,2024,7,0.0148,6.25,0.0218,212117000.0,5.241666666666666,0.8063,169406.11,110.0,0.6499,0.0198,0.3503,0.0189,0.0226,0.0199,0.0222,0.0248,6.25,0.0299,6.25,0.0321,6.0,0.0295,-0.4999999999999997,-0.8660254037844388,30,19.172648571909612,12.040060031984003
20,Kalimantan Timur,2024-08-01,2024,8,0.0137,6.25,0.0213,212117000.0,5.14,0.8063,169406.11,110.0,0.6499,0.0198,0.3503,0.0148,0.0189,0.0226,0.0239,0.0186,6.25,0.0218,6.25,0.0329,6.0,0.0328,-0.8660254037844384,-0.5000000000000004,31,19.172648571909612,12.040060031984003
20,Kalimantan Timur,2024-09-01,2024,9,0.0147,6.0,0.0216,212117000.0,5.171666666666667,0.8063,169406.11,110.0,0.6499,0.0198,0.3503,0.0137,0.0148,0.0189,0.0242,0.0204,6.25,0.0213,6.25,0.0299,6.0,0.0303,-1.0,-1.8369701987210297e-16,32,19.172648571909612,12.040060031984003
20,Kalimantan Timur,2024-10-01,2024,10,0.0154,6.0,0.0175,212117000.0,5.203333333333333,0.8063,169406.11,110.0,0.6499,0.0198,0.3503,0.0147,0.0137,0.0148,0.0199,0.0212,6.0,0.0216,6.25,0.0218,6.25,0.0321,-0.8660254037844386,0.5000000000000001,33,19.172648571909612,12.040060031984003
20,Kalimantan Timur,2024-11-01,2024,11,0.0161,6.0,0.0154,212117000.0,5.234999999999999,0.8063,169406.11,110.0,0.6499,0.0198,0.3503,0.0154,0.0147,0.0137,0.0226,0.022,6.0,0.0175,6.25,0.0213,6.25,0.0329,-0.5000000000000004,0.8660254037844384,34,19.172648571909612,12.040060031984003
20,Kalimantan Timur,2024-12-01,2024,12,0.017,6.0,0.0147,212117000.0,5.266666666666667,0.8063,169406.11,110.0,0.6499,0.0198,0.3503,0.0161,0.0154,0.0147,0.0189,0.0217,6.0,0.0154,6.0,0.0216,6.25,0.0299,-2.4492935982947064e-16,1.0,35,19.172648571909612,12.040060031984003
20,Kalimantan Timur,2025-01-01,2025,1,0.0159,5.75,0.0021,208331000.0,5.298333333333334,0.8883,165206.04,110.0,0.6999,0.0212,0.3322,0.017,0.0161,0.0154,0.0148,0.0222,6.0,0.0147,6.0,0.0175,6.25,0.0218,0.49999999999999994,0.8660254037844387,36,19.1546387237699,12.014954754173127
20,Kalimantan Timur,2025-02-01,2025,2,0.0182,5.75,-0.003,208331000.0,5.33,0.8883,165206.04,110.0,0.6999,0.0212,0.3322,0.0159,0.017,0.0161,0.0137,0.0239,5.75,0.0021,6.0,0.0154,6.25,0.0213,0.8660254037844386,0.5000000000000001,37,19.1546387237699,12.014954754173127
20,Kalimantan Timur,2025-03-01,2025,3,0.0199,5.75,0.0136,208331000.0,5.305,0.8883,165206.04,110.0,0.6999,0.0212,0.3322,0.0182,0.0159,0.017,0.0147,0.0242,5.75,-0.003,6.0,0.0147,6.0,0.0216,1.0,6.123233995736766e-17,38,19.1546387237699,12.014954754173127
20,Kalimantan Timur,2025-04-01,2025,4,0.021,5.75,0.0157,208331000.0,5.28,0.8883,165206.04,110.0,0.6999,0.0212,0.3322,0.0199,0.0182,0.0159,0.0154,0.0199,5.75,0.0136,5.75,0.0021,6.0,0.0175,0.8660254037844387,-0.4999999999999998,39,19.1546387237699,12.014954754173127
20,Kalimantan Timur,2025-05-01,2025,5,0.0221,5.75,0.0103,208331000.0,5.255,0.8883,165206.04,110.0,0.6999,0.0212,0.3322,0.021,0.0199,0.0182,0.0161,0.0226,5.75,0.0157,5.75,-0.003,6.0,0.0154,0.49999999999999994,-0.8660254037844387,40,19.1546387237699,12.014954754173127
20,Kalimantan Timur,2025-06-01,2025,6,0.0194,5.5,0.0162,208331000.0,5.23,0.8883,165206.04,110.0,0.6999,0.0212,0.3322,0.0221,0.021,0.0199,0.017,0.0189,5.75,0.0103,5.75,0.0136,6.0,0.0147,1.2246467991473532e-16,-1.0,41,19.1546387237699,12.014954754173127
20,Kalimantan Timur,2025-07-01,2025,7,0.0188,5.25,0.0208,208331000.0,5.205,0.8883,165206.04,110.0,0.6999,0.0212,0.3322,0.0194,0.0221,0.021,0.0159,0.0148,5.5,0.0162,5.75,0.0157,5.75,0.0021,-0.4999999999999997,-0.8660254037844388,42,19.1546387237699,12.014954754173127
20,Kalimantan Timur,2025-08-01,2025,8,0.0166,5.0,0.0179,208331000.0,5.18,0.8883,165206.04,110.0,0.6999,0.0212,0.3322,0.0188,0.0194,0.0221,0.0182,0.0137,5.25,0.0208,5.75,0.0103,5.75,-0.003,-0.8660254037844384,-0.5000000000000004,43,19.1546387237699,12.014954754173127
20,Kalimantan Timur,2025-09-01,2025,9,0.0164,4.75,0.0177,208331000.0,5.18,0.8883,165206.04,110.0,0.6999,0.0212,0.3322,0.0166,0.0188,0.0194,0.0199,0.0147,5.0,0.0179,5.5,0.0162,5.75,0.0136,-1.0,-1.8369701987210297e-16,44,19.1546387237699,12.014954754173127
20,Kalimantan Timur,2025-10-01,2025,10,0.016,4.75,0.0194,208331000.0,5.18,0.8883,165206.04,110.0,0.6999,0.0212,0.3322,0.0164,0.0166,0.0188,0.021,0.0154,4.75,0.0177,5.25,0.0208,5.75,0.0157,-0.8660254037844386,0.5000000000000001,45,19.1546387237699,12.014954754173127
20,Kalimantan Timur,2025-11-01,2025,11,0.0169,4.75,0.0228,208331000.0,5.18,0.8883,165206.04,110.0,0.6999,0.0212,0.3322,0.016,0.0164,0.0166,0.0221,0.0161,4.75,0.0194,5.0,0.0179,5.75,0.0103,-0.5000000000000004,0.8660254037844384,46,19.1546387237699,12.014954754173127
20,Kalimantan Timur,2025-12-01,2025,12,0.0163,4.75,0.0268,208331000.0,5.18,0.8883,165206.04,110.0,0.6999,0.0212,0.3322,0.0169,0.016,0.0164,0.0194,0.017,4.75,0.0228,4.75,0.0177,5.5,0.0162,-2.4492935982947064e-16,1.0,47,19.1546387237699,12.014954754173127
21,Kalimantan Selatan,2022-01-01,2022,1,0.0291,3.5,0.00797,60213000.0,4.2,0.83,71961.95,71.0,0.7907,0.0257,0.3414,,,,,,,,,,,,0.49999999999999994,0.8660254037844387,0,17.913398850417448,11.183906682221417
21,Kalimantan Selatan,2022-02-01,2022,2,0.024,3.5,-0.00097,60213000.0,4.2,0.83,71961.95,71.0,0.7907,0.0257,0.3414,0.0291,,,,,3.5,0.00797,,,,,0.8660254037844386,0.5000000000000001,1,17.913398850417448,11.183906682221417
21,Kalimantan Selatan,2022-03-01,2022,3,0.0239,3.5,0.0088,60213000.0,4.29,0.83,71961.95,71.0,0.7907,0.0257,0.3414,0.024,0.0291,,,,3.5,-0.00097,,,,,1.0,6.123233995736766e-17,2,17.913398850417448,11.183906682221417
21,Kalimantan Selatan,2022-04-01,2022,4,0.0251,3.5,0.00933,60213000.0,4.38,0.83,71961.95,71.0,0.7907,0.0257,0.3414,0.0239,0.024,0.0291,,,3.5,0.0088,3.5,0.00797,,,0.8660254037844387,-0.4999999999999998,3,17.913398850417448,11.183906682221417
21,Kalimantan Selatan,2022-05-01,2022,5,0.0244,3.5,0.00977,60213000.0,4.470000000000001,0.83,71961.95,71.0,0.7907,0.0257,0.3414,0.0251,0.0239,0.024,,,3.5,0.00933,3.5,-0.00097,,,0.49999999999999994,-0.8660254037844387,4,17.913398850417448,11.183906682221417
21,Kalimantan Selatan,2022-06-01,2022,6,0.029,3.5,0.0096,60213000.0,4.5600000000000005,0.83,71961.95,71.0,0.7907,0.0257,0.3414,0.0244,0.0251,0.0239,,,3.5,0.00977,3.5,0.0088,,,1.2246467991473532e-16,-1.0,5,17.913398850417448,11.183906682221417
21,Kalimantan Selatan,2022-07-01,2022,7,0.0324,3.5,0.00473,60213000.0,4.65,0.83,71961.95,71.0,0.7907,0.0257,0.3414,0.029,0.0244,0.0251,0.0291,,3.5,0.0096,3.5,0.00933,3.5,0.00797,-0.4999999999999997,-0.8660254037844388,6,17.913398850417448,11.183906682221417
21,Kalimantan Selatan,2022-08-01,2022,8,0.0337,3.75,-0.00393,60213000.0,4.74,0.83,71961.95,71.0,0.7907,0.0257,0.3414,0.0324,0.029,0.0244,0.024,,3.5,0.00473,3.5,0.00977,3.5,-0.00097,-0.8660254037844384,-0.5000000000000004,7,17.913398850417448,11.183906682221417
21,Kalimantan Selatan,2022-09-01,2022,9,0.0346,4.25,0.00983,60213000.0,4.608333333333333,0.83,71961.95,71.0,0.7907,0.0257,0.3414,0.0337,0.0324,0.029,0.0239,,3.75,-0.00393,3.5,0.0096,3.5,0.0088,-1.0,-1.8369701987210297e-16,8,17.913398850417448,11.183906682221417
21,Kalimantan Selatan,2022-10-01,2022,10,0.0203,4.75,0.00187,60213000.0,4.476666666666667,0.83,71961.95,71.0,0.7907,0.0257,0.3414,0.0346,0.0337,0.0324,0.0251,,4.25,0.00983,3.5,0.00473,3.5,0.00933,-0.8660254037844386,0.5000000000000001,9,17.913398850417448,11.183906682221417
21,Kalimantan Selatan,2022-11-01,2022,11,0.0242,5.25,0.00387,60213000.0,4.345000000000001,0.83,71961.95,71.0,0.7907,0.0257,0.3414,0.0203,0.0346,0.0337,0.0244,,4.75,0.00187,3.75,-0.00393,3.5,0.00977,-0.5000000000000004,0.8660254037844384,10,17.913398850417448,11.183906682221417
21,Kalimantan Selatan,2022-12-01,2022,12,0.023,5.5,0.00593,60213000.0,4.213333333333334,0.83,71961.95,71.0,0.7907,0.0257,0.3414,0.0242,0.0203,0.0346,0.029,,5.25,0.00387,4.25,0.00983,3.5,0.0096,-2.4492935982947064e-16,1.0,11,17.913398850417448,11.183906682221417
21,Kalimantan Selatan,2023-01-01,2023,1,0.0226,5.75,0.0016,63754000.0,4.081666666666667,0.7782,77407.31,71.0,0.8358,0.022,0.3612,0.023,0.0242,0.0203,0.0324,0.0291,5.5,0.00593,4.75,0.00187,3.5,0.00473,0.49999999999999994,0.8660254037844387,12,17.970542500817746,11.256849418155765
21,Kalimantan Selatan,2023-02-01,2023,2,0.0212,5.75,0.00153,63754000.0,3.95,0.7782,77407.31,71.0,0.8358,0.022,0.3612,0.0226,0.023,0.0242,0.0337,0.024,5.75,0.0016,5.25,0.00387,3.75,-0.00393,0.8660254037844386,0.5000000000000001,13,17.970542500817746,11.256849418155765
21,Kalimantan Selatan,2023-03-01,2023,3,0.0231,5.75,0.0077,63754000.0,4.01,0.7782,77407.31,71.0,0.8358,0.022,0.3612,0.0212,0.0226,0.023,0.0346,0.0239,5.75,0.00153,5.5,0.00593,4.25,0.00983,1.0,6.123233995736766e-17,14,17.970542500817746,11.256849418155765
21,Kalimantan Selatan,2023-04-01,2023,4,0.0236,5.75,0.00233,63754000.0,4.07,0.7782,77407.31,71.0,0.8358,0.022,0.3612,0.0231,0.0212,0.0226,0.0203,0.0251,5.75,0.0077,5.75,0.0016,4.75,0.00187,0.8660254037844387,-0.4999999999999998,15,17.970542500817746,11.256849418155765
21,Kalimantan Selatan,2023-05-01,2023,5,0.0263,5.75,0.0019,63754000.0,4.13,0.7782,77407.31,71.0,0.8358,0.022,0.3612,0.0236,0.0231,0.0212,0.0242,0.0244,5.75,0.00233,5.75,0.00153,5.25,0.00387,0.49999999999999994,-0.8660254037844387,16,17.970542500817746,11.256849418155765
21,Kalimantan Selatan,2023-06-01,2023,6,0.0247,5.75,0.0013,63754000.0,4.19,0.7782,77407.31,71.0,0.8358,0.022,0.3612,0.0263,0.0236,0.0231,0.023,0.029,5.75,0.0019,5.75,0.0077,5.5,0.00593,1.2246467991473532e-16,-1.0,17,17.970542500817746,11.256849418155765
21,Kalimantan Selatan,2023-07-01,2023,7,0.0274,5.75,0.0003,63754000.0,4.25,0.7782,77407.31,71.0,0.8358,0.022,0.3612,0.0247,0.0263,0.0236,0.0226,0.0324,5.75,0.0013,5.75,0.00233,5.75,0.0016,-0.4999999999999997,-0.8660254037844388,18,17.970542500817746,11.256849418155765
21,Kalimantan Selatan,2023-08-01,2023,8,0.0229,5.75,-0.00093,63754000.0,4.31,0.7782,77407.31,71.0,0.8358,0.022,0.3612,0.0274,0.0247,0.0263,0.0212,0.0337,5.75,0.0003,5.75,0.0019,5.75,0.00153,-0.8660254037844384,-0.5000000000000004,19,17.970542500817746,11.256849418155765
21,Kalimantan Selatan,2023-09-01,2023,9,0.0217,5.75,0.00043,63754000.0,4.239999999999999,0.7782,77407.31,71.0,0.8358,0.022,0.3612,0.0229,0.0274,0.0247,0.0231,0.0346,5.75,-0.00093,5.75,0.0013,5.75,0.0077,-1.0,-1.8369701987210297e-16,20,17.970542500817746,11.256849418155765
21,Kalimantan Selatan,2023-10-01,2023,10,0.0235,6.0,0.00393,63754000.0,4.17,0.7782,77407.31,71.0,0.8358,0.022,0.3612,0.0217,0.0229,0.0274,0.0236,0.0203,5.75,0.00043,5.75,0.0003,5.75,0.00233,-0.8660254037844386,0.5000000000000001,21,17.970542500817746,11.256849418155765
21,Kalimantan Selatan,2023-11-01,2023,11,0.0277,6.0,0.00413,63754000.0,4.1,0.7782,77407.31,71.0,0.8358,0.022,0.3612,0.0235,0.0217,0.0229,0.0263,0.0242,6.0,0.00393,5.75,-0.00093,5.75,0.0019,-0.5000000000000004,0.8660254037844384,22,17.970542500817746,11.256849418155765
21,Kalimantan Selatan,2023-12-01,2023,12,0.0252,6.0,0.00367,63754000.0,4.03,0.7782,77407.31,71.0,0.8358,0.022,0.3612,0.0277,0.0235,0.0217,0.0247,0.023,6.0,0.00413,5.75,0.00043,5.75,0.0013,-2.4492935982947064e-16,1.0,23,17.970542500817746,11.256849418155765
21,Kalimantan Selatan,2024-01-01,2024,1,0.023,6.0,0.0279,67122000.0,3.96,0.7176,88274.75,70.0,0.8811,0.0216,0.307,0.0252,0.0277,0.0235,0.0274,0.0226,6.0,0.00367,6.0,0.00393,5.75,0.0003,0.49999999999999994,0.8660254037844387,24,18.022022431955367,11.388220716937216
21,Kalimantan Selatan,2024-02-01,2024,2,0.0219,6.0,0.0227,67122000.0,3.89,0.7176,88274.75,70.0,0.8811,0.0216,0.307,0.023,0.0252,0.0277,0.0229,0.0212,6.0,0.0279,6.0,0.00413,5.75,-0.00093,0.8660254037844386,0.5000000000000001,25,18.022022431955367,11.388220716937216
21,Kalimantan Selatan,2024-03-01,2024,3,0.0221,6.0,0.0258,67122000.0,3.941666666666667,0.7176,88274.75,70.0,0.8811,0.0216,0.307,0.0219,0.023,0.0252,0.0217,0.0231,6.0,0.0227,6.0,0.00367,5.75,0.00043,1.0,6.123233995736766e-17,26,18.022022431955367,11.388220716937216
21,Kalimantan Selatan,2024-04-01,2024,4,0.019,6.25,0.03,67122000.0,3.9933333333333336,0.7176,88274.75,70.0,0.8811,0.0216,0.307,0.0221,0.0219,0.023,0.0235,0.0236,6.0,0.0258,6.0,0.0279,6.0,0.00393,0.8660254037844387,-0.4999999999999998,27,18.022022431955367,11.388220716937216
21,Kalimantan Selatan,2024-05-01,2024,5,0.02,6.25,0.0263,67122000.0,4.045,0.7176,88274.75,70.0,0.8811,0.0216,0.307,0.019,0.0221,0.0219,0.0277,0.0263,6.25,0.03,6.0,0.0227,6.0,0.00413,0.49999999999999994,-0.8660254037844387,28,18.022022431955367,11.388220716937216
21,Kalimantan Selatan,2024-06-01,2024,6,0.0188,6.25,0.0234,67122000.0,4.096666666666667,0.7176,88274.75,70.0,0.8811,0.0216,0.307,0.02,0.019,0.0221,0.0252,0.0247,6.25,0.0263,6.0,0.0258,6.0,0.00367,1.2246467991473532e-16,-1.0,29,18.022022431955367,11.388220716937216
21,Kalimantan Selatan,2024-07-01,2024,7,0.0149,6.25,0.0185,67122000.0,4.148333333333333,0.7176,88274.75,70.0,0.8811,0.0216,0.307,0.0188,0.02,0.019,0.023,0.0274,6.25,0.0234,6.25,0.03,6.0,0.0279,-0.4999999999999997,-0.8660254037844388,30,18.022022431955367,11.388220716937216
21,Kalimantan Selatan,2024-08-01,2024,8,0.014,6.25,0.0171,67122000.0,4.2,0.7176,88274.75,70.0,0.8811,0.0216,0.307,0.0149,0.0188,0.02,0.0219,0.0229,6.25,0.0185,6.25,0.0263,6.0,0.0227,-0.8660254037844384,-0.5000000000000004,31,18.022022431955367,11.388220716937216
21,Kalimantan Selatan,2024-09-01,2024,9,0.0148,6.0,0.0198,67122000.0,4.156666666666667,0.7176,88274.75,70.0,0.8811,0.0216,0.307,0.014,0.0149,0.0188,0.0221,0.0217,6.25,0.0171,6.25,0.0234,6.0,0.0258,-1.0,-1.8369701987210297e-16,32,18.022022431955367,11.388220716937216
21,Kalimantan Selatan,2024-10-01,2024,10,0.0159,6.0,0.0181,67122000.0,4.113333333333333,0.7176,88274.75,70.0,0.8811,0.0216,0.307,0.0148,0.014,0.0149,0.019,0.0235,6.0,0.0198,6.25,0.0185,6.25,0.03,-0.8660254037844386,0.5000000000000001,33,18.022022431955367,11.388220716937216
21,Kalimantan Selatan,2024-11-01,2024,11,0.0181,6.0,0.0201,67122000.0,4.07,0.7176,88274.75,70.0,0.8811,0.0216,0.307,0.0159,0.0148,0.014,0.02,0.0277,6.0,0.0181,6.25,0.0171,6.25,0.0263,-0.5000000000000004,0.8660254037844384,34,18.022022431955367,11.388220716937216
21,Kalimantan Selatan,2024-12-01,2024,12,0.0204,6.0,0.0195,67122000.0,4.026666666666666,0.7176,88274.75,70.0,0.8811,0.0216,0.307,0.0181,0.0159,0.0148,0.0188,0.0252,6.0,0.0201,6.0,0.0198,6.25,0.0234,-2.4492935982947064e-16,1.0,35,18.022022431955367,11.388220716937216
21,Kalimantan Selatan,2025-01-01,2025,1,0.0194,5.75,0.0062,70577000.0,3.983333333333333,0.6467,90939.27,71.0,0.9028,0.0257,0.2905,0.0204,0.0181,0.0159,0.0149,0.023,6.0,0.0195,6.0,0.0181,6.25,0.0185,0.49999999999999994,0.8660254037844387,36,18.072214884518047,11.417958196365138
21,Kalimantan Selatan,2025-02-01,2025,2,0.0196,5.75,0.0025,70577000.0,3.94,0.6467,90939.27,71.0,0.9028,0.0257,0.2905,0.0194,0.0204,0.0181,0.014,0.0219,5.75,0.0062,6.0,0.0201,6.25,0.0171,0.8660254037844386,0.5000000000000001,37,18.072214884518047,11.417958196365138
21,Kalimantan Selatan,2025-03-01,2025,3,0.0202,5.75,0.012,70577000.0,3.9766666666666666,0.6467,90939.27,71.0,0.9028,0.0257,0.2905,0.0196,0.0194,0.0204,0.0148,0.0221,5.75,0.0025,6.0,0.0195,6.0,0.0198,1.0,6.123233995736766e-17,38,18.072214884518047,11.417958196365138
21,Kalimantan Selatan,2025-04-01,2025,4,0.0236,5.75,0.0157,70577000.0,4.013333333333334,0.6467,90939.27,71.0,0.9028,0.0257,0.2905,0.0202,0.0196,0.0194,0.0159,0.019,5.75,0.012,5.75,0.0062,6.0,0.0181,0.8660254037844387,-0.4999999999999998,39,18.072214884518047,11.417958196365138
21,Kalimantan Selatan,2025-05-01,2025,5,0.0251,5.75,0.0125,70577000.0,4.05,0.6467,90939.27,71.0,0.9028,0.0257,0.2905,0.0236,0.0202,0.0196,0.0181,0.02,5.75,0.0157,5.75,0.0025,6.0,0.0201,0.49999999999999994,-0.8660254037844387,40,18.072214884518047,11.417958196365138
21,Kalimantan Selatan,2025-06-01,2025,6,0.02,5.5,0.0181,70577000.0,4.086666666666667,0.6467,90939.27,71.0,0.9028,0.0257,0.2905,0.0251,0.0236,0.0202,0.0204,0.0188,5.75,0.0125,5.75,0.012,6.0,0.0195,1.2246467991473532e-16,-1.0,41,18.072214884518047,11.417958196365138
21,Kalimantan Selatan,2025-07-01,2025,7,0.0216,5.25,0.0248,70577000.0,4.123333333333333,0.6467,90939.27,71.0,0.9028,0.0257,0.2905,0.02,0.0251,0.0236,0.0194,0.0149,5.5,0.0181,5.75,0.0157,5.75,0.0062,-0.4999999999999997,-0.8660254037844388,42,18.072214884518047,11.417958196365138
21,Kalimantan Selatan,2025-08-01,2025,8,0.0226,5.0,0.0268,70577000.0,4.16,0.6467,90939.27,71.0,0.9028,0.0257,0.2905,0.0216,0.02,0.0251,0.0196,0.014,5.25,0.0248,5.75,0.0125,5.75,0.0025,-0.8660254037844384,-0.5000000000000004,43,18.072214884518047,11.417958196365138
21,Kalimantan Selatan,2025-09-01,2025,9,0.0238,4.75,0.0291,70577000.0,4.16,0.6467,90939.27,71.0,0.9028,0.0257,0.2905,0.0226,0.0216,0.02,0.0202,0.0148,5.0,0.0268,5.5,0.0181,5.75,0.012,-1.0,-1.8369701987210297e-16,44,18.072214884518047,11.417958196365138
21,Kalimantan Selatan,2025-10-01,2025,10,0.0232,4.75,0.0311,70577000.0,4.16,0.6467,90939.27,71.0,0.9028,0.0257,0.2905,0.0238,0.0226,0.0216,0.0236,0.0159,4.75,0.0291,5.25,0.0248,5.75,0.0157,-0.8660254037844386,0.5000000000000001,45,18.072214884518047,11.417958196365138
21,Kalimantan Selatan,2025-11-01,2025,11,0.0222,4.75,0.0335,70577000.0,4.16,0.6467,90939.27,71.0,0.9028,0.0257,0.2905,0.0232,0.0238,0.0226,0.0251,0.0181,4.75,0.0311,5.0,0.0268,5.75,0.0125,-0.5000000000000004,0.8660254037844384,46,18.072214884518047,11.417958196365138
21,Kalimantan Selatan,2025-12-01,2025,12,0.0208,4.75,0.0366,70577000.0,4.16,0.6467,90939.27,71.0,0.9028,0.0257,0.2905,0.0222,0.0232,0.0238,0.02,0.0204,4.75,0.0335,4.75,0.0291,5.5,0.0181,-2.4492935982947064e-16,1.0,47,18.072214884518047,11.417958196365138
22,Sulawesi Utara,2022-01-01,2022,1,0.022,3.5,-0.00245,59021000.0,6.51,0.805,27300.69,61.0,1.6142,0.0275,0.2885,,,,,,,,,,,,0.49999999999999994,0.8660254037844387,0,17.893403887687665,10.214703884018935
22,Sulawesi Utara,2022-02-01,2022,2,0.0202,3.5,-0.00325,59021000.0,6.51,0.805,27300.69,61.0,1.6142,0.0275,0.2885,0.022,,,,,3.5,-0.00245,,,,,0.8660254037844386,0.5000000000000001,1,17.893403887687665,10.214703884018935
22,Sulawesi Utara,2022-03-01,2022,3,0.0179,3.5,0.00635,59021000.0,6.526666666666666,0.805,27300.69,61.0,1.6142,0.0275,0.2885,0.0202,0.022,,,,3.5,-0.00325,,,,,1.0,6.123233995736766e-17,2,17.893403887687665,10.214703884018935
22,Sulawesi Utara,2022-04-01,2022,4,0.018,3.5,0.0149,59021000.0,6.543333333333333,0.805,27300.69,61.0,1.6142,0.0275,0.2885,0.0179,0.0202,0.022,,,3.5,0.00635,3.5,-0.00245,,,0.8660254037844387,-0.4999999999999998,3,17.893403887687665,10.214703884018935
22,Sulawesi Utara,2022-05-01,2022,5,0.0184,3.5,-0.00015,59021000.0,6.5600000000000005,0.805,27300.69,61.0,1.6142,0.0275,0.2885,0.018,0.0179,0.0202,,,3.5,0.0149,3.5,-0.00325,,,0.49999999999999994,-0.8660254037844387,4,17.893403887687665,10.214703884018935
22,Sulawesi Utara,2022-06-01,2022,6,0.0217,3.5,0.0116,59021000.0,6.576666666666667,0.805,27300.69,61.0,1.6142,0.0275,0.2885,0.0184,0.018,0.0179,,,3.5,-0.00015,3.5,0.00635,,,1.2246467991473532e-16,-1.0,5,17.893403887687665,10.214703884018935
22,Sulawesi Utara,2022-07-01,2022,7,0.0243,3.5,0.007,59021000.0,6.593333333333334,0.805,27300.69,61.0,1.6142,0.0275,0.2885,0.0217,0.0184,0.018,0.022,,3.5,0.0116,3.5,0.0149,3.5,-0.00245,-0.4999999999999997,-0.8660254037844388,6,17.893403887687665,10.214703884018935
22,Sulawesi Utara,2022-08-01,2022,8,0.0244,3.75,-0.0046,59021000.0,6.61,0.805,27300.69,61.0,1.6142,0.0275,0.2885,0.0243,0.0217,0.0184,0.0202,,3.5,0.007,3.5,-0.00015,3.5,-0.00325,-0.8660254037844384,-0.5000000000000004,7,17.893403887687665,10.214703884018935
22,Sulawesi Utara,2022-09-01,2022,9,0.0241,4.25,0.0113,59021000.0,6.54,0.805,27300.69,61.0,1.6142,0.0275,0.2885,0.0244,0.0243,0.0217,0.0179,,3.75,-0.0046,3.5,0.0116,3.5,0.00635,-1.0,-1.8369701987210297e-16,8,17.893403887687665,10.214703884018935
22,Sulawesi Utara,2022-10-01,2022,10,0.0181,4.75,-0.00165,59021000.0,6.470000000000001,0.805,27300.69,61.0,1.6142,0.0275,0.2885,0.0241,0.0244,0.0243,0.018,,4.25,0.0113,3.5,0.007,3.5,0.0149,-0.8660254037844386,0.5000000000000001,9,17.893403887687665,10.214703884018935
22,Sulawesi Utara,2022-11-01,2022,11,0.0181,5.25,0.0,59021000.0,6.4,0.805,27300.69,61.0,1.6142,0.0275,0.2885,0.0181,0.0241,0.0244,0.0184,,4.75,-0.00165,3.75,-0.0046,3.5,-0.00015,-0.5000000000000004,0.8660254037844384,10,17.893403887687665,10.214703884018935
22,Sulawesi Utara,2022-12-01,2022,12,0.0164,5.5,0.0102,59021000.0,6.33,0.805,27300.69,61.0,1.6142,0.0275,0.2885,0.0181,0.0181,0.0241,0.0217,,5.25,0.0,4.25,0.0113,3.5,0.0116,-2.4492935982947064e-16,1.0,11,17.893403887687665,10.214703884018935
22,Sulawesi Utara,2023-01-01,2023,1,0.0153,5.75,0.00505,64131000.0,6.260000000000001,0.7788,28351.02,61.0,1.7227,0.0247,0.274,0.0164,0.0181,0.0181,0.0243,0.022,5.5,0.0102,4.75,-0.00165,3.5,0.007,0.49999999999999994,0.8660254037844387,12,17.97643843992261,10.252453558822166
22,Sulawesi Utara,2023-02-01,2023,2,0.0139,5.75,-0.00075,64131000.0,6.19,0.7788,28351.02,61.0,1.7227,0.0247,0.274,0.0153,0.0164,0.0181,0.0244,0.0202,5.75,0.00505,5.25,0.0,3.75,-0.0046,0.8660254037844386,0.5000000000000001,13,17.97643843992261,10.252453558822166
22,Sulawesi Utara,2023-03-01,2023,3,0.0209,5.75,0.0064,64131000.0,6.175000000000001,0.7788,28351.02,61.0,1.7227,0.0247,0.274,0.0139,0.0153,0.0164,0.0241,0.0179,5.75,-0.00075,5.5,0.0102,4.25,0.0113,1.0,6.123233995736766e-17,14,17.97643843992261,10.252453558822166
22,Sulawesi Utara,2023-04-01,2023,4,0.0129,5.75,0.0012,64131000.0,6.16,0.7788,28351.02,61.0,1.7227,0.0247,0.274,0.0209,0.0139,0.0153,0.0181,0.018,5.75,0.0064,5.75,0.00505,4.75,-0.00165,0.8660254037844387,-0.4999999999999998,15,17.97643843992261,10.252453558822166
22,Sulawesi Utara,2023-05-01,2023,5,0.0178,5.75,0.0003,64131000.0,6.145,0.7788,28351.02,61.0,1.7227,0.0247,0.274,0.0129,0.0209,0.0139,0.0181,0.0184,5.75,0.0012,5.75,-0.00075,5.25,0.0,0.49999999999999994,-0.8660254037844387,16,17.97643843992261,10.252453558822166
22,Sulawesi Utara,2023-06-01,2023,6,0.0181,5.75,0.00015,64131000.0,6.13,0.7788,28351.02,61.0,1.7227,0.0247,0.274,0.0178,0.0129,0.0209,0.0164,0.0217,5.75,0.0003,5.75,0.0064,5.5,0.0102,1.2246467991473532e-16,-1.0,17,17.97643843992261,10.252453558822166
22,Sulawesi Utara,2023-07-01,2023,7,0.0199,5.75,0.0008,64131000.0,6.115,0.7788,28351.02,61.0,1.7227,0.0247,0.274,0.0181,0.0178,0.0129,0.0153,0.0243,5.75,0.00015,5.75,0.0012,5.75,0.00505,-0.4999999999999997,-0.8660254037844388,18,17.97643843992261,10.252453558822166
22,Sulawesi Utara,2023-08-01,2023,8,0.0134,5.75,-0.00095,64131000.0,6.1,0.7788,28351.02,61.0,1.7227,0.0247,0.274,0.0199,0.0181,0.0178,0.0139,0.0244,5.75,0.0008,5.75,0.0003,5.75,-0.00075,-0.8660254037844384,-0.5000000000000004,19,17.97643843992261,10.252453558822166
22,Sulawesi Utara,2023-09-01,2023,9,0.0144,5.75,-0.00125,64131000.0,6.08,0.7788,28351.02,61.0,1.7227,0.0247,0.274,0.0134,0.0199,0.0181,0.0209,0.0241,5.75,-0.00095,5.75,0.00015,5.75,0.0064,-1.0,-1.8369701987210297e-16,20,17.97643843992261,10.252453558822166
22,Sulawesi Utara,2023-10-01,2023,10,0.0165,6.0,0.00765,64131000.0,6.06,0.7788,28351.02,61.0,1.7227,0.0247,0.274,0.0144,0.0134,0.0199,0.0129,0.0181,5.75,-0.00125,5.75,0.0008,5.75,0.0012,-0.8660254037844386,0.5000000000000001,21,17.97643843992261,10.252453558822166
22,Sulawesi Utara,2023-11-01,2023,11,0.015,6.0,0.00425,64131000.0,6.04,0.7788,28351.02,61.0,1.7227,0.0247,0.274,0.0165,0.0144,0.0134,0.0178,0.0181,6.0,0.00765,5.75,-0.00095,5.75,0.0003,-0.5000000000000004,0.8660254037844384,22,17.97643843992261,10.252453558822166
22,Sulawesi Utara,2023-12-01,2023,12,0.0151,6.0,0.0081,64131000.0,6.0200000000000005,0.7788,28351.02,61.0,1.7227,0.0247,0.274,0.015,0.0165,0.0144,0.0181,0.0164,6.0,0.00425,5.75,-0.00125,5.75,0.00015,-2.4492935982947064e-16,1.0,23,17.97643843992261,10.252453558822166
22,Sulawesi Utara,2024-01-01,2024,1,0.0153,6.0,0.0381,69352000.0,6.0,0.7181,28247.96,60.0,1.8325,0.0209,0.2614,0.0151,0.015,0.0165,0.0199,0.0153,6.0,0.0081,6.0,0.00765,5.75,0.0008,0.49999999999999994,0.8660254037844387,24,18.05470555794981,10.248811921737637
22,Sulawesi Utara,2024-02-01,2024,2,0.0135,6.0,0.0355,69352000.0,5.98,0.7181,28247.96,60.0,1.8325,0.0209,0.2614,0.0153,0.0151,0.015,0.0134,0.0139,6.0,0.0381,6.0,0.00425,5.75,-0.00095,0.8660254037844386,0.5000000000000001,25,18.05470555794981,10.248811921737637
22,Sulawesi Utara,2024-03-01,2024,3,0.0125,6.0,0.0382,69352000.0,5.958333333333334,0.7181,28247.96,60.0,1.8325,0.0209,0.2614,0.0135,0.0153,0.0151,0.0144,0.0209,6.0,0.0355,6.0,0.0081,5.75,-0.00125,1.0,6.123233995736766e-17,26,18.05470555794981,10.248811921737637
22,Sulawesi Utara,2024-04-01,2024,4,0.0116,6.25,0.0424,69352000.0,5.9366666666666665,0.7181,28247.96,60.0,1.8325,0.0209,0.2614,0.0125,0.0135,0.0153,0.0165,0.0129,6.0,0.0382,6.0,0.0381,6.0,0.00765,0.8660254037844387,-0.4999999999999998,27,18.05470555794981,10.248811921737637
22,Sulawesi Utara,2024-05-01,2024,5,0.0137,6.25,0.0415,69352000.0,5.915,0.7181,28247.96,60.0,1.8325,0.0209,0.2614,0.0116,0.0125,0.0135,0.015,0.0178,6.25,0.0424,6.0,0.0355,6.0,0.00425,0.49999999999999994,-0.8660254037844387,28,18.05470555794981,10.248811921737637
22,Sulawesi Utara,2024-06-01,2024,6,0.0112,6.25,0.0442,69352000.0,5.8933333333333335,0.7181,28247.96,60.0,1.8325,0.0209,0.2614,0.0137,0.0116,0.0125,0.0151,0.0181,6.25,0.0415,6.0,0.0382,6.0,0.0081,1.2246467991473532e-16,-1.0,29,18.05470555794981,10.248811921737637
22,Sulawesi Utara,2024-07-01,2024,7,0.0109,6.25,0.0403,69352000.0,5.871666666666666,0.7181,28247.96,60.0,1.8325,0.0209,0.2614,0.0112,0.0137,0.0116,0.0153,0.0199,6.25,0.0442,6.25,0.0424,6.0,0.0381,-0.4999999999999997,-0.8660254037844388,30,18.05470555794981,10.248811921737637
22,Sulawesi Utara,2024-08-01,2024,8,0.0101,6.25,0.0429,69352000.0,5.85,0.7181,28247.96,60.0,1.8325,0.0209,0.2614,0.0109,0.0112,0.0137,0.0135,0.0134,6.25,0.0403,6.25,0.0415,6.0,0.0355,-0.8660254037844384,-0.5000000000000004,31,18.05470555794981,10.248811921737637
22,Sulawesi Utara,2024-09-01,2024,9,0.0109,6.0,0.0366,69352000.0,5.88,0.7181,28247.96,60.0,1.8325,0.0209,0.2614,0.0101,0.0109,0.0112,0.0125,0.0144,6.25,0.0429,6.25,0.0442,6.0,0.0382,-1.0,-1.8369701987210297e-16,32,18.05470555794981,10.248811921737637
22,Sulawesi Utara,2024-10-01,2024,10,0.0121,6.0,0.0258,69352000.0,5.91,0.7181,28247.96,60.0,1.8325,0.0209,0.2614,0.0109,0.0101,0.0109,0.0116,0.0165,6.0,0.0366,6.25,0.0403,6.25,0.0424,-0.8660254037844386,0.5000000000000001,33,18.05470555794981,10.248811921737637
22,Sulawesi Utara,2024-11-01,2024,11,0.0131,6.0,0.0212,69352000.0,5.94,0.7181,28247.96,60.0,1.8325,0.0209,0.2614,0.0121,0.0109,0.0101,0.0137,0.015,6.0,0.0258,6.25,0.0429,6.25,0.0415,-0.5000000000000004,0.8660254037844384,34,18.05470555794981,10.248811921737637
22,Sulawesi Utara,2024-12-01,2024,12,0.0131,6.0,0.0044,69352000.0,5.97,0.7181,28247.96,60.0,1.8325,0.0209,0.2614,0.0131,0.0121,0.0109,0.0112,0.0151,6.0,0.0212,6.0,0.0366,6.25,0.0442,-2.4492935982947064e-16,1.0,35,18.05470555794981,10.248811921737637
22,Sulawesi Utara,2025-01-01,2025,1,0.0141,5.75,-0.0025,75235000.0,6.0,0.7384,31083.56,59.0,1.6875,0.0238,0.2597,0.0131,0.0131,0.0121,0.0109,0.0153,6.0,0.0044,6.0,0.0258,6.25,0.0403,0.49999999999999994,0.8660254037844387,36,18.136127119466803,10.344466511866248
22,Sulawesi Utara,2025-02-01,2025,2,0.0196,5.75,-0.0015,75235000.0,6.03,0.7384,31083.56,59.0,1.6875,0.0238,0.2597,0.0141,0.0131,0.0131,0.0101,0.0135,5.75,-0.0025,6.0,0.0212,6.25,0.0429,0.8660254037844386,0.5000000000000001,37,18.136127119466803,10.344466511866248
22,Sulawesi Utara,2025-03-01,2025,3,0.0164,5.75,0.0141,75235000.0,6.023333333333333,0.7384,31083.56,59.0,1.6875,0.0238,0.2597,0.0196,0.0141,0.0131,0.0109,0.0125,5.75,-0.0015,6.0,0.0044,6.0,0.0366,1.0,6.123233995736766e-17,38,18.136127119466803,10.344466511866248
22,Sulawesi Utara,2025-04-01,2025,4,0.0178,5.75,0.0227,75235000.0,6.016666666666667,0.7384,31083.56,59.0,1.6875,0.0238,0.2597,0.0164,0.0196,0.0141,0.0121,0.0116,5.75,0.0141,5.75,-0.0025,6.0,0.0258,0.8660254037844387,-0.4999999999999998,39,18.136127119466803,10.344466511866248
22,Sulawesi Utara,2025-05-01,2025,5,0.0158,5.75,0.0153,75235000.0,6.01,0.7384,31083.56,59.0,1.6875,0.0238,0.2597,0.0178,0.0164,0.0196,0.0131,0.0137,5.75,0.0227,5.75,-0.0015,6.0,0.0212,0.49999999999999994,-0.8660254037844387,40,18.136127119466803,10.344466511866248
22,Sulawesi Utara,2025-06-01,2025,6,0.0135,5.5,0.0171,75235000.0,6.003333333333334,0.7384,31083.56,59.0,1.6875,0.0238,0.2597,0.0158,0.0178,0.0164,0.0131,0.0112,5.75,0.0153,5.75,0.0141,6.0,0.0044,1.2246467991473532e-16,-1.0,41,18.136127119466803,10.344466511866248
22,Sulawesi Utara,2025-07-01,2025,7,0.0139,5.25,0.0204,75235000.0,5.996666666666667,0.7384,31083.56,59.0,1.6875,0.0238,0.2597,0.0135,0.0158,0.0178,0.0141,0.0109,5.5,0.0171,5.75,0.0227,5.75,-0.0025,-0.4999999999999997,-0.8660254037844388,42,18.136127119466803,10.344466511866248
22,Sulawesi Utara,2025-08-01,2025,8,0.0147,5.0,0.0094,75235000.0,5.99,0.7384,31083.56,59.0,1.6875,0.0238,0.2597,0.0139,0.0135,0.0158,0.0196,0.0101,5.25,0.0204,5.75,0.0153,5.75,-0.0015,-0.8660254037844384,-0.5000000000000004,43,18.136127119466803,10.344466511866248
22,Sulawesi Utara,2025-09-01,2025,9,0.0176,4.75,0.0157,75235000.0,5.99,0.7384,31083.56,59.0,1.6875,0.0238,0.2597,0.0147,0.0139,0.0135,0.0164,0.0109,5.0,0.0094,5.5,0.0171,5.75,0.0141,-1.0,-1.8369701987210297e-16,44,18.136127119466803,10.344466511866248
22,Sulawesi Utara,2025-10-01,2025,10,0.021,4.75,0.0148,75235000.0,5.99,0.7384,31083.56,59.0,1.6875,0.0238,0.2597,0.0176,0.0147,0.0139,0.0178,0.0121,4.75,0.0157,5.25,0.0204,5.75,0.0227,-0.8660254037844386,0.5000000000000001,45,18.136127119466803,10.344466511866248
22,Sulawesi Utara,2025-11-01,2025,11,0.0271,4.75,0.0065,75235000.0,5.99,0.7384,31083.56,59.0,1.6875,0.0238,0.2597,0.021,0.0176,0.0147,0.0158,0.0131,4.75,0.0148,5.0,0.0094,5.75,0.0153,-0.5000000000000004,0.8660254037844384,46,18.136127119466803,10.344466511866248
22,Sulawesi Utara,2025-12-01,2025,12,0.0267,4.75,0.0123,75235000.0,5.99,0.7384,31083.56,59.0,1.6875,0.0238,0.2597,0.0271,0.021,0.0176,0.0135,0.0131,4.75,0.0065,4.75,0.0157,5.5,0.0171,-2.4492935982947064e-16,1.0,47,18.136127119466803,10.344466511866248
23,Gorontalo,2022-01-01,2022,1,0.012,3.5,-0.0022,39691000.0,3.25,0.758,5979.34,19.0,2.8491,0.0356,0.7571,,,,,,,,,,,,0.49999999999999994,0.8660254037844387,0,17.496635044899772,8.696232701515717
23,Gorontalo,2022-02-01,2022,2,0.0106,3.5,-0.0037,39691000.0,3.25,0.758,5979.34,19.0,2.8491,0.0356,0.7571,0.012,,,,,3.5,-0.0022,,,,,0.8660254037844386,0.5000000000000001,1,17.496635044899772,8.696232701515717
23,Gorontalo,2022-03-01,2022,3,0.0116,3.5,0.0125,39691000.0,3.138333333333333,0.758,5979.34,19.0,2.8491,0.0356,0.7571,0.0106,0.012,,,,3.5,-0.0037,,,,,1.0,6.123233995736766e-17,2,17.496635044899772,8.696232701515717
23,Gorontalo,2022-04-01,2022,4,0.0137,3.5,0.0122,39691000.0,3.026666666666667,0.758,5979.34,19.0,2.8491,0.0356,0.7571,0.0116,0.0106,0.012,,,3.5,0.0125,3.5,-0.0022,,,0.8660254037844387,-0.4999999999999998,3,17.496635044899772,8.696232701515717
23,Gorontalo,2022-05-01,2022,5,0.0178,3.5,0.0037,39691000.0,2.915,0.758,5979.34,19.0,2.8491,0.0356,0.7571,0.0137,0.0116,0.0106,,,3.5,0.0122,3.5,-0.0037,,,0.49999999999999994,-0.8660254037844387,4,17.496635044899772,8.696232701515717
23,Gorontalo,2022-06-01,2022,6,0.0202,3.5,0.0165,39691000.0,2.803333333333333,0.758,5979.34,19.0,2.8491,0.0356,0.7571,0.0178,0.0137,0.0116,,,3.5,0.0037,3.5,0.0125,,,1.2246467991473532e-16,-1.0,5,17.496635044899772,8.696232701515717
23,Gorontalo,2022-07-01,2022,7,0.0209,3.5,0.0057,39691000.0,2.691666666666667,0.758,5979.34,19.0,2.8491,0.0356,0.7571,0.0202,0.0178,0.0137,0.012,,3.5,0.0165,3.5,0.0122,3.5,-0.0022,-0.4999999999999997,-0.8660254037844388,6,17.496635044899772,8.696232701515717
23,Gorontalo,2022-08-01,2022,8,0.0215,3.75,-0.0053,39691000.0,2.58,0.758,5979.34,19.0,2.8491,0.0356,0.7571,0.0209,0.0202,0.0178,0.0106,,3.5,0.0057,3.5,0.0037,3.5,-0.0037,-0.8660254037844384,-0.5000000000000004,7,17.496635044899772,8.696232701515717
23,Gorontalo,2022-09-01,2022,9,0.0199,4.25,0.0049,39691000.0,2.661666666666666,0.758,5979.34,19.0,2.8491,0.0356,0.7571,0.0215,0.0209,0.0202,0.0116,,3.75,-0.0053,3.5,0.0165,3.5,0.0125,-1.0,-1.8369701987210297e-16,8,17.496635044899772,8.696232701515717
23,Gorontalo,2022-10-01,2022,10,0.014,4.75,0.0001,39691000.0,2.743333333333333,0.758,5979.34,19.0,2.8491,0.0356,0.7571,0.0199,0.0215,0.0209,0.0137,,4.25,0.0049,3.5,0.0057,3.5,0.0122,-0.8660254037844386,0.5000000000000001,9,17.496635044899772,8.696232701515717
23,Gorontalo,2022-11-01,2022,11,0.014,5.25,-0.0005,39691000.0,2.825,0.758,5979.34,19.0,2.8491,0.0356,0.7571,0.014,0.0199,0.0215,0.0178,,4.75,0.0001,3.75,-0.0053,3.5,0.0037,-0.5000000000000004,0.8660254037844384,10,17.496635044899772,8.696232701515717
23,Gorontalo,2022-12-01,2022,12,0.0145,5.5,0.0068,39691000.0,2.9066666666666667,0.758,5979.34,19.0,2.8491,0.0356,0.7571,0.014,0.014,0.0199,0.0202,,5.25,-0.0005,4.25,0.0049,3.5,0.0165,-2.4492935982947064e-16,1.0,11,17.496635044899772,8.696232701515717
23,Gorontalo,2023-01-01,2023,1,0.0106,5.75,0.0029,42341000.0,2.9883333333333333,0.7988,5998.75,19.0,2.9248,0.0538,0.8355,0.0145,0.014,0.014,0.0209,0.012,5.5,0.0068,4.75,0.0001,3.5,0.0057,0.49999999999999994,0.8660254037844387,12,17.561266465337678,8.699473080675446
23,Gorontalo,2023-02-01,2023,2,0.0091,5.75,-0.003,42341000.0,3.07,0.7988,5998.75,19.0,2.9248,0.0538,0.8355,0.0106,0.0145,0.014,0.0215,0.0106,5.75,0.0029,5.25,-0.0005,3.75,-0.0053,0.8660254037844386,0.5000000000000001,13,17.561266465337678,8.699473080675446
23,Gorontalo,2023-03-01,2023,3,0.0098,5.75,0.002,42341000.0,3.0683333333333334,0.7988,5998.75,19.0,2.9248,0.0538,0.8355,0.0091,0.0106,0.0145,0.0199,0.0116,5.75,-0.003,5.5,0.0068,4.25,0.0049,1.0,6.123233995736766e-17,14,17.561266465337678,8.699473080675446
23,Gorontalo,2023-04-01,2023,4,0.0129,5.75,0.0002,42341000.0,3.0666666666666664,0.7988,5998.75,19.0,2.9248,0.0538,0.8355,0.0098,0.0091,0.0106,0.014,0.0137,5.75,0.002,5.75,0.0029,4.75,0.0001,0.8660254037844387,-0.4999999999999998,15,17.561266465337678,8.699473080675446
23,Gorontalo,2023-05-01,2023,5,0.0145,5.75,0.0008,42341000.0,3.065,0.7988,5998.75,19.0,2.9248,0.0538,0.8355,0.0129,0.0098,0.0091,0.014,0.0178,5.75,0.0002,5.75,-0.003,5.25,-0.0005,0.49999999999999994,-0.8660254037844387,16,17.561266465337678,8.699473080675446
23,Gorontalo,2023-06-01,2023,6,0.0106,5.75,0.0059,42341000.0,3.063333333333333,0.7988,5998.75,19.0,2.9248,0.0538,0.8355,0.0145,0.0129,0.0098,0.0145,0.0202,5.75,0.0008,5.75,0.002,5.5,0.0068,1.2246467991473532e-16,-1.0,17,17.561266465337678,8.699473080675446
23,Gorontalo,2023-07-01,2023,7,0.012,5.75,0.0025,42341000.0,3.0616666666666665,0.7988,5998.75,19.0,2.9248,0.0538,0.8355,0.0106,0.0145,0.0129,0.0106,0.0209,5.75,0.0059,5.75,0.0002,5.75,0.0029,-0.4999999999999997,-0.8660254037844388,18,17.561266465337678,8.699473080675446
23,Gorontalo,2023-08-01,2023,8,0.0094,5.75,-0.0025,42341000.0,3.06,0.7988,5998.75,19.0,2.9248,0.0538,0.8355,0.012,0.0106,0.0145,0.0091,0.0215,5.75,0.0025,5.75,0.0008,5.75,-0.003,-0.8660254037844384,-0.5000000000000004,19,17.561266465337678,8.699473080675446
23,Gorontalo,2023-09-01,2023,9,0.0104,5.75,-0.0035,42341000.0,3.0583333333333336,0.7988,5998.75,19.0,2.9248,0.0538,0.8355,0.0094,0.012,0.0106,0.0098,0.0199,5.75,-0.0025,5.75,0.0059,5.75,0.002,-1.0,-1.8369701987210297e-16,20,17.561266465337678,8.699473080675446
23,Gorontalo,2023-10-01,2023,10,0.0107,6.0,0.01,42341000.0,3.056666666666666,0.7988,5998.75,19.0,2.9248,0.0538,0.8355,0.0104,0.0094,0.012,0.0129,0.014,5.75,-0.0035,5.75,0.0025,5.75,0.0002,-0.8660254037844386,0.5000000000000001,21,17.561266465337678,8.699473080675446
23,Gorontalo,2023-11-01,2023,11,0.0108,6.0,0.0098,42341000.0,3.055,0.7988,5998.75,19.0,2.9248,0.0538,0.8355,0.0107,0.0104,0.0094,0.0145,0.014,6.0,0.01,5.75,-0.0025,5.75,0.0008,-0.5000000000000004,0.8660254037844384,22,17.561266465337678,8.699473080675446
23,Gorontalo,2023-12-01,2023,12,0.0111,6.0,0.0132,42341000.0,3.053333333333333,0.7988,5998.75,19.0,2.9248,0.0538,0.8355,0.0108,0.0107,0.0104,0.0106,0.0145,6.0,0.0098,5.75,-0.0035,5.75,0.0059,-2.4492935982947064e-16,1.0,23,17.561266465337678,8.699473080675446
23,Gorontalo,2024-01-01,2024,1,0.011,6.0,0.044,44437000.0,3.0516666666666667,0.6436,6108.53,19.0,2.8602,0.0343,0.9037,0.0111,0.0108,0.0107,0.012,0.0106,6.0,0.0132,6.0,0.01,5.75,0.0025,0.49999999999999994,0.8660254037844387,24,17.609583036210115,8.717605126129985
23,Gorontalo,2024-02-01,2024,2,0.0097,6.0,0.0373,44437000.0,3.05,0.6436,6108.53,19.0,2.8602,0.0343,0.9037,0.011,0.0111,0.0108,0.0094,0.0091,6.0,0.044,6.0,0.0098,5.75,-0.0025,0.8660254037844386,0.5000000000000001,25,17.609583036210115,8.717605126129985
23,Gorontalo,2024-03-01,2024,3,0.0086,6.0,0.0413,44437000.0,3.063333333333333,0.6436,6108.53,19.0,2.8602,0.0343,0.9037,0.0097,0.011,0.0111,0.0104,0.0098,6.0,0.0373,6.0,0.0132,5.75,-0.0035,1.0,6.123233995736766e-17,26,17.609583036210115,8.717605126129985
23,Gorontalo,2024-04-01,2024,4,0.0086,6.25,0.0465,44437000.0,3.0766666666666667,0.6436,6108.53,19.0,2.8602,0.0343,0.9037,0.0086,0.0097,0.011,0.0107,0.0129,6.0,0.0413,6.0,0.044,6.0,0.01,0.8660254037844387,-0.4999999999999998,27,17.609583036210115,8.717605126129985
23,Gorontalo,2024-05-01,2024,5,0.0084,6.25,0.0491,44437000.0,3.09,0.6436,6108.53,19.0,2.8602,0.0343,0.9037,0.0086,0.0086,0.0097,0.0108,0.0145,6.25,0.0465,6.0,0.0373,6.0,0.0098,0.49999999999999994,-0.8660254037844387,28,17.609583036210115,8.717605126129985
23,Gorontalo,2024-06-01,2024,6,0.008,6.25,0.0393,44437000.0,3.103333333333333,0.6436,6108.53,19.0,2.8602,0.0343,0.9037,0.0084,0.0086,0.0086,0.0111,0.0106,6.25,0.0491,6.0,0.0413,6.0,0.0132,1.2246467991473532e-16,-1.0,29,17.609583036210115,8.717605126129985
23,Gorontalo,2024-07-01,2024,7,0.0075,6.25,0.0307,44437000.0,3.1166666666666667,0.6436,6108.53,19.0,2.8602,0.0343,0.9037,0.008,0.0084,0.0086,0.011,0.012,6.25,0.0393,6.25,0.0465,6.0,0.044,-0.4999999999999997,-0.8660254037844388,30,17.609583036210115,8.717605126129985
23,Gorontalo,2024-08-01,2024,8,0.0066,6.25,0.0265,44437000.0,3.13,0.6436,6108.53,19.0,2.8602,0.0343,0.9037,0.0075,0.008,0.0084,0.0097,0.0094,6.25,0.0307,6.25,0.0491,6.0,0.0373,-0.8660254037844384,-0.5000000000000004,31,17.609583036210115,8.717605126129985
23,Gorontalo,2024-09-01,2024,9,0.0077,6.0,0.0278,44437000.0,3.1283333333333334,0.6436,6108.53,19.0,2.8602,0.0343,0.9037,0.0066,0.0075,0.008,0.0086,0.0104,6.25,0.0265,6.25,0.0393,6.0,0.0413,-1.0,-1.8369701987210297e-16,32,17.609583036210115,8.717605126129985
23,Gorontalo,2024-10-01,2024,10,0.0107,6.0,0.0081,44437000.0,3.1266666666666665,0.6436,6108.53,19.0,2.8602,0.0343,0.9037,0.0077,0.0066,0.0075,0.0086,0.0107,6.0,0.0278,6.25,0.0307,6.25,0.0465,-0.8660254037844386,0.5000000000000001,33,17.609583036210115,8.717605126129985
23,Gorontalo,2024-11-01,2024,11,0.0128,6.0,0.0027,44437000.0,3.125,0.6436,6108.53,19.0,2.8602,0.0343,0.9037,0.0107,0.0077,0.0066,0.0084,0.0108,6.0,0.0081,6.25,0.0265,6.25,0.0491,-0.5000000000000004,0.8660254037844384,34,17.609583036210115,8.717605126129985
23,Gorontalo,2024-12-01,2024,12,0.017,6.0,-0.0079,44437000.0,3.123333333333333,0.6436,6108.53,19.0,2.8602,0.0343,0.9037,0.0128,0.0107,0.0077,0.008,0.0111,6.0,0.0027,6.0,0.0278,6.25,0.0393,-2.4492935982947064e-16,1.0,35,17.609583036210115,8.717605126129985
23,Gorontalo,2025-01-01,2025,1,0.0148,5.75,-0.0152,47477000.0,3.1216666666666666,0.7241,6581.48,19.0,2.6763,0.0374,0.9218,0.017,0.0128,0.0107,0.0075,0.011,6.0,-0.0079,6.0,0.0081,6.25,0.0307,0.49999999999999994,0.8660254037844387,36,17.675755962273612,8.792166853006563
23,Gorontalo,2025-02-01,2025,2,0.0205,5.75,-0.0029,47477000.0,3.12,0.7241,6581.48,19.0,2.6763,0.0374,0.9218,0.0148,0.017,0.0128,0.0066,0.0097,5.75,-0.0152,6.0,0.0027,6.25,0.0265,0.8660254037844386,0.5000000000000001,37,17.675755962273612,8.792166853006563
23,Gorontalo,2025-03-01,2025,3,0.0173,5.75,0.0176,47477000.0,3.17,0.7241,6581.48,19.0,2.6763,0.0374,0.9218,0.0205,0.0148,0.017,0.0077,0.0086,5.75,-0.0029,6.0,-0.0079,6.0,0.0278,1.0,6.123233995736766e-17,38,17.675755962273612,8.792166853006563
23,Gorontalo,2025-04-01,2025,4,0.0161,5.75,0.023,47477000.0,3.22,0.7241,6581.48,19.0,2.6763,0.0374,0.9218,0.0173,0.0205,0.0148,0.0107,0.0086,5.75,0.0176,5.75,-0.0152,6.0,0.0081,0.8660254037844387,-0.4999999999999998,39,17.675755962273612,8.792166853006563
23,Gorontalo,2025-05-01,2025,5,0.0167,5.75,0.0028,47477000.0,3.27,0.7241,6581.48,19.0,2.6763,0.0374,0.9218,0.0161,0.0173,0.0205,0.0128,0.0084,5.75,0.023,5.75,-0.0029,6.0,0.0027,0.49999999999999994,-0.8660254037844387,40,17.675755962273612,8.792166853006563
23,Gorontalo,2025-06-01,2025,6,0.014,5.5,0.008,47477000.0,3.32,0.7241,6581.48,19.0,2.6763,0.0374,0.9218,0.0167,0.0161,0.0173,0.017,0.008,5.75,0.0028,5.75,0.0176,6.0,-0.0079,1.2246467991473532e-16,-1.0,41,17.675755962273612,8.792166853006563
23,Gorontalo,2025-07-01,2025,7,0.0148,5.25,0.0312,47477000.0,3.37,0.7241,6581.48,19.0,2.6763,0.0374,0.9218,0.014,0.0167,0.0161,0.0148,0.0075,5.5,0.008,5.75,0.023,5.75,-0.0152,-0.4999999999999997,-0.8660254037844388,42,17.675755962273612,8.792166853006563
23,Gorontalo,2025-08-01,2025,8,0.0141,5.0,0.0251,47477000.0,3.42,0.7241,6581.48,19.0,2.6763,0.0374,0.9218,0.0148,0.014,0.0167,0.0205,0.0066,5.25,0.0312,5.75,0.0028,5.75,-0.0029,-0.8660254037844384,-0.5000000000000004,43,17.675755962273612,8.792166853006563
23,Gorontalo,2025-09-01,2025,9,0.0142,4.75,0.0199,47477000.0,3.42,0.7241,6581.48,19.0,2.6763,0.0374,0.9218,0.0141,0.0148,0.014,0.0173,0.0077,5.0,0.0251,5.5,0.008,5.75,0.0176,-1.0,-1.8369701987210297e-16,44,17.675755962273612,8.792166853006563
23,Gorontalo,2025-10-01,2025,10,0.015,4.75,0.0244,47477000.0,3.42,0.7241,6581.48,19.0,2.6763,0.0374,0.9218,0.0142,0.0141,0.0148,0.0161,0.0107,4.75,0.0199,5.25,0.0312,5.75,0.023,-0.8660254037844386,0.5000000000000001,45,17.675755962273612,8.792166853006563
23,Gorontalo,2025-11-01,2025,11,0.0163,4.75,0.0221,47477000.0,3.42,0.7241,6581.48,19.0,2.6763,0.0374,0.9218,0.015,0.0142,0.0141,0.0167,0.0128,4.75,0.0244,5.0,0.0251,5.75,0.0028,-0.5000000000000004,0.8660254037844384,46,17.675755962273612,8.792166853006563
23,Gorontalo,2025-12-01,2025,12,0.0177,4.75,0.0252,47477000.0,3.42,0.7241,6581.48,19.0,2.6763,0.0374,0.9218,0.0163,0.015,0.0142,0.014,0.017,4.75,0.0221,4.75,0.0199,5.5,0.008,-2.4492935982947064e-16,1.0,47,17.675755962273612,8.792166853006563
24,Sulawesi Tengah,2022-01-01,2022,1,0.0137,3.5,0.00865,106068000.0,3.67,0.773,29803.27,45.0,1.5185,0.0167,0.3077,,,,,,,,,,,,0.49999999999999994,0.8660254037844387,0,18.479590965259,10.30240695081927
24,Sulawesi Tengah,2022-02-01,2022,2,0.0117,3.5,-0.0028,106068000.0,3.67,0.773,29803.27,45.0,1.5185,0.0167,0.3077,0.0137,,,,,3.5,0.00865,,,,,0.8660254037844386,0.5000000000000001,1,18.479590965259,10.30240695081927
24,Sulawesi Tengah,2022-03-01,2022,3,0.0113,3.5,0.01015,106068000.0,3.558333333333333,0.773,29803.27,45.0,1.5185,0.0167,0.3077,0.0117,0.0137,,,,3.5,-0.0028,,,,,1.0,6.123233995736766e-17,2,18.479590965259,10.30240695081927
24,Sulawesi Tengah,2022-04-01,2022,4,0.0156,3.5,0.01365,106068000.0,3.4466666666666668,0.773,29803.27,45.0,1.5185,0.0167,0.3077,0.0113,0.0117,0.0137,,,3.5,0.01015,3.5,0.00865,,,0.8660254037844387,-0.4999999999999998,3,18.479590965259,10.30240695081927
24,Sulawesi Tengah,2022-05-01,2022,5,0.0147,3.5,0.00345,106068000.0,3.335,0.773,29803.27,45.0,1.5185,0.0167,0.3077,0.0156,0.0113,0.0117,,,3.5,0.01365,3.5,-0.0028,,,0.49999999999999994,-0.8660254037844387,4,18.479590965259,10.30240695081927
24,Sulawesi Tengah,2022-06-01,2022,6,0.0117,3.5,0.0065,106068000.0,3.223333333333333,0.773,29803.27,45.0,1.5185,0.0167,0.3077,0.0147,0.0156,0.0113,,,3.5,0.00345,3.5,0.01015,,,1.2246467991473532e-16,-1.0,5,18.479590965259,10.30240695081927
24,Sulawesi Tengah,2022-07-01,2022,7,0.0149,3.5,0.01025,106068000.0,3.111666666666667,0.773,29803.27,45.0,1.5185,0.0167,0.3077,0.0117,0.0147,0.0156,0.0137,,3.5,0.0065,3.5,0.01365,3.5,0.00865,-0.4999999999999997,-0.8660254037844388,6,18.479590965259,10.30240695081927
24,Sulawesi Tengah,2022-08-01,2022,8,0.0157,3.75,0.00395,106068000.0,3.0,0.773,29803.27,45.0,1.5185,0.0167,0.3077,0.0149,0.0117,0.0147,0.0117,,3.5,0.01025,3.5,0.00345,3.5,-0.0028,-0.8660254037844384,-0.5000000000000004,7,18.479590965259,10.30240695081927
24,Sulawesi Tengah,2022-09-01,2022,9,0.02,4.25,0.00445,106068000.0,3.0816666666666666,0.773,29803.27,45.0,1.5185,0.0167,0.3077,0.0157,0.0149,0.0117,0.0113,,3.75,0.00395,3.5,0.0065,3.5,0.01015,-1.0,-1.8369701987210297e-16,8,18.479590965259,10.30240695081927
24,Sulawesi Tengah,2022-10-01,2022,10,0.0158,4.75,-0.00335,106068000.0,3.1633333333333336,0.773,29803.27,45.0,1.5185,0.0167,0.3077,0.02,0.0157,0.0149,0.0156,,4.25,0.00445,3.5,0.01025,3.5,0.01365,-0.8660254037844386,0.5000000000000001,9,18.479590965259,10.30240695081927
24,Sulawesi Tengah,2022-11-01,2022,11,0.0165,5.25,-0.00245,106068000.0,3.245,0.773,29803.27,45.0,1.5185,0.0167,0.3077,0.0158,0.02,0.0157,0.0147,,4.75,-0.00335,3.75,0.00395,3.5,0.00345,-0.5000000000000004,0.8660254037844384,10,18.479590965259,10.30240695081927
24,Sulawesi Tengah,2022-12-01,2022,12,0.0155,5.5,0.0081,106068000.0,3.3266666666666667,0.773,29803.27,45.0,1.5185,0.0167,0.3077,0.0165,0.0158,0.02,0.0117,,5.25,-0.00245,4.25,0.00445,3.5,0.0065,-2.4492935982947064e-16,1.0,11,18.479590965259,10.30240695081927
24,Sulawesi Tengah,2023-01-01,2023,1,0.0144,5.75,0.00635,112461000.0,3.4083333333333337,0.6444,29551.88,48.0,1.6331,0.0174,0.3262,0.0155,0.0165,0.0158,0.0149,0.0137,5.5,0.0081,4.75,-0.00335,3.5,0.01025,0.49999999999999994,0.8660254037844387,12,18.538117061731274,10.293936480014073
24,Sulawesi Tengah,2023-02-01,2023,2,0.0116,5.75,-0.0011,112461000.0,3.49,0.6444,29551.88,48.0,1.6331,0.0174,0.3262,0.0144,0.0155,0.0165,0.0157,0.0117,5.75,0.00635,5.25,-0.00245,3.75,0.00395,0.8660254037844386,0.5000000000000001,13,18.538117061731274,10.293936480014073
24,Sulawesi Tengah,2023-03-01,2023,3,0.0134,5.75,0.00695,112461000.0,3.4000000000000004,0.6444,29551.88,48.0,1.6331,0.0174,0.3262,0.0116,0.0144,0.0155,0.02,0.0113,5.75,-0.0011,5.5,0.0081,4.25,0.00445,1.0,6.123233995736766e-17,14,18.538117061731274,10.293936480014073
24,Sulawesi Tengah,2023-04-01,2023,4,0.0116,5.75,0.00175,112461000.0,3.31,0.6444,29551.88,48.0,1.6331,0.0174,0.3262,0.0134,0.0116,0.0144,0.0158,0.0156,5.75,0.00695,5.75,0.00635,4.75,-0.00335,0.8660254037844387,-0.4999999999999998,15,18.538117061731274,10.293936480014073
24,Sulawesi Tengah,2023-05-01,2023,5,0.0179,5.75,0.00255,112461000.0,3.22,0.6444,29551.88,48.0,1.6331,0.0174,0.3262,0.0116,0.0134,0.0116,0.0165,0.0147,5.75,0.00175,5.75,-0.0011,5.25,-0.00245,0.49999999999999994,-0.8660254037844387,16,18.538117061731274,10.293936480014073
24,Sulawesi Tengah,2023-06-01,2023,6,0.0192,5.75,0.0045,112461000.0,3.1300000000000003,0.6444,29551.88,48.0,1.6331,0.0174,0.3262,0.0179,0.0116,0.0134,0.0155,0.0117,5.75,0.00255,5.75,0.00695,5.5,0.0081,1.2246467991473532e-16,-1.0,17,18.538117061731274,10.293936480014073
24,Sulawesi Tengah,2023-07-01,2023,7,0.021,5.75,0.0042,112461000.0,3.04,0.6444,29551.88,48.0,1.6331,0.0174,0.3262,0.0192,0.0179,0.0116,0.0144,0.0149,5.75,0.0045,5.75,0.00175,5.75,0.00635,-0.4999999999999997,-0.8660254037844388,18,18.538117061731274,10.293936480014073
24,Sulawesi Tengah,2023-08-01,2023,8,0.0175,5.75,0.00245,112461000.0,2.95,0.6444,29551.88,48.0,1.6331,0.0174,0.3262,0.021,0.0192,0.0179,0.0116,0.0157,5.75,0.0042,5.75,0.00255,5.75,-0.0011,-0.8660254037844384,-0.5000000000000004,19,18.538117061731274,10.293936480014073
24,Sulawesi Tengah,2023-09-01,2023,9,0.0193,5.75,0.00135,112461000.0,2.9833333333333334,0.6444,29551.88,48.0,1.6331,0.0174,0.3262,0.0175,0.021,0.0192,0.0134,0.02,5.75,0.00245,5.75,0.0045,5.75,0.00695,-1.0,-1.8369701987210297e-16,20,18.538117061731274,10.293936480014073
24,Sulawesi Tengah,2023-10-01,2023,10,0.0204,6.0,-0.00245,112461000.0,3.0166666666666666,0.6444,29551.88,48.0,1.6331,0.0174,0.3262,0.0193,0.0175,0.021,0.0116,0.0158,5.75,0.00135,5.75,0.0042,5.75,0.00175,-0.8660254037844386,0.5000000000000001,21,18.538117061731274,10.293936480014073
24,Sulawesi Tengah,2023-11-01,2023,11,0.0194,6.0,0.00055,112461000.0,3.05,0.6444,29551.88,48.0,1.6331,0.0174,0.3262,0.0204,0.0193,0.0175,0.0179,0.0165,6.0,-0.00245,5.75,0.00245,5.75,0.00255,-0.5000000000000004,0.8660254037844384,22,18.538117061731274,10.293936480014073
24,Sulawesi Tengah,2023-12-01,2023,12,0.0194,6.0,0.0036,112461000.0,3.083333333333333,0.6444,29551.88,48.0,1.6331,0.0174,0.3262,0.0194,0.0204,0.0193,0.0192,0.0155,6.0,0.00055,5.75,0.00135,5.75,0.0045,-2.4492935982947064e-16,1.0,23,18.538117061731274,10.293936480014073
24,Sulawesi Tengah,2024-01-01,2024,1,0.0179,6.0,0.0297,120750000.0,3.1166666666666667,0.6047,32273.1,48.0,1.8195,0.0143,0.2924,0.0194,0.0194,0.0204,0.021,0.0144,6.0,0.0036,6.0,-0.00245,5.75,0.0042,0.49999999999999994,0.8660254037844387,24,18.60923285877853,10.382020329965853
24,Sulawesi Tengah,2024-02-01,2024,2,0.0175,6.0,0.0337,120750000.0,3.15,0.6047,32273.1,48.0,1.8195,0.0143,0.2924,0.0179,0.0194,0.0194,0.0175,0.0116,6.0,0.0297,6.0,0.00055,5.75,0.00245,0.8660254037844386,0.5000000000000001,25,18.60923285877853,10.382020329965853
24,Sulawesi Tengah,2024-03-01,2024,3,0.0159,6.0,0.0338,120750000.0,3.115,0.6047,32273.1,48.0,1.8195,0.0143,0.2924,0.0175,0.0179,0.0194,0.0193,0.0134,6.0,0.0337,6.0,0.0036,5.75,0.00135,1.0,6.123233995736766e-17,26,18.60923285877853,10.382020329965853
24,Sulawesi Tengah,2024-04-01,2024,4,0.0136,6.25,0.034,120750000.0,3.08,0.6047,32273.1,48.0,1.8195,0.0143,0.2924,0.0159,0.0175,0.0179,0.0204,0.0116,6.0,0.0338,6.0,0.0297,6.0,-0.00245,0.8660254037844387,-0.4999999999999998,27,18.60923285877853,10.382020329965853
24,Sulawesi Tengah,2024-05-01,2024,5,0.0193,6.25,0.031,120750000.0,3.045,0.6047,32273.1,48.0,1.8195,0.0143,0.2924,0.0136,0.0159,0.0175,0.0194,0.0179,6.25,0.034,6.0,0.0337,6.0,0.00055,0.49999999999999994,-0.8660254037844387,28,18.60923285877853,10.382020329965853
24,Sulawesi Tengah,2024-06-01,2024,6,0.0187,6.25,0.0282,120750000.0,3.01,0.6047,32273.1,48.0,1.8195,0.0143,0.2924,0.0193,0.0136,0.0159,0.0194,0.0192,6.25,0.031,6.0,0.0338,6.0,0.0036,1.2246467991473532e-16,-1.0,29,18.60923285877853,10.382020329965853
24,Sulawesi Tengah,2024-07-01,2024,7,0.0134,6.25,0.0245,120750000.0,2.975,0.6047,32273.1,48.0,1.8195,0.0143,0.2924,0.0187,0.0193,0.0136,0.0179,0.021,6.25,0.0282,6.25,0.034,6.0,0.0297,-0.4999999999999997,-0.8660254037844388,30,18.60923285877853,10.382020329965853
24,Sulawesi Tengah,2024-08-01,2024,8,0.0155,6.25,0.0214,120750000.0,2.94,0.6047,32273.1,48.0,1.8195,0.0143,0.2924,0.0134,0.0187,0.0193,0.0175,0.0175,6.25,0.0245,6.25,0.031,6.0,0.0337,-0.8660254037844384,-0.5000000000000004,31,18.60923285877853,10.382020329965853
24,Sulawesi Tengah,2024-09-01,2024,9,0.0154,6.0,0.0215,120750000.0,2.953333333333333,0.6047,32273.1,48.0,1.8195,0.0143,0.2924,0.0155,0.0134,0.0187,0.0159,0.0193,6.25,0.0214,6.25,0.0282,6.0,0.0338,-1.0,-1.8369701987210297e-16,32,18.60923285877853,10.382020329965853
24,Sulawesi Tengah,2024-10-01,2024,10,0.016,6.0,0.0191,120750000.0,2.966666666666667,0.6047,32273.1,48.0,1.8195,0.0143,0.2924,0.0154,0.0155,0.0134,0.0136,0.0204,6.0,0.0215,6.25,0.0245,6.25,0.034,-0.8660254037844386,0.5000000000000001,33,18.60923285877853,10.382020329965853
24,Sulawesi Tengah,2024-11-01,2024,11,0.0157,6.0,0.0171,120750000.0,2.98,0.6047,32273.1,48.0,1.8195,0.0143,0.2924,0.016,0.0154,0.0155,0.0193,0.0194,6.0,0.0191,6.25,0.0214,6.25,0.031,-0.5000000000000004,0.8660254037844384,34,18.60923285877853,10.382020329965853
24,Sulawesi Tengah,2024-12-01,2024,12,0.0138,6.0,0.0129,120750000.0,2.993333333333333,0.6047,32273.1,48.0,1.8195,0.0143,0.2924,0.0157,0.016,0.0154,0.0187,0.0194,6.0,0.0171,6.0,0.0215,6.25,0.0282,-2.4492935982947064e-16,1.0,35,18.60923285877853,10.382020329965853
24,Sulawesi Tengah,2025-01-01,2025,1,0.0172,5.75,0.0002,131643000.0,3.006666666666667,0.6357,32901.74,48.0,1.713,0.0188,0.307,0.0138,0.0157,0.016,0.0134,0.0179,6.0,0.0129,6.0,0.0191,6.25,0.0245,0.49999999999999994,0.8660254037844387,36,18.695604278801746,10.401311215960426
24,Sulawesi Tengah,2025-02-01,2025,2,0.0166,5.75,-0.0038,131643000.0,3.02,0.6357,32901.74,48.0,1.713,0.0188,0.307,0.0172,0.0138,0.0157,0.0155,0.0175,5.75,0.0002,6.0,0.0171,6.25,0.0214,0.8660254037844386,0.5000000000000001,37,18.695604278801746,10.401311215960426
24,Sulawesi Tengah,2025-03-01,2025,3,0.0175,5.75,0.0188,131643000.0,3.0033333333333334,0.6357,32901.74,48.0,1.713,0.0188,0.307,0.0166,0.0172,0.0138,0.0154,0.0159,5.75,-0.0038,6.0,0.0129,6.0,0.0215,1.0,6.123233995736766e-17,38,18.695604278801746,10.401311215960426
24,Sulawesi Tengah,2025-04-01,2025,4,0.0169,5.75,0.0297,131643000.0,2.986666666666667,0.6357,32901.74,48.0,1.713,0.0188,0.307,0.0175,0.0166,0.0172,0.016,0.0136,5.75,0.0188,5.75,0.0002,6.0,0.0191,0.8660254037844387,-0.4999999999999998,39,18.695604278801746,10.401311215960426
24,Sulawesi Tengah,2025-05-01,2025,5,0.0168,5.75,0.0261,131643000.0,2.97,0.6357,32901.74,48.0,1.713,0.0188,0.307,0.0169,0.0175,0.0166,0.0157,0.0193,5.75,0.0297,5.75,-0.0038,6.0,0.0171,0.49999999999999994,-0.8660254037844387,40,18.695604278801746,10.401311215960426
24,Sulawesi Tengah,2025-06-01,2025,6,0.0154,5.5,0.0247,131643000.0,2.953333333333333,0.6357,32901.74,48.0,1.713,0.0188,0.307,0.0168,0.0169,0.0175,0.0138,0.0187,5.75,0.0261,5.75,0.0188,6.0,0.0129,1.2246467991473532e-16,-1.0,41,18.695604278801746,10.401311215960426
24,Sulawesi Tengah,2025-07-01,2025,7,0.0157,5.25,0.0369,131643000.0,2.9366666666666665,0.6357,32901.74,48.0,1.713,0.0188,0.307,0.0154,0.0168,0.0169,0.0172,0.0134,5.5,0.0247,5.75,0.0297,5.75,0.0002,-0.4999999999999997,-0.8660254037844388,42,18.695604278801746,10.401311215960426
24,Sulawesi Tengah,2025-08-01,2025,8,0.0156,5.0,0.0402,131643000.0,2.92,0.6357,32901.74,48.0,1.713,0.0188,0.307,0.0157,0.0154,0.0168,0.0166,0.0155,5.25,0.0369,5.75,0.0261,5.75,-0.0038,-0.8660254037844384,-0.5000000000000004,43,18.695604278801746,10.401311215960426
24,Sulawesi Tengah,2025-09-01,2025,9,0.0156,4.75,0.0388,131643000.0,2.92,0.6357,32901.74,48.0,1.713,0.0188,0.307,0.0156,0.0157,0.0154,0.0175,0.0154,5.0,0.0402,5.5,0.0247,5.75,0.0188,-1.0,-1.8369701987210297e-16,44,18.695604278801746,10.401311215960426
24,Sulawesi Tengah,2025-10-01,2025,10,0.0156,4.75,0.0392,131643000.0,2.92,0.6357,32901.74,48.0,1.713,0.0188,0.307,0.0156,0.0156,0.0157,0.0169,0.016,4.75,0.0388,5.25,0.0369,5.75,0.0297,-0.8660254037844386,0.5000000000000001,45,18.695604278801746,10.401311215960426
24,Sulawesi Tengah,2025-11-01,2025,11,0.0165,4.75,0.035,131643000.0,2.92,0.6357,32901.74,48.0,1.713,0.0188,0.307,0.0156,0.0156,0.0156,0.0168,0.0157,4.75,0.0392,5.0,0.0402,5.75,0.0261,-0.5000000000000004,0.8660254037844384,46,18.695604278801746,10.401311215960426
24,Sulawesi Tengah,2025-12-01,2025,12,0.0171,4.75,0.0331,131643000.0,2.92,0.6357,32901.74,48.0,1.713,0.0188,0.307,0.0165,0.0156,0.0156,0.0154,0.0138,4.75,0.035,4.75,0.0388,5.5,0.0247,-2.4492935982947064e-16,1.0,47,18.695604278801746,10.401311215960426
25,Sulawesi Barat,2022-01-01,2022,1,0.0134,3.5,0.0121,37034000.0,3.11,0.576,5701.06,17.0,1.9109,0.0189,0.6098,,,,,,,,,,,,0.49999999999999994,0.8660254037844387,0,17.427346994582113,8.648582792040896
25,Sulawesi Barat,2022-02-01,2022,2,0.0126,3.5,-0.0012,37034000.0,3.11,0.576,5701.06,17.0,1.9109,0.0189,0.6098,0.0134,,,,,3.5,0.0121,,,,,0.8660254037844386,0.5000000000000001,1,17.427346994582113,8.648582792040896
25,Sulawesi Barat,2022-03-01,2022,3,0.0113,3.5,0.0068,37034000.0,2.9816666666666665,0.576,5701.06,17.0,1.9109,0.0189,0.6098,0.0126,0.0134,,,,3.5,-0.0012,,,,,1.0,6.123233995736766e-17,2,17.427346994582113,8.648582792040896
25,Sulawesi Barat,2022-04-01,2022,4,0.0133,3.5,0.0071,37034000.0,2.853333333333333,0.576,5701.06,17.0,1.9109,0.0189,0.6098,0.0113,0.0126,0.0134,,,3.5,0.0068,3.5,0.0121,,,0.8660254037844387,-0.4999999999999998,3,17.427346994582113,8.648582792040896
25,Sulawesi Barat,2022-05-01,2022,5,0.0121,3.5,0.0069,37034000.0,2.725,0.576,5701.06,17.0,1.9109,0.0189,0.6098,0.0133,0.0113,0.0126,,,3.5,0.0071,3.5,-0.0012,,,0.49999999999999994,-0.8660254037844387,4,17.427346994582113,8.648582792040896
25,Sulawesi Barat,2022-06-01,2022,6,0.013,3.5,0.0069,37034000.0,2.5966666666666667,0.576,5701.06,17.0,1.9109,0.0189,0.6098,0.0121,0.0133,0.0113,,,3.5,0.0069,3.5,0.0068,,,1.2246467991473532e-16,-1.0,5,17.427346994582113,8.648582792040896
25,Sulawesi Barat,2022-07-01,2022,7,0.0144,3.5,0.0088,37034000.0,2.4683333333333333,0.576,5701.06,17.0,1.9109,0.0189,0.6098,0.013,0.0121,0.0133,0.0134,,3.5,0.0069,3.5,0.0071,3.5,0.0121,-0.4999999999999997,-0.8660254037844388,6,17.427346994582113,8.648582792040896
25,Sulawesi Barat,2022-08-01,2022,8,0.0131,3.75,-0.0054,37034000.0,2.34,0.576,5701.06,17.0,1.9109,0.0189,0.6098,0.0144,0.013,0.0121,0.0126,,3.5,0.0088,3.5,0.0069,3.5,-0.0012,-0.8660254037844384,-0.5000000000000004,7,17.427346994582113,8.648582792040896
25,Sulawesi Barat,2022-09-01,2022,9,0.0132,4.25,0.0108,37034000.0,2.4566666666666666,0.576,5701.06,17.0,1.9109,0.0189,0.6098,0.0131,0.0144,0.013,0.0113,,3.75,-0.0054,3.5,0.0069,3.5,0.0068,-1.0,-1.8369701987210297e-16,8,17.427346994582113,8.648582792040896
25,Sulawesi Barat,2022-10-01,2022,10,0.0116,4.75,-0.0144,37034000.0,2.5733333333333333,0.576,5701.06,17.0,1.9109,0.0189,0.6098,0.0132,0.0131,0.0144,0.0133,,4.25,0.0108,3.5,0.0088,3.5,0.0071,-0.8660254037844386,0.5000000000000001,9,17.427346994582113,8.648582792040896
25,Sulawesi Barat,2022-11-01,2022,11,0.0127,5.25,0.0042,37034000.0,2.69,0.576,5701.06,17.0,1.9109,0.0189,0.6098,0.0116,0.0132,0.0131,0.0121,,4.75,-0.0144,3.75,-0.0054,3.5,0.0069,-0.5000000000000004,0.8660254037844384,10,17.427346994582113,8.648582792040896
25,Sulawesi Barat,2022-12-01,2022,12,0.0094,5.5,0.0052,37034000.0,2.806666666666666,0.576,5701.06,17.0,1.9109,0.0189,0.6098,0.0127,0.0116,0.0132,0.013,,5.25,0.0042,4.25,0.0108,3.5,0.0069,-2.4492935982947064e-16,1.0,11,17.427346994582113,8.648582792040896
25,Sulawesi Barat,2023-01-01,2023,1,0.0087,5.75,0.0063,39547000.0,2.9233333333333333,0.6078,5884.6,17.0,2.0217,0.0218,0.6244,0.0094,0.0127,0.0116,0.0144,0.0134,5.5,0.0052,4.75,-0.0144,3.5,0.0088,0.49999999999999994,0.8660254037844387,12,17.493000421237106,8.680263968618055
25,Sulawesi Barat,2023-02-01,2023,2,0.0085,5.75,0.0016,39547000.0,3.04,0.6078,5884.6,17.0,2.0217,0.0218,0.6244,0.0087,0.0094,0.0127,0.0131,0.0126,5.75,0.0063,5.25,0.0042,3.75,-0.0054,0.8660254037844386,0.5000000000000001,13,17.493000421237106,8.680263968618055
25,Sulawesi Barat,2023-03-01,2023,3,0.011,5.75,0.0005,39547000.0,2.911666666666666,0.6078,5884.6,17.0,2.0217,0.0218,0.6244,0.0085,0.0087,0.0094,0.0132,0.0113,5.75,0.0016,5.5,0.0052,4.25,0.0108,1.0,6.123233995736766e-17,14,17.493000421237106,8.680263968618055
25,Sulawesi Barat,2023-04-01,2023,4,0.0102,5.75,-0.0018,39547000.0,2.783333333333333,0.6078,5884.6,17.0,2.0217,0.0218,0.6244,0.011,0.0085,0.0087,0.0116,0.0133,5.75,0.0005,5.75,0.0063,4.75,-0.0144,0.8660254037844387,-0.4999999999999998,15,17.493000421237106,8.680263968618055
25,Sulawesi Barat,2023-05-01,2023,5,0.0122,5.75,0.0001,39547000.0,2.655,0.6078,5884.6,17.0,2.0217,0.0218,0.6244,0.0102,0.011,0.0085,0.0127,0.0121,5.75,-0.0018,5.75,0.0016,5.25,0.0042,0.49999999999999994,-0.8660254037844387,16,17.493000421237106,8.680263968618055
25,Sulawesi Barat,2023-06-01,2023,6,0.0124,5.75,0.007,39547000.0,2.526666666666667,0.6078,5884.6,17.0,2.0217,0.0218,0.6244,0.0122,0.0102,0.011,0.0094,0.013,5.75,0.0001,5.75,0.0005,5.5,0.0052,1.2246467991473532e-16,-1.0,17,17.493000421237106,8.680263968618055
25,Sulawesi Barat,2023-07-01,2023,7,0.0142,5.75,-0.0004,39547000.0,2.398333333333333,0.6078,5884.6,17.0,2.0217,0.0218,0.6244,0.0124,0.0122,0.0102,0.0087,0.0144,5.75,0.007,5.75,-0.0018,5.75,0.0063,-0.4999999999999997,-0.8660254037844388,18,17.493000421237106,8.680263968618055
25,Sulawesi Barat,2023-08-01,2023,8,0.011,5.75,0.003,39547000.0,2.27,0.6078,5884.6,17.0,2.0217,0.0218,0.6244,0.0142,0.0124,0.0122,0.0085,0.0131,5.75,-0.0004,5.75,0.0001,5.75,0.0016,-0.8660254037844384,-0.5000000000000004,19,17.493000421237106,8.680263968618055
25,Sulawesi Barat,2023-09-01,2023,9,0.0109,5.75,0.0008,39547000.0,2.395,0.6078,5884.6,17.0,2.0217,0.0218,0.6244,0.011,0.0142,0.0124,0.011,0.0132,5.75,0.003,5.75,0.007,5.75,0.0005,-1.0,-1.8369701987210297e-16,20,17.493000421237106,8.680263968618055
25,Sulawesi Barat,2023-10-01,2023,10,0.0106,6.0,0.0025,39547000.0,2.52,0.6078,5884.6,17.0,2.0217,0.0218,0.6244,0.0109,0.011,0.0142,0.0102,0.0116,5.75,0.0008,5.75,-0.0004,5.75,-0.0018,-0.8660254037844386,0.5000000000000001,21,17.493000421237106,8.680263968618055
25,Sulawesi Barat,2023-11-01,2023,11,0.0088,6.0,-0.0028,39547000.0,2.645,0.6078,5884.6,17.0,2.0217,0.0218,0.6244,0.0106,0.0109,0.011,0.0122,0.0127,6.0,0.0025,5.75,0.003,5.75,0.0001,-0.5000000000000004,0.8660254037844384,22,17.493000421237106,8.680263968618055
25,Sulawesi Barat,2023-12-01,2023,12,0.0073,6.0,0.0014,39547000.0,2.77,0.6078,5884.6,17.0,2.0217,0.0218,0.6244,0.0088,0.0106,0.0109,0.0124,0.0094,6.0,-0.0028,5.75,0.0008,5.75,0.007,-2.4492935982947064e-16,1.0,23,17.493000421237106,8.680263968618055
25,Sulawesi Barat,2024-01-01,2024,1,0.0074,6.0,0.0225,42718000.0,2.895,0.5911,6192.23,17.0,2.0029,0.0215,0.6127,0.0073,0.0088,0.0106,0.0142,0.0087,6.0,0.0014,6.0,0.0025,5.75,-0.0004,0.49999999999999994,0.8660254037844387,24,17.57013095845022,8.731212038953426
25,Sulawesi Barat,2024-02-01,2024,2,0.007,6.0,0.0222,42718000.0,3.02,0.5911,6192.23,17.0,2.0029,0.0215,0.6127,0.0074,0.0073,0.0088,0.011,0.0085,6.0,0.0225,6.0,-0.0028,5.75,0.003,0.8660254037844386,0.5000000000000001,25,17.57013095845022,8.731212038953426
25,Sulawesi Barat,2024-03-01,2024,3,0.006,6.0,0.0276,42718000.0,2.9633333333333334,0.5911,6192.23,17.0,2.0029,0.0215,0.6127,0.007,0.0074,0.0073,0.0109,0.011,6.0,0.0222,6.0,0.0014,5.75,0.0008,1.0,6.123233995736766e-17,26,17.57013095845022,8.731212038953426
25,Sulawesi Barat,2024-04-01,2024,4,0.0057,6.25,0.0202,42718000.0,2.9066666666666667,0.5911,6192.23,17.0,2.0029,0.0215,0.6127,0.006,0.007,0.0074,0.0106,0.0102,6.0,0.0276,6.0,0.0225,6.0,0.0025,0.8660254037844387,-0.4999999999999998,27,17.57013095845022,8.731212038953426
25,Sulawesi Barat,2024-05-01,2024,5,0.0066,6.25,0.0125,42718000.0,2.85,0.5911,6192.23,17.0,2.0029,0.0215,0.6127,0.0057,0.006,0.007,0.0088,0.0122,6.25,0.0202,6.0,0.0222,6.0,-0.0028,0.49999999999999994,-0.8660254037844387,28,17.57013095845022,8.731212038953426
25,Sulawesi Barat,2024-06-01,2024,6,0.0065,6.25,0.0232,42718000.0,2.793333333333333,0.5911,6192.23,17.0,2.0029,0.0215,0.6127,0.0066,0.0057,0.006,0.0073,0.0124,6.25,0.0125,6.0,0.0276,6.0,0.0014,1.2246467991473532e-16,-1.0,29,17.57013095845022,8.731212038953426
25,Sulawesi Barat,2024-07-01,2024,7,0.0068,6.25,0.0208,42718000.0,2.736666666666667,0.5911,6192.23,17.0,2.0029,0.0215,0.6127,0.0065,0.0066,0.0057,0.0074,0.0142,6.25,0.0232,6.25,0.0202,6.0,0.0225,-0.4999999999999997,-0.8660254037844388,30,17.57013095845022,8.731212038953426
25,Sulawesi Barat,2024-08-01,2024,8,0.0067,6.25,0.0159,42718000.0,2.68,0.5911,6192.23,17.0,2.0029,0.0215,0.6127,0.0068,0.0065,0.0066,0.007,0.011,6.25,0.0208,6.25,0.0125,6.0,0.0222,-0.8660254037844384,-0.5000000000000004,31,17.57013095845022,8.731212038953426
25,Sulawesi Barat,2024-09-01,2024,9,0.0068,6.0,0.0205,42718000.0,2.7616666666666667,0.5911,6192.23,17.0,2.0029,0.0215,0.6127,0.0067,0.0068,0.0065,0.006,0.0109,6.25,0.0159,6.25,0.0232,6.0,0.0276,-1.0,-1.8369701987210297e-16,32,17.57013095845022,8.731212038953426
25,Sulawesi Barat,2024-10-01,2024,10,0.0094,6.0,0.0163,42718000.0,2.8433333333333333,0.5911,6192.23,17.0,2.0029,0.0215,0.6127,0.0068,0.0067,0.0068,0.0057,0.0106,6.0,0.0205,6.25,0.0208,6.25,0.0202,-0.8660254037844386,0.5000000000000001,33,17.57013095845022,8.731212038953426
25,Sulawesi Barat,2024-11-01,2024,11,0.0099,6.0,0.0118,42718000.0,2.925,0.5911,6192.23,17.0,2.0029,0.0215,0.6127,0.0094,0.0068,0.0067,0.0066,0.0088,6.0,0.0163,6.25,0.0159,6.25,0.0125,-0.5000000000000004,0.8660254037844384,34,17.57013095845022,8.731212038953426
25,Sulawesi Barat,2024-12-01,2024,12,0.0194,6.0,0.0149,42718000.0,3.006666666666667,0.5911,6192.23,17.0,2.0029,0.0215,0.6127,0.0099,0.0094,0.0068,0.0065,0.0073,6.0,0.0118,6.0,0.0205,6.25,0.0232,-2.4492935982947064e-16,1.0,35,17.57013095845022,8.731212038953426
25,Sulawesi Barat,2025-01-01,2025,1,0.0125,5.75,0.0032,46654000.0,3.0883333333333334,0.5303,6534.58,17.0,1.9292,0.0281,0.6052,0.0194,0.0099,0.0094,0.0068,0.0074,6.0,0.0149,6.0,0.0163,6.25,0.0208,0.49999999999999994,0.8660254037844387,36,17.658269247925027,8.785016374989185
25,Sulawesi Barat,2025-02-01,2025,2,0.0124,5.75,-0.0024,46654000.0,3.17,0.5303,6534.58,17.0,1.9292,0.0281,0.6052,0.0125,0.0194,0.0099,0.0067,0.007,5.75,0.0032,6.0,0.0118,6.25,0.0159,0.8660254037844386,0.5000000000000001,37,17.658269247925027,8.785016374989185
25,Sulawesi Barat,2025-03-01,2025,3,0.0143,5.75,0.0155,46654000.0,3.118333333333333,0.5303,6534.58,17.0,1.9292,0.0281,0.6052,0.0124,0.0125,0.0194,0.0068,0.006,5.75,-0.0024,6.0,0.0149,6.0,0.0205,1.0,6.123233995736766e-17,38,17.658269247925027,8.785016374989185
25,Sulawesi Barat,2025-04-01,2025,4,0.0127,5.75,0.0336,46654000.0,3.0666666666666664,0.5303,6534.58,17.0,1.9292,0.0281,0.6052,0.0143,0.0124,0.0125,0.0094,0.0057,5.75,0.0155,5.75,0.0032,6.0,0.0163,0.8660254037844387,-0.4999999999999998,39,17.658269247925027,8.785016374989185
25,Sulawesi Barat,2025-05-01,2025,5,0.0121,5.75,0.0321,46654000.0,3.015,0.5303,6534.58,17.0,1.9292,0.0281,0.6052,0.0127,0.0143,0.0124,0.0099,0.0066,5.75,0.0336,5.75,-0.0024,6.0,0.0118,0.49999999999999994,-0.8660254037844387,40,17.658269247925027,8.785016374989185
25,Sulawesi Barat,2025-06-01,2025,6,0.0119,5.5,0.0257,46654000.0,2.9633333333333334,0.5303,6534.58,17.0,1.9292,0.0281,0.6052,0.0121,0.0127,0.0143,0.0194,0.0065,5.75,0.0321,5.75,0.0155,6.0,0.0149,1.2246467991473532e-16,-1.0,41,17.658269247925027,8.785016374989185
25,Sulawesi Barat,2025-07-01,2025,7,0.0131,5.25,0.0357,46654000.0,2.911666666666666,0.5303,6534.58,17.0,1.9292,0.0281,0.6052,0.0119,0.0121,0.0127,0.0125,0.0068,5.5,0.0257,5.75,0.0336,5.75,0.0032,-0.4999999999999997,-0.8660254037844388,42,17.658269247925027,8.785016374989185
25,Sulawesi Barat,2025-08-01,2025,8,0.0132,5.0,0.0352,46654000.0,2.86,0.5303,6534.58,17.0,1.9292,0.0281,0.6052,0.0131,0.0119,0.0121,0.0124,0.0067,5.25,0.0357,5.75,0.0321,5.75,-0.0024,-0.8660254037844384,-0.5000000000000004,43,17.658269247925027,8.785016374989185
25,Sulawesi Barat,2025-09-01,2025,9,0.0134,4.75,0.0304,46654000.0,2.86,0.5303,6534.58,17.0,1.9292,0.0281,0.6052,0.0132,0.0131,0.0119,0.0143,0.0068,5.0,0.0352,5.5,0.0257,5.75,0.0155,-1.0,-1.8369701987210297e-16,44,17.658269247925027,8.785016374989185
25,Sulawesi Barat,2025-10-01,2025,10,0.0124,4.75,0.0264,46654000.0,2.86,0.5303,6534.58,17.0,1.9292,0.0281,0.6052,0.0134,0.0132,0.0131,0.0127,0.0094,4.75,0.0304,5.25,0.0357,5.75,0.0336,-0.8660254037844386,0.5000000000000001,45,17.658269247925027,8.785016374989185
25,Sulawesi Barat,2025-11-01,2025,11,0.0125,4.75,0.0256,46654000.0,2.86,0.5303,6534.58,17.0,1.9292,0.0281,0.6052,0.0124,0.0134,0.0132,0.0121,0.0099,4.75,0.0264,5.0,0.0352,5.75,0.0321,-0.5000000000000004,0.8660254037844384,46,17.658269247925027,8.785016374989185
25,Sulawesi Barat,2025-12-01,2025,12,0.011,4.75,0.0248,46654000.0,2.86,0.5303,6534.58,17.0,1.9292,0.0281,0.6052,0.0125,0.0124,0.0134,0.0119,0.0194,4.75,0.0256,4.75,0.0304,5.5,0.0257,-2.4492935982947064e-16,1.0,47,17.658269247925027,8.785016374989185
26,Sulawesi Selatan,2022-01-01,2022,1,0.0219,3.5,0.00604,65353000.0,5.75,0.758,112190.9,135.0,1.2182,0.025,0.4014,,,,,,,,,,,,0.49999999999999994,0.8660254037844387,0,17.99531391893881,11.62796607695136
26,Sulawesi Selatan,2022-02-01,2022,2,0.0164,3.5,-0.00044,65353000.0,5.75,0.758,112190.9,135.0,1.2182,0.025,0.4014,0.0219,,,,,3.5,0.00604,,,,,0.8660254037844386,0.5000000000000001,1,17.99531391893881,11.62796607695136
26,Sulawesi Selatan,2022-03-01,2022,3,0.0132,3.5,0.00744,65353000.0,5.543333333333333,0.758,112190.9,135.0,1.2182,0.025,0.4014,0.0164,0.0219,,,,3.5,-0.00044,,,,,1.0,6.123233995736766e-17,2,17.99531391893881,11.62796607695136
26,Sulawesi Selatan,2022-04-01,2022,4,0.0149,3.5,0.00994,65353000.0,5.336666666666667,0.758,112190.9,135.0,1.2182,0.025,0.4014,0.0132,0.0164,0.0219,,,3.5,0.00744,3.5,0.00604,,,0.8660254037844387,-0.4999999999999998,3,17.99531391893881,11.62796607695136
26,Sulawesi Selatan,2022-05-01,2022,5,0.0155,3.5,0.0068,65353000.0,5.13,0.758,112190.9,135.0,1.2182,0.025,0.4014,0.0149,0.0132,0.0164,,,3.5,0.00994,3.5,-0.00044,,,0.49999999999999994,-0.8660254037844387,4,17.99531391893881,11.62796607695136
26,Sulawesi Selatan,2022-06-01,2022,6,0.0186,3.5,0.00464,65353000.0,4.923333333333333,0.758,112190.9,135.0,1.2182,0.025,0.4014,0.0155,0.0149,0.0132,,,3.5,0.0068,3.5,0.00744,,,1.2246467991473532e-16,-1.0,5,17.99531391893881,11.62796607695136
26,Sulawesi Selatan,2022-07-01,2022,7,0.0238,3.5,0.00698,65353000.0,4.716666666666667,0.758,112190.9,135.0,1.2182,0.025,0.4014,0.0186,0.0155,0.0149,0.0219,,3.5,0.00464,3.5,0.00994,3.5,0.00604,-0.4999999999999997,-0.8660254037844388,6,17.99531391893881,11.62796607695136
26,Sulawesi Selatan,2022-08-01,2022,8,0.0235,3.75,-0.00286,65353000.0,4.51,0.758,112190.9,135.0,1.2182,0.025,0.4014,0.0238,0.0186,0.0155,0.0164,,3.5,0.00698,3.5,0.0068,3.5,-0.00044,-0.8660254037844384,-0.5000000000000004,7,17.99531391893881,11.62796607695136
26,Sulawesi Selatan,2022-09-01,2022,9,0.0234,4.25,0.01206,65353000.0,4.635,0.758,112190.9,135.0,1.2182,0.025,0.4014,0.0235,0.0238,0.0186,0.0132,,3.75,-0.00286,3.5,0.00464,3.5,0.00744,-1.0,-1.8369701987210297e-16,8,17.99531391893881,11.62796607695136
26,Sulawesi Selatan,2022-10-01,2022,10,0.0215,4.75,-0.00384,65353000.0,4.76,0.758,112190.9,135.0,1.2182,0.025,0.4014,0.0234,0.0235,0.0238,0.0149,,4.25,0.01206,3.5,0.00698,3.5,0.00994,-0.8660254037844386,0.5000000000000001,9,17.99531391893881,11.62796607695136
26,Sulawesi Selatan,2022-11-01,2022,11,0.0205,5.25,0.00074,65353000.0,4.885,0.758,112190.9,135.0,1.2182,0.025,0.4014,0.0215,0.0234,0.0235,0.0155,,4.75,-0.00384,3.75,-0.00286,3.5,0.0068,-0.5000000000000004,0.8660254037844384,10,17.99531391893881,11.62796607695136
26,Sulawesi Selatan,2022-12-01,2022,12,0.0199,5.5,0.00582,65353000.0,5.01,0.758,112190.9,135.0,1.2182,0.025,0.4014,0.0205,0.0215,0.0234,0.0186,,5.25,0.00074,4.25,0.01206,3.5,0.00464,-2.4492935982947064e-16,1.0,11,17.99531391893881,11.62796607695136
26,Sulawesi Selatan,2023-01-01,2023,1,0.0183,5.75,0.00524,69710000.0,5.135,0.7613,122158.08,133.0,1.2663,0.0281,0.3858,0.0199,0.0205,0.0215,0.0238,0.0219,5.5,0.00582,4.75,-0.00384,3.5,0.00698,0.49999999999999994,0.8660254037844387,12,18.059854351807726,11.71307940875741
26,Sulawesi Selatan,2023-02-01,2023,2,0.0171,5.75,-0.00078,69710000.0,5.26,0.7613,122158.08,133.0,1.2663,0.0281,0.3858,0.0183,0.0199,0.0205,0.0235,0.0164,5.75,0.00524,5.25,0.00074,3.75,-0.00286,0.8660254037844386,0.5000000000000001,13,18.059854351807726,11.71307940875741
26,Sulawesi Selatan,2023-03-01,2023,3,0.0214,5.75,0.00686,69710000.0,5.105,0.7613,122158.08,133.0,1.2663,0.0281,0.3858,0.0171,0.0183,0.0199,0.0234,0.0132,5.75,-0.00078,5.5,0.00582,4.25,0.01206,1.0,6.123233995736766e-17,14,18.059854351807726,11.71307940875741
26,Sulawesi Selatan,2023-04-01,2023,4,0.0203,5.75,0.0023,69710000.0,4.95,0.7613,122158.08,133.0,1.2663,0.0281,0.3858,0.0214,0.0171,0.0183,0.0215,0.0149,5.75,0.00686,5.75,0.00524,4.75,-0.00384,0.8660254037844387,-0.4999999999999998,15,18.059854351807726,11.71307940875741
26,Sulawesi Selatan,2023-05-01,2023,5,0.0266,5.75,0.00234,69710000.0,4.795,0.7613,122158.08,133.0,1.2663,0.0281,0.3858,0.0203,0.0214,0.0171,0.0205,0.0155,5.75,0.0023,5.75,-0.00078,5.25,0.00074,0.49999999999999994,-0.8660254037844387,16,18.059854351807726,11.71307940875741
26,Sulawesi Selatan,2023-06-01,2023,6,0.0234,5.75,-0.00024,69710000.0,4.64,0.7613,122158.08,133.0,1.2663,0.0281,0.3858,0.0266,0.0203,0.0214,0.0199,0.0186,5.75,0.00234,5.75,0.00686,5.5,0.00582,1.2246467991473532e-16,-1.0,17,18.059854351807726,11.71307940875741
26,Sulawesi Selatan,2023-07-01,2023,7,0.0224,5.75,0.00036,69710000.0,4.485,0.7613,122158.08,133.0,1.2663,0.0281,0.3858,0.0234,0.0266,0.0203,0.0183,0.0238,5.75,-0.00024,5.75,0.0023,5.75,0.00524,-0.4999999999999997,-0.8660254037844388,18,18.059854351807726,11.71307940875741
26,Sulawesi Selatan,2023-08-01,2023,8,0.0177,5.75,-0.00116,69710000.0,4.33,0.7613,122158.08,133.0,1.2663,0.0281,0.3858,0.0224,0.0234,0.0266,0.0171,0.0235,5.75,0.00036,5.75,0.00234,5.75,-0.00078,-0.8660254037844384,-0.5000000000000004,19,18.059854351807726,11.71307940875741
26,Sulawesi Selatan,2023-09-01,2023,9,0.0206,5.75,0.0009,69710000.0,4.425,0.7613,122158.08,133.0,1.2663,0.0281,0.3858,0.0177,0.0224,0.0234,0.0214,0.0234,5.75,-0.00116,5.75,-0.00024,5.75,0.00686,-1.0,-1.8369701987210297e-16,20,18.059854351807726,11.71307940875741
26,Sulawesi Selatan,2023-10-01,2023,10,0.0205,6.0,0.00258,69710000.0,4.5200000000000005,0.7613,122158.08,133.0,1.2663,0.0281,0.3858,0.0206,0.0177,0.0224,0.0203,0.0215,5.75,0.0009,5.75,0.00036,5.75,0.0023,-0.8660254037844386,0.5000000000000001,21,18.059854351807726,11.71307940875741
26,Sulawesi Selatan,2023-11-01,2023,11,0.0186,6.0,0.00154,69710000.0,4.615,0.7613,122158.08,133.0,1.2663,0.0281,0.3858,0.0205,0.0206,0.0177,0.0266,0.0205,6.0,0.00258,5.75,-0.00116,5.75,0.00234,-0.5000000000000004,0.8660254037844384,22,18.059854351807726,11.71307940875741
26,Sulawesi Selatan,2023-12-01,2023,12,0.0179,6.0,0.00572,69710000.0,4.71,0.7613,122158.08,133.0,1.2663,0.0281,0.3858,0.0186,0.0205,0.0206,0.0234,0.0199,6.0,0.00154,5.75,0.0009,5.75,-0.00024,-2.4492935982947064e-16,1.0,23,18.059854351807726,11.71307940875741
26,Sulawesi Selatan,2024-01-01,2024,1,0.0189,6.0,0.0238,73573000.0,4.805000000000001,0.7181,127591.14,132.0,1.2624,0.0269,0.3743,0.0179,0.0186,0.0205,0.0224,0.0183,6.0,0.00572,6.0,0.00258,5.75,0.00036,0.49999999999999994,0.8660254037844387,24,18.113788682159836,11.756594049249465
26,Sulawesi Selatan,2024-02-01,2024,2,0.02,6.0,0.0293,73573000.0,4.9,0.7181,127591.14,132.0,1.2624,0.0269,0.3743,0.0189,0.0179,0.0186,0.0177,0.0171,6.0,0.0238,6.0,0.00154,5.75,-0.00116,0.8660254037844386,0.5000000000000001,25,18.113788682159836,11.756594049249465
26,Sulawesi Selatan,2024-03-01,2024,3,0.0189,6.0,0.0275,73573000.0,4.781666666666667,0.7181,127591.14,132.0,1.2624,0.0269,0.3743,0.02,0.0189,0.0179,0.0206,0.0214,6.0,0.0293,6.0,0.00572,5.75,0.0009,1.0,6.123233995736766e-17,26,18.113788682159836,11.756594049249465
26,Sulawesi Selatan,2024-04-01,2024,4,0.0156,6.25,0.0261,73573000.0,4.663333333333334,0.7181,127591.14,132.0,1.2624,0.0269,0.3743,0.0189,0.02,0.0189,0.0205,0.0203,6.0,0.0275,6.0,0.0238,6.0,0.00258,0.8660254037844387,-0.4999999999999998,27,18.113788682159836,11.756594049249465
26,Sulawesi Selatan,2024-05-01,2024,5,0.0173,6.25,0.0242,73573000.0,4.545,0.7181,127591.14,132.0,1.2624,0.0269,0.3743,0.0156,0.0189,0.02,0.0186,0.0266,6.25,0.0261,6.0,0.0293,6.0,0.00154,0.49999999999999994,-0.8660254037844387,28,18.113788682159836,11.756594049249465
26,Sulawesi Selatan,2024-06-01,2024,6,0.0206,6.25,0.0203,73573000.0,4.426666666666667,0.7181,127591.14,132.0,1.2624,0.0269,0.3743,0.0173,0.0156,0.0189,0.0179,0.0234,6.25,0.0242,6.0,0.0275,6.0,0.00572,1.2246467991473532e-16,-1.0,29,18.113788682159836,11.756594049249465
26,Sulawesi Selatan,2024-07-01,2024,7,0.0186,6.25,0.0174,73573000.0,4.308333333333334,0.7181,127591.14,132.0,1.2624,0.0269,0.3743,0.0206,0.0173,0.0156,0.0189,0.0224,6.25,0.0203,6.25,0.0261,6.0,0.0238,-0.4999999999999997,-0.8660254037844388,30,18.113788682159836,11.756594049249465
26,Sulawesi Selatan,2024-08-01,2024,8,0.0139,6.25,0.0177,73573000.0,4.19,0.7181,127591.14,132.0,1.2624,0.0269,0.3743,0.0186,0.0206,0.0173,0.02,0.0177,6.25,0.0174,6.25,0.0242,6.0,0.0293,-0.8660254037844384,-0.5000000000000004,31,18.113788682159836,11.756594049249465
26,Sulawesi Selatan,2024-09-01,2024,9,0.0148,6.0,0.0167,73573000.0,4.318333333333333,0.7181,127591.14,132.0,1.2624,0.0269,0.3743,0.0139,0.0186,0.0206,0.0189,0.0206,6.25,0.0177,6.25,0.0203,6.0,0.0275,-1.0,-1.8369701987210297e-16,32,18.113788682159836,11.756594049249465
26,Sulawesi Selatan,2024-10-01,2024,10,0.0154,6.0,0.0153,73573000.0,4.446666666666667,0.7181,127591.14,132.0,1.2624,0.0269,0.3743,0.0148,0.0139,0.0186,0.0156,0.0205,6.0,0.0167,6.25,0.0174,6.25,0.0261,-0.8660254037844386,0.5000000000000001,33,18.113788682159836,11.756594049249465
26,Sulawesi Selatan,2024-11-01,2024,11,0.0157,6.0,0.0152,73573000.0,4.575,0.7181,127591.14,132.0,1.2624,0.0269,0.3743,0.0154,0.0148,0.0139,0.0173,0.0186,6.0,0.0153,6.25,0.0177,6.25,0.0242,-0.5000000000000004,0.8660254037844384,34,18.113788682159836,11.756594049249465
26,Sulawesi Selatan,2024-12-01,2024,12,0.0159,6.0,0.0123,73573000.0,4.703333333333333,0.7181,127591.14,132.0,1.2624,0.0269,0.3743,0.0157,0.0154,0.0148,0.0206,0.0179,6.0,0.0152,6.0,0.0167,6.25,0.0203,-2.4492935982947064e-16,1.0,35,18.113788682159836,11.756594049249465
26,Sulawesi Selatan,2025-01-01,2025,1,0.0169,5.75,0.001,78748000.0,4.831666666666667,0.7603,131955.27,132.0,1.2442,0.03,0.3672,0.0159,0.0157,0.0154,0.0186,0.0189,6.0,0.0123,6.0,0.0153,6.25,0.0174,0.49999999999999994,0.8660254037844387,36,18.18176345122085,11.790225858801767
26,Sulawesi Selatan,2025-02-01,2025,2,0.0175,5.75,-0.0109,78748000.0,4.96,0.7603,131955.27,132.0,1.2442,0.03,0.3672,0.0169,0.0159,0.0157,0.0139,0.02,5.75,0.001,6.0,0.0152,6.25,0.0177,0.8660254037844386,0.5000000000000001,37,18.18176345122085,11.790225858801767
26,Sulawesi Selatan,2025-03-01,2025,3,0.0178,5.75,0.0067,78748000.0,4.835,0.7603,131955.27,132.0,1.2442,0.03,0.3672,0.0175,0.0169,0.0159,0.0148,0.0189,5.75,-0.0109,6.0,0.0123,6.0,0.0167,1.0,6.123233995736766e-17,38,18.18176345122085,11.790225858801767
26,Sulawesi Selatan,2025-04-01,2025,4,0.0182,5.75,0.0228,78748000.0,4.71,0.7603,131955.27,132.0,1.2442,0.03,0.3672,0.0178,0.0175,0.0169,0.0154,0.0156,5.75,0.0067,5.75,0.001,6.0,0.0153,0.8660254037844387,-0.4999999999999998,39,18.18176345122085,11.790225858801767
26,Sulawesi Selatan,2025-05-01,2025,5,0.019,5.75,0.0204,78748000.0,4.585,0.7603,131955.27,132.0,1.2442,0.03,0.3672,0.0182,0.0178,0.0175,0.0157,0.0173,5.75,0.0228,5.75,-0.0109,6.0,0.0152,0.49999999999999994,-0.8660254037844387,40,18.18176345122085,11.790225858801767
26,Sulawesi Selatan,2025-06-01,2025,6,0.0167,5.5,0.0224,78748000.0,4.46,0.7603,131955.27,132.0,1.2442,0.03,0.3672,0.019,0.0182,0.0178,0.0159,0.0206,5.75,0.0204,5.75,0.0067,6.0,0.0123,1.2246467991473532e-16,-1.0,41,18.18176345122085,11.790225858801767
26,Sulawesi Selatan,2025-07-01,2025,7,0.0159,5.25,0.0305,78748000.0,4.335,0.7603,131955.27,132.0,1.2442,0.03,0.3672,0.0167,0.019,0.0182,0.0169,0.0186,5.5,0.0224,5.75,0.0228,5.75,0.001,-0.4999999999999997,-0.8660254037844388,42,18.18176345122085,11.790225858801767
26,Sulawesi Selatan,2025-08-01,2025,8,0.0153,5.0,0.0312,78748000.0,4.21,0.7603,131955.27,132.0,1.2442,0.03,0.3672,0.0159,0.0167,0.019,0.0175,0.0139,5.25,0.0305,5.75,0.0204,5.75,-0.0109,-0.8660254037844384,-0.5000000000000004,43,18.18176345122085,11.790225858801767
26,Sulawesi Selatan,2025-09-01,2025,9,0.0156,4.75,0.0303,78748000.0,4.21,0.7603,131955.27,132.0,1.2442,0.03,0.3672,0.0153,0.0159,0.0167,0.0178,0.0148,5.0,0.0312,5.5,0.0224,5.75,0.0067,-1.0,-1.8369701987210297e-16,44,18.18176345122085,11.790225858801767
26,Sulawesi Selatan,2025-10-01,2025,10,0.0157,4.75,0.0298,78748000.0,4.21,0.7603,131955.27,132.0,1.2442,0.03,0.3672,0.0156,0.0153,0.0159,0.0182,0.0154,4.75,0.0303,5.25,0.0305,5.75,0.0228,-0.8660254037844386,0.5000000000000001,45,18.18176345122085,11.790225858801767
26,Sulawesi Selatan,2025-11-01,2025,11,0.017,4.75,0.0273,78748000.0,4.21,0.7603,131955.27,132.0,1.2442,0.03,0.3672,0.0157,0.0156,0.0153,0.019,0.0157,4.75,0.0298,5.0,0.0312,5.75,0.0204,-0.5000000000000004,0.8660254037844384,46,18.18176345122085,11.790225858801767
26,Sulawesi Selatan,2025-12-01,2025,12,0.0167,4.75,0.0284,78748000.0,4.21,0.7603,131955.27,132.0,1.2442,0.03,0.3672,0.017,0.0157,0.0156,0.0167,0.0159,4.75,0.0273,4.75,0.0303,5.5,0.0224,-2.4492935982947064e-16,1.0,47,18.18176345122085,11.790225858801767
27,Sulawesi Tenggara,2022-01-01,2022,1,0.0136,3.5,0.00715,58715000.0,3.86,0.736,29600.6,41.0,1.2209,0.0148,0.1509,,,,,,,,,,,,0.49999999999999994,0.8660254037844387,0,17.888205805812742,10.295583692905337
27,Sulawesi Tenggara,2022-02-01,2022,2,0.0113,3.5,0.0003,58715000.0,3.86,0.736,29600.6,41.0,1.2209,0.0148,0.1509,0.0136,,,,,3.5,0.00715,,,,,0.8660254037844386,0.5000000000000001,1,17.888205805812742,10.295583692905337
27,Sulawesi Tenggara,2022-03-01,2022,3,0.0109,3.5,0.0044,58715000.0,3.7766666666666655,0.736,29600.6,41.0,1.2209,0.0148,0.1509,0.0113,0.0136,,,,3.5,0.0003,,,,,1.0,6.123233995736766e-17,2,17.888205805812742,10.295583692905337
27,Sulawesi Tenggara,2022-04-01,2022,4,0.0115,3.5,0.0146,58715000.0,3.693333333333333,0.736,29600.6,41.0,1.2209,0.0148,0.1509,0.0109,0.0113,0.0136,,,3.5,0.0044,3.5,0.00715,,,0.8660254037844387,-0.4999999999999998,3,17.888205805812742,10.295583692905337
27,Sulawesi Tenggara,2022-05-01,2022,5,0.0101,3.5,0.0102,58715000.0,3.61,0.736,29600.6,41.0,1.2209,0.0148,0.1509,0.0115,0.0109,0.0113,,,3.5,0.0146,3.5,0.0003,,,0.49999999999999994,-0.8660254037844387,4,17.888205805812742,10.295583692905337
27,Sulawesi Tenggara,2022-06-01,2022,6,0.0109,3.5,0.0018,58715000.0,3.5266666666666664,0.736,29600.6,41.0,1.2209,0.0148,0.1509,0.0101,0.0115,0.0109,,,3.5,0.0102,3.5,0.0044,,,1.2246467991473532e-16,-1.0,5,17.888205805812742,10.295583692905337
27,Sulawesi Tenggara,2022-07-01,2022,7,0.0125,3.5,0.0185,58715000.0,3.4433333333333334,0.736,29600.6,41.0,1.2209,0.0148,0.1509,0.0109,0.0101,0.0115,0.0136,,3.5,0.0018,3.5,0.0146,3.5,0.00715,-0.4999999999999997,-0.8660254037844388,6,17.888205805812742,10.295583692905337
27,Sulawesi Tenggara,2022-08-01,2022,8,0.0128,3.75,-0.00175,58715000.0,3.36,0.736,29600.6,41.0,1.2209,0.0148,0.1509,0.0125,0.0109,0.0101,0.0113,,3.5,0.0185,3.5,0.0102,3.5,0.0003,-0.8660254037844384,-0.5000000000000004,7,17.888205805812742,10.295583692905337
27,Sulawesi Tenggara,2022-09-01,2022,9,0.0142,4.25,0.0045,58715000.0,3.41,0.736,29600.6,41.0,1.2209,0.0148,0.1509,0.0128,0.0125,0.0109,0.0109,,3.75,-0.00175,3.5,0.0018,3.5,0.0044,-1.0,-1.8369701987210297e-16,8,17.888205805812742,10.295583692905337
27,Sulawesi Tenggara,2022-10-01,2022,10,0.0093,4.75,0.00185,58715000.0,3.46,0.736,29600.6,41.0,1.2209,0.0148,0.1509,0.0142,0.0128,0.0125,0.0115,,4.25,0.0045,3.5,0.0185,3.5,0.0146,-0.8660254037844386,0.5000000000000001,9,17.888205805812742,10.295583692905337
27,Sulawesi Tenggara,2022-11-01,2022,11,0.0093,5.25,0.00325,58715000.0,3.51,0.736,29600.6,41.0,1.2209,0.0148,0.1509,0.0093,0.0142,0.0128,0.0101,,4.75,0.00185,3.75,-0.00175,3.5,0.0102,-0.5000000000000004,0.8660254037844384,10,17.888205805812742,10.295583692905337
27,Sulawesi Tenggara,2022-12-01,2022,12,0.009,5.5,0.0101,58715000.0,3.56,0.736,29600.6,41.0,1.2209,0.0148,0.1509,0.0093,0.0093,0.0142,0.0109,,5.25,0.00325,4.25,0.0045,3.5,0.0018,-2.4492935982947064e-16,1.0,11,17.888205805812742,10.295583692905337
27,Sulawesi Tenggara,2023-01-01,2023,1,0.0089,5.75,-0.00335,64088000.0,3.61,0.7392,30234.6,44.0,1.1837,0.0162,0.1553,0.009,0.0093,0.0093,0.0125,0.0136,5.5,0.0101,4.75,0.00185,3.5,0.0185,0.49999999999999994,0.8660254037844387,12,17.975767712480636,10.31677531706143
27,Sulawesi Tenggara,2023-02-01,2023,2,0.009,5.75,-0.00215,64088000.0,3.66,0.7392,30234.6,44.0,1.1837,0.0162,0.1553,0.0089,0.009,0.0093,0.0128,0.0113,5.75,-0.00335,5.25,0.00325,3.75,-0.00175,0.8660254037844386,0.5000000000000001,13,17.975767712480636,10.31677531706143
27,Sulawesi Tenggara,2023-03-01,2023,3,0.009,5.75,0.00365,64088000.0,3.575,0.7392,30234.6,44.0,1.1837,0.0162,0.1553,0.009,0.0089,0.009,0.0142,0.0109,5.75,-0.00215,5.5,0.0101,4.25,0.0045,1.0,6.123233995736766e-17,14,17.975767712480636,10.31677531706143
27,Sulawesi Tenggara,2023-04-01,2023,4,0.0078,5.75,0.00365,64088000.0,3.49,0.7392,30234.6,44.0,1.1837,0.0162,0.1553,0.009,0.009,0.0089,0.0093,0.0115,5.75,0.00365,5.75,-0.00335,4.75,0.00185,0.8660254037844387,-0.4999999999999998,15,17.975767712480636,10.31677531706143
27,Sulawesi Tenggara,2023-05-01,2023,5,0.0105,5.75,0.00775,64088000.0,3.405,0.7392,30234.6,44.0,1.1837,0.0162,0.1553,0.0078,0.009,0.009,0.0093,0.0101,5.75,0.00365,5.75,-0.00215,5.25,0.00325,0.49999999999999994,-0.8660254037844387,16,17.975767712480636,10.31677531706143
27,Sulawesi Tenggara,2023-06-01,2023,6,0.0107,5.75,0.00115,64088000.0,3.32,0.7392,30234.6,44.0,1.1837,0.0162,0.1553,0.0105,0.0078,0.009,0.009,0.0109,5.75,0.00775,5.75,0.00365,5.5,0.0101,1.2246467991473532e-16,-1.0,17,17.975767712480636,10.31677531706143
27,Sulawesi Tenggara,2023-07-01,2023,7,0.0134,5.75,0.0042,64088000.0,3.235,0.7392,30234.6,44.0,1.1837,0.0162,0.1553,0.0107,0.0105,0.0078,0.0089,0.0125,5.75,0.00115,5.75,0.00365,5.75,-0.00335,-0.4999999999999997,-0.8660254037844388,18,17.975767712480636,10.31677531706143
27,Sulawesi Tenggara,2023-08-01,2023,8,0.0088,5.75,0.00215,64088000.0,3.15,0.7392,30234.6,44.0,1.1837,0.0162,0.1553,0.0134,0.0107,0.0105,0.009,0.0128,5.75,0.0042,5.75,0.00775,5.75,-0.00215,-0.8660254037844384,-0.5000000000000004,19,17.975767712480636,10.31677531706143
27,Sulawesi Tenggara,2023-09-01,2023,9,0.0087,5.75,0.0033,64088000.0,3.161666666666666,0.7392,30234.6,44.0,1.1837,0.0162,0.1553,0.0088,0.0134,0.0107,0.009,0.0142,5.75,0.00215,5.75,0.00115,5.75,0.00365,-1.0,-1.8369701987210297e-16,20,17.975767712480636,10.31677531706143
27,Sulawesi Tenggara,2023-10-01,2023,10,0.0094,6.0,-0.0014,64088000.0,3.1733333333333333,0.7392,30234.6,44.0,1.1837,0.0162,0.1553,0.0087,0.0088,0.0134,0.0078,0.0093,5.75,0.0033,5.75,0.0042,5.75,0.00365,-0.8660254037844386,0.5000000000000001,21,17.975767712480636,10.31677531706143
27,Sulawesi Tenggara,2023-11-01,2023,11,0.0092,6.0,-0.00035,64088000.0,3.185,0.7392,30234.6,44.0,1.1837,0.0162,0.1553,0.0094,0.0087,0.0088,0.0105,0.0093,6.0,-0.0014,5.75,0.00215,5.75,0.00775,-0.5000000000000004,0.8660254037844384,22,17.975767712480636,10.31677531706143
27,Sulawesi Tenggara,2023-12-01,2023,12,0.0091,6.0,0.0066,64088000.0,3.1966666666666668,0.7392,30234.6,44.0,1.1837,0.0162,0.1553,0.0092,0.0094,0.0087,0.0107,0.009,6.0,-0.00035,5.75,0.0033,5.75,0.00115,-2.4492935982947064e-16,1.0,23,17.975767712480636,10.31677531706143
27,Sulawesi Tenggara,2024-01-01,2024,1,0.0087,6.0,0.0246,67840000.0,3.208333333333333,0.6505,31624.72,44.0,1.2698,0.0163,0.1265,0.0091,0.0092,0.0094,0.0134,0.0089,6.0,0.0066,6.0,-0.0014,5.75,0.0042,0.49999999999999994,0.8660254037844387,24,18.032662564188488,10.361725992569081
27,Sulawesi Tenggara,2024-02-01,2024,2,0.0092,6.0,0.029,67840000.0,3.22,0.6505,31624.72,44.0,1.2698,0.0163,0.1265,0.0087,0.0091,0.0092,0.0088,0.009,6.0,0.0246,6.0,-0.00035,5.75,0.00215,0.8660254037844386,0.5000000000000001,25,18.032662564188488,10.361725992569081
27,Sulawesi Tenggara,2024-03-01,2024,3,0.0077,6.0,0.0293,67840000.0,3.1983333333333333,0.6505,31624.72,44.0,1.2698,0.0163,0.1265,0.0092,0.0087,0.0091,0.0087,0.009,6.0,0.029,6.0,0.0066,5.75,0.0033,1.0,6.123233995736766e-17,26,18.032662564188488,10.361725992569081
27,Sulawesi Tenggara,2024-04-01,2024,4,0.0115,6.25,0.0293,67840000.0,3.1766666666666667,0.6505,31624.72,44.0,1.2698,0.0163,0.1265,0.0077,0.0092,0.0087,0.0094,0.0078,6.0,0.0293,6.0,0.0246,6.0,-0.0014,0.8660254037844387,-0.4999999999999998,27,18.032662564188488,10.361725992569081
27,Sulawesi Tenggara,2024-05-01,2024,5,0.0291,6.25,0.0257,67840000.0,3.155,0.6505,31624.72,44.0,1.2698,0.0163,0.1265,0.0115,0.0077,0.0092,0.0092,0.0105,6.25,0.0293,6.0,0.029,6.0,-0.00035,0.49999999999999994,-0.8660254037844387,28,18.032662564188488,10.361725992569081
27,Sulawesi Tenggara,2024-06-01,2024,6,0.0242,6.25,0.0235,67840000.0,3.1333333333333333,0.6505,31624.72,44.0,1.2698,0.0163,0.1265,0.0291,0.0115,0.0077,0.0091,0.0107,6.25,0.0257,6.0,0.0293,6.0,0.0066,1.2246467991473532e-16,-1.0,29,18.032662564188488,10.361725992569081
27,Sulawesi Tenggara,2024-07-01,2024,7,0.0225,6.25,0.0173,67840000.0,3.1116666666666664,0.6505,31624.72,44.0,1.2698,0.0163,0.1265,0.0242,0.0291,0.0115,0.0087,0.0134,6.25,0.0235,6.25,0.0293,6.0,0.0246,-0.4999999999999997,-0.8660254037844388,30,18.032662564188488,10.361725992569081
27,Sulawesi Tenggara,2024-08-01,2024,8,0.0218,6.25,0.0162,67840000.0,3.09,0.6505,31624.72,44.0,1.2698,0.0163,0.1265,0.0225,0.0242,0.0291,0.0092,0.0088,6.25,0.0173,6.25,0.0257,6.0,0.029,-0.8660254037844384,-0.5000000000000004,31,18.032662564188488,10.361725992569081
27,Sulawesi Tenggara,2024-09-01,2024,9,0.0165,6.0,0.0106,67840000.0,3.12,0.6505,31624.72,44.0,1.2698,0.0163,0.1265,0.0218,0.0225,0.0242,0.0077,0.0087,6.25,0.0162,6.25,0.0235,6.0,0.0293,-1.0,-1.8369701987210297e-16,32,18.032662564188488,10.361725992569081
27,Sulawesi Tenggara,2024-10-01,2024,10,0.0184,6.0,0.0071,67840000.0,3.15,0.6505,31624.72,44.0,1.2698,0.0163,0.1265,0.0165,0.0218,0.0225,0.0115,0.0094,6.0,0.0106,6.25,0.0173,6.25,0.0293,-0.8660254037844386,0.5000000000000001,33,18.032662564188488,10.361725992569081
27,Sulawesi Tenggara,2024-11-01,2024,11,0.0174,6.0,0.0105,67840000.0,3.18,0.6505,31624.72,44.0,1.2698,0.0163,0.1265,0.0184,0.0165,0.0218,0.0291,0.0092,6.0,0.0071,6.25,0.0162,6.25,0.0257,-0.5000000000000004,0.8660254037844384,34,18.032662564188488,10.361725992569081
27,Sulawesi Tenggara,2024-12-01,2024,12,0.0142,6.0,0.0105,67840000.0,3.21,0.6505,31624.72,44.0,1.2698,0.0163,0.1265,0.0174,0.0184,0.0165,0.0242,0.0091,6.0,0.0105,6.0,0.0106,6.25,0.0235,-2.4492935982947064e-16,1.0,35,18.032662564188488,10.361725992569081
27,Sulawesi Tenggara,2025-01-01,2025,1,0.0153,5.75,-0.0039,72031000.0,3.24,0.7382,30892.8,44.0,1.3153,0.0192,0.1288,0.0142,0.0174,0.0184,0.0225,0.0087,6.0,0.0105,6.0,0.0071,6.25,0.0173,0.49999999999999994,0.8660254037844387,36,18.09260715375635,10.338310795504293
27,Sulawesi Tenggara,2025-02-01,2025,2,0.0144,5.75,-0.0022,72031000.0,3.27,0.7382,30892.8,44.0,1.3153,0.0192,0.1288,0.0153,0.0142,0.0174,0.0218,0.0092,5.75,-0.0039,6.0,0.0105,6.25,0.0162,0.8660254037844386,0.5000000000000001,37,18.09260715375635,10.338310795504293
27,Sulawesi Tenggara,2025-03-01,2025,3,0.0148,5.75,0.0153,72031000.0,3.276666666666667,0.7382,30892.8,44.0,1.3153,0.0192,0.1288,0.0144,0.0153,0.0142,0.0165,0.0077,5.75,-0.0022,6.0,0.0105,6.0,0.0106,1.0,6.123233995736766e-17,38,18.09260715375635,10.338310795504293
27,Sulawesi Tenggara,2025-04-01,2025,4,0.0159,5.75,0.0196,72031000.0,3.283333333333333,0.7382,30892.8,44.0,1.3153,0.0192,0.1288,0.0148,0.0144,0.0153,0.0184,0.0115,5.75,0.0153,5.75,-0.0039,6.0,0.0071,0.8660254037844387,-0.4999999999999998,39,18.09260715375635,10.338310795504293
27,Sulawesi Tenggara,2025-05-01,2025,5,0.0159,5.75,0.0171,72031000.0,3.29,0.7382,30892.8,44.0,1.3153,0.0192,0.1288,0.0159,0.0148,0.0144,0.0174,0.0291,5.75,0.0196,5.75,-0.0022,6.0,0.0105,0.49999999999999994,-0.8660254037844387,40,18.09260715375635,10.338310795504293
27,Sulawesi Tenggara,2025-06-01,2025,6,0.0144,5.5,0.0252,72031000.0,3.296666666666667,0.7382,30892.8,44.0,1.3153,0.0192,0.1288,0.0159,0.0159,0.0148,0.0142,0.0242,5.75,0.0171,5.75,0.0153,6.0,0.0105,1.2246467991473532e-16,-1.0,41,18.09260715375635,10.338310795504293
27,Sulawesi Tenggara,2025-07-01,2025,7,0.0148,5.25,0.0372,72031000.0,3.303333333333333,0.7382,30892.8,44.0,1.3153,0.0192,0.1288,0.0144,0.0159,0.0159,0.0153,0.0225,5.5,0.0252,5.75,0.0196,5.75,-0.0039,-0.4999999999999997,-0.8660254037844388,42,18.09260715375635,10.338310795504293
27,Sulawesi Tenggara,2025-08-01,2025,8,0.0143,5.0,0.0375,72031000.0,3.31,0.7382,30892.8,44.0,1.3153,0.0192,0.1288,0.0148,0.0144,0.0159,0.0144,0.0218,5.25,0.0372,5.75,0.0171,5.75,-0.0022,-0.8660254037844384,-0.5000000000000004,43,18.09260715375635,10.338310795504293
27,Sulawesi Tenggara,2025-09-01,2025,9,0.0139,4.75,0.0368,72031000.0,3.31,0.7382,30892.8,44.0,1.3153,0.0192,0.1288,0.0143,0.0148,0.0144,0.0148,0.0165,5.0,0.0375,5.5,0.0252,5.75,0.0153,-1.0,-1.8369701987210297e-16,44,18.09260715375635,10.338310795504293
27,Sulawesi Tenggara,2025-10-01,2025,10,0.0142,4.75,0.0326,72031000.0,3.31,0.7382,30892.8,44.0,1.3153,0.0192,0.1288,0.0139,0.0143,0.0148,0.0159,0.0184,4.75,0.0368,5.25,0.0372,5.75,0.0196,-0.8660254037844386,0.5000000000000001,45,18.09260715375635,10.338310795504293
27,Sulawesi Tenggara,2025-11-01,2025,11,0.015,4.75,0.0294,72031000.0,3.31,0.7382,30892.8,44.0,1.3153,0.0192,0.1288,0.0142,0.0139,0.0143,0.0159,0.0174,4.75,0.0326,5.0,0.0375,5.75,0.0171,-0.5000000000000004,0.8660254037844384,46,18.09260715375635,10.338310795504293
27,Sulawesi Tenggara,2025-12-01,2025,12,0.0148,4.75,0.0286,72031000.0,3.31,0.7382,30892.8,44.0,1.3153,0.0192,0.1288,0.015,0.0142,0.0139,0.0144,0.0142,4.75,0.0294,4.75,0.0368,5.5,0.0252,-2.4492935982947064e-16,1.0,47,18.09260715375635,10.338310795504293
28,Bali,2022-01-01,2022,1,0.0214,3.5,0.0086,56093000.0,4.84,0.734,117121.56,88.0,0.7413,0.024,0.5277,,,,,,,,,,,,0.49999999999999994,0.8660254037844387,0,17.84252160335154,11.670976186879756
28,Bali,2022-02-01,2022,2,0.021,3.5,-0.006,56093000.0,4.84,0.734,117121.56,88.0,0.7413,0.024,0.5277,0.0214,,,,,3.5,0.0086,,,,,0.8660254037844386,0.5000000000000001,1,17.84252160335154,11.670976186879756
28,Bali,2022-03-01,2022,3,0.0193,3.5,0.0106,56093000.0,4.833333333333333,0.734,117121.56,88.0,0.7413,0.024,0.5277,0.021,0.0214,,,,3.5,-0.006,,,,,1.0,6.123233995736766e-17,2,17.84252160335154,11.670976186879756
28,Bali,2022-04-01,2022,4,0.0182,3.5,0.00955,56093000.0,4.826666666666666,0.734,117121.56,88.0,0.7413,0.024,0.5277,0.0193,0.021,0.0214,,,3.5,0.0106,3.5,0.0086,,,0.8660254037844387,-0.4999999999999998,3,17.84252160335154,11.670976186879756
28,Bali,2022-05-01,2022,5,0.0166,3.5,0.00655,56093000.0,4.82,0.734,117121.56,88.0,0.7413,0.024,0.5277,0.0182,0.0193,0.021,,,3.5,0.00955,3.5,-0.006,,,0.49999999999999994,-0.8660254037844387,4,17.84252160335154,11.670976186879756
28,Bali,2022-06-01,2022,6,0.0187,3.5,0.0146,56093000.0,4.8133333333333335,0.734,117121.56,88.0,0.7413,0.024,0.5277,0.0166,0.0182,0.0193,,,3.5,0.00655,3.5,0.0106,,,1.2246467991473532e-16,-1.0,5,17.84252160335154,11.670976186879756
28,Bali,2022-07-01,2022,7,0.0203,3.5,0.0072,56093000.0,4.806666666666667,0.734,117121.56,88.0,0.7413,0.024,0.5277,0.0187,0.0166,0.0182,0.0214,,3.5,0.0146,3.5,0.00955,3.5,0.0086,-0.4999999999999997,-0.8660254037844388,6,17.84252160335154,11.670976186879756
28,Bali,2022-08-01,2022,8,0.0216,3.75,-0.0076,56093000.0,4.8,0.734,117121.56,88.0,0.7413,0.024,0.5277,0.0203,0.0187,0.0166,0.021,,3.5,0.0072,3.5,0.00655,3.5,-0.006,-0.8660254037844384,-0.5000000000000004,7,17.84252160335154,11.670976186879756
28,Bali,2022-09-01,2022,9,0.0205,4.25,0.00455,56093000.0,4.621666666666666,0.734,117121.56,88.0,0.7413,0.024,0.5277,0.0216,0.0203,0.0187,0.0193,,3.75,-0.0076,3.5,0.0146,3.5,0.0106,-1.0,-1.8369701987210297e-16,8,17.84252160335154,11.670976186879756
28,Bali,2022-10-01,2022,10,0.0191,4.75,-0.001,56093000.0,4.443333333333333,0.734,117121.56,88.0,0.7413,0.024,0.5277,0.0205,0.0216,0.0203,0.0182,,4.25,0.00455,3.5,0.0072,3.5,0.00955,-0.8660254037844386,0.5000000000000001,9,17.84252160335154,11.670976186879756
28,Bali,2022-11-01,2022,11,0.0161,5.25,0.0019,56093000.0,4.265,0.734,117121.56,88.0,0.7413,0.024,0.5277,0.0191,0.0205,0.0216,0.0166,,4.75,-0.001,3.75,-0.0076,3.5,0.00655,-0.5000000000000004,0.8660254037844384,10,17.84252160335154,11.670976186879756
28,Bali,2022-12-01,2022,12,0.0148,5.5,0.00525,56093000.0,4.086666666666667,0.734,117121.56,88.0,0.7413,0.024,0.5277,0.0161,0.0191,0.0205,0.0187,,5.25,0.0019,4.25,0.00455,3.5,0.0146,-2.4492935982947064e-16,1.0,11,17.84252160335154,11.670976186879756
28,Bali,2023-01-01,2023,1,0.0142,5.75,0.00785,62299000.0,3.908333333333333,0.8088,139257.66,85.0,0.6625,0.0159,0.543,0.0148,0.0161,0.0191,0.0203,0.0214,5.5,0.00525,4.75,-0.001,3.5,0.0072,0.49999999999999994,0.8660254037844387,12,17.94745594831611,11.844088346161
28,Bali,2023-02-01,2023,2,0.0127,5.75,0.00165,62299000.0,3.73,0.8088,139257.66,85.0,0.6625,0.0159,0.543,0.0142,0.0148,0.0161,0.0216,0.021,5.75,0.00785,5.25,0.0019,3.75,-0.0076,0.8660254037844386,0.5000000000000001,13,17.94745594831611,11.844088346161
28,Bali,2023-03-01,2023,3,0.0145,5.75,0.00225,62299000.0,3.556666666666666,0.8088,139257.66,85.0,0.6625,0.0159,0.543,0.0127,0.0142,0.0148,0.0205,0.0193,5.75,0.00165,5.5,0.00525,4.25,0.00455,1.0,6.123233995736766e-17,14,17.94745594831611,11.844088346161
28,Bali,2023-04-01,2023,4,0.012,5.75,-0.0008,62299000.0,3.3833333333333333,0.8088,139257.66,85.0,0.6625,0.0159,0.543,0.0145,0.0127,0.0142,0.0191,0.0182,5.75,0.00225,5.75,0.00785,4.75,-0.001,0.8660254037844387,-0.4999999999999998,15,17.94745594831611,11.844088346161
28,Bali,2023-05-01,2023,5,0.0152,5.75,0.00355,62299000.0,3.21,0.8088,139257.66,85.0,0.6625,0.0159,0.543,0.012,0.0145,0.0127,0.0161,0.0166,5.75,-0.0008,5.75,0.00165,5.25,0.0019,0.49999999999999994,-0.8660254037844387,16,17.94745594831611,11.844088346161
28,Bali,2023-06-01,2023,6,0.014,5.75,0.0007,62299000.0,3.036666666666666,0.8088,139257.66,85.0,0.6625,0.0159,0.543,0.0152,0.012,0.0145,0.0148,0.0187,5.75,0.00355,5.75,0.00225,5.5,0.00525,1.2246467991473532e-16,-1.0,17,17.94745594831611,11.844088346161
28,Bali,2023-07-01,2023,7,0.0156,5.75,0.00305,62299000.0,2.8633333333333333,0.8088,139257.66,85.0,0.6625,0.0159,0.543,0.014,0.0152,0.012,0.0142,0.0203,5.75,0.0007,5.75,-0.0008,5.75,0.00785,-0.4999999999999997,-0.8660254037844388,18,17.94745594831611,11.844088346161
28,Bali,2023-08-01,2023,8,0.0132,5.75,0.0024,62299000.0,2.69,0.8088,139257.66,85.0,0.6625,0.0159,0.543,0.0156,0.014,0.0152,0.0127,0.0216,5.75,0.00305,5.75,0.00355,5.75,0.00165,-0.8660254037844384,-0.5000000000000004,19,17.94745594831611,11.844088346161
28,Bali,2023-09-01,2023,9,0.0103,5.75,-0.0004,62299000.0,2.553333333333333,0.8088,139257.66,85.0,0.6625,0.0159,0.543,0.0132,0.0156,0.014,0.0145,0.0205,5.75,0.0024,5.75,0.0007,5.75,0.00225,-1.0,-1.8369701987210297e-16,20,17.94745594831611,11.844088346161
28,Bali,2023-10-01,2023,10,0.0158,6.0,0.00295,62299000.0,2.4166666666666665,0.8088,139257.66,85.0,0.6625,0.0159,0.543,0.0103,0.0132,0.0156,0.012,0.0191,5.75,-0.0004,5.75,0.00305,5.75,-0.0008,-0.8660254037844386,0.5000000000000001,21,17.94745594831611,11.844088346161
28,Bali,2023-11-01,2023,11,0.0153,6.0,0.006,62299000.0,2.28,0.8088,139257.66,85.0,0.6625,0.0159,0.543,0.0158,0.0103,0.0132,0.0152,0.0161,6.0,0.00295,5.75,0.0024,5.75,0.00355,-0.5000000000000004,0.8660254037844384,22,17.94745594831611,11.844088346161
28,Bali,2023-12-01,2023,12,0.0178,6.0,0.0046,62299000.0,2.143333333333333,0.8088,139257.66,85.0,0.6625,0.0159,0.543,0.0153,0.0158,0.0103,0.014,0.0148,6.0,0.006,5.75,-0.0004,5.75,0.0007,-2.4492935982947064e-16,1.0,23,17.94745594831611,11.844088346161
28,Bali,2024-01-01,2024,1,0.0163,6.0,0.0261,67318000.0,2.006666666666667,0.8547,159657.68,87.0,0.6223,0.0131,0.5419,0.0178,0.0153,0.0158,0.0156,0.0142,6.0,0.0046,6.0,0.00295,5.75,0.00305,0.49999999999999994,0.8660254037844387,24,18.02493823284719,11.98079356559703
28,Bali,2024-02-01,2024,2,0.017,6.0,0.0298,67318000.0,1.87,0.8547,159657.68,87.0,0.6223,0.0131,0.5419,0.0163,0.0178,0.0153,0.0132,0.0127,6.0,0.0261,6.0,0.006,5.75,0.0024,0.8660254037844386,0.5000000000000001,25,18.02493823284719,11.98079356559703
28,Bali,2024-03-01,2024,3,0.0177,6.0,0.0367,67318000.0,1.856666666666667,0.8547,159657.68,87.0,0.6223,0.0131,0.5419,0.017,0.0163,0.0178,0.0103,0.0145,6.0,0.0298,6.0,0.0046,5.75,-0.0004,1.0,6.123233995736766e-17,26,18.02493823284719,11.98079356559703
28,Bali,2024-04-01,2024,4,0.0134,6.25,0.0402,67318000.0,1.8433333333333333,0.8547,159657.68,87.0,0.6223,0.0131,0.5419,0.0177,0.017,0.0163,0.0158,0.012,6.0,0.0367,6.0,0.0261,6.0,0.00295,0.8660254037844387,-0.4999999999999998,27,18.02493823284719,11.98079356559703
28,Bali,2024-05-01,2024,5,0.0143,6.25,0.0354,67318000.0,1.83,0.8547,159657.68,87.0,0.6223,0.0131,0.5419,0.0134,0.0177,0.017,0.0153,0.0152,6.25,0.0402,6.0,0.0298,6.0,0.006,0.49999999999999994,-0.8660254037844387,28,18.02493823284719,11.98079356559703
28,Bali,2024-06-01,2024,6,0.0156,6.25,0.0271,67318000.0,1.8166666666666669,0.8547,159657.68,87.0,0.6223,0.0131,0.5419,0.0143,0.0134,0.0177,0.0178,0.014,6.25,0.0354,6.0,0.0367,6.0,0.0046,1.2246467991473532e-16,-1.0,29,18.02493823284719,11.98079356559703
28,Bali,2024-07-01,2024,7,0.0125,6.25,0.0253,67318000.0,1.8033333333333332,0.8547,159657.68,87.0,0.6223,0.0131,0.5419,0.0156,0.0143,0.0134,0.0163,0.0156,6.25,0.0271,6.25,0.0402,6.0,0.0261,-0.4999999999999997,-0.8660254037844388,30,18.02493823284719,11.98079356559703
28,Bali,2024-08-01,2024,8,0.0117,6.25,0.0232,67318000.0,1.79,0.8547,159657.68,87.0,0.6223,0.0131,0.5419,0.0125,0.0156,0.0143,0.017,0.0132,6.25,0.0253,6.25,0.0354,6.0,0.0298,-0.8660254037844384,-0.5000000000000004,31,18.02493823284719,11.98079356559703
28,Bali,2024-09-01,2024,9,0.016,6.0,0.0267,67318000.0,1.755,0.8547,159657.68,87.0,0.6223,0.0131,0.5419,0.0117,0.0125,0.0156,0.0177,0.0103,6.25,0.0232,6.25,0.0271,6.0,0.0367,-1.0,-1.8369701987210297e-16,32,18.02493823284719,11.98079356559703
28,Bali,2024-10-01,2024,10,0.0141,6.0,0.0251,67318000.0,1.72,0.8547,159657.68,87.0,0.6223,0.0131,0.5419,0.016,0.0117,0.0125,0.0134,0.0158,6.0,0.0267,6.25,0.0253,6.25,0.0402,-0.8660254037844386,0.5000000000000001,33,18.02493823284719,11.98079356559703
28,Bali,2024-11-01,2024,11,0.014,6.0,0.025,67318000.0,1.685,0.8547,159657.68,87.0,0.6223,0.0131,0.5419,0.0141,0.016,0.0117,0.0143,0.0153,6.0,0.0251,6.25,0.0232,6.25,0.0354,-0.5000000000000004,0.8660254037844384,34,18.02493823284719,11.98079356559703
28,Bali,2024-12-01,2024,12,0.0146,6.0,0.0234,67318000.0,1.65,0.8547,159657.68,87.0,0.6223,0.0131,0.5419,0.014,0.0141,0.016,0.0156,0.0178,6.0,0.025,6.0,0.0267,6.25,0.0271,-2.4492935982947064e-16,1.0,35,18.02493823284719,11.98079356559703
28,Bali,2025-01-01,2025,1,0.0105,5.75,0.0241,72658000.0,1.615,0.9059,168212.72,90.0,0.6104,0.0137,0.5283,0.0146,0.014,0.0141,0.0125,0.0163,6.0,0.0234,6.0,0.0251,6.25,0.0253,0.49999999999999994,0.8660254037844387,36,18.101274072680557,12.032990592754416
28,Bali,2025-02-01,2025,2,0.01,5.75,0.0121,72658000.0,1.58,0.9059,168212.72,90.0,0.6104,0.0137,0.5283,0.0105,0.0146,0.014,0.0117,0.017,5.75,0.0241,6.0,0.025,6.25,0.0232,0.8660254037844386,0.5000000000000001,37,18.101274072680557,12.032990592754416
28,Bali,2025-03-01,2025,3,0.0112,5.75,0.0189,72658000.0,1.565,0.9059,168212.72,90.0,0.6104,0.0137,0.5283,0.01,0.0105,0.0146,0.016,0.0177,5.75,0.0121,6.0,0.0234,6.0,0.0267,1.0,6.123233995736766e-17,38,18.101274072680557,12.032990592754416
28,Bali,2025-04-01,2025,4,0.0177,5.75,0.023,72658000.0,1.55,0.9059,168212.72,90.0,0.6104,0.0137,0.5283,0.0112,0.01,0.0105,0.0141,0.0134,5.75,0.0189,5.75,0.0241,6.0,0.0251,0.8660254037844387,-0.4999999999999998,39,18.101274072680557,12.032990592754416
28,Bali,2025-05-01,2025,5,0.0189,5.75,0.0192,72658000.0,1.535,0.9059,168212.72,90.0,0.6104,0.0137,0.5283,0.0177,0.0112,0.01,0.014,0.0143,5.75,0.023,5.75,0.0121,6.0,0.025,0.49999999999999994,-0.8660254037844387,40,18.101274072680557,12.032990592754416
28,Bali,2025-06-01,2025,6,0.0113,5.5,0.0294,72658000.0,1.52,0.9059,168212.72,90.0,0.6104,0.0137,0.5283,0.0189,0.0177,0.0112,0.0146,0.0156,5.75,0.0192,5.75,0.0189,6.0,0.0234,1.2246467991473532e-16,-1.0,41,18.101274072680557,12.032990592754416
28,Bali,2025-07-01,2025,7,0.012,5.25,0.0316,72658000.0,1.505,0.9059,168212.72,90.0,0.6104,0.0137,0.5283,0.0113,0.0189,0.0177,0.0105,0.0125,5.5,0.0294,5.75,0.023,5.75,0.0241,-0.4999999999999997,-0.8660254037844388,42,18.101274072680557,12.032990592754416
28,Bali,2025-08-01,2025,8,0.0118,5.0,0.0265,72658000.0,1.49,0.9059,168212.72,90.0,0.6104,0.0137,0.5283,0.012,0.0113,0.0189,0.01,0.0117,5.25,0.0316,5.75,0.0192,5.75,0.0121,-0.8660254037844384,-0.5000000000000004,43,18.101274072680557,12.032990592754416
28,Bali,2025-09-01,2025,9,0.015,4.75,0.0251,72658000.0,1.49,0.9059,168212.72,90.0,0.6104,0.0137,0.5283,0.0118,0.012,0.0113,0.0112,0.016,5.0,0.0265,5.5,0.0294,5.75,0.0189,-1.0,-1.8369701987210297e-16,44,18.101274072680557,12.032990592754416
28,Bali,2025-10-01,2025,10,0.0223,4.75,0.0261,72658000.0,1.49,0.9059,168212.72,90.0,0.6104,0.0137,0.5283,0.015,0.0118,0.012,0.0177,0.0141,4.75,0.0251,5.25,0.0316,5.75,0.023,-0.8660254037844386,0.5000000000000001,45,18.101274072680557,12.032990592754416
28,Bali,2025-11-01,2025,11,0.0227,4.75,0.0251,72658000.0,1.49,0.9059,168212.72,90.0,0.6104,0.0137,0.5283,0.0223,0.015,0.0118,0.0189,0.014,4.75,0.0261,5.0,0.0265,5.75,0.0192,-0.5000000000000004,0.8660254037844384,46,18.101274072680557,12.032990592754416
28,Bali,2025-12-01,2025,12,0.0213,4.75,0.0291,72658000.0,1.49,0.9059,168212.72,90.0,0.6104,0.0137,0.5283,0.0227,0.0223,0.015,0.0113,0.0146,4.75,0.0251,4.75,0.0251,5.5,0.0294,-2.4492935982947064e-16,1.0,47,18.101274072680557,12.032990592754416
29,Nusa Tenggara Barat,2022-01-01,2022,1,0.0155,3.5,0.00755,28671000.0,3.92,0.651,33799.07,49.0,1.6055,0.0164,0.3589,,,,,,,,,,,,0.49999999999999994,0.8660254037844387,0,17.171396751794873,10.428218152474884
29,Nusa Tenggara Barat,2022-02-01,2022,2,0.0148,3.5,-0.00135,28671000.0,3.92,0.651,33799.07,49.0,1.6055,0.0164,0.3589,0.0155,,,,,3.5,0.00755,,,,,0.8660254037844386,0.5000000000000001,1,17.171396751794873,10.428218152474884
29,Nusa Tenggara Barat,2022-03-01,2022,3,0.0228,3.5,0.00835,28671000.0,3.748333333333333,0.651,33799.07,49.0,1.6055,0.0164,0.3589,0.0148,0.0155,,,,3.5,-0.00135,,,,,1.0,6.123233995736766e-17,2,17.171396751794873,10.428218152474884
29,Nusa Tenggara Barat,2022-04-01,2022,4,0.0226,3.5,0.01235,28671000.0,3.5766666666666667,0.651,33799.07,49.0,1.6055,0.0164,0.3589,0.0228,0.0148,0.0155,,,3.5,0.00835,3.5,0.00755,,,0.8660254037844387,-0.4999999999999998,3,17.171396751794873,10.428218152474884
29,Nusa Tenggara Barat,2022-05-01,2022,5,0.0281,3.5,0.0059,28671000.0,3.405,0.651,33799.07,49.0,1.6055,0.0164,0.3589,0.0226,0.0228,0.0148,,,3.5,0.01235,3.5,-0.00135,,,0.49999999999999994,-0.8660254037844387,4,17.171396751794873,10.428218152474884
29,Nusa Tenggara Barat,2022-06-01,2022,6,0.0229,3.5,0.00985,28671000.0,3.2333333333333334,0.651,33799.07,49.0,1.6055,0.0164,0.3589,0.0281,0.0226,0.0228,,,3.5,0.0059,3.5,0.00835,,,1.2246467991473532e-16,-1.0,5,17.171396751794873,10.428218152474884
29,Nusa Tenggara Barat,2022-07-01,2022,7,0.0296,3.5,0.0127,28671000.0,3.0616666666666665,0.651,33799.07,49.0,1.6055,0.0164,0.3589,0.0229,0.0281,0.0226,0.0155,,3.5,0.00985,3.5,0.01235,3.5,0.00755,-0.4999999999999997,-0.8660254037844388,6,17.171396751794873,10.428218152474884
29,Nusa Tenggara Barat,2022-08-01,2022,8,0.0373,3.75,-0.00895,28671000.0,2.89,0.651,33799.07,49.0,1.6055,0.0164,0.3589,0.0296,0.0229,0.0281,0.0148,,3.5,0.0127,3.5,0.0059,3.5,-0.00135,-0.8660254037844384,-0.5000000000000004,7,17.171396751794873,10.428218152474884
29,Nusa Tenggara Barat,2022-09-01,2022,9,0.0407,4.25,0.01045,28671000.0,3.03,0.651,33799.07,49.0,1.6055,0.0164,0.3589,0.0373,0.0296,0.0229,0.0228,,3.75,-0.00895,3.5,0.00985,3.5,0.00835,-1.0,-1.8369701987210297e-16,8,17.171396751794873,10.428218152474884
29,Nusa Tenggara Barat,2022-10-01,2022,10,0.037,4.75,0.0004,28671000.0,3.17,0.651,33799.07,49.0,1.6055,0.0164,0.3589,0.0407,0.0373,0.0296,0.0226,,4.25,0.01045,3.5,0.0127,3.5,0.01235,-0.8660254037844386,0.5000000000000001,9,17.171396751794873,10.428218152474884
29,Nusa Tenggara Barat,2022-11-01,2022,11,0.044,5.25,0.00095,28671000.0,3.31,0.651,33799.07,49.0,1.6055,0.0164,0.3589,0.037,0.0407,0.0373,0.0281,,4.75,0.0004,3.75,-0.00895,3.5,0.0059,-0.5000000000000004,0.8660254037844384,10,17.171396751794873,10.428218152474884
29,Nusa Tenggara Barat,2022-12-01,2022,12,0.0537,5.5,0.00315,28671000.0,3.45,0.651,33799.07,49.0,1.6055,0.0164,0.3589,0.044,0.037,0.0407,0.0229,,5.25,0.00095,4.25,0.01045,3.5,0.00985,-2.4492935982947064e-16,1.0,11,17.171396751794873,10.428218152474884
29,Nusa Tenggara Barat,2023-01-01,2023,1,0.061,5.75,0.00175,29926000.0,3.59,0.7135,36458.79,48.0,1.7207,0.0115,0.3384,0.0537,0.044,0.037,0.0296,0.0155,5.5,0.00315,4.75,0.0004,3.5,0.0127,0.49999999999999994,0.8660254037844387,12,17.21423825914126,10.50396528847937
29,Nusa Tenggara Barat,2023-02-01,2023,2,0.0622,5.75,0.0045,29926000.0,3.73,0.7135,36458.79,48.0,1.7207,0.0115,0.3384,0.061,0.0537,0.044,0.0373,0.0148,5.75,0.00175,5.25,0.00095,3.75,-0.00895,0.8660254037844386,0.5000000000000001,13,17.21423825914126,10.50396528847937
29,Nusa Tenggara Barat,2023-03-01,2023,3,0.0675,5.75,-0.0008,29926000.0,3.575,0.7135,36458.79,48.0,1.7207,0.0115,0.3384,0.0622,0.061,0.0537,0.0407,0.0228,5.75,0.0045,5.5,0.00315,4.25,0.01045,1.0,6.123233995736766e-17,14,17.21423825914126,10.50396528847937
29,Nusa Tenggara Barat,2023-04-01,2023,4,0.0767,5.75,0.0031,29926000.0,3.42,0.7135,36458.79,48.0,1.7207,0.0115,0.3384,0.0675,0.0622,0.061,0.037,0.0226,5.75,-0.0008,5.75,0.00175,4.75,0.0004,0.8660254037844387,-0.4999999999999998,15,17.21423825914126,10.50396528847937
29,Nusa Tenggara Barat,2023-05-01,2023,5,0.0759,5.75,0.00085,29926000.0,3.265,0.7135,36458.79,48.0,1.7207,0.0115,0.3384,0.0767,0.0675,0.0622,0.044,0.0281,5.75,0.0031,5.75,0.0045,5.25,0.00095,0.49999999999999994,-0.8660254037844387,16,17.21423825914126,10.50396528847937
29,Nusa Tenggara Barat,2023-06-01,2023,6,0.0718,5.75,0.0008,29926000.0,3.11,0.7135,36458.79,48.0,1.7207,0.0115,0.3384,0.0759,0.0767,0.0675,0.0537,0.0229,5.75,0.00085,5.75,-0.0008,5.5,0.00315,1.2246467991473532e-16,-1.0,17,17.21423825914126,10.50396528847937
29,Nusa Tenggara Barat,2023-07-01,2023,7,0.0674,5.75,0.0032,29926000.0,2.955,0.7135,36458.79,48.0,1.7207,0.0115,0.3384,0.0718,0.0759,0.0767,0.061,0.0296,5.75,0.0008,5.75,0.0031,5.75,0.00175,-0.4999999999999997,-0.8660254037844388,18,17.21423825914126,10.50396528847937
29,Nusa Tenggara Barat,2023-08-01,2023,8,0.0623,5.75,0.0009,29926000.0,2.8,0.7135,36458.79,48.0,1.7207,0.0115,0.3384,0.0674,0.0718,0.0759,0.0622,0.0373,5.75,0.0032,5.75,0.00085,5.75,0.0045,-0.8660254037844384,-0.5000000000000004,19,17.21423825914126,10.50396528847937
29,Nusa Tenggara Barat,2023-09-01,2023,9,0.06,5.75,0.00525,29926000.0,2.8833333333333333,0.7135,36458.79,48.0,1.7207,0.0115,0.3384,0.0623,0.0674,0.0718,0.0675,0.0407,5.75,0.0009,5.75,0.0008,5.75,-0.0008,-1.0,-1.8369701987210297e-16,20,17.21423825914126,10.50396528847937
29,Nusa Tenggara Barat,2023-10-01,2023,10,0.0581,6.0,0.00155,29926000.0,2.9666666666666663,0.7135,36458.79,48.0,1.7207,0.0115,0.3384,0.06,0.0623,0.0674,0.0767,0.037,5.75,0.00525,5.75,0.0032,5.75,0.0031,-0.8660254037844386,0.5000000000000001,21,17.21423825914126,10.50396528847937
29,Nusa Tenggara Barat,2023-11-01,2023,11,0.058,6.0,0.00405,29926000.0,3.05,0.7135,36458.79,48.0,1.7207,0.0115,0.3384,0.0581,0.06,0.0623,0.0759,0.044,6.0,0.00155,5.75,0.0009,5.75,0.00085,-0.5000000000000004,0.8660254037844384,22,17.21423825914126,10.50396528847937
29,Nusa Tenggara Barat,2023-12-01,2023,12,0.0591,6.0,0.00425,29926000.0,3.1333333333333333,0.7135,36458.79,48.0,1.7207,0.0115,0.3384,0.058,0.0581,0.06,0.0718,0.0537,6.0,0.00405,5.75,0.00525,5.75,0.0008,-2.4492935982947064e-16,1.0,23,17.21423825914126,10.50396528847937
29,Nusa Tenggara Barat,2024-01-01,2024,1,0.0566,6.0,0.0287,32282000.0,3.2166666666666663,0.6611,42514.35,47.0,1.6137,0.0202,0.3291,0.0591,0.058,0.0581,0.0674,0.061,6.0,0.00425,6.0,0.00155,5.75,0.0032,0.49999999999999994,0.8660254037844387,24,17.290020388292376,10.657620466174576
29,Nusa Tenggara Barat,2024-02-01,2024,2,0.0571,6.0,0.03,32282000.0,3.3,0.6611,42514.35,47.0,1.6137,0.0202,0.3291,0.0566,0.0591,0.058,0.0623,0.0622,6.0,0.0287,6.0,0.00405,5.75,0.0009,0.8660254037844386,0.5000000000000001,25,17.290020388292376,10.657620466174576
29,Nusa Tenggara Barat,2024-03-01,2024,3,0.0532,6.0,0.0363,32282000.0,3.205,0.6611,42514.35,47.0,1.6137,0.0202,0.3291,0.0571,0.0566,0.0591,0.06,0.0675,6.0,0.03,6.0,0.00425,5.75,0.00525,1.0,6.123233995736766e-17,26,17.290020388292376,10.657620466174576
29,Nusa Tenggara Barat,2024-04-01,2024,4,0.0511,6.25,0.0331,32282000.0,3.11,0.6611,42514.35,47.0,1.6137,0.0202,0.3291,0.0532,0.0571,0.0566,0.0581,0.0767,6.0,0.0363,6.0,0.0287,6.0,0.00155,0.8660254037844387,-0.4999999999999998,27,17.290020388292376,10.657620466174576
29,Nusa Tenggara Barat,2024-05-01,2024,5,0.0511,6.25,0.0277,32282000.0,3.015,0.6611,42514.35,47.0,1.6137,0.0202,0.3291,0.0511,0.0532,0.0571,0.058,0.0759,6.25,0.0331,6.0,0.03,6.0,0.00405,0.49999999999999994,-0.8660254037844387,28,17.290020388292376,10.657620466174576
29,Nusa Tenggara Barat,2024-06-01,2024,6,0.0504,6.25,0.0212,32282000.0,2.92,0.6611,42514.35,47.0,1.6137,0.0202,0.3291,0.0511,0.0511,0.0532,0.0591,0.0718,6.25,0.0277,6.0,0.0363,6.0,0.00425,1.2246467991473532e-16,-1.0,29,17.290020388292376,10.657620466174576
29,Nusa Tenggara Barat,2024-07-01,2024,7,0.0492,6.25,0.0191,32282000.0,2.825,0.6611,42514.35,47.0,1.6137,0.0202,0.3291,0.0504,0.0511,0.0511,0.0566,0.0674,6.25,0.0212,6.25,0.0331,6.0,0.0287,-0.4999999999999997,-0.8660254037844388,30,17.290020388292376,10.657620466174576
29,Nusa Tenggara Barat,2024-08-01,2024,8,0.0499,6.25,0.0201,32282000.0,2.73,0.6611,42514.35,47.0,1.6137,0.0202,0.3291,0.0492,0.0504,0.0511,0.0571,0.0623,6.25,0.0191,6.25,0.0277,6.0,0.03,-0.8660254037844384,-0.5000000000000004,31,17.290020388292376,10.657620466174576
29,Nusa Tenggara Barat,2024-09-01,2024,9,0.0495,6.0,0.0177,32282000.0,2.8116666666666665,0.6611,42514.35,47.0,1.6137,0.0202,0.3291,0.0499,0.0492,0.0504,0.0532,0.06,6.25,0.0201,6.25,0.0212,6.0,0.0363,-1.0,-1.8369701987210297e-16,32,17.290020388292376,10.657620466174576
29,Nusa Tenggara Barat,2024-10-01,2024,10,0.0525,6.0,0.0144,32282000.0,2.893333333333333,0.6611,42514.35,47.0,1.6137,0.0202,0.3291,0.0495,0.0499,0.0492,0.0511,0.0581,6.0,0.0177,6.25,0.0191,6.25,0.0331,-0.8660254037844386,0.5000000000000001,33,17.290020388292376,10.657620466174576
29,Nusa Tenggara Barat,2024-11-01,2024,11,0.0526,6.0,0.0146,32282000.0,2.975,0.6611,42514.35,47.0,1.6137,0.0202,0.3291,0.0525,0.0495,0.0499,0.0511,0.058,6.0,0.0144,6.25,0.0201,6.25,0.0277,-0.5000000000000004,0.8660254037844384,34,17.290020388292376,10.657620466174576
29,Nusa Tenggara Barat,2024-12-01,2024,12,0.0329,6.0,0.0128,32282000.0,3.056666666666666,0.6611,42514.35,47.0,1.6137,0.0202,0.3291,0.0526,0.0525,0.0495,0.0504,0.0591,6.0,0.0146,6.0,0.0177,6.25,0.0212,-2.4492935982947064e-16,1.0,35,17.290020388292376,10.657620466174576
29,Nusa Tenggara Barat,2025-01-01,2025,1,0.0369,5.75,0.0068,33667000.0,3.1383333333333336,0.7288,42454.7,47.0,1.7245,0.0236,0.3057,0.0329,0.0526,0.0525,0.0492,0.0566,6.0,0.0128,6.0,0.0144,6.25,0.0191,0.49999999999999994,0.8660254037844387,36,17.332028716781185,10.656216458343703
29,Nusa Tenggara Barat,2025-02-01,2025,2,0.0369,5.75,-0.0001,33667000.0,3.22,0.7288,42454.7,47.0,1.7245,0.0236,0.3057,0.0369,0.0329,0.0526,0.0499,0.0571,5.75,0.0068,6.0,0.0146,6.25,0.0201,0.8660254037844386,0.5000000000000001,37,17.332028716781185,10.656216458343703
29,Nusa Tenggara Barat,2025-03-01,2025,3,0.0408,5.75,0.0115,33667000.0,3.1933333333333334,0.7288,42454.7,47.0,1.7245,0.0236,0.3057,0.0369,0.0369,0.0329,0.0495,0.0532,5.75,-0.0001,6.0,0.0128,6.0,0.0177,1.0,6.123233995736766e-17,38,17.332028716781185,10.656216458343703
29,Nusa Tenggara Barat,2025-04-01,2025,4,0.0421,5.75,0.018,33667000.0,3.166666666666667,0.7288,42454.7,47.0,1.7245,0.0236,0.3057,0.0408,0.0369,0.0369,0.0525,0.0511,5.75,0.0115,5.75,0.0068,6.0,0.0144,0.8660254037844387,-0.4999999999999998,39,17.332028716781185,10.656216458343703
29,Nusa Tenggara Barat,2025-05-01,2025,5,0.0477,5.75,0.0163,33667000.0,3.14,0.7288,42454.7,47.0,1.7245,0.0236,0.3057,0.0421,0.0408,0.0369,0.0526,0.0511,5.75,0.018,5.75,-0.0001,6.0,0.0146,0.49999999999999994,-0.8660254037844387,40,17.332028716781185,10.656216458343703
29,Nusa Tenggara Barat,2025-06-01,2025,6,0.0436,5.5,0.0251,33667000.0,3.1133333333333333,0.7288,42454.7,47.0,1.7245,0.0236,0.3057,0.0477,0.0421,0.0408,0.0329,0.0504,5.75,0.0163,5.75,0.0115,6.0,0.0128,1.2246467991473532e-16,-1.0,41,17.332028716781185,10.656216458343703
29,Nusa Tenggara Barat,2025-07-01,2025,7,0.0437,5.25,0.0305,33667000.0,3.086666666666667,0.7288,42454.7,47.0,1.7245,0.0236,0.3057,0.0436,0.0477,0.0421,0.0369,0.0492,5.5,0.0251,5.75,0.018,5.75,0.0068,-0.4999999999999997,-0.8660254037844388,42,17.332028716781185,10.656216458343703
29,Nusa Tenggara Barat,2025-08-01,2025,8,0.0412,5.0,0.0256,33667000.0,3.06,0.7288,42454.7,47.0,1.7245,0.0236,0.3057,0.0437,0.0436,0.0477,0.0369,0.0499,5.25,0.0305,5.75,0.0163,5.75,-0.0001,-0.8660254037844384,-0.5000000000000004,43,17.332028716781185,10.656216458343703
29,Nusa Tenggara Barat,2025-09-01,2025,9,0.0402,4.75,0.0269,33667000.0,3.06,0.7288,42454.7,47.0,1.7245,0.0236,0.3057,0.0412,0.0437,0.0436,0.0408,0.0495,5.0,0.0256,5.5,0.0251,5.75,0.0115,-1.0,-1.8369701987210297e-16,44,17.332028716781185,10.656216458343703
29,Nusa Tenggara Barat,2025-10-01,2025,10,0.0387,4.75,0.0296,33667000.0,3.06,0.7288,42454.7,47.0,1.7245,0.0236,0.3057,0.0402,0.0412,0.0437,0.0421,0.0525,4.75,0.0269,5.25,0.0305,5.75,0.018,-0.8660254037844386,0.5000000000000001,45,17.332028716781185,10.656216458343703
29,Nusa Tenggara Barat,2025-11-01,2025,11,0.0392,4.75,0.0274,33667000.0,3.06,0.7288,42454.7,47.0,1.7245,0.0236,0.3057,0.0387,0.0402,0.0412,0.0477,0.0526,4.75,0.0296,5.0,0.0256,5.75,0.0163,-0.5000000000000004,0.8660254037844384,46,17.332028716781185,10.656216458343703
29,Nusa Tenggara Barat,2025-12-01,2025,12,0.0339,4.75,0.0301,33667000.0,3.06,0.7288,42454.7,47.0,1.7245,0.0236,0.3057,0.0392,0.0387,0.0402,0.0436,0.0329,4.75,0.0274,4.75,0.0269,5.5,0.0251,-2.4492935982947064e-16,1.0,47,17.332028716781185,10.656216458343703
30,Nusa Tenggara Timur,2022-01-01,2022,1,0.0207,3.5,0.01073,21658000.0,3.3,0.719,32858.5,58.0,1.2102,0.0134,0.4126,,,,,,,,,,,,0.49999999999999994,0.8660254037844387,0,16.890885505342776,10.399996175407326
30,Nusa Tenggara Timur,2022-02-01,2022,2,0.0193,3.5,0.00197,21658000.0,3.3,0.719,32858.5,58.0,1.2102,0.0134,0.4126,0.0207,,,,,3.5,0.01073,,,,,0.8660254037844386,0.5000000000000001,1,16.890885505342776,10.399996175407326
30,Nusa Tenggara Timur,2022-03-01,2022,3,0.0198,3.5,0.0029,21658000.0,3.34,0.719,32858.5,58.0,1.2102,0.0134,0.4126,0.0193,0.0207,,,,3.5,0.00197,,,,,1.0,6.123233995736766e-17,2,16.890885505342776,10.399996175407326
30,Nusa Tenggara Timur,2022-04-01,2022,4,0.0198,3.5,0.01017,21658000.0,3.38,0.719,32858.5,58.0,1.2102,0.0134,0.4126,0.0198,0.0193,0.0207,,,3.5,0.0029,3.5,0.01073,,,0.8660254037844387,-0.4999999999999998,3,16.890885505342776,10.399996175407326
30,Nusa Tenggara Timur,2022-05-01,2022,5,0.0187,3.5,0.00433,21658000.0,3.42,0.719,32858.5,58.0,1.2102,0.0134,0.4126,0.0198,0.0198,0.0193,,,3.5,0.01017,3.5,0.00197,,,0.49999999999999994,-0.8660254037844387,4,16.890885505342776,10.399996175407326
30,Nusa Tenggara Timur,2022-06-01,2022,6,0.0209,3.5,0.00513,21658000.0,3.46,0.719,32858.5,58.0,1.2102,0.0134,0.4126,0.0187,0.0198,0.0198,,,3.5,0.00433,3.5,0.0029,,,1.2246467991473532e-16,-1.0,5,16.890885505342776,10.399996175407326
30,Nusa Tenggara Timur,2022-07-01,2022,7,0.0225,3.5,0.0102,21658000.0,3.5,0.719,32858.5,58.0,1.2102,0.0134,0.4126,0.0209,0.0187,0.0198,0.0207,,3.5,0.00513,3.5,0.01017,3.5,0.01073,-0.4999999999999997,-0.8660254037844388,6,16.890885505342776,10.399996175407326
30,Nusa Tenggara Timur,2022-08-01,2022,8,0.0227,3.75,-0.0111,21658000.0,3.54,0.719,32858.5,58.0,1.2102,0.0134,0.4126,0.0225,0.0209,0.0187,0.0193,,3.5,0.0102,3.5,0.00433,3.5,0.00197,-0.8660254037844384,-0.5000000000000004,7,16.890885505342776,10.399996175407326
30,Nusa Tenggara Timur,2022-09-01,2022,9,0.0226,4.25,0.0119,21658000.0,3.466666666666667,0.719,32858.5,58.0,1.2102,0.0134,0.4126,0.0227,0.0225,0.0209,0.0198,,3.75,-0.0111,3.5,0.00513,3.5,0.0029,-1.0,-1.8369701987210297e-16,8,16.890885505342776,10.399996175407326
30,Nusa Tenggara Timur,2022-10-01,2022,10,0.0149,4.75,-0.00017,21658000.0,3.393333333333333,0.719,32858.5,58.0,1.2102,0.0134,0.4126,0.0226,0.0227,0.0225,0.0198,,4.25,0.0119,3.5,0.0102,3.5,0.01017,-0.8660254037844386,0.5000000000000001,9,16.890885505342776,10.399996175407326
30,Nusa Tenggara Timur,2022-11-01,2022,11,0.0162,5.25,-0.00087,21658000.0,3.3200000000000003,0.719,32858.5,58.0,1.2102,0.0134,0.4126,0.0149,0.0226,0.0227,0.0187,,4.75,-0.00017,3.75,-0.0111,3.5,0.00433,-0.5000000000000004,0.8660254037844384,10,16.890885505342776,10.399996175407326
30,Nusa Tenggara Timur,2022-12-01,2022,12,0.017,5.5,0.00987,21658000.0,3.2466666666666666,0.719,32858.5,58.0,1.2102,0.0134,0.4126,0.0162,0.0149,0.0226,0.0209,,5.25,-0.00087,4.25,0.0119,3.5,0.00513,-2.4492935982947064e-16,1.0,11,16.890885505342776,10.399996175407326
30,Nusa Tenggara Timur,2023-01-01,2023,1,0.0129,5.75,0.01027,23079000.0,3.1733333333333333,0.7211,34690.92,60.0,1.2752,0.0165,0.4162,0.017,0.0162,0.0149,0.0225,0.0207,5.5,0.00987,4.75,-0.00017,3.5,0.0102,0.49999999999999994,0.8660254037844387,12,16.954433714438615,10.45426208579454
30,Nusa Tenggara Timur,2023-02-01,2023,2,0.0137,5.75,-0.00337,23079000.0,3.1,0.7211,34690.92,60.0,1.2752,0.0165,0.4162,0.0129,0.017,0.0162,0.0227,0.0193,5.75,0.01027,5.25,-0.00087,3.75,-0.0111,0.8660254037844386,0.5000000000000001,13,16.954433714438615,10.45426208579454
30,Nusa Tenggara Timur,2023-03-01,2023,3,0.0156,5.75,0.0113,23079000.0,3.106666666666667,0.7211,34690.92,60.0,1.2752,0.0165,0.4162,0.0137,0.0129,0.017,0.0226,0.0198,5.75,-0.00337,5.5,0.00987,4.25,0.0119,1.0,6.123233995736766e-17,14,16.954433714438615,10.45426208579454
30,Nusa Tenggara Timur,2023-04-01,2023,4,0.0119,5.75,0.00213,23079000.0,3.1133333333333333,0.7211,34690.92,60.0,1.2752,0.0165,0.4162,0.0156,0.0137,0.0129,0.0149,0.0198,5.75,0.0113,5.75,0.01027,4.75,-0.00017,0.8660254037844387,-0.4999999999999998,15,16.954433714438615,10.45426208579454
30,Nusa Tenggara Timur,2023-05-01,2023,5,0.0189,5.75,-0.0029,23079000.0,3.12,0.7211,34690.92,60.0,1.2752,0.0165,0.4162,0.0119,0.0156,0.0137,0.0162,0.0187,5.75,0.00213,5.75,-0.00337,5.25,-0.00087,0.49999999999999994,-0.8660254037844387,16,16.954433714438615,10.45426208579454
30,Nusa Tenggara Timur,2023-06-01,2023,6,0.0179,5.75,0.00573,23079000.0,3.126666666666667,0.7211,34690.92,60.0,1.2752,0.0165,0.4162,0.0189,0.0119,0.0156,0.017,0.0209,5.75,-0.0029,5.75,0.0113,5.5,0.00987,1.2246467991473532e-16,-1.0,17,16.954433714438615,10.45426208579454
30,Nusa Tenggara Timur,2023-07-01,2023,7,0.0202,5.75,0.0045,23079000.0,3.1333333333333333,0.7211,34690.92,60.0,1.2752,0.0165,0.4162,0.0179,0.0189,0.0119,0.0129,0.0225,5.75,0.00573,5.75,0.00213,5.75,0.01027,-0.4999999999999997,-0.8660254037844388,18,16.954433714438615,10.45426208579454
30,Nusa Tenggara Timur,2023-08-01,2023,8,0.011,5.75,-0.00603,23079000.0,3.14,0.7211,34690.92,60.0,1.2752,0.0165,0.4162,0.0202,0.0179,0.0189,0.0137,0.0227,5.75,0.0045,5.75,-0.0029,5.75,-0.00337,-0.8660254037844384,-0.5000000000000004,19,16.954433714438615,10.45426208579454
30,Nusa Tenggara Timur,2023-09-01,2023,9,0.0096,5.75,-0.00093,23079000.0,3.145,0.7211,34690.92,60.0,1.2752,0.0165,0.4162,0.011,0.0202,0.0179,0.0156,0.0226,5.75,-0.00603,5.75,0.00573,5.75,0.0113,-1.0,-1.8369701987210297e-16,20,16.954433714438615,10.45426208579454
30,Nusa Tenggara Timur,2023-10-01,2023,10,0.0158,6.0,0.00317,23079000.0,3.15,0.7211,34690.92,60.0,1.2752,0.0165,0.4162,0.0096,0.011,0.0202,0.0119,0.0149,5.75,-0.00093,5.75,0.0045,5.75,0.00213,-0.8660254037844386,0.5000000000000001,21,16.954433714438615,10.45426208579454
30,Nusa Tenggara Timur,2023-11-01,2023,11,0.0076,6.0,0.00097,23079000.0,3.155,0.7211,34690.92,60.0,1.2752,0.0165,0.4162,0.0158,0.0096,0.011,0.0189,0.0162,6.0,0.00317,5.75,-0.00603,5.75,-0.0029,-0.5000000000000004,0.8660254037844384,22,16.954433714438615,10.45426208579454
30,Nusa Tenggara Timur,2023-12-01,2023,12,0.0075,6.0,0.0043,23079000.0,3.16,0.7211,34690.92,60.0,1.2752,0.0165,0.4162,0.0076,0.0158,0.0096,0.0179,0.017,6.0,0.00097,5.75,-0.00093,5.75,0.00573,-2.4492935982947064e-16,1.0,23,16.954433714438615,10.45426208579454
30,Nusa Tenggara Timur,2024-01-01,2024,1,0.007,6.0,0.027,24303000.0,3.165,0.6775,34538.09,60.0,1.3145,0.0325,0.4017,0.0075,0.0076,0.0158,0.0202,0.0129,6.0,0.0043,6.0,0.00317,5.75,0.0045,0.49999999999999994,0.8660254037844387,24,17.00611039862792,10.449847005088401
30,Nusa Tenggara Timur,2024-02-01,2024,2,0.0069,6.0,0.0301,24303000.0,3.17,0.6775,34538.09,60.0,1.3145,0.0325,0.4017,0.007,0.0075,0.0076,0.011,0.0137,6.0,0.027,6.0,0.00097,5.75,-0.00603,0.8660254037844386,0.5000000000000001,25,17.00611039862792,10.449847005088401
30,Nusa Tenggara Timur,2024-03-01,2024,3,0.0065,6.0,0.0192,24303000.0,3.145,0.6775,34538.09,60.0,1.3145,0.0325,0.4017,0.0069,0.007,0.0075,0.0096,0.0156,6.0,0.0301,6.0,0.0043,5.75,-0.00093,1.0,6.123233995736766e-17,26,17.00611039862792,10.449847005088401
30,Nusa Tenggara Timur,2024-04-01,2024,4,0.0047,6.25,0.0235,24303000.0,3.12,0.6775,34538.09,60.0,1.3145,0.0325,0.4017,0.0065,0.0069,0.007,0.0158,0.0119,6.0,0.0192,6.0,0.027,6.0,0.00317,0.8660254037844387,-0.4999999999999998,27,17.00611039862792,10.449847005088401
30,Nusa Tenggara Timur,2024-05-01,2024,5,0.0057,6.25,0.0241,24303000.0,3.095,0.6775,34538.09,60.0,1.3145,0.0325,0.4017,0.0047,0.0065,0.0069,0.0076,0.0189,6.25,0.0235,6.0,0.0301,6.0,0.00097,0.49999999999999994,-0.8660254037844387,28,17.00611039862792,10.449847005088401
30,Nusa Tenggara Timur,2024-06-01,2024,6,0.0063,6.25,0.0154,24303000.0,3.07,0.6775,34538.09,60.0,1.3145,0.0325,0.4017,0.0057,0.0047,0.0065,0.0075,0.0179,6.25,0.0241,6.0,0.0192,6.0,0.0043,1.2246467991473532e-16,-1.0,29,17.00611039862792,10.449847005088401
30,Nusa Tenggara Timur,2024-07-01,2024,7,0.0049,6.25,0.0085,24303000.0,3.045,0.6775,34538.09,60.0,1.3145,0.0325,0.4017,0.0063,0.0057,0.0047,0.007,0.0202,6.25,0.0154,6.25,0.0235,6.0,0.027,-0.4999999999999997,-0.8660254037844388,30,17.00611039862792,10.449847005088401
30,Nusa Tenggara Timur,2024-08-01,2024,8,0.0044,6.25,0.0122,24303000.0,3.02,0.6775,34538.09,60.0,1.3145,0.0325,0.4017,0.0049,0.0063,0.0057,0.0069,0.011,6.25,0.0085,6.25,0.0241,6.0,0.0301,-0.8660254037844384,-0.5000000000000004,31,17.00611039862792,10.449847005088401
30,Nusa Tenggara Timur,2024-09-01,2024,9,0.0059,6.0,0.0107,24303000.0,3.055,0.6775,34538.09,60.0,1.3145,0.0325,0.4017,0.0044,0.0049,0.0063,0.0065,0.0096,6.25,0.0122,6.25,0.0154,6.0,0.0192,-1.0,-1.8369701987210297e-16,32,17.00611039862792,10.449847005088401
30,Nusa Tenggara Timur,2024-10-01,2024,10,0.0097,6.0,0.0113,24303000.0,3.09,0.6775,34538.09,60.0,1.3145,0.0325,0.4017,0.0059,0.0044,0.0049,0.0047,0.0158,6.0,0.0107,6.25,0.0085,6.25,0.0235,-0.8660254037844386,0.5000000000000001,33,17.00611039862792,10.449847005088401
30,Nusa Tenggara Timur,2024-11-01,2024,11,0.0143,6.0,0.0083,24303000.0,3.125,0.6775,34538.09,60.0,1.3145,0.0325,0.4017,0.0097,0.0059,0.0044,0.0057,0.0076,6.0,0.0113,6.25,0.0122,6.25,0.0241,-0.5000000000000004,0.8660254037844384,34,17.00611039862792,10.449847005088401
30,Nusa Tenggara Timur,2024-12-01,2024,12,0.008,6.0,0.0119,24303000.0,3.16,0.6775,34538.09,60.0,1.3145,0.0325,0.4017,0.0143,0.0097,0.0059,0.0063,0.0075,6.0,0.0083,6.0,0.0107,6.25,0.0154,-2.4492935982947064e-16,1.0,35,17.00611039862792,10.449847005088401
30,Nusa Tenggara Timur,2025-01-01,2025,1,0.0103,5.75,-0.0006,25837000.0,3.195,0.6969,36437.48,60.0,1.2431,0.0381,0.3918,0.008,0.0143,0.0097,0.0049,0.007,6.0,0.0119,6.0,0.0113,6.25,0.0085,0.49999999999999994,0.8660254037844387,36,17.06731816977163,10.503380638099957
30,Nusa Tenggara Timur,2025-02-01,2025,2,0.0128,5.75,0.0047,25837000.0,3.23,0.6969,36437.48,60.0,1.2431,0.0381,0.3918,0.0103,0.008,0.0143,0.0044,0.0069,5.75,-0.0006,6.0,0.0083,6.25,0.0122,0.8660254037844386,0.5000000000000001,37,17.06731816977163,10.503380638099957
30,Nusa Tenggara Timur,2025-03-01,2025,3,0.0126,5.75,0.0186,25837000.0,3.243333333333333,0.6969,36437.48,60.0,1.2431,0.0381,0.3918,0.0128,0.0103,0.008,0.0059,0.0065,5.75,0.0047,6.0,0.0119,6.0,0.0107,1.0,6.123233995736766e-17,38,17.06731816977163,10.503380638099957
30,Nusa Tenggara Timur,2025-04-01,2025,4,0.0135,5.75,0.0177,25837000.0,3.256666666666667,0.6969,36437.48,60.0,1.2431,0.0381,0.3918,0.0126,0.0128,0.0103,0.0097,0.0047,5.75,0.0186,5.75,-0.0006,6.0,0.0113,0.8660254037844387,-0.4999999999999998,39,17.06731816977163,10.503380638099957
30,Nusa Tenggara Timur,2025-05-01,2025,5,0.0135,5.75,0.016,25837000.0,3.27,0.6969,36437.48,60.0,1.2431,0.0381,0.3918,0.0135,0.0126,0.0128,0.0143,0.0057,5.75,0.0177,5.75,0.0047,6.0,0.0083,0.49999999999999994,-0.8660254037844387,40,17.06731816977163,10.503380638099957
30,Nusa Tenggara Timur,2025-06-01,2025,6,0.0141,5.5,0.0172,25837000.0,3.283333333333333,0.6969,36437.48,60.0,1.2431,0.0381,0.3918,0.0135,0.0135,0.0126,0.008,0.0063,5.75,0.016,5.75,0.0186,6.0,0.0119,1.2246467991473532e-16,-1.0,41,17.06731816977163,10.503380638099957
30,Nusa Tenggara Timur,2025-07-01,2025,7,0.0168,5.25,0.0303,25837000.0,3.296666666666667,0.6969,36437.48,60.0,1.2431,0.0381,0.3918,0.0141,0.0135,0.0135,0.0103,0.0049,5.5,0.0172,5.75,0.0177,5.75,-0.0006,-0.4999999999999997,-0.8660254037844388,42,17.06731816977163,10.503380638099957
30,Nusa Tenggara Timur,2025-08-01,2025,8,0.0194,5.0,0.0271,25837000.0,3.31,0.6969,36437.48,60.0,1.2431,0.0381,0.3918,0.0168,0.0141,0.0135,0.0128,0.0044,5.25,0.0303,5.75,0.016,5.75,0.0047,-0.8660254037844384,-0.5000000000000004,43,17.06731816977163,10.503380638099957
30,Nusa Tenggara Timur,2025-09-01,2025,9,0.0186,4.75,0.023,25837000.0,3.31,0.6969,36437.48,60.0,1.2431,0.0381,0.3918,0.0194,0.0168,0.0141,0.0126,0.0059,5.0,0.0271,5.5,0.0172,5.75,0.0186,-1.0,-1.8369701987210297e-16,44,17.06731816977163,10.503380638099957
30,Nusa Tenggara Timur,2025-10-01,2025,10,0.0189,4.75,0.02,25837000.0,3.31,0.6969,36437.48,60.0,1.2431,0.0381,0.3918,0.0186,0.0194,0.0168,0.0135,0.0097,4.75,0.023,5.25,0.0303,5.75,0.0177,-0.8660254037844386,0.5000000000000001,45,17.06731816977163,10.503380638099957
30,Nusa Tenggara Timur,2025-11-01,2025,11,0.0206,4.75,0.024,25837000.0,3.31,0.6969,36437.48,60.0,1.2431,0.0381,0.3918,0.0189,0.0186,0.0194,0.0135,0.0143,4.75,0.02,5.0,0.0271,5.75,0.016,-0.5000000000000004,0.8660254037844384,46,17.06731816977163,10.503380638099957
30,Nusa Tenggara Timur,2025-12-01,2025,12,0.0153,4.75,0.0239,25837000.0,3.31,0.6969,36437.48,60.0,1.2431,0.0381,0.3918,0.0206,0.0189,0.0186,0.0141,0.008,4.75,0.024,4.75,0.023,5.5,0.0172,-2.4492935982947064e-16,1.0,47,17.06731816977163,10.503380638099957
31,Maluku Utara,2022-01-01,2022,1,0.0163,3.5,-0.0022,53776000.0,4.98,0.686,9975.77,22.0,1.4076,0.0107,0.2762,,,,,,,,,,,,0.49999999999999994,0.8660254037844387,0,17.80033784754268,9.208014669625832
31,Maluku Utara,2022-02-01,2022,2,0.0143,3.5,-0.0111,53776000.0,4.98,0.686,9975.77,22.0,1.4076,0.0107,0.2762,0.0163,,,,,3.5,-0.0022,,,,,0.8660254037844386,0.5000000000000001,1,17.80033784754268,9.208014669625832
31,Maluku Utara,2022-03-01,2022,3,0.0124,3.5,0.0034,53776000.0,4.8133333333333335,0.686,9975.77,22.0,1.4076,0.0107,0.2762,0.0143,0.0163,,,,3.5,-0.0111,,,,,1.0,6.123233995736766e-17,2,17.80033784754268,9.208014669625832
31,Maluku Utara,2022-04-01,2022,4,0.0141,3.5,0.0082,53776000.0,4.6466666666666665,0.686,9975.77,22.0,1.4076,0.0107,0.2762,0.0124,0.0143,0.0163,,,3.5,0.0034,3.5,-0.0022,,,0.8660254037844387,-0.4999999999999998,3,17.80033784754268,9.208014669625832
31,Maluku Utara,2022-05-01,2022,5,0.0132,3.5,0.0027,53776000.0,4.48,0.686,9975.77,22.0,1.4076,0.0107,0.2762,0.0141,0.0124,0.0143,,,3.5,0.0082,3.5,-0.0111,,,0.49999999999999994,-0.8660254037844387,4,17.80033784754268,9.208014669625832
31,Maluku Utara,2022-06-01,2022,6,0.0163,3.5,0.0033,53776000.0,4.3133333333333335,0.686,9975.77,22.0,1.4076,0.0107,0.2762,0.0132,0.0141,0.0124,,,3.5,0.0027,3.5,0.0034,,,1.2246467991473532e-16,-1.0,5,17.80033784754268,9.208014669625832
31,Maluku Utara,2022-07-01,2022,7,0.018,3.5,0.0182,53776000.0,4.1466666666666665,0.686,9975.77,22.0,1.4076,0.0107,0.2762,0.0163,0.0132,0.0141,0.0163,,3.5,0.0033,3.5,0.0082,3.5,-0.0022,-0.4999999999999997,-0.8660254037844388,6,17.80033784754268,9.208014669625832
31,Maluku Utara,2022-08-01,2022,8,0.0194,3.75,-0.0024,53776000.0,3.98,0.686,9975.77,22.0,1.4076,0.0107,0.2762,0.018,0.0163,0.0132,0.0143,,3.5,0.0182,3.5,0.0027,3.5,-0.0111,-0.8660254037844384,-0.5000000000000004,7,17.80033784754268,9.208014669625832
31,Maluku Utara,2022-09-01,2022,9,0.0215,4.25,0.0051,53776000.0,4.083333333333333,0.686,9975.77,22.0,1.4076,0.0107,0.2762,0.0194,0.018,0.0163,0.0124,,3.75,-0.0024,3.5,0.0033,3.5,0.0034,-1.0,-1.8369701987210297e-16,8,17.80033784754268,9.208014669625832
31,Maluku Utara,2022-10-01,2022,10,0.0135,4.75,-0.0049,53776000.0,4.1866666666666665,0.686,9975.77,22.0,1.4076,0.0107,0.2762,0.0215,0.0194,0.018,0.0141,,4.25,0.0051,3.5,0.0182,3.5,0.0082,-0.8660254037844386,0.5000000000000001,9,17.80033784754268,9.208014669625832
31,Maluku Utara,2022-11-01,2022,11,0.0155,5.25,0.0019,53776000.0,4.29,0.686,9975.77,22.0,1.4076,0.0107,0.2762,0.0135,0.0215,0.0194,0.0132,,4.75,-0.0049,3.75,-0.0024,3.5,0.0027,-0.5000000000000004,0.8660254037844384,10,17.80033784754268,9.208014669625832
31,Maluku Utara,2022-12-01,2022,12,0.0178,5.5,0.0114,53776000.0,4.393333333333333,0.686,9975.77,22.0,1.4076,0.0107,0.2762,0.0155,0.0135,0.0215,0.0163,,5.25,0.0019,4.25,0.0051,3.5,0.0033,-2.4492935982947064e-16,1.0,11,17.80033784754268,9.208014669625832
31,Maluku Utara,2023-01-01,2023,1,0.0157,5.75,0.001,64270000.0,4.496666666666666,0.7125,10636.62,22.0,1.3973,0.0152,0.2955,0.0178,0.0155,0.0135,0.018,0.0163,5.5,0.0114,4.75,-0.0049,3.5,0.0182,0.49999999999999994,0.8660254037844387,12,17.978603532906828,9.272152053664065
31,Maluku Utara,2023-02-01,2023,2,0.0111,5.75,0.0185,64270000.0,4.6,0.7125,10636.62,22.0,1.3973,0.0152,0.2955,0.0157,0.0178,0.0155,0.0194,0.0143,5.75,0.001,5.25,0.0019,3.75,-0.0024,0.8660254037844386,0.5000000000000001,13,17.978603532906828,9.272152053664065
31,Maluku Utara,2023-03-01,2023,3,0.0141,5.75,-0.0126,64270000.0,4.551666666666666,0.7125,10636.62,22.0,1.3973,0.0152,0.2955,0.0111,0.0157,0.0178,0.0215,0.0124,5.75,0.0185,5.5,0.0114,4.25,0.0051,1.0,6.123233995736766e-17,14,17.978603532906828,9.272152053664065
31,Maluku Utara,2023-04-01,2023,4,0.011,5.75,0.0132,64270000.0,4.503333333333333,0.7125,10636.62,22.0,1.3973,0.0152,0.2955,0.0141,0.0111,0.0157,0.0135,0.0141,5.75,-0.0126,5.75,0.001,4.75,-0.0049,0.8660254037844387,-0.4999999999999998,15,17.978603532906828,9.272152053664065
31,Maluku Utara,2023-05-01,2023,5,0.0142,5.75,0.0034,64270000.0,4.455,0.7125,10636.62,22.0,1.3973,0.0152,0.2955,0.011,0.0141,0.0111,0.0155,0.0132,5.75,0.0132,5.75,0.0185,5.25,0.0019,0.49999999999999994,-0.8660254037844387,16,17.978603532906828,9.272152053664065
31,Maluku Utara,2023-06-01,2023,6,0.0142,5.75,0.0001,64270000.0,4.406666666666666,0.7125,10636.62,22.0,1.3973,0.0152,0.2955,0.0142,0.011,0.0141,0.0178,0.0163,5.75,0.0034,5.75,-0.0126,5.5,0.0114,1.2246467991473532e-16,-1.0,17,17.978603532906828,9.272152053664065
31,Maluku Utara,2023-07-01,2023,7,0.0174,5.75,0.003,64270000.0,4.3583333333333325,0.7125,10636.62,22.0,1.3973,0.0152,0.2955,0.0142,0.0142,0.011,0.0157,0.018,5.75,0.0001,5.75,0.0132,5.75,0.001,-0.4999999999999997,-0.8660254037844388,18,17.978603532906828,9.272152053664065
31,Maluku Utara,2023-08-01,2023,8,0.0115,5.75,0.0026,64270000.0,4.31,0.7125,10636.62,22.0,1.3973,0.0152,0.2955,0.0174,0.0142,0.0142,0.0111,0.0194,5.75,0.003,5.75,0.0034,5.75,0.0185,-0.8660254037844384,-0.5000000000000004,19,17.978603532906828,9.272152053664065
31,Maluku Utara,2023-09-01,2023,9,0.0119,5.75,-0.0042,64270000.0,4.285,0.7125,10636.62,22.0,1.3973,0.0152,0.2955,0.0115,0.0174,0.0142,0.0141,0.0215,5.75,0.0026,5.75,0.0001,5.75,-0.0126,-1.0,-1.8369701987210297e-16,20,17.978603532906828,9.272152053664065
31,Maluku Utara,2023-10-01,2023,10,0.0124,6.0,0.0043,64270000.0,4.26,0.7125,10636.62,22.0,1.3973,0.0152,0.2955,0.0119,0.0115,0.0174,0.011,0.0135,5.75,-0.0042,5.75,0.003,5.75,0.0132,-0.8660254037844386,0.5000000000000001,21,17.978603532906828,9.272152053664065
31,Maluku Utara,2023-11-01,2023,11,0.0122,6.0,-0.002,64270000.0,4.234999999999999,0.7125,10636.62,22.0,1.3973,0.0152,0.2955,0.0124,0.0119,0.0115,0.0142,0.0155,6.0,0.0043,5.75,0.0026,5.75,0.0034,-0.5000000000000004,0.8660254037844384,22,17.978603532906828,9.272152053664065
31,Maluku Utara,2023-12-01,2023,12,0.011,6.0,0.0164,64270000.0,4.21,0.7125,10636.62,22.0,1.3973,0.0152,0.2955,0.0122,0.0124,0.0119,0.0142,0.0178,6.0,-0.002,5.75,-0.0042,5.75,0.0001,-2.4492935982947064e-16,1.0,23,17.978603532906828,9.272152053664065
31,Maluku Utara,2024-01-01,2024,1,0.0111,6.0,0.0433,71517000.0,4.1850000000000005,0.6845,12495.51,22.0,1.2836,0.0226,0.2866,0.011,0.0122,0.0124,0.0174,0.0157,6.0,0.0164,6.0,0.0043,5.75,0.003,0.49999999999999994,0.8660254037844387,24,18.085445755623727,9.433204684306816
31,Maluku Utara,2024-02-01,2024,2,0.0116,6.0,0.0271,71517000.0,4.16,0.6845,12495.51,22.0,1.2836,0.0226,0.2866,0.0111,0.011,0.0122,0.0115,0.0111,6.0,0.0433,6.0,-0.002,5.75,0.0026,0.8660254037844386,0.5000000000000001,25,18.085445755623727,9.433204684306816
31,Maluku Utara,2024-03-01,2024,3,0.0132,6.0,0.0357,71517000.0,4.138333333333334,0.6845,12495.51,22.0,1.2836,0.0226,0.2866,0.0116,0.0111,0.011,0.0119,0.0141,6.0,0.0271,6.0,0.0164,5.75,-0.0042,1.0,6.123233995736766e-17,26,18.085445755623727,9.433204684306816
31,Maluku Utara,2024-04-01,2024,4,0.0098,6.25,0.0293,71517000.0,4.116666666666667,0.6845,12495.51,22.0,1.2836,0.0226,0.2866,0.0132,0.0116,0.0111,0.0124,0.011,6.0,0.0357,6.0,0.0433,6.0,0.0043,0.8660254037844387,-0.4999999999999998,27,18.085445755623727,9.433204684306816
31,Maluku Utara,2024-05-01,2024,5,0.0122,6.25,0.0327,71517000.0,4.095000000000001,0.6845,12495.51,22.0,1.2836,0.0226,0.2866,0.0098,0.0132,0.0116,0.0122,0.0142,6.25,0.0293,6.0,0.0271,6.0,-0.002,0.49999999999999994,-0.8660254037844387,28,18.085445755623727,9.433204684306816
31,Maluku Utara,2024-06-01,2024,6,0.0099,6.25,0.0321,71517000.0,4.073333333333333,0.6845,12495.51,22.0,1.2836,0.0226,0.2866,0.0122,0.0098,0.0132,0.011,0.0142,6.25,0.0327,6.0,0.0357,6.0,0.0164,1.2246467991473532e-16,-1.0,29,18.085445755623727,9.433204684306816
31,Maluku Utara,2024-07-01,2024,7,0.0072,6.25,0.0296,71517000.0,4.051666666666667,0.6845,12495.51,22.0,1.2836,0.0226,0.2866,0.0099,0.0122,0.0098,0.0111,0.0174,6.25,0.0321,6.25,0.0293,6.0,0.0433,-0.4999999999999997,-0.8660254037844388,30,18.085445755623727,9.433204684306816
31,Maluku Utara,2024-08-01,2024,8,0.0075,6.25,0.0289,71517000.0,4.03,0.6845,12495.51,22.0,1.2836,0.0226,0.2866,0.0072,0.0099,0.0122,0.0116,0.0115,6.25,0.0296,6.25,0.0327,6.0,0.0271,-0.8660254037844384,-0.5000000000000004,31,18.085445755623727,9.433204684306816
31,Maluku Utara,2024-09-01,2024,9,0.0076,6.0,0.0356,71517000.0,4.068333333333333,0.6845,12495.51,22.0,1.2836,0.0226,0.2866,0.0075,0.0072,0.0099,0.0132,0.0119,6.25,0.0289,6.25,0.0321,6.0,0.0357,-1.0,-1.8369701987210297e-16,32,18.085445755623727,9.433204684306816
31,Maluku Utara,2024-10-01,2024,10,0.008,6.0,0.022,71517000.0,4.1066666666666665,0.6845,12495.51,22.0,1.2836,0.0226,0.2866,0.0076,0.0075,0.0072,0.0098,0.0124,6.0,0.0356,6.25,0.0296,6.25,0.0293,-0.8660254037844386,0.5000000000000001,33,18.085445755623727,9.433204684306816
31,Maluku Utara,2024-11-01,2024,11,0.0072,6.0,0.0278,71517000.0,4.145,0.6845,12495.51,22.0,1.2836,0.0226,0.2866,0.008,0.0076,0.0075,0.0122,0.0122,6.0,0.022,6.25,0.0289,6.25,0.0327,-0.5000000000000004,0.8660254037844384,34,18.085445755623727,9.433204684306816
31,Maluku Utara,2024-12-01,2024,12,0.0082,6.0,0.015,71517000.0,4.183333333333334,0.6845,12495.51,22.0,1.2836,0.0226,0.2866,0.0072,0.008,0.0076,0.0099,0.011,6.0,0.0278,6.0,0.0356,6.25,0.0321,-2.4492935982947064e-16,1.0,35,18.085445755623727,9.433204684306816
31,Maluku Utara,2025-01-01,2025,1,0.0079,5.75,-0.0015,97262000.0,4.221666666666667,0.6747,14972.34,22.0,1.0673,0.0283,0.2843,0.0082,0.0072,0.008,0.0072,0.0111,6.0,0.015,6.0,0.022,6.25,0.0296,0.49999999999999994,0.8660254037844387,36,18.392918936448204,9.614026565420145
31,Maluku Utara,2025-02-01,2025,2,0.0082,5.75,0.0016,97262000.0,4.26,0.6747,14972.34,22.0,1.0673,0.0283,0.2843,0.0079,0.0082,0.0072,0.0075,0.0116,5.75,-0.0015,6.0,0.0278,6.25,0.0289,0.8660254037844386,0.5000000000000001,37,18.392918936448204,9.614026565420145
31,Maluku Utara,2025-03-01,2025,3,0.0084,5.75,0.0232,97262000.0,4.308333333333334,0.6747,14972.34,22.0,1.0673,0.0283,0.2843,0.0082,0.0079,0.0082,0.0076,0.0132,5.75,0.0016,6.0,0.015,6.0,0.0356,1.0,6.123233995736766e-17,38,18.392918936448204,9.614026565420145
31,Maluku Utara,2025-04-01,2025,4,0.0101,5.75,0.0323,97262000.0,4.3566666666666665,0.6747,14972.34,22.0,1.0673,0.0283,0.2843,0.0084,0.0082,0.0079,0.008,0.0098,5.75,0.0232,5.75,-0.0015,6.0,0.022,0.8660254037844387,-0.4999999999999998,39,18.392918936448204,9.614026565420145
31,Maluku Utara,2025-05-01,2025,5,0.0087,5.75,0.0189,97262000.0,4.404999999999999,0.6747,14972.34,22.0,1.0673,0.0283,0.2843,0.0101,0.0084,0.0082,0.0072,0.0122,5.75,0.0323,5.75,0.0016,6.0,0.0278,0.49999999999999994,-0.8660254037844387,40,18.392918936448204,9.614026565420145
31,Maluku Utara,2025-06-01,2025,6,0.0062,5.5,0.0201,97262000.0,4.453333333333333,0.6747,14972.34,22.0,1.0673,0.0283,0.2843,0.0087,0.0101,0.0084,0.0082,0.0099,5.75,0.0189,5.75,0.0232,6.0,0.015,1.2246467991473532e-16,-1.0,41,18.392918936448204,9.614026565420145
31,Maluku Utara,2025-07-01,2025,7,0.0063,5.25,0.0246,97262000.0,4.501666666666667,0.6747,14972.34,22.0,1.0673,0.0283,0.2843,0.0062,0.0087,0.0101,0.0079,0.0072,5.5,0.0201,5.75,0.0323,5.75,-0.0015,-0.4999999999999997,-0.8660254037844388,42,18.392918936448204,9.614026565420145
31,Maluku Utara,2025-08-01,2025,8,0.0066,5.0,0.0043,97262000.0,4.55,0.6747,14972.34,22.0,1.0673,0.0283,0.2843,0.0063,0.0062,0.0087,0.0082,0.0075,5.25,0.0246,5.75,0.0189,5.75,0.0016,-0.8660254037844384,-0.5000000000000004,43,18.392918936448204,9.614026565420145
31,Maluku Utara,2025-09-01,2025,9,0.0072,4.75,-0.0017,97262000.0,4.55,0.6747,14972.34,22.0,1.0673,0.0283,0.2843,0.0066,0.0063,0.0062,0.0084,0.0076,5.0,0.0043,5.5,0.0201,5.75,0.0232,-1.0,-1.8369701987210297e-16,44,18.392918936448204,9.614026565420145
31,Maluku Utara,2025-10-01,2025,10,0.006,4.75,0.0118,97262000.0,4.55,0.6747,14972.34,22.0,1.0673,0.0283,0.2843,0.0072,0.0066,0.0063,0.0101,0.008,4.75,-0.0017,5.25,0.0246,5.75,0.0323,-0.8660254037844386,0.5000000000000001,45,18.392918936448204,9.614026565420145
31,Maluku Utara,2025-11-01,2025,11,0.0067,4.75,0.0189,97262000.0,4.55,0.6747,14972.34,22.0,1.0673,0.0283,0.2843,0.006,0.0072,0.0066,0.0087,0.0072,4.75,0.0118,5.0,0.0043,5.75,0.0189,-0.5000000000000004,0.8660254037844384,46,18.392918936448204,9.614026565420145
31,Maluku Utara,2025-12-01,2025,12,0.0125,4.75,0.0163,97262000.0,4.55,0.6747,14972.34,22.0,1.0673,0.0283,0.2843,0.0067,0.006,0.0072,0.0062,0.0082,4.75,0.0189,4.75,-0.0017,5.5,0.0201,-2.4492935982947064e-16,1.0,47,18.392918936448204,9.614026565420145
32,Maluku,2022-01-01,2022,1,0.0474,3.5,0.0027,28537000.0,6.44,0.705,14033.57,35.0,1.0552,0.0174,0.371,,,,,,,,,,,,0.49999999999999994,0.8660254037844387,0,17.166712083902965,9.549278850635154
32,Maluku,2022-02-01,2022,2,0.0165,3.5,-0.0078,28537000.0,6.44,0.705,14033.57,35.0,1.0552,0.0174,0.371,0.0474,,,,,3.5,0.0027,,,,,0.8660254037844386,0.5000000000000001,1,17.166712083902965,9.549278850635154
32,Maluku,2022-03-01,2022,3,0.0136,3.5,0.00105,28537000.0,6.513333333333334,0.705,14033.57,35.0,1.0552,0.0174,0.371,0.0165,0.0474,,,,3.5,-0.0078,,,,,1.0,6.123233995736766e-17,2,17.166712083902965,9.549278850635154
32,Maluku,2022-04-01,2022,4,0.0147,3.5,0.0123,28537000.0,6.586666666666667,0.705,14033.57,35.0,1.0552,0.0174,0.371,0.0136,0.0165,0.0474,,,3.5,0.00105,3.5,0.0027,,,0.8660254037844387,-0.4999999999999998,3,17.166712083902965,9.549278850635154
32,Maluku,2022-05-01,2022,5,0.0162,3.5,0.00955,28537000.0,6.66,0.705,14033.57,35.0,1.0552,0.0174,0.371,0.0147,0.0136,0.0165,,,3.5,0.0123,3.5,-0.0078,,,0.49999999999999994,-0.8660254037844387,4,17.166712083902965,9.549278850635154
32,Maluku,2022-06-01,2022,6,0.0205,3.5,0.00365,28537000.0,6.733333333333333,0.705,14033.57,35.0,1.0552,0.0174,0.371,0.0162,0.0147,0.0136,,,3.5,0.00955,3.5,0.00105,,,1.2246467991473532e-16,-1.0,5,17.166712083902965,9.549278850635154
32,Maluku,2022-07-01,2022,7,0.0231,3.5,0.01665,28537000.0,6.806666666666667,0.705,14033.57,35.0,1.0552,0.0174,0.371,0.0205,0.0162,0.0147,0.0474,,3.5,0.00365,3.5,0.0123,3.5,0.0027,-0.4999999999999997,-0.8660254037844388,6,17.166712083902965,9.549278850635154
32,Maluku,2022-08-01,2022,8,0.0445,3.75,-0.00045,28537000.0,6.88,0.705,14033.57,35.0,1.0552,0.0174,0.371,0.0231,0.0205,0.0162,0.0165,,3.5,0.01665,3.5,0.00955,3.5,-0.0078,-0.8660254037844384,-0.5000000000000004,7,17.166712083902965,9.549278850635154
32,Maluku,2022-09-01,2022,9,0.043,4.25,0.0066,28537000.0,6.746666666666666,0.705,14033.57,35.0,1.0552,0.0174,0.371,0.0445,0.0231,0.0205,0.0136,,3.75,-0.00045,3.5,0.00365,3.5,0.00105,-1.0,-1.8369701987210297e-16,8,17.166712083902965,9.549278850635154
32,Maluku,2022-10-01,2022,10,0.0358,4.75,-0.00735,28537000.0,6.613333333333333,0.705,14033.57,35.0,1.0552,0.0174,0.371,0.043,0.0445,0.0231,0.0147,,4.25,0.0066,3.5,0.01665,3.5,0.0123,-0.8660254037844386,0.5000000000000001,9,17.166712083902965,9.549278850635154
32,Maluku,2022-11-01,2022,11,0.0377,5.25,0.00995,28537000.0,6.48,0.705,14033.57,35.0,1.0552,0.0174,0.371,0.0358,0.043,0.0445,0.0162,,4.75,-0.00735,3.75,-0.00045,3.5,0.00955,-0.5000000000000004,0.8660254037844384,10,17.166712083902965,9.549278850635154
32,Maluku,2022-12-01,2022,12,0.0354,5.5,0.0068,28537000.0,6.346666666666667,0.705,14033.57,35.0,1.0552,0.0174,0.371,0.0377,0.0358,0.043,0.0205,,5.25,0.00995,4.25,0.0066,3.5,0.00365,-2.4492935982947064e-16,1.0,11,17.166712083902965,9.549278850635154
32,Maluku,2023-01-01,2023,1,0.0327,5.75,0.0016,30455000.0,6.213333333333333,0.7499,14371.65,36.0,1.121,0.0223,0.3913,0.0354,0.0377,0.0358,0.0231,0.0474,5.5,0.0068,4.75,-0.00735,3.5,0.01665,0.49999999999999994,0.8660254037844387,12,17.231760775088052,9.573082374040654
32,Maluku,2023-02-01,2023,2,0.0292,5.75,0.00015,30455000.0,6.08,0.7499,14371.65,36.0,1.121,0.0223,0.3913,0.0327,0.0354,0.0377,0.0445,0.0165,5.75,0.0016,5.25,0.00995,3.75,-0.00045,0.8660254037844386,0.5000000000000001,13,17.231760775088052,9.573082374040654
32,Maluku,2023-03-01,2023,3,0.0312,5.75,0.003,30455000.0,6.118333333333333,0.7499,14371.65,36.0,1.121,0.0223,0.3913,0.0292,0.0327,0.0354,0.043,0.0136,5.75,0.00015,5.5,0.0068,4.25,0.0066,1.0,6.123233995736766e-17,14,17.231760775088052,9.573082374040654
32,Maluku,2023-04-01,2023,4,0.0125,5.75,0.0038,30455000.0,6.156666666666666,0.7499,14371.65,36.0,1.121,0.0223,0.3913,0.0312,0.0292,0.0327,0.0358,0.0147,5.75,0.003,5.75,0.0016,4.75,-0.00735,0.8660254037844387,-0.4999999999999998,15,17.231760775088052,9.573082374040654
32,Maluku,2023-05-01,2023,5,0.0186,5.75,0.00775,30455000.0,6.195,0.7499,14371.65,36.0,1.121,0.0223,0.3913,0.0125,0.0312,0.0292,0.0377,0.0162,5.75,0.0038,5.75,0.00015,5.25,0.00995,0.49999999999999994,-0.8660254037844387,16,17.231760775088052,9.573082374040654
32,Maluku,2023-06-01,2023,6,0.0196,5.75,0.0086,30455000.0,6.233333333333333,0.7499,14371.65,36.0,1.121,0.0223,0.3913,0.0186,0.0125,0.0312,0.0354,0.0205,5.75,0.00775,5.75,0.003,5.5,0.0068,1.2246467991473532e-16,-1.0,17,17.231760775088052,9.573082374040654
32,Maluku,2023-07-01,2023,7,0.0234,5.75,-0.0028,30455000.0,6.2716666666666665,0.7499,14371.65,36.0,1.121,0.0223,0.3913,0.0196,0.0186,0.0125,0.0327,0.0231,5.75,0.0086,5.75,0.0038,5.75,0.0016,-0.4999999999999997,-0.8660254037844388,18,17.231760775088052,9.573082374040654
32,Maluku,2023-08-01,2023,8,0.0139,5.75,0.00025,30455000.0,6.31,0.7499,14371.65,36.0,1.121,0.0223,0.3913,0.0234,0.0196,0.0186,0.0292,0.0445,5.75,-0.0028,5.75,0.00775,5.75,0.00015,-0.8660254037844384,-0.5000000000000004,19,17.231760775088052,9.573082374040654
32,Maluku,2023-09-01,2023,9,0.0133,5.75,0.0043,30455000.0,6.251666666666666,0.7499,14371.65,36.0,1.121,0.0223,0.3913,0.0139,0.0234,0.0196,0.0312,0.043,5.75,0.00025,5.75,0.0086,5.75,0.003,-1.0,-1.8369701987210297e-16,20,17.231760775088052,9.573082374040654
32,Maluku,2023-10-01,2023,10,0.0131,6.0,-0.00345,30455000.0,6.193333333333333,0.7499,14371.65,36.0,1.121,0.0223,0.3913,0.0133,0.0139,0.0234,0.0125,0.0358,5.75,0.0043,5.75,-0.0028,5.75,0.0038,-0.8660254037844386,0.5000000000000001,21,17.231760775088052,9.573082374040654
32,Maluku,2023-11-01,2023,11,0.0119,6.0,0.00025,30455000.0,6.135,0.7499,14371.65,36.0,1.121,0.0223,0.3913,0.0131,0.0133,0.0139,0.0186,0.0377,6.0,-0.00345,5.75,0.00025,5.75,0.00775,-0.5000000000000004,0.8660254037844384,22,17.231760775088052,9.573082374040654
32,Maluku,2023-12-01,2023,12,0.0131,6.0,0.00675,30455000.0,6.076666666666666,0.7499,14371.65,36.0,1.121,0.0223,0.3913,0.0119,0.0131,0.0133,0.0196,0.0354,6.0,0.00025,5.75,0.0043,5.75,0.0086,-2.4492935982947064e-16,1.0,23,17.231760775088052,9.573082374040654
32,Maluku,2024-01-01,2024,1,0.0144,6.0,0.0412,32199000.0,6.0183333333333335,0.6568,14445.46,36.0,1.181,0.0246,0.3771,0.0131,0.0119,0.0131,0.0234,0.0327,6.0,0.00675,6.0,-0.00345,5.75,-0.0028,0.49999999999999994,0.8660254037844387,24,17.287445985188636,9.578204680828453
32,Maluku,2024-02-01,2024,2,0.0122,6.0,0.0302,32199000.0,5.96,0.6568,14445.46,36.0,1.181,0.0246,0.3771,0.0144,0.0131,0.0119,0.0139,0.0292,6.0,0.0412,6.0,0.00025,5.75,0.00025,0.8660254037844386,0.5000000000000001,25,17.287445985188636,9.578204680828453
32,Maluku,2024-03-01,2024,3,0.0144,6.0,0.0275,32199000.0,5.985,0.6568,14445.46,36.0,1.181,0.0246,0.3771,0.0122,0.0144,0.0131,0.0133,0.0312,6.0,0.0302,6.0,0.00675,5.75,0.0043,1.0,6.123233995736766e-17,26,17.287445985188636,9.578204680828453
32,Maluku,2024-04-01,2024,4,0.0096,6.25,0.0243,32199000.0,6.01,0.6568,14445.46,36.0,1.181,0.0246,0.3771,0.0144,0.0122,0.0144,0.0131,0.0125,6.0,0.0275,6.0,0.0412,6.0,-0.00345,0.8660254037844387,-0.4999999999999998,27,17.287445985188636,9.578204680828453
32,Maluku,2024-05-01,2024,5,0.0122,6.25,0.0321,32199000.0,6.035,0.6568,14445.46,36.0,1.181,0.0246,0.3771,0.0096,0.0144,0.0122,0.0119,0.0186,6.25,0.0243,6.0,0.0302,6.0,0.00025,0.49999999999999994,-0.8660254037844387,28,17.287445985188636,9.578204680828453
32,Maluku,2024-06-01,2024,6,0.0102,6.25,0.0363,32199000.0,6.0600000000000005,0.6568,14445.46,36.0,1.181,0.0246,0.3771,0.0122,0.0096,0.0144,0.0131,0.0196,6.25,0.0321,6.0,0.0275,6.0,0.00675,1.2246467991473532e-16,-1.0,29,17.287445985188636,9.578204680828453
32,Maluku,2024-07-01,2024,7,0.0077,6.25,0.0271,32199000.0,6.085,0.6568,14445.46,36.0,1.181,0.0246,0.3771,0.0102,0.0122,0.0096,0.0144,0.0234,6.25,0.0363,6.25,0.0243,6.0,0.0412,-0.4999999999999997,-0.8660254037844388,30,17.287445985188636,9.578204680828453
32,Maluku,2024-08-01,2024,8,0.0074,6.25,0.0258,32199000.0,6.11,0.6568,14445.46,36.0,1.181,0.0246,0.3771,0.0077,0.0102,0.0122,0.0122,0.0139,6.25,0.0271,6.25,0.0321,6.0,0.0302,-0.8660254037844384,-0.5000000000000004,31,17.287445985188636,9.578204680828453
32,Maluku,2024-09-01,2024,9,0.0068,6.0,0.0179,32199000.0,6.083333333333334,0.6568,14445.46,36.0,1.181,0.0246,0.3771,0.0074,0.0077,0.0102,0.0144,0.0133,6.25,0.0258,6.25,0.0363,6.0,0.0275,-1.0,-1.8369701987210297e-16,32,17.287445985188636,9.578204680828453
32,Maluku,2024-10-01,2024,10,0.0072,6.0,0.0213,32199000.0,6.056666666666667,0.6568,14445.46,36.0,1.181,0.0246,0.3771,0.0068,0.0074,0.0077,0.0096,0.0131,6.0,0.0179,6.25,0.0271,6.25,0.0243,-0.8660254037844386,0.5000000000000001,33,17.287445985188636,9.578204680828453
32,Maluku,2024-11-01,2024,11,0.007,6.0,0.0223,32199000.0,6.03,0.6568,14445.46,36.0,1.181,0.0246,0.3771,0.0072,0.0068,0.0074,0.0122,0.0119,6.0,0.0213,6.25,0.0258,6.25,0.0321,-0.5000000000000004,0.8660254037844384,34,17.287445985188636,9.578204680828453
32,Maluku,2024-12-01,2024,12,0.0078,6.0,0.0128,32199000.0,6.003333333333334,0.6568,14445.46,36.0,1.181,0.0246,0.3771,0.007,0.0072,0.0068,0.0102,0.0131,6.0,0.0223,6.0,0.0179,6.25,0.0363,-2.4492935982947064e-16,1.0,35,17.287445985188636,9.578204680828453
32,Maluku,2025-01-01,2025,1,0.0078,5.75,0.0076,33652000.0,5.976666666666667,0.6548,14975.42,36.0,1.1592,0.0282,0.3784,0.0078,0.007,0.0072,0.0077,0.0144,6.0,0.0128,6.0,0.0213,6.25,0.0271,0.49999999999999994,0.8660254037844387,36,17.331583077368755,9.614232243195918
32,Maluku,2025-02-01,2025,2,0.0076,5.75,0.0133,33652000.0,5.95,0.6548,14975.42,36.0,1.1592,0.0282,0.3784,0.0078,0.0078,0.007,0.0074,0.0122,5.75,0.0076,6.0,0.0223,6.25,0.0258,0.8660254037844386,0.5000000000000001,37,17.331583077368755,9.614232243195918
32,Maluku,2025-03-01,2025,3,0.0085,5.75,0.0354,33652000.0,6.003333333333334,0.6548,14975.42,36.0,1.1592,0.0282,0.3784,0.0076,0.0078,0.0078,0.0068,0.0144,5.75,0.0133,6.0,0.0128,6.0,0.0179,1.0,6.123233995736766e-17,38,17.331583077368755,9.614232243195918
32,Maluku,2025-04-01,2025,4,0.0101,5.75,0.0334,33652000.0,6.056666666666667,0.6548,14975.42,36.0,1.1592,0.0282,0.3784,0.0085,0.0076,0.0078,0.0072,0.0096,5.75,0.0354,5.75,0.0076,6.0,0.0213,0.8660254037844387,-0.4999999999999998,39,17.331583077368755,9.614232243195918
32,Maluku,2025-05-01,2025,5,0.0102,5.75,0.0224,33652000.0,6.109999999999999,0.6548,14975.42,36.0,1.1592,0.0282,0.3784,0.0101,0.0085,0.0076,0.007,0.0122,5.75,0.0334,5.75,0.0133,6.0,0.0223,0.49999999999999994,-0.8660254037844387,40,17.331583077368755,9.614232243195918
32,Maluku,2025-06-01,2025,6,0.0084,5.5,0.0188,33652000.0,6.163333333333333,0.6548,14975.42,36.0,1.1592,0.0282,0.3784,0.0102,0.0101,0.0085,0.0078,0.0102,5.75,0.0224,5.75,0.0354,6.0,0.0128,1.2246467991473532e-16,-1.0,41,17.331583077368755,9.614232243195918
32,Maluku,2025-07-01,2025,7,0.0115,5.25,0.0299,33652000.0,6.216666666666667,0.6548,14975.42,36.0,1.1592,0.0282,0.3784,0.0084,0.0102,0.0101,0.0078,0.0077,5.5,0.0188,5.75,0.0334,5.75,0.0076,-0.4999999999999997,-0.8660254037844388,42,17.331583077368755,9.614232243195918
32,Maluku,2025-08-01,2025,8,0.0106,5.0,0.0325,33652000.0,6.27,0.6548,14975.42,36.0,1.1592,0.0282,0.3784,0.0115,0.0084,0.0102,0.0076,0.0074,5.25,0.0299,5.75,0.0224,5.75,0.0133,-0.8660254037844384,-0.5000000000000004,43,17.331583077368755,9.614232243195918
32,Maluku,2025-09-01,2025,9,0.009,4.75,0.0301,33652000.0,6.27,0.6548,14975.42,36.0,1.1592,0.0282,0.3784,0.0106,0.0115,0.0084,0.0085,0.0068,5.0,0.0325,5.5,0.0188,5.75,0.0354,-1.0,-1.8369701987210297e-16,44,17.331583077368755,9.614232243195918
32,Maluku,2025-10-01,2025,10,0.0068,4.75,0.023,33652000.0,6.27,0.6548,14975.42,36.0,1.1592,0.0282,0.3784,0.009,0.0106,0.0115,0.0101,0.0072,4.75,0.0301,5.25,0.0299,5.75,0.0334,-0.8660254037844386,0.5000000000000001,45,17.331583077368755,9.614232243195918
32,Maluku,2025-11-01,2025,11,0.0079,4.75,0.0233,33652000.0,6.27,0.6548,14975.42,36.0,1.1592,0.0282,0.3784,0.0068,0.009,0.0106,0.0102,0.007,4.75,0.023,5.0,0.0325,5.75,0.0224,-0.5000000000000004,0.8660254037844384,46,17.331583077368755,9.614232243195918
32,Maluku,2025-12-01,2025,12,0.0066,4.75,0.0358,33652000.0,6.27,0.6548,14975.42,36.0,1.1592,0.0282,0.3784,0.0079,0.0068,0.009,0.0084,0.0078,4.75,0.0233,4.75,0.0301,5.5,0.0188,-2.4492935982947064e-16,1.0,47,17.331583077368755,9.614232243195918
