twp90_pct,x1_bi_rate_pct,x2_inflasi_yoy,bi_rate_lag_1,bi_rate_lag_3,inflasi_lag_1,inflasi_lag_3,inflasi_mom,twp90_lag_1,twp90_lag_2,twp90_lag_3,twp90_lag_6,twp90_lag_12,twp90_roll3_mean,twp90_roll3_std,twp90_mom,log_pdrb,x4_tpt_pct,x5_penetrasi_internet_pct,x6_tabungan_miliar,x7_jumlah_kc_bank,x8_ldr_pct,x9_npl_ratio,x10_rasio_umkm,log_pdrb_x_month,x5_penetrasi_internet_pct_x_month,x8_ldr_pct_x_month,x9_npl_ratio_x_month,x10_rasio_umkm_x_month,provinsi_id,bulan_sin,bulan_cos,time_trend,nama_provinsi,tahun,bulan
0.0236,5.75,0.0055,5.5,4.75,0.00483,-0.00113,0.0006699999999999996,0.0246,0.0253,0.0257,0.0287,0.0217,0.024499999999999997,0.0008544003745317349,-0.0010000000000000009,18.007390096022906,8.09,0.891,246873.64,94.0,0.7934,0.0173,0.2995,1.5006158413352422,0.07425,0.06611666666666666,0.0014416666666666666,0.024958333333333332,1,0.49999999999999994,0.8660254037844387,13,Banten,2023,1
0.0217,5.75,0.00257,5.75,5.25,0.0055,-0.00013,-0.00293,0.0236,0.0246,0.0253,0.028,0.0217,0.023299999999999998,0.001473091986265605,-0.001899999999999999,18.007390096022906,7.97,0.891,246873.64,94.0,0.7934,0.0173,0.2995,3.0012316826704843,0.1485,0.1322333333333333,0.0028833333333333332,0.049916666666666665,1,0.8660254037844386,0.5000000000000001,14,Banten,2023,2
0.022,5.75,0.00107,5.75,5.5,0.00257,0.00483,-0.0014999999999999998,0.0217,0.0236,0.0246,0.028,0.0225,0.022433333333333333,0.0010214368964029357,0.0002999999999999982,18.007390096022906,7.97,0.891,246873.64,94.0,0.7934,0.0173,0.2995,4.5018475240057265,0.22275,0.19835,0.004325,0.074875,1,1.0,6.123233995736766e-17,15,Banten,2023,3
0.0226,5.75,0.0041,5.75,5.75,0.00107,0.0055,0.0030300000000000006,0.022,0.0217,0.0236,0.0257,0.0238,0.022099999999999998,0.00045825756949549785,0.0005999999999999998,18.007390096022906,7.97,0.891,246873.64,94.0,0.7934,0.0173,0.2995,6.002463365340969,0.297,0.2644666666666666,0.0057666666666666665,0.09983333333333333,1,0.8660254037844387,-0.4999999999999998,16,Banten,2023,4
0.0484,5.75,0.00203,5.75,5.75,0.0041,0.00257,-0.0020700000000000002,0.0226,0.022,0.0217,0.0253,0.0255,0.031,0.015071828024496567,0.0258,18.007390096022906,7.97,0.891,246873.64,94.0,0.7934,0.0173,0.2995,7.503079206676211,0.37125,0.33058333333333334,0.007208333333333333,0.12479166666666666,1,0.49999999999999994,-0.8660254037844387,17,Banten,2023,5
0.0513,5.75,0.00117,5.75,5.75,0.00203,0.00107,-0.0008600000000000001,0.0484,0.0226,0.022,0.0246,0.0262,0.040766666666666666,0.015799472565036266,0.0029,18.007390096022906,7.97,0.891,246873.64,94.0,0.7934,0.0173,0.2995,9.003695048011453,0.4455,0.3967,0.00865,0.14975,1,1.2246467991473532e-16,-1.0,18,Banten,2023,6
0.0489,5.75,0.00093,5.75,5.75,0.00117,0.0041,-0.00023999999999999998,0.0513,0.0484,0.0226,0.0236,0.0287,0.049533333333333325,0.0015502687938979303,-0.0023999999999999994,18.007390096022906,7.97,0.891,246873.64,94.0,0.7934,0.0173,0.2995,10.504310889346696,0.51975,0.4628166666666667,0.010091666666666667,0.17470833333333333,1,-0.4999999999999997,-0.8660254037844388,19,Banten,2023,7
0.0229,5.75,-0.0013,5.75,5.75,0.00093,0.00203,-0.00223,0.0489,0.0513,0.0484,0.0217,0.028,0.04103333333333333,0.015749708992020568,-0.026,18.007390096022906,7.52,0.891,246873.64,94.0,0.7934,0.0173,0.2995,12.004926730681937,0.594,0.5289333333333333,0.011533333333333333,0.19966666666666666,1,-0.8660254037844385,-0.5000000000000004,20,Banten,2023,8
0.0216,5.75,0.00197,5.75,5.75,-0.0013,0.00117,0.00327,0.0229,0.0489,0.0513,0.022,0.028,0.031133333333333332,0.015400108224727944,-0.001299999999999999,18.007390096022906,7.52,0.891,246873.64,94.0,0.7934,0.0173,0.2995,13.50554257201718,0.66825,0.59505,0.012975,0.224625,1,-1.0,-1.8369701987210297e-16,21,Banten,2023,9
0.0222,6.0,0.0013,5.75,5.75,0.00197,0.00093,-0.00067,0.0216,0.0229,0.0489,0.0226,0.0257,0.02223333333333333,0.0006506407098645715,0.0005999999999999998,18.007390096022906,7.52,0.891,246873.64,94.0,0.7934,0.0173,0.2995,15.006158413352422,0.7425,0.6611666666666667,0.014416666666666666,0.24958333333333332,1,-0.8660254037844386,0.5000000000000001,22,Banten,2023,10
0.0219,6.0,0.00523,6.0,5.75,0.0013,-0.0013,0.00393,0.0222,0.0216,0.0229,0.0484,0.0253,0.0219,0.0002999999999995554,-0.00030000000000000165,18.007390096022906,7.52,0.891,246873.64,94.0,0.7934,0.0173,0.2995,16.506774254687663,0.81675,0.7272833333333333,0.015858333333333332,0.27454166666666663,1,-0.5000000000000004,0.8660254037844384,23,Banten,2023,11
0.0234,6.0,0.00437,6.0,5.75,0.00523,0.00197,-0.0008600000000000005,0.0219,0.0222,0.0216,0.0513,0.0246,0.022500000000000003,0.0007937253933192194,0.0015000000000000013,18.007390096022906,7.52,0.891,246873.64,94.0,0.7934,0.0173,0.2995,18.007390096022906,0.891,0.7934,0.0173,0.2995,1,-2.4492935982947064e-16,1.0,24,Banten,2023,12
0.024,6.0,0.0259,6.0,6.0,0.00437,0.0013,0.02153,0.0234,0.0219,0.0222,0.0489,0.0236,0.0231,0.0010816653826390876,0.0005999999999999998,18.067940904467083,7.52,0.8455,268171.77,96.0,0.7943,0.0232,0.2826,1.5056617420389236,0.07045833333333333,0.06619166666666666,0.0019333333333333331,0.02355,1,0.49999999999999994,0.8660254037844387,25,Banten,2024,1
0.0261,6.0,0.0281,6.0,6.0,0.0259,0.00523,0.0022000000000000006,0.024,0.0234,0.0219,0.0229,0.0217,0.024499999999999997,0.001417744687875711,0.002100000000000001,18.067940904467083,7.02,0.8455,268171.77,96.0,0.7943,0.0232,0.2826,3.011323484077847,0.14091666666666666,0.13238333333333333,0.0038666666666666663,0.0471,1,0.8660254037844386,0.5000000000000001,26,Banten,2024,2
0.0266,6.0,0.0342,6.0,6.0,0.0281,0.00437,0.006100000000000001,0.0261,0.024,0.0234,0.0216,0.022,0.025566666666666665,0.00137961347243826,0.000499999999999997,18.067940904467083,7.02,0.8455,268171.77,96.0,0.7943,0.0232,0.2826,4.516985226116771,0.211375,0.198575,0.0058,0.07065,1,1.0,6.123233995736766e-17,27,Banten,2024,3
0.0237,6.25,0.0342,6.0,6.0,0.0342,0.0259,0.0,0.0266,0.0261,0.024,0.0222,0.0226,0.025466666666666665,0.0015502687938977388,-0.0029,18.067940904467083,7.02,0.8455,268171.77,96.0,0.7943,0.0232,0.2826,6.022646968155694,0.2818333333333333,0.26476666666666665,0.0077333333333333325,0.0942,1,0.8660254037844387,-0.4999999999999998,28,Banten,2024,4
0.0246,6.25,0.0286,6.25,6.0,0.0342,0.0281,-0.005600000000000001,0.0237,0.0266,0.0261,0.0219,0.0484,0.024966666666666665,0.0014843629385474194,0.0009000000000000015,18.067940904467083,7.02,0.8455,268171.77,96.0,0.7943,0.0232,0.2826,7.528308710194618,0.35229166666666667,0.33095833333333335,0.009666666666666667,0.11775000000000001,1,0.49999999999999994,-0.8660254037844387,29,Banten,2024,5
0.0236,6.25,0.0249,6.25,6.0,0.0286,0.0342,-0.003700000000000002,0.0246,0.0237,0.0266,0.0234,0.0513,0.023966666666666664,0.0005507570547283978,-0.0010000000000000009,18.067940904467083,7.02,0.8455,268171.77,96.0,0.7943,0.0232,0.2826,9.033970452233541,0.42275,0.39715,0.0116,0.1413,1,1.2246467991473532e-16,-1.0,30,Banten,2024,6
0.0203,6.25,0.023,6.25,6.25,0.0249,0.0342,-0.001899999999999999,0.0236,0.0246,0.0237,0.024,0.0489,0.02283333333333333,0.0022501851775649645,-0.003300000000000001,18.067940904467083,7.02,0.8455,268171.77,96.0,0.7943,0.0232,0.2826,10.539632194272466,0.49320833333333336,0.4633416666666667,0.013533333333333333,0.16485000000000002,1,-0.4999999999999997,-0.8660254037844388,31,Banten,2024,7
0.0189,6.25,0.0245,6.25,6.25,0.023,0.0286,0.0015000000000000013,0.0203,0.0236,0.0246,0.0261,0.0229,0.02093333333333333,0.0024131583730317013,-0.0013999999999999985,18.067940904467083,6.68,0.8455,268171.77,96.0,0.7943,0.0232,0.2826,12.045293936311388,0.5636666666666666,0.5295333333333333,0.015466666666666665,0.1884,1,-0.8660254037844385,-0.5000000000000004,32,Banten,2024,8
0.0194,6.0,0.0203,6.25,6.25,0.0245,0.0249,-0.004200000000000002,0.0189,0.0203,0.0236,0.0266,0.0216,0.019533333333333333,0.0007094598884594947,0.0005000000000000004,18.067940904467083,6.68,0.8455,268171.77,96.0,0.7943,0.0232,0.2826,13.550955678350313,0.634125,0.5957250000000001,0.0174,0.21195000000000003,1,-1.0,-1.8369701987210297e-16,33,Banten,2024,9
0.019,6.0,0.0194,6.0,6.25,0.0203,0.023,-0.000899999999999998,0.0194,0.0189,0.0203,0.0237,0.0222,0.0191,0.00026457513110572997,-0.00040000000000000105,18.067940904467083,6.68,0.8455,268171.77,96.0,0.7943,0.0232,0.2826,15.056617420389236,0.7045833333333333,0.6619166666666667,0.019333333333333334,0.23550000000000001,1,-0.8660254037844386,0.5000000000000001,34,Banten,2024,10
0.0202,6.0,0.019,6.0,6.25,0.0194,0.0245,-0.00040000000000000105,0.019,0.0194,0.0189,0.0246,0.0219,0.01953333333333333,0.0006110100926604707,0.0011999999999999997,18.067940904467083,6.68,0.8455,268171.77,96.0,0.7943,0.0232,0.2826,16.56227916242816,0.7750416666666666,0.7281083333333334,0.021266666666666663,0.25905,1,-0.5000000000000004,0.8660254037844384,35,Banten,2024,11
0.0211,6.0,0.0188,6.0,6.0,0.019,0.0203,-0.0001999999999999988,0.0202,0.019,0.0194,0.0236,0.0234,0.020099999999999996,0.0010535653752851016,0.0009000000000000015,18.067940904467083,6.68,0.8455,268171.77,96.0,0.7943,0.0232,0.2826,18.067940904467083,0.8455,0.7943,0.0232,0.2826,1,-2.4492935982947064e-16,1.0,36,Banten,2024,12
0.0201,5.75,0.0085,6.0,6.0,0.0188,0.0194,-0.0103,0.0211,0.0202,0.019,0.0203,0.024,0.020466666666666664,0.0005507570547282872,-0.0010000000000000009,18.128629138982642,6.68,0.8399,268278.77,97.0,0.7998,0.0281,0.2756,1.51071909491522,0.06999166666666666,0.06664999999999999,0.0023416666666666664,0.022966666666666666,1,0.49999999999999994,0.8660254037844387,37,Banten,2025,1
0.0274,5.75,-0.0033,5.75,6.0,0.0085,0.019,-0.011800000000000001,0.0201,0.0211,0.0202,0.0189,0.0261,0.022866666666666664,0.003957692930652029,0.007300000000000001,18.128629138982642,6.64,0.8399,268278.77,97.0,0.7998,0.0281,0.2756,3.02143818983044,0.13998333333333332,0.13329999999999997,0.004683333333333333,0.04593333333333333,1,0.8660254037844386,0.5000000000000001,38,Banten,2025,2
0.0271,5.75,0.007,5.75,6.0,-0.0033,0.0188,0.0103,0.0274,0.0201,0.0211,0.0194,0.0266,0.024866666666666662,0.004130778780488384,-0.00030000000000000165,18.128629138982642,6.64,0.8399,268278.77,97.0,0.7998,0.0281,0.2756,4.532157284745661,0.209975,0.19995,0.007025,0.0689,1,1.0,6.123233995736766e-17,39,Banten,2025,3
0.0227,5.75,0.0159,5.75,5.75,0.007,0.0085,0.008900000000000002,0.0271,0.0274,0.0201,0.019,0.0237,0.02573333333333333,0.002631222782915411,-0.004399999999999998,18.128629138982642,6.64,0.8399,268278.77,97.0,0.7998,0.0281,0.2756,6.04287637966088,0.27996666666666664,0.26659999999999995,0.009366666666666666,0.09186666666666667,1,0.8660254037844387,-0.4999999999999998,40,Banten,2025,4
0.0267,5.75,0.0157,5.75,5.75,0.0159,-0.0033,-0.00020000000000000226,0.0227,0.0271,0.0274,0.0202,0.0246,0.025499999999999995,0.0024331050121192428,0.004,18.128629138982642,6.64,0.8399,268278.77,97.0,0.7998,0.0281,0.2756,7.553595474576102,0.3499583333333333,0.33325,0.011708333333333334,0.11483333333333334,1,0.49999999999999994,-0.8660254037844387,41,Banten,2025,5
0.0273,5.5,0.0183,5.75,5.75,0.0157,0.007,0.0026000000000000016,0.0267,0.0227,0.0271,0.0211,0.0236,0.025566666666666665,0.0025006665778014307,0.0005999999999999998,18.128629138982642,6.64,0.8399,268278.77,97.0,0.7998,0.0281,0.2756,9.064314569491321,0.41995,0.3999,0.01405,0.1378,1,1.2246467991473532e-16,-1.0,42,Banten,2025,6
0.0247,5.25,0.0229,5.5,5.75,0.0183,0.0159,0.0046,0.0273,0.0267,0.0227,0.0201,0.0203,0.02623333333333333,0.001361371857110737,-0.0026000000000000016,18.128629138982642,6.64,0.8399,268278.77,97.0,0.7998,0.0281,0.2756,10.575033664406542,0.48994166666666666,0.46655,0.01639166666666667,0.1607666666666667,1,-0.4999999999999997,-0.8660254037844388,43,Banten,2025,7
0.0233,5.0,0.0195,5.25,5.75,0.0229,0.0157,-0.0034000000000000002,0.0247,0.0273,0.0267,0.0274,0.0189,0.025099999999999997,0.002029778313018389,-0.0013999999999999985,18.128629138982642,6.69,0.8399,268278.77,97.0,0.7998,0.0281,0.2756,12.08575275932176,0.5599333333333333,0.5331999999999999,0.01873333333333333,0.18373333333333333,1,-0.8660254037844385,-0.5000000000000004,44,Banten,2025,8
0.0199,4.75,0.0231,5.0,5.5,0.0195,0.0183,0.003599999999999999,0.0233,0.0247,0.0273,0.0271,0.0194,0.022633333333333328,0.0024684678108764266,-0.0034000000000000002,18.128629138982642,6.69,0.8399,268278.77,97.0,0.7998,0.0281,0.2756,13.596471854236981,0.629925,0.59985,0.021075,0.2067,1,-1.0,-1.8369701987210297e-16,45,Banten,2025,9
0.0201,4.75,0.0275,4.75,5.25,0.0231,0.0229,0.004400000000000001,0.0199,0.0233,0.0247,0.0227,0.019,0.021099999999999997,0.0019078784028338143,0.0001999999999999988,18.128629138982642,6.69,0.8399,268278.77,97.0,0.7998,0.0281,0.2756,15.107190949152203,0.6999166666666666,0.6665,0.02341666666666667,0.22966666666666669,1,-0.8660254037844386,0.5000000000000001,46,Banten,2025,10
0.0258,4.75,0.0256,4.75,5.0,0.0275,0.0195,-0.001899999999999999,0.0201,0.0199,0.0233,0.0267,0.0202,0.021933333333333332,0.0033501243758005516,0.0057,18.128629138982642,6.69,0.8399,268278.77,97.0,0.7998,0.0281,0.2756,16.617910044067422,0.7699083333333333,0.73315,0.02575833333333333,0.2526333333333333,1,-0.5000000000000004,0.8660254037844384,47,Banten,2025,11
0.0243,4.75,0.0274,4.75,4.75,0.0256,0.0231,0.0017999999999999995,0.0258,0.0201,0.0199,0.0273,0.0211,0.023399999999999994,0.0029546573405387824,-0.0015000000000000013,18.128629138982642,6.69,0.8399,268278.77,97.0,0.7998,0.0281,0.2756,18.128629138982642,0.8399,0.7998,0.0281,0.2756,1,-2.4492935982947064e-16,1.0,48,Banten,2025,12
0.0305,5.75,0.0009,5.5,4.75,0.0055,-0.0005,-0.0046,0.0287,0.0304,0.0336,0.0243,0.0234,0.029866666666666666,0.0010115993936995814,0.0017999999999999995,19.592081801674965,7.18,0.8696,3467900.74,446.0,1.0211,0.0185,0.0424,1.6326734834729137,0.07246666666666667,0.08509166666666665,0.0015416666666666664,0.003533333333333333,2,0.49999999999999994,0.8660254037844387,13,Dki Jakarta,2023,1
0.0279,5.75,0.0019,5.75,5.25,0.0009,0.0005,0.001,0.0305,0.0287,0.0304,0.0278,0.0218,0.029033333333333338,0.0013316656236958852,-0.002599999999999998,19.592081801674965,7.57,0.8696,3467900.74,446.0,1.0211,0.0185,0.0424,3.2653469669458275,0.14493333333333333,0.1701833333333333,0.003083333333333333,0.007066666666666666,2,0.8660254037844386,0.5000000000000001,14,Dki Jakarta,2023,2
0.0279,5.75,0.0036,5.75,5.5,0.0019,0.0055,0.0017,0.0279,0.0305,0.0287,0.028,0.0223,0.028766666666666666,0.0015011106998930321,0.0,19.592081801674965,7.57,0.8696,3467900.74,446.0,1.0211,0.0185,0.0424,4.898020450418741,0.2174,0.255275,0.004625,0.0106,2,1.0,6.123233995736766e-17,15,Dki Jakarta,2023,3
0.0294,5.75,0.004,5.75,5.75,0.0036,0.0009,0.0004000000000000002,0.0279,0.0279,0.0305,0.0336,0.0205,0.028399999999999998,0.0008660254037844467,0.0014999999999999979,19.592081801674965,7.57,0.8696,3467900.74,446.0,1.0211,0.0185,0.0424,6.530693933891655,0.28986666666666666,0.3403666666666666,0.006166666666666666,0.014133333333333333,2,0.8660254037844387,-0.4999999999999998,16,Dki Jakarta,2023,4
0.0323,5.75,-0.001,5.75,5.75,0.004,0.0019,-0.005,0.0294,0.0279,0.0279,0.0304,0.0209,0.02986666666666667,0.002236813209307685,0.0029000000000000033,19.592081801674965,7.57,0.8696,3467900.74,446.0,1.0211,0.0185,0.0424,8.163367417364569,0.36233333333333334,0.4254583333333333,0.0077083333333333335,0.017666666666666667,2,0.49999999999999994,-0.8660254037844387,17,Dki Jakarta,2023,5
0.0313,5.75,0.0001,5.75,5.75,-0.001,0.0036,0.0011,0.0323,0.0294,0.0279,0.0287,0.0242,0.031,0.0014730919862656262,-0.0010000000000000009,19.592081801674965,7.57,0.8696,3467900.74,446.0,1.0211,0.0185,0.0424,9.796040900837482,0.4348,0.51055,0.00925,0.0212,2,1.2246467991473532e-16,-1.0,18,Dki Jakarta,2023,6
0.031,5.75,0.0019,5.75,5.75,0.0001,0.004,0.0018,0.0313,0.0323,0.0294,0.0305,0.0243,0.03153333333333334,0.0006806859285554038,-0.00030000000000000165,19.592081801674965,7.57,0.8696,3467900.74,446.0,1.0211,0.0185,0.0424,11.428714384310396,0.5072666666666668,0.5956416666666666,0.010791666666666666,0.024733333333333336,2,-0.4999999999999997,-0.8660254037844388,19,Dki Jakarta,2023,7
0.0281,5.75,0.0001,5.75,5.75,0.0019,-0.001,-0.0018,0.031,0.0313,0.0323,0.0279,0.0278,0.030133333333333335,0.0017672954855748769,-0.0029,19.592081801674965,6.53,0.8696,3467900.74,446.0,1.0211,0.0185,0.0424,13.06138786778331,0.5797333333333333,0.6807333333333332,0.012333333333333332,0.028266666666666666,2,-0.8660254037844385,-0.5000000000000004,20,Dki Jakarta,2023,8
0.0273,5.75,0.0019,5.75,5.75,0.0001,0.0001,0.0018,0.0281,0.031,0.0313,0.0279,0.028,0.028800000000000003,0.001946792233393179,-0.0007999999999999986,19.592081801674965,6.53,0.8696,3467900.74,446.0,1.0211,0.0185,0.0424,14.694061351256224,0.6522,0.765825,0.013874999999999998,0.0318,2,-1.0,-1.8369701987210297e-16,21,Dki Jakarta,2023,9
0.0285,6.0,0.0013,5.75,5.75,0.0019,0.0019,-0.0006000000000000001,0.0273,0.0281,0.031,0.0294,0.0336,0.027966666666666667,0.0006110100926607797,0.0011999999999999997,19.592081801674965,6.53,0.8696,3467900.74,446.0,1.0211,0.0185,0.0424,16.326734834729137,0.7246666666666667,0.8509166666666667,0.015416666666666667,0.035333333333333335,2,-0.8660254037844386,0.5000000000000001,22,Dki Jakarta,2023,10
0.0283,6.0,0.003,6.0,5.75,0.0013,0.0001,0.0017000000000000001,0.0285,0.0273,0.0281,0.0323,0.0304,0.028033333333333337,0.0006429100507328642,-0.00020000000000000226,19.592081801674965,6.53,0.8696,3467900.74,446.0,1.0211,0.0185,0.0424,17.95940831820205,0.7971333333333334,0.9360083333333332,0.016958333333333332,0.03886666666666667,2,-0.5000000000000004,0.8660254037844384,23,Dki Jakarta,2023,11
0.0312,6.0,0.005,6.0,5.75,0.003,0.0019,0.002,0.0283,0.0285,0.0273,0.0313,0.0287,0.029333333333333333,0.001619670748434178,0.0029,19.592081801674965,6.53,0.8696,3467900.74,446.0,1.0211,0.0185,0.0424,19.592081801674965,0.8696,1.0211,0.0185,0.0424,2,-2.4492935982947064e-16,1.0,24,Dki Jakarta,2023,12
0.034,6.0,0.0183,6.0,6.0,0.005,0.0013,0.0133,0.0312,0.0283,0.0285,0.031,0.0305,0.031166666666666665,0.002850146195080762,0.002800000000000004,19.65726496809165,6.53,0.8751,3579123.95,447.0,1.1058,0.0172,0.0392,1.6381054140076374,0.07292499999999999,0.09214999999999998,0.0014333333333333333,0.0032666666666666664,2,0.49999999999999994,0.8660254037844387,25,Dki Jakarta,2024,1
0.0309,6.0,0.0212,6.0,6.0,0.0183,0.003,0.0029,0.034,0.0312,0.0283,0.0281,0.0279,0.03203333333333334,0.0017097758137642905,-0.003100000000000002,19.65726496809165,6.03,0.8751,3579123.95,447.0,1.1058,0.0172,0.0392,3.276210828015275,0.14584999999999998,0.18429999999999996,0.0028666666666666667,0.006533333333333333,2,0.8660254037844386,0.5000000000000001,26,Dki Jakarta,2024,2
0.0313,6.0,0.0218,6.0,6.0,0.0212,0.005,0.0005999999999999998,0.0309,0.034,0.0312,0.0273,0.0279,0.03206666666666667,0.0016862186493255664,0.00040000000000000105,19.65726496809165,6.03,0.8751,3579123.95,447.0,1.1058,0.0172,0.0392,4.914316242022912,0.218775,0.27645,0.0043,0.0098,2,1.0,6.123233995736766e-17,27,Dki Jakarta,2024,3
0.0331,6.25,0.0211,6.0,6.0,0.0218,0.0183,-0.0006999999999999992,0.0313,0.0309,0.034,0.0285,0.0294,0.031766666666666665,0.0011718930554164586,0.001799999999999996,19.65726496809165,6.03,0.8751,3579123.95,447.0,1.1058,0.0172,0.0392,6.55242165603055,0.29169999999999996,0.3685999999999999,0.005733333333333333,0.013066666666666666,2,0.8660254037844387,-0.4999999999999998,28,Dki Jakarta,2024,4
0.0356,6.25,0.0208,6.25,6.0,0.0211,0.0212,-0.00030000000000000165,0.0331,0.0313,0.0309,0.0283,0.0323,0.03333333333333333,0.002159475244899409,0.0025000000000000022,19.65726496809165,6.03,0.8751,3579123.95,447.0,1.1058,0.0172,0.0392,8.190527070038188,0.36462500000000003,0.46075,0.007166666666666667,0.016333333333333335,2,0.49999999999999994,-0.8660254037844387,29,Dki Jakarta,2024,5
0.0351,6.25,0.0223,6.25,6.0,0.0208,0.0218,0.0015000000000000013,0.0356,0.0331,0.0313,0.0312,0.0313,0.0346,0.001322875655532317,-0.0005000000000000004,19.65726496809165,6.03,0.8751,3579123.95,447.0,1.1058,0.0172,0.0392,9.828632484045825,0.43755,0.5529,0.0086,0.0196,2,1.2246467991473532e-16,-1.0,30,Dki Jakarta,2024,6
0.032,6.25,0.0197,6.25,6.25,0.0223,0.0211,-0.0026000000000000016,0.0351,0.0356,0.0331,0.034,0.031,0.03423333333333334,0.0019502136635080238,-0.0030999999999999986,19.65726496809165,6.03,0.8751,3579123.95,447.0,1.1058,0.0172,0.0392,11.466737898053463,0.510475,0.64505,0.010033333333333333,0.022866666666666667,2,-0.4999999999999997,-0.8660254037844388,31,Dki Jakarta,2024,7
0.0294,6.25,0.0198,6.25,6.25,0.0197,0.0208,0.00010000000000000286,0.032,0.0351,0.0356,0.0309,0.0281,0.03216666666666667,0.0028536526301099394,-0.0026000000000000016,19.65726496809165,6.21,0.8751,3579123.95,447.0,1.1058,0.0172,0.0392,13.1048433120611,0.5833999999999999,0.7371999999999999,0.011466666666666667,0.02613333333333333,2,-0.8660254037844385,-0.5000000000000004,32,Dki Jakarta,2024,8
0.0283,6.0,0.017,6.25,6.25,0.0198,0.0223,-0.0028000000000000004,0.0294,0.032,0.0351,0.0313,0.0273,0.0299,0.0019000000000000056,-0.0011000000000000003,19.65726496809165,6.21,0.8751,3579123.95,447.0,1.1058,0.0172,0.0392,14.742948726068736,0.656325,0.8293499999999999,0.0129,0.0294,2,-1.0,-1.8369701987210297e-16,33,Dki Jakarta,2024,9
0.0266,6.0,0.0158,6.0,6.25,0.017,0.0197,-0.0011999999999999997,0.0283,0.0294,0.032,0.0331,0.0285,0.0281,0.0014106735979665887,-0.0017000000000000001,19.65726496809165,6.21,0.8751,3579123.95,447.0,1.1058,0.0172,0.0392,16.381054140076376,0.7292500000000001,0.9215,0.014333333333333333,0.03266666666666667,2,-0.8660254037844386,0.5000000000000001,34,Dki Jakarta,2024,10
0.029,6.0,0.0158,6.0,6.25,0.0158,0.0198,0.0,0.0266,0.0283,0.0294,0.0356,0.0283,0.027966666666666667,0.001234233905438242,0.002400000000000003,19.65726496809165,6.21,0.8751,3579123.95,447.0,1.1058,0.0172,0.0392,18.019159554084013,0.802175,1.01365,0.015766666666666665,0.03593333333333333,2,-0.5000000000000004,0.8660254037844384,35,Dki Jakarta,2024,11
0.0296,6.0,0.0148,6.0,6.0,0.0158,0.017,-0.0010000000000000009,0.029,0.0266,0.0283,0.0351,0.0312,0.028399999999999998,0.0015874507866387563,0.0005999999999999998,19.65726496809165,6.21,0.8751,3579123.95,447.0,1.1058,0.0172,0.0392,19.65726496809165,0.8751,1.1058,0.0172,0.0392,2,-2.4492935982947064e-16,1.0,36,Dki Jakarta,2024,12
0.0287,5.75,0.0014,6.0,6.0,0.0148,0.0158,-0.0134,0.0296,0.029,0.0266,0.032,0.034,0.0291,0.00045825756949559077,-0.0009000000000000015,19.722742590737607,6.21,0.9135,3893790.76,450.0,1.0624,0.0158,0.0372,1.643561882561467,0.076125,0.08853333333333332,0.0013166666666666667,0.0030999999999999995,2,0.49999999999999994,0.8660254037844387,37,Dki Jakarta,2025,1
0.0321,5.75,-0.0059,5.75,6.0,0.0014,0.0158,-0.0073,0.0287,0.0296,0.029,0.0294,0.0309,0.03013333333333333,0.0017616280348965064,0.0033999999999999968,19.722742590737607,6.18,0.9135,3893790.76,450.0,1.0624,0.0158,0.0372,3.287123765122934,0.15225,0.17706666666666665,0.0026333333333333334,0.006199999999999999,2,0.8660254037844386,0.5000000000000001,38,Dki Jakarta,2025,2
0.0308,5.75,0.0102,5.75,6.0,-0.0059,0.0148,0.0161,0.0321,0.0287,0.0296,0.0283,0.0313,0.03053333333333333,0.0017156145643277003,-0.0012999999999999956,19.722742590737607,6.18,0.9135,3893790.76,450.0,1.0624,0.0158,0.0372,4.930685647684402,0.228375,0.2656,0.00395,0.0093,2,1.0,6.123233995736766e-17,39,Dki Jakarta,2025,3
0.031,5.75,0.0221,5.75,5.75,0.0102,0.0014,0.0119,0.0308,0.0321,0.0287,0.0266,0.0331,0.031299999999999994,0.0006999999999999886,0.0001999999999999988,19.722742590737607,6.18,0.9135,3893790.76,450.0,1.0624,0.0158,0.0372,6.574247530245868,0.3045,0.3541333333333333,0.005266666666666667,0.012399999999999998,2,0.8660254037844387,-0.4999999999999998,40,Dki Jakarta,2025,4
0.036,5.75,0.0207,5.75,5.75,0.0221,-0.0059,-0.001400000000000002,0.031,0.0308,0.0321,0.029,0.0356,0.0326,0.0029461839725312407,0.0049999999999999975,19.722742590737607,6.18,0.9135,3893790.76,450.0,1.0624,0.0158,0.0372,8.217809412807336,0.380625,0.4426666666666667,0.006583333333333334,0.0155,2,0.49999999999999994,-0.8660254037844387,41,Dki Jakarta,2025,5
0.0356,5.5,0.0207,5.75,5.75,0.0207,0.0102,0.0,0.036,0.031,0.0308,0.0296,0.0351,0.0342,0.002778488797889952,-0.0003999999999999976,19.722742590737607,6.18,0.9135,3893790.76,450.0,1.0624,0.0158,0.0372,9.861371295368803,0.45675,0.5312,0.0079,0.0186,2,1.2246467991473532e-16,-1.0,42,Dki Jakarta,2025,6
0.0319,5.25,0.0225,5.5,5.75,0.0207,0.0221,0.0017999999999999995,0.0356,0.036,0.031,0.0287,0.032,0.0345,0.0022605309110914516,-0.003700000000000002,19.722742590737607,6.18,0.9135,3893790.76,450.0,1.0624,0.0158,0.0372,11.50493317793027,0.532875,0.6197333333333334,0.009216666666666668,0.0217,2,-0.4999999999999997,-0.8660254037844388,43,Dki Jakarta,2025,7
0.0302,5.0,0.0216,5.25,5.75,0.0225,0.0207,-0.000899999999999998,0.0319,0.0356,0.036,0.0321,0.0294,0.03256666666666667,0.002761038451983829,-0.0016999999999999967,19.722742590737607,6.05,0.9135,3893790.76,450.0,1.0624,0.0158,0.0372,13.148495060491737,0.609,0.7082666666666666,0.010533333333333334,0.024799999999999996,2,-0.8660254037844385,-0.5000000000000004,44,Dki Jakarta,2025,8
0.0364,4.75,0.024,5.0,5.5,0.0216,0.0207,0.0023999999999999994,0.0302,0.0319,0.0356,0.0308,0.0283,0.03283333333333333,0.0032036437588054754,0.006200000000000001,19.722742590737607,6.05,0.9135,3893790.76,450.0,1.0624,0.0158,0.0372,14.792056943053204,0.685125,0.7968,0.011850000000000001,0.027899999999999998,2,-1.0,-1.8369701987210297e-16,45,Dki Jakarta,2025,9
0.0361,4.75,0.0269,4.75,5.25,0.024,0.0225,0.0029,0.0364,0.0302,0.0319,0.031,0.0266,0.03423333333333333,0.003496188400720606,-0.00030000000000000165,19.722742590737607,6.05,0.9135,3893790.76,450.0,1.0624,0.0158,0.0372,16.43561882561467,0.76125,0.8853333333333334,0.013166666666666669,0.031,2,-0.8660254037844386,0.5000000000000001,46,Dki Jakarta,2025,10
0.1156,4.75,0.0267,4.75,5.0,0.0269,0.0216,-0.0001999999999999988,0.0361,0.0364,0.0302,0.036,0.029,0.06269999999999999,0.045812989424397974,0.07949999999999999,19.722742590737607,6.05,0.9135,3893790.76,450.0,1.0624,0.0158,0.0372,18.07918070817614,0.837375,0.9738666666666667,0.014483333333333334,0.0341,2,-0.5000000000000004,0.8660254037844384,47,Dki Jakarta,2025,11
0.1158,4.75,0.0263,4.75,4.75,0.0267,0.024,-0.00040000000000000105,0.1156,0.0361,0.0364,0.0356,0.0296,0.08916666666666667,0.04595719022452673,0.00020000000000000573,19.722742590737607,6.05,0.9135,3893790.76,450.0,1.0624,0.0158,0.0372,19.722742590737607,0.9135,1.0624,0.0158,0.0372,2,-2.4492935982947064e-16,1.0,48,Dki Jakarta,2025,12
0.033,5.75,0.00557,5.5,4.75,0.0067,-0.0006,-0.00113,0.0338,0.0342,0.0346,0.029,0.0282,0.03366666666666667,0.0006110100926608341,-0.0007999999999999952,17.779195789716216,8.31,0.8273,609314.93,371.0,0.9474,0.0299,0.3334,1.481599649143018,0.06894166666666666,0.07894999999999999,0.0024916666666666663,0.02778333333333333,3,0.49999999999999994,0.8660254037844387,13,Jawa Barat,2023,1
0.0346,5.75,0.00351,5.75,5.25,0.00557,0.00131,-0.00206,0.033,0.0338,0.0342,0.0318,0.0264,0.0338,0.0008000000000000438,0.0015999999999999973,17.779195789716216,7.89,0.8273,609314.93,371.0,0.9474,0.0299,0.3334,2.963199298286036,0.13788333333333333,0.15789999999999998,0.004983333333333333,0.05556666666666666,3,0.8660254037844386,0.5000000000000001,14,Jawa Barat,2023,2
0.036,5.75,-0.00096,5.75,5.5,0.00351,0.0067,-0.00447,0.0346,0.033,0.0338,0.0359,0.026,0.03453333333333333,0.0015011106998930582,0.0013999999999999985,17.779195789716216,7.89,0.8273,609314.93,371.0,0.9474,0.0299,0.3334,4.444798947429054,0.206825,0.23685,0.007475,0.08335,3,1.0,6.123233995736766e-17,15,Jawa Barat,2023,3
0.036,5.75,0.00416,5.75,5.75,-0.00096,0.00557,0.0051199999999999996,0.036,0.0346,0.033,0.0346,0.0267,0.035533333333333326,0.0008082903768655624,0.0,17.779195789716216,7.89,0.8273,609314.93,371.0,0.9474,0.0299,0.3334,5.926398596572072,0.27576666666666666,0.31579999999999997,0.009966666666666665,0.11113333333333332,3,0.8660254037844387,-0.4999999999999998,16,Jawa Barat,2023,4
0.0392,5.75,0.0016,5.75,5.75,0.00416,0.00351,-0.0025599999999999998,0.036,0.036,0.0346,0.0342,0.0261,0.03706666666666666,0.0018475208614068582,0.0032000000000000015,17.779195789716216,7.89,0.8273,609314.93,371.0,0.9474,0.0299,0.3334,7.40799824571509,0.34470833333333334,0.39475000000000005,0.012458333333333333,0.13891666666666666,3,0.49999999999999994,-0.8660254037844387,17,Jawa Barat,2023,5
0.0372,5.75,0.00144,5.75,5.75,0.0016,-0.00096,-0.00015999999999999999,0.0392,0.036,0.036,0.0338,0.0275,0.03746666666666666,0.0016165807537310208,-0.0020000000000000018,17.779195789716216,7.89,0.8273,609314.93,371.0,0.9474,0.0299,0.3334,8.889597894858108,0.41365,0.4737,0.01495,0.1667,3,1.2246467991473532e-16,-1.0,18,Jawa Barat,2023,6
0.0414,5.75,0.00211,5.75,5.75,0.00144,0.00416,0.0006699999999999998,0.0372,0.0392,0.036,0.033,0.029,0.039266666666666665,0.002100793500878562,0.004200000000000002,17.779195789716216,7.89,0.8273,609314.93,371.0,0.9474,0.0299,0.3334,10.371197544001127,0.4825916666666667,0.5526500000000001,0.017441666666666668,0.19448333333333334,3,-0.4999999999999997,-0.8660254037844388,19,Jawa Barat,2023,7
0.037,5.75,-0.00054,5.75,5.75,0.00211,0.0016,-0.00265,0.0414,0.0372,0.0392,0.0346,0.0318,0.03853333333333333,0.0024846193538112806,-0.004400000000000001,17.779195789716216,7.44,0.8273,609314.93,371.0,0.9474,0.0299,0.3334,11.852797193144143,0.5515333333333333,0.6315999999999999,0.01993333333333333,0.22226666666666664,3,-0.8660254037844385,-0.5000000000000004,20,Jawa Barat,2023,8
0.0369,5.75,0.0017,5.75,5.75,-0.00054,0.00144,0.00224,0.037,0.0414,0.0372,0.036,0.0359,0.03843333333333333,0.002569695182961119,-9.999999999999593e-05,17.779195789716216,7.44,0.8273,609314.93,371.0,0.9474,0.0299,0.3334,13.334396842287163,0.620475,0.71055,0.022425,0.25005,3,-1.0,-1.8369701987210297e-16,21,Jawa Barat,2023,9
0.0375,6.0,0.00084,5.75,5.75,0.0017,0.00211,-0.0008599999999999999,0.0369,0.037,0.0414,0.036,0.0346,0.03713333333333333,0.00032145502536677314,0.0005999999999999964,17.779195789716216,7.44,0.8273,609314.93,371.0,0.9474,0.0299,0.3334,14.81599649143018,0.6894166666666667,0.7895000000000001,0.024916666666666667,0.2778333333333333,3,-0.8660254037844386,0.5000000000000001,22,Jawa Barat,2023,10
0.0367,6.0,0.0035,6.0,5.75,0.00084,-0.00054,0.00266,0.0375,0.0369,0.037,0.0392,0.0342,0.03703333333333333,0.00041633319989348334,-0.0007999999999999952,17.779195789716216,7.44,0.8273,609314.93,371.0,0.9474,0.0299,0.3334,16.297596140573198,0.7583583333333334,0.8684499999999999,0.027408333333333333,0.30561666666666665,3,-0.5000000000000004,0.8660254037844384,23,Jawa Barat,2023,11
0.0382,6.0,0.003,6.0,5.75,0.0035,0.0017,-0.0005,0.0367,0.0375,0.0369,0.0372,0.0338,0.03746666666666666,0.0007505553499466657,0.0014999999999999944,17.779195789716216,7.44,0.8273,609314.93,371.0,0.9474,0.0299,0.3334,17.779195789716216,0.8273,0.9474,0.0299,0.3334,3,-2.4492935982947064e-16,1.0,24,Jawa Barat,2023,12
0.0377,6.0,0.0302,6.0,6.0,0.003,0.00084,0.027200000000000002,0.0382,0.0367,0.0375,0.0414,0.033,0.03753333333333333,0.0007637626158261241,-0.0005000000000000004,17.842325463392775,7.44,0.8552,635255.39,372.0,0.9761,0.0311,0.311,1.4868604552827311,0.07126666666666666,0.08134166666666666,0.0025916666666666666,0.025916666666666664,3,0.49999999999999994,0.8660254037844387,25,Jawa Barat,2024,1
0.039,6.0,0.0309,6.0,6.0,0.0302,0.0035,0.0006999999999999992,0.0377,0.0382,0.0367,0.037,0.0346,0.0383,0.0006557438524303988,0.0013000000000000025,17.842325463392775,6.91,0.8552,635255.39,372.0,0.9761,0.0311,0.311,2.9737209105654623,0.14253333333333332,0.16268333333333332,0.005183333333333333,0.05183333333333333,3,0.8660254037844386,0.5000000000000001,26,Jawa Barat,2024,2
0.0396,6.0,0.0348,6.0,6.0,0.0309,0.003,0.0038999999999999972,0.039,0.0377,0.0382,0.0369,0.036,0.038766666666666665,0.0009712534856223747,0.0006000000000000033,17.842325463392775,6.91,0.8552,635255.39,372.0,0.9761,0.0311,0.311,4.460581365848194,0.2138,0.244025,0.007775,0.07775,3,1.0,6.123233995736766e-17,27,Jawa Barat,2024,3
0.0375,6.25,0.0307,6.0,6.0,0.0348,0.0302,-0.004099999999999996,0.0396,0.039,0.0377,0.0375,0.036,0.038700000000000005,0.0010816653826393246,-0.0021000000000000046,17.842325463392775,6.91,0.8552,635255.39,372.0,0.9761,0.0311,0.311,5.947441821130925,0.28506666666666663,0.32536666666666664,0.010366666666666666,0.10366666666666666,3,0.8660254037844387,-0.4999999999999998,28,Jawa Barat,2024,4
0.0369,6.25,0.0278,6.25,6.0,0.0307,0.0309,-0.0029000000000000033,0.0375,0.0396,0.039,0.0367,0.0392,0.038,0.0014177446878758729,-0.0005999999999999964,17.842325463392775,6.91,0.8552,635255.39,372.0,0.9761,0.0311,0.311,7.434302276413657,0.35633333333333334,0.40670833333333334,0.012958333333333334,0.12958333333333333,3,0.49999999999999994,-0.8660254037844387,29,Jawa Barat,2024,5
0.0351,6.25,0.0238,6.25,6.0,0.0278,0.0348,-0.003999999999999997,0.0369,0.0375,0.0396,0.0382,0.0372,0.0365,0.0012489995996797622,-0.001800000000000003,17.842325463392775,6.91,0.8552,635255.39,372.0,0.9761,0.0311,0.311,8.921162731696388,0.4276,0.48805,0.01555,0.1555,3,1.2246467991473532e-16,-1.0,30,Jawa Barat,2024,6
0.0309,6.25,0.0225,6.25,6.25,0.0238,0.0307,-0.0013000000000000025,0.0351,0.0369,0.0375,0.0377,0.0414,0.0343,0.003078960863668158,-0.004199999999999999,17.842325463392775,6.91,0.8552,635255.39,372.0,0.9761,0.0311,0.311,10.40802318697912,0.4988666666666667,0.5693916666666666,0.018141666666666667,0.18141666666666667,3,-0.4999999999999997,-0.8660254037844388,31,Jawa Barat,2024,7
0.0287,6.25,0.0239,6.25,6.25,0.0225,0.0278,0.001400000000000002,0.0309,0.0351,0.0369,0.039,0.037,0.031566666666666666,0.0032516662395352725,-0.0022000000000000006,17.842325463392775,6.75,0.8552,635255.39,372.0,0.9761,0.0311,0.311,11.89488364226185,0.5701333333333333,0.6507333333333333,0.020733333333333333,0.20733333333333331,3,-0.8660254037844385,-0.5000000000000004,32,Jawa Barat,2024,8
0.0286,6.0,0.0209,6.25,6.25,0.0239,0.0238,-0.0030000000000000027,0.0287,0.0309,0.0351,0.0396,0.0369,0.0294,0.0013000000000000325,-9.99999999999994e-05,17.842325463392775,6.75,0.8552,635255.39,372.0,0.9761,0.0311,0.311,13.381744097544582,0.6414,0.732075,0.023325,0.23325,3,-1.0,-1.8369701987210297e-16,33,Jawa Barat,2024,9
0.0288,6.0,0.0192,6.0,6.25,0.0209,0.0225,-0.0017000000000000001,0.0286,0.0287,0.0309,0.0375,0.0375,0.0287,0.00010000000000033329,0.0001999999999999988,17.842325463392775,6.75,0.8552,635255.39,372.0,0.9761,0.0311,0.311,14.868604552827314,0.7126666666666667,0.8134166666666667,0.025916666666666668,0.25916666666666666,3,-0.8660254037844386,0.5000000000000001,34,Jawa Barat,2024,10
0.0301,6.0,0.0167,6.0,6.25,0.0192,0.0239,-0.0024999999999999988,0.0288,0.0286,0.0287,0.0369,0.0367,0.029166666666666664,0.0008144527815247532,0.001299999999999999,17.842325463392775,6.75,0.8552,635255.39,372.0,0.9761,0.0311,0.311,16.355465008110045,0.7839333333333333,0.8947583333333333,0.02850833333333333,0.2850833333333333,3,-0.5000000000000004,0.8660254037844384,35,Jawa Barat,2024,11
0.033,6.0,0.0164,6.0,6.0,0.0167,0.0209,-0.0002999999999999982,0.0301,0.0288,0.0286,0.0351,0.0382,0.030633333333333332,0.002150193789716043,0.0029000000000000033,17.842325463392775,6.75,0.8552,635255.39,372.0,0.9761,0.0311,0.311,17.842325463392775,0.8552,0.9761,0.0311,0.311,3,-2.4492935982947064e-16,1.0,36,Jawa Barat,2024,12
0.0309,5.75,0.0079,6.0,6.0,0.0164,0.0192,-0.0085,0.033,0.0301,0.0288,0.0309,0.0377,0.03133333333333333,0.0014977761292441025,-0.002100000000000001,17.90760258513308,6.75,0.8652,640716.9,371.0,0.9799,0.0397,0.3024,1.4923002154277567,0.0721,0.08165833333333333,0.0033083333333333333,0.0252,3,0.49999999999999994,0.8660254037844387,37,Jawa Barat,2025,1
0.0338,5.75,-0.0027,5.75,6.0,0.0079,0.0167,-0.010600000000000002,0.0309,0.033,0.0301,0.0287,0.039,0.03256666666666667,0.0014977761292441008,0.0028999999999999963,17.90760258513308,6.74,0.8652,640716.9,371.0,0.9799,0.0397,0.3024,2.9846004308555134,0.1442,0.16331666666666667,0.0066166666666666665,0.0504,3,0.8660254037844386,0.5000000000000001,38,Jawa Barat,2025,2
0.0334,5.75,0.0081,5.75,6.0,-0.0027,0.0164,0.0108,0.0338,0.0309,0.033,0.0286,0.0396,0.0327,0.0015716233645502048,-0.0003999999999999976,17.90760258513308,6.74,0.8652,640716.9,371.0,0.9799,0.0397,0.3024,4.47690064628327,0.2163,0.244975,0.009925,0.0756,3,1.0,6.123233995736766e-17,39,Jawa Barat,2025,3
0.0372,5.75,0.0167,5.75,5.75,0.0081,0.0079,0.0086,0.0334,0.0338,0.0309,0.0288,0.0375,0.0348,0.0020880613017821357,0.003799999999999998,17.90760258513308,6.74,0.8652,640716.9,371.0,0.9799,0.0397,0.3024,5.969200861711027,0.2884,0.32663333333333333,0.013233333333333333,0.1008,3,0.8660254037844387,-0.4999999999999998,40,Jawa Barat,2025,4
0.0396,5.75,0.0147,5.75,5.75,0.0167,-0.0027,-0.002,0.0372,0.0334,0.0338,0.0301,0.0369,0.03673333333333333,0.0031262330900515807,0.0024000000000000063,17.90760258513308,6.74,0.8652,640716.9,371.0,0.9799,0.0397,0.3024,7.4615010771387835,0.3605,0.40829166666666666,0.016541666666666666,0.126,3,0.49999999999999994,-0.8660254037844387,41,Jawa Barat,2025,5
0.0341,5.5,0.0178,5.75,5.75,0.0147,0.0081,0.0031000000000000003,0.0396,0.0372,0.0334,0.033,0.0351,0.03696666666666667,0.0027574142476844967,-0.005500000000000005,17.90760258513308,6.74,0.8652,640716.9,371.0,0.9799,0.0397,0.3024,8.95380129256654,0.4326,0.48995,0.01985,0.1512,3,1.2246467991473532e-16,-1.0,42,Jawa Barat,2025,6
0.0323,5.25,0.0203,5.5,5.75,0.0178,0.0167,0.0024999999999999988,0.0341,0.0396,0.0372,0.0309,0.0309,0.035333333333333335,0.0038030689361795013,-0.001799999999999996,17.90760258513308,6.74,0.8652,640716.9,371.0,0.9799,0.0397,0.3024,10.446101507994298,0.5047,0.5716083333333334,0.023158333333333333,0.1764,3,-0.4999999999999997,-0.8660254037844388,43,Jawa Barat,2025,7
0.0305,5.0,0.0177,5.25,5.75,0.0203,0.0147,-0.002599999999999998,0.0323,0.0341,0.0396,0.0338,0.0287,0.0323,0.0018000000000000518,-0.001800000000000003,17.90760258513308,6.77,0.8652,640716.9,371.0,0.9799,0.0397,0.3024,11.938401723422054,0.5768,0.6532666666666667,0.026466666666666666,0.2016,3,-0.8660254037844385,-0.5000000000000004,44,Jawa Barat,2025,8
0.0339,4.75,0.0219,5.0,5.5,0.0177,0.0178,0.004199999999999999,0.0305,0.0323,0.0341,0.0334,0.0286,0.032233333333333336,0.001700980109623132,0.0034000000000000002,17.90760258513308,6.77,0.8652,640716.9,371.0,0.9799,0.0397,0.3024,13.430701938849811,0.6489,0.734925,0.029775,0.2268,3,-1.0,-1.8369701987210297e-16,45,Jawa Barat,2025,9
0.0322,4.75,0.0263,4.75,5.25,0.0219,0.0203,0.004400000000000001,0.0339,0.0305,0.0323,0.0372,0.0288,0.0322,0.0017000000000000556,-0.0017000000000000001,17.90760258513308,6.77,0.8652,640716.9,371.0,0.9799,0.0397,0.3024,14.923002154277567,0.721,0.8165833333333333,0.03308333333333333,0.252,3,-0.8660254037844386,0.5000000000000001,46,Jawa Barat,2025,10
0.0322,4.75,0.0254,4.75,5.0,0.0263,0.0177,-0.0009000000000000015,0.0322,0.0339,0.0305,0.0396,0.0301,0.032766666666666666,0.0009814954576224538,0.0,17.90760258513308,6.77,0.8652,640716.9,371.0,0.9799,0.0397,0.3024,16.415302369705323,0.7930999999999999,0.8982416666666666,0.03639166666666666,0.2772,3,-0.5000000000000004,0.8660254037844384,47,Jawa Barat,2025,11
0.0329,4.75,0.0263,4.75,4.75,0.0254,0.0219,0.0009000000000000015,0.0322,0.0322,0.0339,0.0341,0.033,0.032433333333333335,0.00040414518843296537,0.0006999999999999992,17.90760258513308,6.77,0.8652,640716.9,371.0,0.9799,0.0397,0.3024,17.90760258513308,0.8652,0.9799,0.0397,0.3024,3,-2.4492935982947064e-16,1.0,48,Jawa Barat,2025,12
0.0245,5.75,0.00358,5.5,4.75,0.005,-0.00043,-0.0014200000000000003,0.0251,0.0241,0.0238,0.0284,0.0295,0.024566666666666667,0.000503322295684677,-0.0005999999999999998,17.625766583244722,5.57,0.7754,388275.56,318.0,0.9625,0.0409,0.4972,1.4688138819370602,0.06461666666666666,0.08020833333333333,0.003408333333333333,0.04143333333333333,4,0.49999999999999994,0.8660254037844387,13,Jawa Tengah,2023,1
0.0258,5.75,0.00373,5.75,5.25,0.00358,0.00182,0.00014999999999999996,0.0245,0.0251,0.0241,0.0317,0.0263,0.025133333333333337,0.0006506407098647442,0.001299999999999999,17.625766583244722,5.24,0.7754,388275.56,318.0,0.9625,0.0409,0.4972,2.9376277638741204,0.1292333333333333,0.16041666666666665,0.006816666666666666,0.08286666666666666,4,0.8660254037844386,0.5000000000000001,14,Jawa Tengah,2023,2
0.0271,5.75,0.00158,5.75,5.5,0.00373,0.005,-0.00215,0.0258,0.0245,0.0251,0.0342,0.0255,0.0258,0.0012999999999999887,0.001299999999999999,17.625766583244722,5.24,0.7754,388275.56,318.0,0.9625,0.0409,0.4972,4.406441645811181,0.19385,0.240625,0.010225,0.1243,4,1.0,6.123233995736766e-17,15,Jawa Tengah,2023,3
0.0266,5.75,0.00293,5.75,5.75,0.00158,0.00358,0.0013499999999999999,0.0271,0.0258,0.0245,0.0238,0.0243,0.0265,0.0006557438524301842,-0.0005000000000000004,17.625766583244722,5.24,0.7754,388275.56,318.0,0.9625,0.0409,0.4972,5.875255527748241,0.2584666666666666,0.3208333333333333,0.013633333333333332,0.16573333333333332,4,0.8660254037844387,-0.4999999999999998,16,Jawa Tengah,2023,4
0.0307,5.75,0.0023,5.75,5.75,0.00293,0.00373,-0.0006299999999999999,0.0266,0.0271,0.0258,0.0241,0.0231,0.028133333333333333,0.002236813209307684,0.004100000000000003,17.625766583244722,5.24,0.7754,388275.56,318.0,0.9625,0.0409,0.4972,7.344069409685301,0.32308333333333333,0.4010416666666667,0.017041666666666667,0.20716666666666667,4,0.49999999999999994,-0.8660254037844387,17,Jawa Tengah,2023,5
0.0296,5.75,0.00038,5.75,5.75,0.0023,0.00158,-0.0019199999999999998,0.0307,0.0266,0.0271,0.0251,0.0308,0.02896666666666667,0.002122105872319604,-0.0011000000000000003,17.625766583244722,5.24,0.7754,388275.56,318.0,0.9625,0.0409,0.4972,8.812883291622361,0.3877,0.48125,0.02045,0.2486,4,1.2246467991473532e-16,-1.0,18,Jawa Tengah,2023,6
0.033,5.75,0.0016,5.75,5.75,0.00038,0.00293,0.0012200000000000002,0.0296,0.0307,0.0266,0.0245,0.0284,0.0311,0.0017349351572897547,0.0034000000000000002,17.625766583244722,5.24,0.7754,388275.56,318.0,0.9625,0.0409,0.4972,10.281697173559422,0.4523166666666667,0.5614583333333334,0.023858333333333336,0.2900333333333333,4,-0.4999999999999997,-0.8660254037844388,19,Jawa Tengah,2023,7
0.0285,5.75,0.0003,5.75,5.75,0.0016,0.0023,-0.0013000000000000002,0.033,0.0296,0.0307,0.0258,0.0317,0.030366666666666667,0.0023459184413217246,-0.0045000000000000005,17.625766583244722,5.13,0.7754,388275.56,318.0,0.9625,0.0409,0.4972,11.750511055496482,0.5169333333333332,0.6416666666666666,0.027266666666666665,0.33146666666666663,4,-0.8660254037844385,-0.5000000000000004,20,Jawa Tengah,2023,8
0.0265,5.75,0.00407,5.75,5.75,0.0003,0.00038,0.00377,0.0285,0.033,0.0296,0.0271,0.0342,0.029333333333333333,0.0033291640592396973,-0.0020000000000000018,17.625766583244722,5.13,0.7754,388275.56,318.0,0.9625,0.0409,0.4972,13.21932493743354,0.58155,0.721875,0.030675,0.3729,4,-1.0,-1.8369701987210297e-16,21,Jawa Tengah,2023,9
0.0281,6.0,0.00198,5.75,5.75,0.00407,0.0016,-0.00209,0.0265,0.0285,0.033,0.0266,0.0238,0.027700000000000002,0.0010583005244258258,0.0016000000000000007,17.625766583244722,5.13,0.7754,388275.56,318.0,0.9625,0.0409,0.4972,14.688138819370602,0.6461666666666667,0.8020833333333334,0.034083333333333334,0.41433333333333333,4,-0.8660254037844386,0.5000000000000001,22,Jawa Tengah,2023,10
0.0271,6.0,0.00453,6.0,5.75,0.00198,0.0003,0.00255,0.0281,0.0265,0.0285,0.0307,0.0241,0.02723333333333333,0.0008082903768654573,-0.0010000000000000009,17.625766583244722,5.13,0.7754,388275.56,318.0,0.9625,0.0409,0.4972,16.156952701307663,0.7107833333333333,0.8822916666666667,0.037491666666666666,0.45576666666666665,4,-0.5000000000000004,0.8660254037844384,23,Jawa Tengah,2023,11
0.0274,6.0,0.00193,6.0,5.75,0.00453,0.00407,-0.0026,0.0271,0.0281,0.0265,0.0296,0.0251,0.027533333333333337,0.0005131601439446625,0.00030000000000000165,17.625766583244722,5.13,0.7754,388275.56,318.0,0.9625,0.0409,0.4972,17.625766583244722,0.7754,0.9625,0.0409,0.4972,4,-2.4492935982947064e-16,1.0,24,Jawa Tengah,2023,12
0.0269,6.0,0.0269,6.0,6.0,0.00193,0.00198,0.02497,0.0274,0.0271,0.0281,0.033,0.0245,0.027133333333333332,0.0002516611478422992,-0.0005000000000000004,17.686086373478247,5.13,0.8132,407782.29,315.0,0.9479,0.041,0.4921,1.4738405311231872,0.06776666666666667,0.07899166666666665,0.003416666666666667,0.04100833333333333,4,0.49999999999999994,0.8660254037844387,25,Jawa Tengah,2024,1
0.0273,6.0,0.0298,6.0,6.0,0.0269,0.00453,0.0029,0.0269,0.0274,0.0271,0.0285,0.0258,0.027200000000000002,0.0002645751311064028,0.00040000000000000105,17.686086373478247,4.39,0.8132,407782.29,315.0,0.9479,0.041,0.4921,2.9476810622463745,0.13553333333333334,0.1579833333333333,0.006833333333333334,0.08201666666666665,4,0.8660254037844386,0.5000000000000001,26,Jawa Tengah,2024,2
0.0279,6.0,0.034,6.0,6.0,0.0298,0.00193,0.004200000000000002,0.0273,0.0269,0.0274,0.0265,0.0271,0.027366666666666668,0.0005033222956846872,0.0005999999999999998,17.686086373478247,4.39,0.8132,407782.29,315.0,0.9479,0.041,0.4921,4.421521593369562,0.2033,0.236975,0.01025,0.123025,4,1.0,6.123233995736766e-17,27,Jawa Tengah,2024,3
0.026,6.25,0.0327,6.0,6.0,0.034,0.0269,-0.0013000000000000025,0.0279,0.0273,0.0269,0.0281,0.0266,0.027066666666666666,0.0009712534856222161,-0.0019000000000000024,17.686086373478247,4.39,0.8132,407782.29,315.0,0.9479,0.041,0.4921,5.895362124492749,0.2710666666666667,0.3159666666666666,0.013666666666666667,0.1640333333333333,4,0.8660254037844387,-0.4999999999999998,28,Jawa Tengah,2024,4
0.0274,6.25,0.0266,6.25,6.0,0.0327,0.0298,-0.006100000000000001,0.026,0.0279,0.0273,0.0271,0.0307,0.0271,0.0009848857801795959,0.001400000000000002,17.686086373478247,4.39,0.8132,407782.29,315.0,0.9479,0.041,0.4921,7.369202655615936,0.3388333333333334,0.39495833333333336,0.017083333333333336,0.20504166666666668,4,0.49999999999999994,-0.8660254037844387,29,Jawa Tengah,2024,5
0.0256,6.25,0.0222,6.25,6.0,0.0266,0.034,-0.004399999999999998,0.0274,0.026,0.0279,0.0274,0.0296,0.026333333333333334,0.0009451631252505041,-0.0017999999999999995,17.686086373478247,4.39,0.8132,407782.29,315.0,0.9479,0.041,0.4921,8.843043186739123,0.4066,0.47395,0.0205,0.24605,4,1.2246467991473532e-16,-1.0,30,Jawa Tengah,2024,6
0.0255,6.25,0.0186,6.25,6.25,0.0222,0.0327,-0.0036000000000000025,0.0256,0.0274,0.026,0.0269,0.033,0.026166666666666668,0.001069267662156348,-0.00010000000000000286,17.686086373478247,4.39,0.8132,407782.29,315.0,0.9479,0.041,0.4921,10.31688371786231,0.4743666666666667,0.5529416666666667,0.02391666666666667,0.28705833333333336,4,-0.4999999999999997,-0.8660254037844388,31,Jawa Tengah,2024,7
0.0246,6.25,0.0177,6.25,6.25,0.0186,0.0266,-0.000899999999999998,0.0255,0.0256,0.0274,0.0273,0.0285,0.025233333333333333,0.0005507570547285858,-0.000899999999999998,17.686086373478247,4.78,0.8132,407782.29,315.0,0.9479,0.041,0.4921,11.790724248985498,0.5421333333333334,0.6319333333333332,0.027333333333333334,0.3280666666666666,4,-0.8660254037844385,-0.5000000000000004,32,Jawa Tengah,2024,8
0.0248,6.0,0.0157,6.25,6.25,0.0177,0.0222,-0.0020000000000000018,0.0246,0.0255,0.0256,0.0279,0.0265,0.024966666666666665,0.000472581562625234,0.0001999999999999988,17.686086373478247,4.78,0.8132,407782.29,315.0,0.9479,0.041,0.4921,13.264564780108685,0.6099,0.710925,0.03075,0.369075,4,-1.0,-1.8369701987210297e-16,33,Jawa Tengah,2024,9
0.0238,6.0,0.016,6.0,6.25,0.0157,0.0186,0.00030000000000000165,0.0248,0.0246,0.0255,0.026,0.0281,0.0244,0.0005291502622128969,-0.0009999999999999974,17.686086373478247,4.78,0.8132,407782.29,315.0,0.9479,0.041,0.4921,14.738405311231872,0.6776666666666668,0.7899166666666667,0.03416666666666667,0.41008333333333336,4,-0.8660254037844386,0.5000000000000001,34,Jawa Tengah,2024,10
0.024,6.0,0.0133,6.0,6.25,0.016,0.0177,-0.002700000000000001,0.0238,0.0248,0.0246,0.0274,0.0271,0.0242,0.0005291502622128978,0.0001999999999999988,17.686086373478247,4.78,0.8132,407782.29,315.0,0.9479,0.041,0.4921,16.21224584235506,0.7454333333333333,0.8689083333333333,0.03758333333333334,0.4510916666666666,4,-0.5000000000000004,0.8660254037844384,35,Jawa Tengah,2024,11
0.0249,6.0,0.0167,6.0,6.0,0.0133,0.0157,0.0034000000000000002,0.024,0.0238,0.0248,0.0256,0.0274,0.024233333333333332,0.0005859465277082125,0.000899999999999998,17.686086373478247,4.78,0.8132,407782.29,315.0,0.9479,0.041,0.4921,17.686086373478247,0.8132,0.9479,0.041,0.4921,4,-2.4492935982947064e-16,1.0,36,Jawa Tengah,2024,12
0.0248,5.75,0.0128,6.0,6.0,0.0167,0.016,-0.003899999999999999,0.0249,0.024,0.0238,0.0255,0.0269,0.024566666666666667,0.0004932882862316009,-9.99999999999994e-05,17.743879241928507,4.78,0.8257,407163.64,311.0,0.9411,0.0471,0.4896,1.4786566034940423,0.06880833333333333,0.078425,0.003925,0.040799999999999996,4,0.49999999999999994,0.8660254037844387,37,Jawa Tengah,2025,1
0.0284,5.75,-0.0008,5.75,6.0,0.0128,0.0133,-0.013600000000000001,0.0248,0.0249,0.024,0.0246,0.0273,0.026033333333333335,0.002050203241957565,0.0036000000000000025,17.743879241928507,4.33,0.8257,407163.64,311.0,0.9411,0.0471,0.4896,2.9573132069880845,0.13761666666666666,0.15685,0.00785,0.08159999999999999,4,0.8660254037844386,0.5000000000000001,38,Jawa Tengah,2025,2
0.029,5.75,0.0075,5.75,6.0,-0.0008,0.0167,0.0083,0.0284,0.0248,0.0249,0.0248,0.0279,0.027399999999999997,0.0022715633383201014,0.0005999999999999998,17.743879241928507,4.33,0.8257,407163.64,311.0,0.9411,0.0471,0.4896,4.435969810482127,0.206425,0.235275,0.011775,0.1224,4,1.0,6.123233995736766e-17,39,Jawa Tengah,2025,3
0.0332,5.75,0.0194,5.75,5.75,0.0075,0.0128,0.0119,0.029,0.0284,0.0248,0.0238,0.026,0.0302,0.00261533936612439,0.004199999999999999,17.743879241928507,4.33,0.8257,407163.64,311.0,0.9411,0.0471,0.4896,5.914626413976169,0.27523333333333333,0.3137,0.0157,0.16319999999999998,4,0.8660254037844387,-0.4999999999999998,40,Jawa Tengah,2025,4
0.0352,5.75,0.0166,5.75,5.75,0.0194,-0.0008,-0.0028000000000000004,0.0332,0.029,0.0284,0.024,0.0274,0.03246666666666667,0.00316438514301487,0.0020000000000000018,17.743879241928507,4.33,0.8257,407163.64,311.0,0.9411,0.0471,0.4896,7.393283017470211,0.3440416666666667,0.39212500000000006,0.019625000000000004,0.204,4,0.49999999999999994,-0.8660254037844387,41,Jawa Tengah,2025,5
0.0277,5.5,0.022,5.75,5.75,0.0166,0.0075,0.0053999999999999986,0.0352,0.0332,0.029,0.0249,0.0256,0.03203333333333334,0.0038837267325770044,-0.007500000000000003,17.743879241928507,4.33,0.8257,407163.64,311.0,0.9411,0.0471,0.4896,8.871939620964254,0.41285,0.47055,0.02355,0.2448,4,1.2246467991473532e-16,-1.0,42,Jawa Tengah,2025,6
0.0265,5.25,0.0252,5.5,5.75,0.022,0.0194,0.0032000000000000015,0.0277,0.0352,0.0332,0.0248,0.0255,0.029800000000000004,0.004714870093650508,-0.0011999999999999997,17.743879241928507,4.33,0.8257,407163.64,311.0,0.9411,0.0471,0.4896,10.350596224458297,0.48165833333333335,0.5489750000000001,0.027475000000000003,0.2856,4,-0.4999999999999997,-0.8660254037844388,43,Jawa Tengah,2025,7
0.0246,5.0,0.0248,5.25,5.75,0.0252,0.0166,-0.00040000000000000105,0.0265,0.0277,0.0352,0.0284,0.0246,0.026266666666666664,0.0015631165450257728,-0.001899999999999999,17.743879241928507,4.66,0.8257,407163.64,311.0,0.9411,0.0471,0.4896,11.829252827952338,0.5504666666666667,0.6274,0.0314,0.32639999999999997,4,-0.8660254037844385,-0.5000000000000004,44,Jawa Tengah,2025,8
0.0262,4.75,0.0265,5.0,5.5,0.0248,0.022,0.0017000000000000001,0.0246,0.0265,0.0277,0.029,0.0248,0.025766666666666663,0.0010214368964029633,0.0016000000000000007,17.743879241928507,4.66,0.8257,407163.64,311.0,0.9411,0.0471,0.4896,13.30790943144638,0.619275,0.705825,0.035325,0.36719999999999997,4,-1.0,-1.8369701987210297e-16,45,Jawa Tengah,2025,9
0.0258,4.75,0.0286,4.75,5.25,0.0265,0.0252,0.002100000000000001,0.0262,0.0246,0.0265,0.0332,0.0238,0.025533333333333335,0.0008326663997864457,-0.00040000000000000105,17.743879241928507,4.66,0.8257,407163.64,311.0,0.9411,0.0471,0.4896,14.786566034940423,0.6880833333333334,0.7842500000000001,0.03925000000000001,0.408,4,-0.8660254037844386,0.5000000000000001,46,Jawa Tengah,2025,10
0.0294,4.75,0.0279,4.75,5.0,0.0286,0.0248,-0.0006999999999999992,0.0258,0.0262,0.0246,0.0352,0.024,0.027133333333333332,0.001973153144926488,0.003599999999999999,17.743879241928507,4.66,0.8257,407163.64,311.0,0.9411,0.0471,0.4896,16.265222638434466,0.7568916666666666,0.862675,0.043175,0.4488,4,-0.5000000000000004,0.8660254037844384,47,Jawa Tengah,2025,11
0.0281,4.75,0.0272,4.75,4.75,0.0279,0.0265,-0.0007000000000000027,0.0294,0.0258,0.0262,0.0277,0.0249,0.027766666666666665,0.001823001188516695,-0.001299999999999999,17.743879241928507,4.66,0.8257,407163.64,311.0,0.9411,0.0471,0.4896,17.743879241928507,0.8257,0.9411,0.0471,0.4896,4,-2.4492935982947064e-16,1.0,48,Jawa Tengah,2025,12
0.0229,5.75,0.0017,5.5,4.75,0.0065,0.0011,-0.0048,0.0258,0.0253,0.0241,0.0231,0.0233,0.024666666666666667,0.0015502687938977876,-0.0029,17.694452364790298,4.06,0.7903,79202.04,59.0,0.6488,0.0259,0.4487,1.4745376970658581,0.06585833333333332,0.054066666666666666,0.0021583333333333333,0.03739166666666666,5,0.49999999999999994,0.8660254037844387,13,Daerah Istimewa Yogyakarta,2023,1
0.0206,5.75,0.0027,5.75,5.25,0.0017,0.0032,0.0010000000000000002,0.0229,0.0258,0.0253,0.0254,0.0214,0.0231,0.0026057628441590727,-0.0023,17.694452364790298,3.58,0.7903,79202.04,59.0,0.6488,0.0259,0.4487,2.9490753941317163,0.13171666666666665,0.10813333333333333,0.004316666666666667,0.07478333333333333,5,0.8660254037844386,0.5000000000000001,14,Daerah Istimewa Yogyakarta,2023,2
0.0213,5.75,0.006,5.75,5.5,0.0027,0.0065,0.0033,0.0206,0.0229,0.0258,0.0286,0.0207,0.021599999999999998,0.0011789826122551568,0.0006999999999999992,17.694452364790298,3.58,0.7903,79202.04,59.0,0.6488,0.0259,0.4487,4.423613091197574,0.197575,0.1622,0.006475,0.112175,5,1.0,6.123233995736766e-17,15,Daerah Istimewa Yogyakarta,2023,3
0.0204,5.75,0.0022,5.75,5.75,0.006,0.0017,-0.0038,0.0213,0.0206,0.0229,0.0241,0.0202,0.020766666666666666,0.00047258156262526514,-0.000899999999999998,17.694452364790298,3.58,0.7903,79202.04,59.0,0.6488,0.0259,0.4487,5.8981507882634325,0.2634333333333333,0.21626666666666666,0.008633333333333333,0.14956666666666665,5,0.8660254037844387,-0.4999999999999998,16,Daerah Istimewa Yogyakarta,2023,4
0.0268,5.75,0.0035,5.75,5.75,0.0022,0.0027,0.0013,0.0204,0.0213,0.0206,0.0253,0.0191,0.022833333333333334,0.003464582706955242,0.0063999999999999994,17.694452364790298,3.58,0.7903,79202.04,59.0,0.6488,0.0259,0.4487,7.372688485329291,0.3292916666666667,0.27033333333333337,0.010791666666666666,0.18695833333333334,5,0.49999999999999994,-0.8660254037844387,17,Daerah Istimewa Yogyakarta,2023,5
0.0248,5.75,0.0002,5.75,5.75,0.0035,0.006,-0.0033,0.0268,0.0204,0.0213,0.0258,0.0205,0.024000000000000004,0.0032741411087489746,-0.0020000000000000018,17.694452364790298,3.58,0.7903,79202.04,59.0,0.6488,0.0259,0.4487,8.847226182395149,0.39515,0.3244,0.01295,0.22435,5,1.2246467991473532e-16,-1.0,18,Daerah Istimewa Yogyakarta,2023,6
0.0254,5.75,0.0028,5.75,5.75,0.0002,0.0022,0.0026,0.0248,0.0268,0.0204,0.0229,0.0231,0.025666666666666667,0.0010263202878893546,0.0005999999999999998,17.694452364790298,3.58,0.7903,79202.04,59.0,0.6488,0.0259,0.4487,10.321763879461008,0.46100833333333335,0.37846666666666673,0.015108333333333335,0.26174166666666665,5,-0.4999999999999997,-0.8660254037844388,19,Daerah Istimewa Yogyakarta,2023,7
0.0208,5.75,-0.0004,5.75,5.75,0.0028,0.0035,-0.0032,0.0254,0.0248,0.0268,0.0206,0.0254,0.023666666666666666,0.0025006665778014646,-0.0046,17.694452364790298,3.69,0.7903,79202.04,59.0,0.6488,0.0259,0.4487,11.796301576526865,0.5268666666666666,0.4325333333333333,0.017266666666666666,0.2991333333333333,5,-0.8660254037844385,-0.5000000000000004,20,Daerah Istimewa Yogyakarta,2023,8
0.0213,5.75,0.0029,5.75,5.75,-0.0004,0.0002,0.0033,0.0208,0.0254,0.0248,0.0213,0.0286,0.022499999999999996,0.0025238858928247837,0.0005000000000000004,17.694452364790298,3.69,0.7903,79202.04,59.0,0.6488,0.0259,0.4487,13.270839273592724,0.592725,0.48660000000000003,0.019424999999999998,0.33652499999999996,5,-1.0,-1.8369701987210297e-16,21,Daerah Istimewa Yogyakarta,2023,9
0.0226,6.0,0.0025,5.75,5.75,0.0029,0.0028,-0.00039999999999999975,0.0213,0.0208,0.0254,0.0204,0.0241,0.021566666666666668,0.0009291573243177337,0.001299999999999999,17.694452364790298,3.69,0.7903,79202.04,59.0,0.6488,0.0259,0.4487,14.745376970658581,0.6585833333333334,0.5406666666666667,0.021583333333333333,0.3739166666666667,5,-0.8660254037844386,0.5000000000000001,22,Daerah Istimewa Yogyakarta,2023,10
0.0257,6.0,0.0035,6.0,5.75,0.0025,-0.0004,0.001,0.0226,0.0213,0.0208,0.0268,0.0253,0.0232,0.0022605309110914555,0.003100000000000002,17.694452364790298,3.69,0.7903,79202.04,59.0,0.6488,0.0259,0.4487,16.21991466772444,0.7244416666666667,0.5947333333333333,0.023741666666666664,0.41130833333333333,5,-0.5000000000000004,0.8660254037844384,23,Daerah Istimewa Yogyakarta,2023,11
0.0332,6.0,0.0035,6.0,5.75,0.0035,0.0029,0.0,0.0257,0.0226,0.0213,0.0248,0.0258,0.02716666666666667,0.005450076452063156,0.0075,17.694452364790298,3.69,0.7903,79202.04,59.0,0.6488,0.0259,0.4487,17.694452364790298,0.7903,0.6488,0.0259,0.4487,5,-2.4492935982947064e-16,1.0,24,Daerah Istimewa Yogyakarta,2023,12
0.0338,6.0,0.026,6.0,6.0,0.0035,0.0025,0.0225,0.0332,0.0257,0.0226,0.0254,0.0229,0.0309,0.004513313638558701,0.0005999999999999964,17.756820484017314,3.69,0.8873,82759.06,58.0,0.6732,0.0282,0.4131,1.4797350403347762,0.07394166666666666,0.0561,0.0023499999999999997,0.034425,5,0.49999999999999994,0.8660254037844387,25,Daerah Istimewa Yogyakarta,2024,1
0.0328,6.0,0.0275,6.0,6.0,0.026,0.0035,0.0015000000000000013,0.0338,0.0332,0.0257,0.0208,0.0206,0.03326666666666667,0.0005033222956847282,-0.000999999999999994,17.756820484017314,3.24,0.8873,82759.06,58.0,0.6732,0.0282,0.4131,2.9594700806695524,0.1478833333333333,0.1122,0.004699999999999999,0.06885,5,0.8660254037844386,0.5000000000000001,26,Daerah Istimewa Yogyakarta,2024,2
0.032,6.0,0.0295,6.0,6.0,0.0275,0.0035,0.0019999999999999983,0.0328,0.0338,0.0332,0.0213,0.0213,0.03286666666666666,0.0009018499505645824,-0.0008000000000000021,17.756820484017314,3.24,0.8873,82759.06,58.0,0.6732,0.0282,0.4131,4.439205121004329,0.221825,0.1683,0.00705,0.103275,5,1.0,6.123233995736766e-17,27,Daerah Istimewa Yogyakarta,2024,3
0.0321,6.25,0.0287,6.0,6.0,0.0295,0.026,-0.0007999999999999986,0.032,0.0328,0.0338,0.0226,0.0204,0.032299999999999995,0.0004358898943540743,9.999999999999593e-05,17.756820484017314,3.24,0.8873,82759.06,58.0,0.6732,0.0282,0.4131,5.918940161339105,0.2957666666666666,0.2244,0.009399999999999999,0.1377,5,0.8660254037844387,-0.4999999999999998,28,Daerah Istimewa Yogyakarta,2024,4
0.0302,6.25,0.0228,6.25,6.0,0.0287,0.0275,-0.005899999999999999,0.0321,0.032,0.0328,0.0257,0.0268,0.031433333333333334,0.0010692676621563584,-0.0018999999999999954,17.756820484017314,3.24,0.8873,82759.06,58.0,0.6732,0.0282,0.4131,7.398675201673881,0.36970833333333336,0.2805,0.01175,0.17212500000000003,5,0.49999999999999994,-0.8660254037844387,29,Daerah Istimewa Yogyakarta,2024,5
0.0301,6.25,0.0235,6.25,6.0,0.0228,0.0295,0.0006999999999999992,0.0302,0.0321,0.032,0.0332,0.0248,0.030799999999999998,0.0011269427669584556,-0.00010000000000000286,17.756820484017314,3.24,0.8873,82759.06,58.0,0.6732,0.0282,0.4131,8.878410242008657,0.44365,0.3366,0.0141,0.20655,5,1.2246467991473532e-16,-1.0,30,Daerah Istimewa Yogyakarta,2024,6
0.0319,6.25,0.0216,6.25,6.25,0.0235,0.0287,-0.001899999999999999,0.0301,0.0302,0.0321,0.0338,0.0254,0.030733333333333335,0.0010115993936995584,0.0017999999999999995,17.756820484017314,3.24,0.8873,82759.06,58.0,0.6732,0.0282,0.4131,10.358145282343434,0.5175916666666667,0.39270000000000005,0.01645,0.24097500000000002,5,-0.4999999999999997,-0.8660254037844388,31,Daerah Istimewa Yogyakarta,2024,7
0.0311,6.25,0.0233,6.25,6.25,0.0216,0.0228,0.0017000000000000001,0.0319,0.0301,0.0302,0.0328,0.0208,0.03103333333333333,0.0009018499505645711,-0.0007999999999999986,17.756820484017314,3.48,0.8873,82759.06,58.0,0.6732,0.0282,0.4131,11.83788032267821,0.5915333333333332,0.4488,0.018799999999999997,0.2754,5,-0.8660254037844385,-0.5000000000000004,32,Daerah Istimewa Yogyakarta,2024,8
0.0282,6.0,0.0185,6.25,6.25,0.0233,0.0235,-0.004800000000000002,0.0311,0.0319,0.0301,0.032,0.0213,0.0304,0.001946792233393173,-0.0029,17.756820484017314,3.48,0.8873,82759.06,58.0,0.6732,0.0282,0.4131,13.317615363012987,0.665475,0.5049,0.02115,0.309825,5,-1.0,-1.8369701987210297e-16,33,Daerah Istimewa Yogyakarta,2024,9
0.0219,6.0,0.0157,6.0,6.25,0.0185,0.0216,-0.0028000000000000004,0.0282,0.0311,0.0319,0.0321,0.0226,0.027066666666666666,0.004703544762552312,-0.0063,17.756820484017314,3.48,0.8873,82759.06,58.0,0.6732,0.0282,0.4131,14.797350403347762,0.7394166666666667,0.561,0.0235,0.34425000000000006,5,-0.8660254037844386,0.5000000000000001,34,Daerah Istimewa Yogyakarta,2024,10
0.0204,6.0,0.0114,6.0,6.25,0.0157,0.0233,-0.004299999999999998,0.0219,0.0282,0.0311,0.0302,0.0257,0.023499999999999997,0.004138840417314965,-0.0014999999999999979,17.756820484017314,3.48,0.8873,82759.06,58.0,0.6732,0.0282,0.4131,16.277085443682537,0.8133583333333333,0.6171,0.025849999999999998,0.378675,5,-0.5000000000000004,0.8660254037844384,35,Daerah Istimewa Yogyakarta,2024,11
0.0206,6.0,0.0128,6.0,6.0,0.0114,0.0185,0.0014000000000000002,0.0204,0.0219,0.0282,0.0301,0.0332,0.020966666666666665,0.0008144527815246403,0.0001999999999999988,17.756820484017314,3.48,0.8873,82759.06,58.0,0.6732,0.0282,0.4131,17.756820484017314,0.8873,0.6732,0.0282,0.4131,5,-2.4492935982947064e-16,1.0,36,Daerah Istimewa Yogyakarta,2024,12
0.0185,5.75,0.0095,6.0,6.0,0.0128,0.0157,-0.003300000000000001,0.0206,0.0204,0.0219,0.0319,0.0338,0.01983333333333333,0.001159022576714198,-0.002100000000000001,17.82355258281966,3.48,0.9118,83745.45,61.0,0.6953,0.033,0.3903,1.4852960485683049,0.07598333333333333,0.05794166666666667,0.00275,0.032525,5,0.49999999999999994,0.8660254037844387,37,Daerah Istimewa Yogyakarta,2025,1
0.0199,5.75,-0.003,5.75,6.0,0.0095,0.0114,-0.0125,0.0185,0.0206,0.0204,0.0311,0.0328,0.019666666666666666,0.0010692676621563086,0.001400000000000002,17.82355258281966,3.18,0.9118,83745.45,61.0,0.6953,0.033,0.3903,2.9705920971366098,0.15196666666666667,0.11588333333333334,0.0055,0.06505,5,0.8660254037844386,0.5000000000000001,38,Daerah Istimewa Yogyakarta,2025,2
0.0295,5.75,0.0052,5.75,6.0,-0.003,0.0128,0.008199999999999999,0.0199,0.0185,0.0206,0.0282,0.032,0.022633333333333335,0.005987765303795166,0.009599999999999997,17.82355258281966,3.18,0.9118,83745.45,61.0,0.6953,0.033,0.3903,4.455888145704915,0.22795,0.173825,0.00825,0.097575,5,1.0,6.123233995736766e-17,39,Daerah Istimewa Yogyakarta,2025,3
0.0415,5.75,0.021,5.75,5.75,0.0052,0.0095,0.0158,0.0295,0.0199,0.0185,0.0219,0.0321,0.030300000000000004,0.010822199406774943,0.012000000000000004,17.82355258281966,3.18,0.9118,83745.45,61.0,0.6953,0.033,0.3903,5.9411841942732195,0.30393333333333333,0.23176666666666668,0.011,0.1301,5,0.8660254037844387,-0.4999999999999998,40,Daerah Istimewa Yogyakarta,2025,4
0.042,5.75,0.0204,5.75,5.75,0.021,-0.003,-0.0005999999999999998,0.0415,0.0295,0.0199,0.0204,0.0302,0.03766666666666667,0.007076957915187375,0.0005000000000000004,17.82355258281966,3.18,0.9118,83745.45,61.0,0.6953,0.033,0.3903,7.426480242841524,0.3799166666666667,0.28970833333333335,0.013750000000000002,0.162625,5,0.49999999999999994,-0.8660254037844387,41,Daerah Istimewa Yogyakarta,2025,5
0.0331,5.5,0.0252,5.75,5.75,0.0204,0.0052,0.004799999999999999,0.042,0.0415,0.0295,0.0206,0.0301,0.03886666666666667,0.005000333322222952,-0.008900000000000005,17.82355258281966,3.18,0.9118,83745.45,61.0,0.6953,0.033,0.3903,8.91177629140983,0.4559,0.34765,0.0165,0.19515,5,1.2246467991473532e-16,-1.0,42,Daerah Istimewa Yogyakarta,2025,6
0.0279,5.25,0.026,5.5,5.75,0.0252,0.021,0.0007999999999999986,0.0331,0.042,0.0415,0.0185,0.0319,0.034333333333333334,0.007130451131122996,-0.005199999999999996,17.82355258281966,3.18,0.9118,83745.45,61.0,0.6953,0.033,0.3903,10.397072339978134,0.5318833333333334,0.4055916666666667,0.019250000000000003,0.22767500000000002,5,-0.4999999999999997,-0.8660254037844388,43,Daerah Istimewa Yogyakarta,2025,7
0.0266,5.0,0.023,5.25,5.75,0.026,0.0204,-0.002999999999999999,0.0279,0.0331,0.042,0.0199,0.0311,0.0292,0.003439476704383947,-0.0013000000000000025,17.82355258281966,3.46,0.9118,83745.45,61.0,0.6953,0.033,0.3903,11.882368388546439,0.6078666666666667,0.46353333333333335,0.022,0.2602,5,-0.8660254037844385,-0.5000000000000004,44,Daerah Istimewa Yogyakarta,2025,8
0.0242,4.75,0.0256,5.0,5.5,0.023,0.0252,0.0026000000000000016,0.0266,0.0279,0.0331,0.0295,0.0282,0.02623333333333333,0.0018770544300401142,-0.0023999999999999994,17.82355258281966,3.46,0.9118,83745.45,61.0,0.6953,0.033,0.3903,13.367664437114744,0.6838500000000001,0.521475,0.02475,0.292725,5,-1.0,-1.8369701987210297e-16,45,Daerah Istimewa Yogyakarta,2025,9
0.023,4.75,0.029,4.75,5.25,0.0256,0.026,0.0034000000000000002,0.0242,0.0266,0.0279,0.0415,0.0219,0.0246,0.0018330302779823039,-0.0011999999999999997,17.82355258281966,3.46,0.9118,83745.45,61.0,0.6953,0.033,0.3903,14.852960485683049,0.7598333333333334,0.5794166666666667,0.027500000000000004,0.32525,5,-0.8660254037844386,0.5000000000000001,46,Daerah Istimewa Yogyakarta,2025,10
0.0288,4.75,0.0292,4.75,5.0,0.029,0.023,0.0001999999999999988,0.023,0.0242,0.0266,0.042,0.0204,0.025333333333333333,0.0030615900008546548,0.0058,17.82355258281966,3.46,0.9118,83745.45,61.0,0.6953,0.033,0.3903,16.338256534251354,0.8358166666666667,0.6373583333333334,0.03025,0.35777499999999995,5,-0.5000000000000004,0.8660254037844384,47,Daerah Istimewa Yogyakarta,2025,11
0.0285,4.75,0.0311,4.75,4.75,0.0292,0.0256,0.001899999999999999,0.0288,0.023,0.0242,0.0331,0.0206,0.026766666666666664,0.0032654759734735746,-0.0002999999999999982,17.82355258281966,3.46,0.9118,83745.45,61.0,0.6953,0.033,0.3903,17.82355258281966,0.9118,0.6953,0.033,0.3903,5,-2.4492935982947064e-16,1.0,48,Daerah Istimewa Yogyakarta,2025,12
0.0316,5.75,0.00308,5.5,4.75,0.00678,-0.00024,-0.0036999999999999997,0.0318,0.0304,0.0287,0.028,0.0287,0.031266666666666665,0.0007571877794400051,-0.0001999999999999988,18.079907270259337,5.49,0.8126,682940.16,383.0,0.807,0.0301,0.3908,1.506658939188278,0.06771666666666666,0.06725,0.002508333333333333,0.03256666666666666,6,0.49999999999999994,0.8660254037844387,13,Jawa Timur,2023,1
0.0303,5.75,0.001,5.75,5.25,0.00308,0.00435,-0.00208,0.0316,0.0318,0.0304,0.0296,0.0269,0.031233333333333335,0.0008144527815246785,-0.0013000000000000025,18.079907270259337,4.33,0.8126,682940.16,383.0,0.807,0.0301,0.3908,3.013317878376556,0.13543333333333332,0.1345,0.005016666666666666,0.06513333333333332,6,0.8660254037844386,0.5000000000000001,14,Jawa Timur,2023,2
0.0326,5.75,0.00384,5.75,5.5,0.001,0.00678,0.00284,0.0303,0.0316,0.0318,0.0322,0.0257,0.0315,0.0011532562594670569,0.0022999999999999965,18.079907270259337,4.33,0.8126,682940.16,383.0,0.807,0.0301,0.3908,4.519976817564834,0.20315,0.20175,0.007525,0.0977,6,1.0,6.123233995736766e-17,15,Jawa Timur,2023,3
0.0325,5.75,0.00278,5.75,5.75,0.00384,0.00308,-0.0010600000000000002,0.0326,0.0303,0.0316,0.0287,0.0255,0.0318,0.00129999999999998,-9.999999999999593e-05,18.079907270259337,4.33,0.8126,682940.16,383.0,0.807,0.0301,0.3908,6.026635756753112,0.27086666666666664,0.269,0.010033333333333332,0.13026666666666664,6,0.8660254037844387,-0.4999999999999998,16,Jawa Timur,2023,4
0.0353,5.75,0.0027,5.75,5.75,0.00278,0.001,-7.999999999999978e-05,0.0325,0.0326,0.0303,0.0304,0.0239,0.033466666666666665,0.0015885003409924952,0.002799999999999997,18.079907270259337,4.33,0.8126,682940.16,383.0,0.807,0.0301,0.3908,7.5332946959413905,0.33858333333333335,0.33625000000000005,0.012541666666666666,0.16283333333333333,6,0.49999999999999994,-0.8660254037844387,17,Jawa Timur,2023,5
0.0361,5.75,0.00054,5.75,5.75,0.0027,0.00384,-0.00216,0.0353,0.0325,0.0326,0.0318,0.025,0.03463333333333333,0.0018903262505010265,0.0008000000000000021,18.079907270259337,4.33,0.8126,682940.16,383.0,0.807,0.0301,0.3908,9.039953635129669,0.4063,0.4035,0.01505,0.1954,6,1.2246467991473532e-16,-1.0,18,Jawa Timur,2023,6
0.0367,5.75,0.00095,5.75,5.75,0.00054,0.00278,0.00041,0.0361,0.0353,0.0325,0.0316,0.028,0.036033333333333334,0.000702376916856803,0.0006000000000000033,18.079907270259337,4.33,0.8126,682940.16,383.0,0.807,0.0301,0.3908,10.546612574317948,0.4740166666666667,0.47075000000000006,0.017558333333333332,0.22796666666666668,6,-0.4999999999999997,-0.8660254037844388,19,Jawa Timur,2023,7
0.0329,5.75,0.00071,5.75,5.75,0.00095,0.0027,-0.00023999999999999998,0.0367,0.0361,0.0353,0.0303,0.0296,0.03523333333333333,0.0020428737928059257,-0.0038000000000000048,18.079907270259337,4.88,0.8126,682940.16,383.0,0.807,0.0301,0.3908,12.053271513506225,0.5417333333333333,0.538,0.020066666666666663,0.2605333333333333,6,-0.8660254037844385,-0.5000000000000004,20,Jawa Timur,2023,8
0.0308,5.75,0.00306,5.75,5.75,0.00071,0.00054,0.0023499999999999997,0.0329,0.0367,0.0361,0.0326,0.0322,0.033466666666666665,0.0029905406423142386,-0.0020999999999999977,18.079907270259337,4.88,0.8126,682940.16,383.0,0.807,0.0301,0.3908,13.559930452694502,0.60945,0.6052500000000001,0.022574999999999998,0.29309999999999997,6,-1.0,-1.8369701987210297e-16,21,Jawa Timur,2023,9
0.0302,6.0,0.00243,5.75,5.75,0.00306,0.00095,-0.0006299999999999999,0.0308,0.0329,0.0367,0.0325,0.0287,0.0313,0.001417744687875745,-0.0005999999999999998,18.079907270259337,4.88,0.8126,682940.16,383.0,0.807,0.0301,0.3908,15.066589391882781,0.6771666666666667,0.6725000000000001,0.025083333333333332,0.32566666666666666,6,-0.8660254037844386,0.5000000000000001,22,Jawa Timur,2023,10
0.0281,6.0,0.00441,6.0,5.75,0.00243,0.00071,0.00198,0.0302,0.0308,0.0329,0.0353,0.0304,0.0297,0.0014177446878757367,-0.002100000000000001,18.079907270259337,4.88,0.8126,682940.16,383.0,0.807,0.0301,0.3908,16.57324833107106,0.7448833333333333,0.73975,0.027591666666666664,0.3582333333333333,6,-0.5000000000000004,0.8660254037844384,23,Jawa Timur,2023,11
0.0279,6.0,0.00284,6.0,5.75,0.00441,0.00306,-0.0015699999999999998,0.0281,0.0302,0.0308,0.0361,0.0318,0.028733333333333333,0.0012741009902410324,-0.0001999999999999988,18.079907270259337,4.88,0.8126,682940.16,383.0,0.807,0.0301,0.3908,18.079907270259337,0.8126,0.807,0.0301,0.3908,6,-2.4492935982947064e-16,1.0,24,Jawa Timur,2023,12
0.028,6.0,0.0247,6.0,6.0,0.00284,0.00243,0.02186,0.0279,0.0281,0.0302,0.0367,0.0316,0.027999999999999997,9.999999999914401e-05,9.99999999999994e-05,18.143212993907557,4.88,0.8179,712523.25,379.0,0.8356,0.0261,0.379,1.511934416158963,0.06815833333333332,0.06963333333333332,0.002175,0.03158333333333333,6,0.49999999999999994,0.8660254037844387,25,Jawa Timur,2024,1
0.0278,6.0,0.0281,6.0,6.0,0.0247,0.00441,0.0034000000000000002,0.028,0.0279,0.0281,0.0329,0.0303,0.027899999999999998,9.999999999913362e-05,-0.00020000000000000226,18.143212993907557,3.74,0.8179,712523.25,379.0,0.8356,0.0261,0.379,3.023868832317926,0.13631666666666664,0.13926666666666665,0.00435,0.06316666666666666,6,0.8660254037844386,0.5000000000000001,26,Jawa Timur,2024,2
0.028,6.0,0.0304,6.0,6.0,0.0281,0.00284,0.0023,0.0278,0.028,0.0279,0.0308,0.0326,0.027933333333333334,0.00011547005383717893,0.00020000000000000226,18.143212993907557,3.74,0.8179,712523.25,379.0,0.8356,0.0261,0.379,4.535803248476889,0.204475,0.2089,0.006525,0.09475,6,1.0,6.123233995736766e-17,27,Jawa Timur,2024,3
0.0259,6.25,0.0325,6.0,6.0,0.0304,0.0247,0.002100000000000001,0.028,0.0278,0.028,0.0302,0.0325,0.02723333333333333,0.0011590225767141656,-0.002100000000000001,18.143212993907557,3.74,0.8179,712523.25,379.0,0.8356,0.0261,0.379,6.047737664635852,0.2726333333333333,0.2785333333333333,0.0087,0.12633333333333333,6,0.8660254037844387,-0.4999999999999998,28,Jawa Timur,2024,4
0.0262,6.25,0.0283,6.25,6.0,0.0325,0.0281,-0.004200000000000002,0.0259,0.028,0.0278,0.0281,0.0353,0.0267,0.0011357816691599655,0.00030000000000000165,18.143212993907557,3.74,0.8179,712523.25,379.0,0.8356,0.0261,0.379,7.559672080794816,0.34079166666666666,0.3481666666666667,0.010875000000000001,0.15791666666666668,6,0.49999999999999994,-0.8660254037844387,29,Jawa Timur,2024,5
0.0251,6.25,0.0221,6.25,6.0,0.0283,0.0304,-0.006199999999999997,0.0262,0.0259,0.028,0.0279,0.0361,0.025733333333333334,0.0005686240703075298,-0.0011000000000000003,18.143212993907557,3.74,0.8179,712523.25,379.0,0.8356,0.0261,0.379,9.071606496953779,0.40895,0.4178,0.01305,0.1895,6,1.2246467991473532e-16,-1.0,30,Jawa Timur,2024,6
0.0234,6.25,0.0213,6.25,6.25,0.0221,0.0325,-0.0008000000000000021,0.0251,0.0262,0.0259,0.028,0.0367,0.024900000000000002,0.0014106735979664982,-0.0017000000000000001,18.143212993907557,3.74,0.8179,712523.25,379.0,0.8356,0.0261,0.379,10.583540913112742,0.47710833333333336,0.4874333333333334,0.015225000000000002,0.22108333333333335,6,-0.4999999999999997,-0.8660254037844388,31,Jawa Timur,2024,7
0.0226,6.25,0.0205,6.25,6.25,0.0213,0.0283,-0.0007999999999999986,0.0234,0.0251,0.0262,0.0278,0.0329,0.0237,0.0012767145334802589,-0.0008000000000000021,18.143212993907557,4.19,0.8179,712523.25,379.0,0.8356,0.0261,0.379,12.095475329271704,0.5452666666666666,0.5570666666666666,0.0174,0.25266666666666665,6,-0.8660254037844385,-0.5000000000000004,32,Jawa Timur,2024,8
0.0237,6.0,0.0173,6.25,6.25,0.0205,0.0221,-0.0032000000000000015,0.0226,0.0234,0.0251,0.028,0.0308,0.02323333333333333,0.0005686240703074697,0.0011000000000000003,18.143212993907557,4.19,0.8179,712523.25,379.0,0.8356,0.0261,0.379,13.607409745430669,0.613425,0.6267,0.019575000000000002,0.28425,6,-1.0,-1.8369701987210297e-16,33,Jawa Timur,2024,9
0.0248,6.0,0.0166,6.0,6.25,0.0173,0.0213,-0.0006999999999999992,0.0237,0.0226,0.0234,0.0259,0.0302,0.0237,0.0010999999999998689,0.0011000000000000003,18.143212993907557,4.19,0.8179,712523.25,379.0,0.8356,0.0261,0.379,15.119344161589632,0.6815833333333333,0.6963333333333334,0.021750000000000002,0.31583333333333335,6,-0.8660254037844386,0.5000000000000001,34,Jawa Timur,2024,10
0.0291,6.0,0.0141,6.0,6.25,0.0166,0.0205,-0.0025000000000000005,0.0248,0.0237,0.0226,0.0262,0.0281,0.025866666666666666,0.002853652630109891,0.004300000000000002,18.143212993907557,4.19,0.8179,712523.25,379.0,0.8356,0.0261,0.379,16.631278577748592,0.7497416666666666,0.7659666666666667,0.023925000000000002,0.34741666666666665,6,-0.5000000000000004,0.8660254037844384,35,Jawa Timur,2024,11
0.0289,6.0,0.0151,6.0,6.0,0.0141,0.0173,0.0010000000000000009,0.0291,0.0248,0.0237,0.0251,0.0279,0.0276,0.002426932219902278,-0.00020000000000000226,18.143212993907557,4.19,0.8179,712523.25,379.0,0.8356,0.0261,0.379,18.143212993907557,0.8179,0.8356,0.0261,0.379,6,-2.4492935982947064e-16,1.0,36,Jawa Timur,2024,12
0.0276,5.75,0.0106,6.0,6.0,0.0151,0.0166,-0.0045000000000000005,0.0289,0.0291,0.0248,0.0234,0.028,0.02853333333333333,0.0008144527815245952,-0.001299999999999999,18.208180352736637,4.19,0.8219,726507.91,378.0,0.8189,0.0328,0.3816,1.517348362728053,0.06849166666666666,0.06824166666666666,0.0027333333333333333,0.031799999999999995,6,0.49999999999999994,0.8660254037844387,37,Jawa Timur,2025,1
0.0298,5.75,-0.0003,5.75,6.0,0.0106,0.0141,-0.0109,0.0276,0.0289,0.0291,0.0226,0.0278,0.028766666666666663,0.0011060440015357232,0.0022000000000000006,18.208180352736637,3.61,0.8219,726507.91,378.0,0.8189,0.0328,0.3816,3.034696725456106,0.13698333333333332,0.13648333333333332,0.0054666666666666665,0.06359999999999999,6,0.8660254037844386,0.5000000000000001,38,Jawa Timur,2025,2
0.0294,5.75,0.0077,5.75,6.0,-0.0003,0.0151,0.008,0.0298,0.0276,0.0289,0.0237,0.028,0.028933333333333335,0.0011718930554163885,-0.00040000000000000105,18.208180352736637,3.61,0.8219,726507.91,378.0,0.8189,0.0328,0.3816,4.552045088184159,0.205475,0.204725,0.0082,0.0954,6,1.0,6.123233995736766e-17,39,Jawa Timur,2025,3
0.0302,5.75,0.0135,5.75,5.75,0.0077,0.0106,0.0058,0.0294,0.0298,0.0276,0.0248,0.0259,0.029800000000000004,0.0003999999999998082,0.0008000000000000021,18.208180352736637,3.61,0.8219,726507.91,378.0,0.8189,0.0328,0.3816,6.069393450912212,0.27396666666666664,0.27296666666666664,0.010933333333333333,0.12719999999999998,6,0.8660254037844387,-0.4999999999999998,40,Jawa Timur,2025,4
0.0341,5.75,0.0122,5.75,5.75,0.0135,-0.0003,-0.001299999999999999,0.0302,0.0294,0.0298,0.0291,0.0262,0.031233333333333335,0.0025146238950056144,0.0038999999999999972,18.208180352736637,3.61,0.8219,726507.91,378.0,0.8189,0.0328,0.3816,7.586741813640265,0.3424583333333333,0.34120833333333334,0.013666666666666669,0.159,6,0.49999999999999994,-0.8660254037844387,41,Jawa Timur,2025,5
0.0329,5.5,0.0202,5.75,5.75,0.0122,0.0077,0.007999999999999998,0.0341,0.0302,0.0294,0.0289,0.0251,0.032400000000000005,0.001997498435543794,-0.0011999999999999997,18.208180352736637,3.61,0.8219,726507.91,378.0,0.8189,0.0328,0.3816,9.104090176368318,0.41095,0.40945,0.0164,0.1908,6,1.2246467991473532e-16,-1.0,42,Jawa Timur,2025,6
0.0328,5.25,0.0221,5.5,5.75,0.0202,0.0135,0.0019000000000000024,0.0329,0.0341,0.0302,0.0276,0.0234,0.03326666666666667,0.0007234178138069737,-9.999999999999593e-05,18.208180352736637,3.61,0.8219,726507.91,378.0,0.8189,0.0328,0.3816,10.621438539096372,0.47944166666666665,0.4776916666666667,0.019133333333333336,0.22260000000000002,6,-0.4999999999999997,-0.8660254037844388,43,Jawa Timur,2025,7
0.0304,5.0,0.0217,5.25,5.75,0.0221,0.0122,-0.00040000000000000105,0.0328,0.0329,0.0341,0.0298,0.0226,0.03203333333333334,0.0014153915830374445,-0.002400000000000003,18.208180352736637,3.88,0.8219,726507.91,378.0,0.8189,0.0328,0.3816,12.138786901824425,0.5479333333333333,0.5459333333333333,0.021866666666666666,0.25439999999999996,6,-0.8660254037844385,-0.5000000000000004,44,Jawa Timur,2025,8
0.0327,4.75,0.0253,5.0,5.5,0.0217,0.0202,0.003599999999999999,0.0304,0.0328,0.0329,0.0294,0.0237,0.03196666666666667,0.0013576941236277205,0.0023,18.208180352736637,3.88,0.8219,726507.91,378.0,0.8189,0.0328,0.3816,13.656135264552479,0.616425,0.6141749999999999,0.024600000000000004,0.2862,6,-1.0,-1.8369701987210297e-16,45,Jawa Timur,2025,9
0.0317,4.75,0.0269,4.75,5.25,0.0253,0.0221,0.0016000000000000007,0.0327,0.0304,0.0328,0.0302,0.0248,0.031599999999999996,0.001153256259467038,-0.0010000000000000009,18.208180352736637,3.88,0.8219,726507.91,378.0,0.8189,0.0328,0.3816,15.17348362728053,0.6849166666666666,0.6824166666666667,0.027333333333333338,0.318,6,-0.8660254037844386,0.5000000000000001,46,Jawa Timur,2025,10
0.047,4.75,0.0263,4.75,5.0,0.0269,0.0217,-0.0005999999999999998,0.0317,0.0327,0.0304,0.0341,0.0291,0.03713333333333333,0.008559400290518798,0.015300000000000001,18.208180352736637,3.88,0.8219,726507.91,378.0,0.8189,0.0328,0.3816,16.690831990008583,0.7534083333333332,0.7506583333333333,0.03006666666666667,0.3498,6,-0.5000000000000004,0.8660254037844384,47,Jawa Timur,2025,11
0.0502,4.75,0.0293,4.75,4.75,0.0263,0.0253,0.002999999999999999,0.047,0.0317,0.0327,0.0329,0.0289,0.042966666666666674,0.009887534239300179,0.0032000000000000015,18.208180352736637,3.88,0.8219,726507.91,378.0,0.8189,0.0328,0.3816,18.208180352736637,0.8219,0.8189,0.0328,0.3816,6,-2.4492935982947064e-16,1.0,48,Jawa Timur,2025,12
0.011,5.75,0.00707,5.5,4.75,0.01043,-0.00087,-0.00336,0.0164,0.0143,0.0129,0.0122,0.0291,0.013900000000000001,0.0027221315177632464,-0.005400000000000002,17.53898465684271,6.17,0.6781,41485.84,52.0,0.9296,0.0157,0.3139,1.4615820547368925,0.056508333333333334,0.07746666666666666,0.0013083333333333332,0.026158333333333332,7,0.49999999999999994,0.8660254037844387,13,Aceh,2023,1
0.0132,5.75,0.0049,5.75,5.25,0.00707,-0.0029,-0.00217,0.011,0.0164,0.0143,0.0145,0.0137,0.013533333333333333,0.0027153882472555142,0.0022000000000000006,17.53898465684271,5.75,0.6781,41485.84,52.0,0.9296,0.0157,0.3139,2.923164109473785,0.11301666666666667,0.1549333333333333,0.0026166666666666664,0.052316666666666664,7,0.8660254037844386,0.5000000000000001,14,Aceh,2023,2
0.0135,5.75,-0.00513,5.75,5.5,0.0049,0.01043,-0.01003,0.0132,0.011,0.0164,0.0141,0.013,0.012566666666666665,0.0013650396819629028,0.0002999999999999999,17.53898465684271,5.75,0.6781,41485.84,52.0,0.9296,0.0157,0.3139,4.384746164210678,0.169525,0.2324,0.003925,0.078475,7,1.0,6.123233995736766e-17,15,Aceh,2023,3
0.0102,5.75,-0.00313,5.75,5.75,-0.00513,0.00707,0.002,0.0135,0.0132,0.011,0.0129,0.0104,0.0123,0.0018248287590894796,-0.003299999999999999,17.53898465684271,5.75,0.6781,41485.84,52.0,0.9296,0.0157,0.3139,5.84632821894757,0.22603333333333334,0.3098666666666666,0.005233333333333333,0.10463333333333333,7,0.8660254037844387,-0.4999999999999998,16,Aceh,2023,4
0.0158,5.75,0.00407,5.75,5.75,-0.00313,0.0049,0.0072,0.0102,0.0135,0.0132,0.0143,0.0116,0.013166666666666669,0.00281484161780612,0.005600000000000001,17.53898465684271,5.75,0.6781,41485.84,52.0,0.9296,0.0157,0.3139,7.307910273684463,0.2825416666666667,0.38733333333333336,0.006541666666666666,0.13079166666666667,7,0.49999999999999994,-0.8660254037844387,17,Aceh,2023,5
0.0134,5.75,0.002,5.75,5.75,0.00407,-0.00513,-0.00207,0.0158,0.0102,0.0135,0.0164,0.0136,0.013133333333333335,0.0028095076674274043,-0.002400000000000001,17.53898465684271,5.75,0.6781,41485.84,52.0,0.9296,0.0157,0.3139,8.769492328421356,0.33905,0.4648,0.00785,0.15695,7,1.2246467991473532e-16,-1.0,18,Aceh,2023,6
0.0192,5.75,0.0016,5.75,5.75,0.002,-0.00313,-0.00039999999999999996,0.0134,0.0158,0.0102,0.011,0.0122,0.016133333333333336,0.0029143323992525828,0.005799999999999998,17.53898465684271,5.75,0.6781,41485.84,52.0,0.9296,0.0157,0.3139,10.23107438315825,0.3955583333333334,0.5422666666666667,0.009158333333333333,0.18310833333333335,7,-0.4999999999999997,-0.8660254037844388,19,Aceh,2023,7
0.0104,5.75,-0.0006,5.75,5.75,0.0016,0.00407,-0.0022,0.0192,0.0134,0.0158,0.0132,0.0145,0.014333333333333335,0.004473626418615366,-0.008799999999999999,17.53898465684271,6.03,0.6781,41485.84,52.0,0.9296,0.0157,0.3139,11.69265643789514,0.45206666666666667,0.6197333333333332,0.010466666666666666,0.20926666666666666,7,-0.8660254037844385,-0.5000000000000004,20,Aceh,2023,8
0.0092,5.75,0.00287,5.75,5.75,-0.0006,0.002,0.00347,0.0104,0.0192,0.0134,0.0135,0.0141,0.012933333333333333,0.005460158727851542,-0.0011999999999999997,17.53898465684271,6.03,0.6781,41485.84,52.0,0.9296,0.0157,0.3139,13.154238492632032,0.508575,0.6972,0.011774999999999999,0.235425,7,-1.0,-1.8369701987210297e-16,21,Aceh,2023,9
0.0103,6.0,-0.0002,5.75,5.75,0.00287,0.0016,-0.0030700000000000002,0.0092,0.0104,0.0192,0.0102,0.0129,0.009966666666666669,0.0006658328118480109,0.0011000000000000003,17.53898465684271,6.03,0.6781,41485.84,52.0,0.9296,0.0157,0.3139,14.615820547368926,0.5650833333333334,0.7746666666666667,0.013083333333333332,0.26158333333333333,7,-0.8660254037844386,0.5000000000000001,22,Aceh,2023,10
0.0105,6.0,0.00263,6.0,5.75,-0.0002,-0.0006,0.00283,0.0103,0.0092,0.0104,0.0158,0.0143,0.010000000000000002,0.0007000000000000683,0.00020000000000000052,17.53898465684271,6.03,0.6781,41485.84,52.0,0.9296,0.0157,0.3139,16.077402602105817,0.6215916666666667,0.8521333333333333,0.014391666666666665,0.2877416666666667,7,-0.5000000000000004,0.8660254037844384,23,Aceh,2023,11
0.0109,6.0,-0.001,6.0,5.75,0.00263,0.00287,-0.00363,0.0105,0.0103,0.0092,0.0134,0.0164,0.010566666666666669,0.00030550504633053026,0.0003999999999999993,17.53898465684271,6.03,0.6781,41485.84,52.0,0.9296,0.0157,0.3139,17.53898465684271,0.6781,0.9296,0.0157,0.3139,7,-2.4492935982947064e-16,1.0,24,Aceh,2023,12
0.0106,6.0,0.0212,6.0,6.0,-0.001,-0.0002,0.0222,0.0109,0.0105,0.0103,0.0192,0.011,0.01066666666666667,0.00020816659994681616,-0.0002999999999999999,17.594733331975814,6.03,0.7599,45184.4,53.0,0.9734,0.0179,0.3042,1.466227777664651,0.06332499999999999,0.08111666666666667,0.0014916666666666665,0.02535,7,0.49999999999999994,0.8660254037844387,25,Aceh,2024,1
0.0118,6.0,0.0233,6.0,6.0,0.0212,0.00263,0.002100000000000001,0.0106,0.0109,0.0105,0.0104,0.0132,0.0111,0.0006244997998399031,0.0011999999999999997,17.594733331975814,5.56,0.7599,45184.4,53.0,0.9734,0.0179,0.3042,2.932455555329302,0.12664999999999998,0.16223333333333334,0.002983333333333333,0.0507,7,0.8660254037844386,0.5000000000000001,26,Aceh,2024,2
0.0125,6.0,0.0325,6.0,6.0,0.0233,-0.001,0.0092,0.0118,0.0106,0.0109,0.0092,0.0135,0.011633333333333336,0.0009609023536933433,0.000700000000000001,17.594733331975814,5.56,0.7599,45184.4,53.0,0.9734,0.0179,0.3042,4.398683332993953,0.189975,0.24335,0.004475,0.07605,7,1.0,6.123233995736766e-17,27,Aceh,2024,3
0.0075,6.25,0.0314,6.0,6.0,0.0325,0.0212,-0.0011000000000000038,0.0125,0.0118,0.0106,0.0103,0.0102,0.010600000000000004,0.0027073972741361923,-0.005000000000000001,17.594733331975814,5.56,0.7599,45184.4,53.0,0.9734,0.0179,0.3042,5.864911110658604,0.25329999999999997,0.3244666666666667,0.005966666666666666,0.1014,7,0.8660254037844387,-0.4999999999999998,28,Aceh,2024,4
0.0095,6.25,0.0332,6.25,6.0,0.0314,0.0233,0.001800000000000003,0.0075,0.0125,0.0118,0.0105,0.0158,0.009833333333333336,0.0025166114784236017,0.002,17.594733331975814,5.56,0.7599,45184.4,53.0,0.9734,0.0179,0.3042,7.331138888323256,0.31662500000000005,0.40558333333333335,0.007458333333333333,0.12675000000000003,7,0.49999999999999994,-0.8660254037844387,29,Aceh,2024,5
0.012,6.25,0.0309,6.25,6.0,0.0332,0.0325,-0.0023,0.0095,0.0075,0.0125,0.0109,0.0134,0.009666666666666669,0.0022546248764114683,0.0025000000000000005,17.594733331975814,5.56,0.7599,45184.4,53.0,0.9734,0.0179,0.3042,8.797366665987907,0.37995,0.4867,0.00895,0.1521,7,1.2246467991473532e-16,-1.0,30,Aceh,2024,6
0.0077,6.25,0.0251,6.25,6.25,0.0309,0.0314,-0.0058,0.012,0.0095,0.0075,0.0106,0.0192,0.009733333333333335,0.0021594752448994238,-0.0043,17.594733331975814,5.56,0.7599,45184.4,53.0,0.9734,0.0179,0.3042,10.26359444365256,0.44327500000000003,0.5678166666666667,0.010441666666666667,0.17745000000000002,7,-0.4999999999999997,-0.8660254037844388,31,Aceh,2024,7
0.0076,6.25,0.0229,6.25,6.25,0.0251,0.0332,-0.0022000000000000006,0.0077,0.012,0.0095,0.0118,0.0104,0.009100000000000002,0.0025119713374161133,-0.00010000000000000026,17.594733331975814,5.75,0.7599,45184.4,53.0,0.9734,0.0179,0.3042,11.729822221317209,0.5065999999999999,0.6489333333333334,0.011933333333333332,0.2028,7,-0.8660254037844385,-0.5000000000000004,32,Aceh,2024,8
0.0086,6.0,0.015,6.25,6.25,0.0229,0.0309,-0.0079,0.0076,0.0077,0.012,0.0125,0.0092,0.007966666666666669,0.0005507570547287041,0.001,17.594733331975814,5.75,0.7599,45184.4,53.0,0.9734,0.0179,0.3042,13.19604999898186,0.569925,0.7300500000000001,0.013425,0.22815000000000002,7,-1.0,-1.8369701987210297e-16,33,Aceh,2024,9
0.0097,6.0,0.0169,6.0,6.25,0.015,0.0251,0.001899999999999999,0.0086,0.0076,0.0077,0.0075,0.0103,0.008633333333333335,0.0010503967504392965,0.0011000000000000003,17.594733331975814,5.75,0.7599,45184.4,53.0,0.9734,0.0179,0.3042,14.662277776646512,0.6332500000000001,0.8111666666666667,0.014916666666666667,0.25350000000000006,7,-0.8660254037844386,0.5000000000000001,34,Aceh,2024,10
0.0099,6.0,0.0155,6.0,6.25,0.0169,0.0229,-0.0013999999999999985,0.0097,0.0086,0.0076,0.0095,0.0105,0.009400000000000004,0.0007000000000000696,0.00020000000000000052,17.594733331975814,5.75,0.7599,45184.4,53.0,0.9734,0.0179,0.3042,16.12850555431116,0.6965749999999999,0.8922833333333333,0.01640833333333333,0.27885,7,-0.5000000000000004,0.8660254037844384,35,Aceh,2024,11
0.0104,6.0,0.0217,6.0,6.0,0.0155,0.015,0.006200000000000001,0.0099,0.0097,0.0086,0.012,0.0109,0.010000000000000002,0.0003605551275465285,0.0004999999999999987,17.594733331975814,5.75,0.7599,45184.4,53.0,0.9734,0.0179,0.3042,17.594733331975814,0.7599,0.9734,0.0179,0.3042,7,-2.4492935982947064e-16,1.0,36,Aceh,2024,12
0.0087,5.75,0.0161,6.0,6.0,0.0217,0.0169,-0.005600000000000001,0.0104,0.0099,0.0097,0.0077,0.0106,0.009666666666666669,0.0008736894948054656,-0.0017000000000000001,17.639139412629824,5.75,0.7565,44260.48,53.0,1.0176,0.0206,0.291,1.4699282843858186,0.06304166666666666,0.0848,0.0017166666666666667,0.024249999999999997,7,0.49999999999999994,0.8660254037844387,37,Aceh,2025,1
0.0092,5.75,0.0041,5.75,6.0,0.0161,0.0155,-0.012,0.0087,0.0104,0.0099,0.0076,0.0118,0.009433333333333335,0.0008736894948054663,0.0005000000000000004,17.639139412629824,5.5,0.7565,44260.48,53.0,1.0176,0.0206,0.291,2.939856568771637,0.12608333333333333,0.1696,0.0034333333333333334,0.048499999999999995,7,0.8660254037844386,0.5000000000000001,38,Aceh,2025,2
0.0109,5.75,0.0153,5.75,6.0,0.0041,0.0217,0.011199999999999998,0.0092,0.0087,0.0104,0.0086,0.0125,0.009600000000000003,0.0011532562594671213,0.0017000000000000001,17.639139412629824,5.5,0.7565,44260.48,53.0,1.0176,0.0206,0.291,4.409784853157456,0.189125,0.2544,0.00515,0.07275,7,1.0,6.123233995736766e-17,39,Aceh,2025,3
0.0139,5.75,0.0311,5.75,5.75,0.0153,0.0161,0.0158,0.0109,0.0092,0.0087,0.0097,0.0075,0.011333333333333336,0.0023797758998135546,0.002999999999999999,17.639139412629824,5.5,0.7565,44260.48,53.0,1.0176,0.0206,0.291,5.879713137543274,0.25216666666666665,0.3392,0.006866666666666667,0.09699999999999999,7,0.8660254037844387,-0.4999999999999998,40,Aceh,2025,4
0.0201,5.75,0.0235,5.75,5.75,0.0311,0.0041,-0.007599999999999999,0.0139,0.0109,0.0092,0.0099,0.0095,0.01496666666666667,0.004691836882643447,0.006200000000000001,17.639139412629824,5.5,0.7565,44260.48,53.0,1.0176,0.0206,0.291,7.3496414219290935,0.3152083333333333,0.42400000000000004,0.008583333333333333,0.12125,7,0.49999999999999994,-0.8660254037844387,41,Aceh,2025,5
0.0082,5.5,0.0219,5.75,5.75,0.0235,0.0153,-0.0016000000000000007,0.0201,0.0139,0.0109,0.0104,0.012,0.01406666666666667,0.005951750442796925,-0.011899999999999999,17.639139412629824,5.5,0.7565,44260.48,53.0,1.0176,0.0206,0.291,8.819569706314912,0.37825,0.5088,0.0103,0.1455,7,1.2246467991473532e-16,-1.0,42,Aceh,2025,6
0.0086,5.25,0.03,5.5,5.75,0.0219,0.0311,0.0081,0.0082,0.0201,0.0139,0.0087,0.0077,0.012300000000000004,0.006757958271549187,0.0003999999999999993,17.639139412629824,5.5,0.7565,44260.48,53.0,1.0176,0.0206,0.291,10.289497990700731,0.4412916666666667,0.5936000000000001,0.012016666666666667,0.16975,7,-0.4999999999999997,-0.8660254037844388,43,Aceh,2025,7
0.0094,5.0,0.037,5.25,5.75,0.03,0.0235,0.006999999999999999,0.0086,0.0082,0.0201,0.0092,0.0076,0.008733333333333336,0.0006110100926608706,0.0008000000000000004,17.639139412629824,5.64,0.7565,44260.48,53.0,1.0176,0.0206,0.291,11.759426275086549,0.5043333333333333,0.6784,0.013733333333333334,0.19399999999999998,7,-0.8660254037844385,-0.5000000000000004,44,Aceh,2025,8
0.0088,4.75,0.0445,5.0,5.5,0.037,0.0219,0.0075,0.0094,0.0086,0.0082,0.0109,0.0086,0.008933333333333337,0.00041633319989335985,-0.0005999999999999998,17.639139412629824,5.64,0.7565,44260.48,53.0,1.0176,0.0206,0.291,13.229354559472368,0.567375,0.7632000000000001,0.01545,0.21825,7,-1.0,-1.8369701987210297e-16,45,Aceh,2025,9
0.008,4.75,0.0466,4.75,5.25,0.0445,0.03,0.0021000000000000046,0.0088,0.0094,0.0086,0.0139,0.0097,0.008733333333333336,0.0007023769168569292,-0.0008000000000000004,17.639139412629824,5.64,0.7565,44260.48,53.0,1.0176,0.0206,0.291,14.699282843858187,0.6304166666666666,0.8480000000000001,0.017166666666666667,0.2425,7,-0.8660254037844386,0.5000000000000001,46,Aceh,2025,10
0.0082,4.75,0.0358,4.75,5.0,0.0466,0.037,-0.010800000000000004,0.008,0.0088,0.0094,0.0201,0.0099,0.008333333333333337,0.00041633319989336517,0.00020000000000000052,17.639139412629824,5.64,0.7565,44260.48,53.0,1.0176,0.0206,0.291,16.169211128244005,0.6934583333333333,0.9328,0.018883333333333332,0.26675,7,-0.5000000000000004,0.8660254037844384,47,Aceh,2025,11
0.009,4.75,0.0671,4.75,4.75,0.0358,0.0445,0.03130000000000001,0.0082,0.008,0.0088,0.0082,0.0104,0.008400000000000003,0.000529150262213026,0.0007999999999999986,17.639139412629824,5.64,0.7565,44260.48,53.0,1.0176,0.0206,0.291,17.639139412629824,0.7565,1.0176,0.0206,0.291,7,-2.4492935982947064e-16,1.0,48,Aceh,2025,12
0.0157,5.75,0.01266,5.5,4.75,0.01404,-0.00838,-0.001380000000000001,0.0179,0.0194,0.0208,0.0214,0.0218,0.017666666666666667,0.0018610033136277093,-0.0022000000000000006,18.03950816841323,6.16,0.6712,286846.32,193.0,0.8723,0.0185,0.3147,1.5032923473677693,0.055933333333333335,0.07269166666666665,0.0015416666666666664,0.026225,8,0.49999999999999994,0.8660254037844387,13,Sumatera Utara,2023,1
0.0143,5.75,-0.00132,5.75,5.25,0.01266,-0.0018,-0.01398,0.0157,0.0179,0.0194,0.0229,0.0198,0.015966666666666667,0.0018147543451754835,-0.0013999999999999985,18.03950816841323,5.24,0.6712,286846.32,193.0,0.8723,0.0185,0.3147,3.0065846947355386,0.11186666666666667,0.1453833333333333,0.003083333333333333,0.05245,8,0.8660254037844386,0.5000000000000001,14,Sumatera Utara,2023,2
0.0158,5.75,-0.00468,5.75,5.5,-0.00132,0.01404,-0.00336,0.0143,0.0157,0.0179,0.0249,0.0187,0.015266666666666666,0.000838649708360585,0.0015000000000000013,18.03950816841323,5.24,0.6712,286846.32,193.0,0.8723,0.0185,0.3147,4.509877042103308,0.1678,0.218075,0.004625,0.078675,8,1.0,6.123233995736766e-17,15,Sumatera Utara,2023,3
0.0145,5.75,-0.00128,5.75,5.75,-0.00468,0.01266,0.0034000000000000002,0.0158,0.0143,0.0157,0.0208,0.0195,0.014866666666666667,0.0008144527815246828,-0.0013000000000000008,18.03950816841323,5.24,0.6712,286846.32,193.0,0.8723,0.0185,0.3147,6.013169389471077,0.22373333333333334,0.2907666666666666,0.006166666666666666,0.1049,8,0.8660254037844387,-0.4999999999999998,16,Sumatera Utara,2023,4
0.0194,5.75,0.00344,5.75,5.75,-0.00128,-0.00132,0.00472,0.0145,0.0158,0.0143,0.0194,0.0197,0.016566666666666667,0.0025383721817994515,0.0049,18.03950816841323,5.24,0.6712,286846.32,193.0,0.8723,0.0185,0.3147,7.516461736838846,0.2796666666666667,0.3634583333333333,0.0077083333333333335,0.131125,8,0.49999999999999994,-0.8660254037844387,17,Sumatera Utara,2023,5
0.0191,5.75,0.0037,5.75,5.75,0.00344,-0.00468,0.00026000000000000025,0.0194,0.0145,0.0158,0.0179,0.0199,0.017666666666666667,0.002746512940681934,-0.00030000000000000165,18.03950816841323,5.24,0.6712,286846.32,193.0,0.8723,0.0185,0.3147,9.019754084206616,0.3356,0.43615,0.00925,0.15735,8,1.2246467991473532e-16,-1.0,18,Sumatera Utara,2023,6
0.0243,5.75,0.00498,5.75,5.75,0.0037,-0.00128,0.0012799999999999999,0.0191,0.0194,0.0145,0.0157,0.0214,0.02093333333333333,0.002919474838619677,0.0052,18.03950816841323,5.24,0.6712,286846.32,193.0,0.8723,0.0185,0.3147,10.523046431574386,0.39153333333333334,0.5088416666666666,0.010791666666666666,0.183575,8,-0.4999999999999997,-0.8660254037844388,19,Sumatera Utara,2023,7
0.0193,5.75,-8e-05,5.75,5.75,0.00498,0.00344,-0.00506,0.0243,0.0191,0.0194,0.0143,0.0229,0.020900000000000002,0.0029461839725312567,-0.0049999999999999975,18.03950816841323,5.89,0.6712,286846.32,193.0,0.8723,0.0185,0.3147,12.026338778942154,0.4474666666666667,0.5815333333333332,0.012333333333333332,0.2098,8,-0.8660254037844385,-0.5000000000000004,20,Sumatera Utara,2023,8
0.0203,5.75,0.0037,5.75,5.75,-8e-05,0.0037,0.0037800000000000004,0.0193,0.0243,0.0191,0.0158,0.0249,0.0213,0.002645751311064603,0.0009999999999999974,18.03950816841323,5.89,0.6712,286846.32,193.0,0.8723,0.0185,0.3147,13.529631126309923,0.5034000000000001,0.654225,0.013874999999999998,0.23602499999999998,8,-1.0,-1.8369701987210297e-16,21,Sumatera Utara,2023,9
0.0202,6.0,-0.00208,5.75,5.75,0.0037,0.00498,-0.00578,0.0203,0.0193,0.0243,0.0145,0.0208,0.01993333333333333,0.000550757054728633,-9.99999999999994e-05,18.03950816841323,5.89,0.6712,286846.32,193.0,0.8723,0.0185,0.3147,15.032923473677693,0.5593333333333333,0.7269166666666667,0.015416666666666667,0.26225,8,-0.8660254037844386,0.5000000000000001,22,Sumatera Utara,2023,10
0.0191,6.0,0.00274,6.0,5.75,-0.00208,-8e-05,0.00482,0.0202,0.0203,0.0193,0.0194,0.0194,0.019866666666666668,0.0006658328118479567,-0.0011000000000000003,18.03950816841323,5.89,0.6712,286846.32,193.0,0.8723,0.0185,0.3147,16.536215821045463,0.6152666666666666,0.7996083333333333,0.016958333333333332,0.288475,8,-0.5000000000000004,0.8660254037844384,23,Sumatera Utara,2023,11
0.0199,6.0,0.0033,6.0,5.75,0.00274,0.0037,0.0005600000000000002,0.0191,0.0202,0.0203,0.0191,0.0179,0.019733333333333335,0.0005686240703077493,0.0008000000000000021,18.03950816841323,5.89,0.6712,286846.32,193.0,0.8723,0.0185,0.3147,18.03950816841323,0.6712,0.8723,0.0185,0.3147,8,-2.4492935982947064e-16,1.0,24,Sumatera Utara,2023,12
0.0187,6.0,0.0216,6.0,6.0,0.0033,-0.00208,0.0183,0.0199,0.0191,0.0202,0.0243,0.0157,0.019233333333333335,0.0006110100926607793,-0.0011999999999999997,18.11381585208381,5.89,0.7315,292162.63,191.0,0.9616,0.0163,0.2882,1.5094846543403175,0.06095833333333334,0.08013333333333333,0.0013583333333333331,0.024016666666666665,8,0.49999999999999994,0.8660254037844387,25,Sumatera Utara,2024,1
0.0195,6.0,0.025,6.0,6.0,0.0216,0.00274,0.0034000000000000002,0.0187,0.0199,0.0191,0.0193,0.0143,0.019366666666666667,0.0006110100926607826,0.0007999999999999986,18.11381585208381,5.1,0.7315,292162.63,191.0,0.9616,0.0163,0.2882,3.018969308680635,0.12191666666666667,0.16026666666666667,0.0027166666666666663,0.04803333333333333,8,0.8660254037844386,0.5000000000000001,26,Sumatera Utara,2024,2
0.0168,6.0,0.0367,6.0,6.0,0.025,0.0033,0.011700000000000002,0.0195,0.0187,0.0199,0.0203,0.0158,0.01833333333333333,0.0013868429375143057,-0.002700000000000001,18.11381585208381,5.1,0.7315,292162.63,191.0,0.9616,0.0163,0.2882,4.528453963020953,0.182875,0.2404,0.004075,0.07205,8,1.0,6.123233995736766e-17,27,Sumatera Utara,2024,3
0.0156,6.25,0.0396,6.0,6.0,0.0367,0.0216,0.0029,0.0168,0.0195,0.0187,0.0202,0.0145,0.0173,0.001997498435543804,-0.0011999999999999997,18.11381585208381,5.1,0.7315,292162.63,191.0,0.9616,0.0163,0.2882,6.03793861736127,0.24383333333333335,0.32053333333333334,0.0054333333333333326,0.09606666666666666,8,0.8660254037844387,-0.4999999999999998,28,Sumatera Utara,2024,4
0.0172,6.25,0.0426,6.25,6.0,0.0396,0.025,0.0029999999999999957,0.0156,0.0168,0.0195,0.0191,0.0194,0.016533333333333334,0.0008326663997864049,0.0016000000000000007,18.11381585208381,5.1,0.7315,292162.63,191.0,0.9616,0.0163,0.2882,7.547423271701588,0.3047916666666667,0.40066666666666667,0.006791666666666666,0.12008333333333335,8,0.49999999999999994,-0.8660254037844387,29,Sumatera Utara,2024,5
0.0155,6.25,0.0335,6.25,6.0,0.0426,0.0367,-0.009099999999999997,0.0172,0.0156,0.0168,0.0199,0.0191,0.0161,0.0009539392014168966,-0.0017000000000000001,18.11381585208381,5.1,0.7315,292162.63,191.0,0.9616,0.0163,0.2882,9.056907926041905,0.36575,0.4808,0.00815,0.1441,8,1.2246467991473532e-16,-1.0,30,Sumatera Utara,2024,6
0.0149,6.25,0.0206,6.25,6.25,0.0335,0.0396,-0.012900000000000002,0.0155,0.0172,0.0156,0.0187,0.0243,0.015866666666666668,0.0011930353445448422,-0.0005999999999999998,18.11381585208381,5.1,0.7315,292162.63,191.0,0.9616,0.0163,0.2882,10.566392580382223,0.42670833333333336,0.5609333333333334,0.009508333333333334,0.1681166666666667,8,-0.4999999999999997,-0.8660254037844388,31,Sumatera Utara,2024,7
0.0139,6.25,0.0186,6.25,6.25,0.0206,0.0426,-0.0020000000000000018,0.0149,0.0155,0.0172,0.0195,0.0193,0.014766666666666666,0.0008082903768653866,-0.0010000000000000009,18.11381585208381,5.6,0.7315,292162.63,191.0,0.9616,0.0163,0.2882,12.07587723472254,0.4876666666666667,0.6410666666666667,0.010866666666666665,0.19213333333333332,8,-0.8660254037844385,-0.5000000000000004,32,Sumatera Utara,2024,8
0.0146,6.0,0.014,6.25,6.25,0.0186,0.0335,-0.004599999999999998,0.0139,0.0149,0.0155,0.0168,0.0203,0.014466666666666668,0.0005131601439445362,0.000700000000000001,18.11381585208381,5.6,0.7315,292162.63,191.0,0.9616,0.0163,0.2882,13.585361889062858,0.548625,0.7212000000000001,0.012225,0.21615,8,-1.0,-1.8369701987210297e-16,33,Sumatera Utara,2024,9
0.0154,6.0,0.0159,6.0,6.25,0.014,0.0206,0.0019000000000000006,0.0146,0.0139,0.0149,0.0156,0.0202,0.014633333333333333,0.0007505553499464136,0.0008000000000000004,18.11381585208381,5.6,0.7315,292162.63,191.0,0.9616,0.0163,0.2882,15.094846543403175,0.6095833333333334,0.8013333333333333,0.013583333333333333,0.2401666666666667,8,-0.8660254037844386,0.5000000000000001,34,Sumatera Utara,2024,10
0.0168,6.0,0.0149,6.0,6.25,0.0159,0.0186,-0.0010000000000000009,0.0154,0.0146,0.0139,0.0172,0.0191,0.015599999999999998,0.001113552872565952,0.0013999999999999985,18.11381585208381,5.6,0.7315,292162.63,191.0,0.9616,0.0163,0.2882,16.60433119774349,0.6705416666666667,0.8814666666666666,0.014941666666666664,0.2641833333333333,8,-0.5000000000000004,0.8660254037844384,35,Sumatera Utara,2024,11
0.0176,6.0,0.0212,6.0,6.0,0.0149,0.014,0.0063,0.0168,0.0154,0.0146,0.0155,0.0199,0.0166,0.0011135528725659683,0.0008000000000000021,18.11381585208381,5.6,0.7315,292162.63,191.0,0.9616,0.0163,0.2882,18.11381585208381,0.7315,0.9616,0.0163,0.2882,8,-2.4492935982947064e-16,1.0,36,Sumatera Utara,2024,12
0.0189,5.75,0.0178,6.0,6.0,0.0212,0.0159,-0.0034000000000000002,0.0176,0.0168,0.0154,0.0149,0.0187,0.017766666666666667,0.0010598742063722883,0.001299999999999999,18.17618586672712,5.6,0.7003,301109.14,192.0,0.9391,0.0201,0.2886,1.5146821555605934,0.05835833333333333,0.07825833333333333,0.0016749999999999998,0.024050000000000002,8,0.49999999999999994,0.8660254037844387,37,Sumatera Utara,2025,1
0.0186,5.75,0.0073,5.75,6.0,0.0178,0.0149,-0.010499999999999999,0.0189,0.0176,0.0168,0.0139,0.0195,0.018366666666666667,0.0006806859285553837,-0.00030000000000000165,18.17618586672712,5.05,0.7003,301109.14,192.0,0.9391,0.0201,0.2886,3.0293643111211868,0.11671666666666666,0.15651666666666667,0.0033499999999999997,0.048100000000000004,8,0.8660254037844386,0.5000000000000001,38,Sumatera Utara,2025,2
0.0203,5.75,0.0069,5.75,6.0,0.0073,0.0212,-0.0004000000000000002,0.0186,0.0189,0.0176,0.0146,0.0168,0.019266666666666665,0.0009073771725877482,0.0017000000000000001,18.17618586672712,5.05,0.7003,301109.14,192.0,0.9391,0.0201,0.2886,4.54404646668178,0.175075,0.234775,0.005025,0.07215,8,1.0,6.123233995736766e-17,39,Sumatera Utara,2025,3
0.0207,5.75,0.0209,5.75,5.75,0.0069,0.0178,0.013999999999999999,0.0203,0.0186,0.0189,0.0154,0.0156,0.01986666666666666,0.00111504857891186,0.00040000000000000105,18.17618586672712,5.05,0.7003,301109.14,192.0,0.9391,0.0201,0.2886,6.0587286222423735,0.23343333333333333,0.31303333333333333,0.006699999999999999,0.09620000000000001,8,0.8660254037844387,-0.4999999999999998,40,Sumatera Utara,2025,4
0.0207,5.75,0.0111,5.75,5.75,0.0209,0.0073,-0.009799999999999998,0.0207,0.0203,0.0186,0.0168,0.0172,0.020566666666666667,0.00023094010767595247,0.0,18.17618586672712,5.05,0.7003,301109.14,192.0,0.9391,0.0201,0.2886,7.573410777802967,0.29179166666666667,0.3912916666666667,0.008375,0.12025000000000001,8,0.49999999999999994,-0.8660254037844387,41,Sumatera Utara,2025,5
0.0155,5.5,0.0125,5.75,5.75,0.0111,0.0069,0.0014000000000000002,0.0207,0.0207,0.0203,0.0176,0.0155,0.018966666666666663,0.003002221399786054,-0.0052,18.17618586672712,5.05,0.7003,301109.14,192.0,0.9391,0.0201,0.2886,9.08809293336356,0.35015,0.46955,0.01005,0.1443,8,1.2246467991473532e-16,-1.0,42,Sumatera Utara,2025,6
0.0159,5.25,0.0286,5.5,5.75,0.0125,0.0209,0.0161,0.0155,0.0207,0.0207,0.0189,0.0149,0.017366666666666666,0.0028936712552280848,0.00040000000000000105,18.17618586672712,5.05,0.7003,301109.14,192.0,0.9391,0.0201,0.2886,10.602775088924155,0.40850833333333336,0.5478083333333333,0.011725000000000001,0.16835000000000003,8,-0.4999999999999997,-0.8660254037844388,43,Sumatera Utara,2025,7
0.016,5.0,0.0442,5.25,5.75,0.0286,0.0111,0.015600000000000003,0.0159,0.0155,0.0207,0.0186,0.0139,0.015799999999999998,0.0002645751311062622,9.99999999999994e-05,18.17618586672712,5.32,0.7003,301109.14,192.0,0.9391,0.0201,0.2886,12.117457244484747,0.46686666666666665,0.6260666666666667,0.013399999999999999,0.19240000000000002,8,-0.8660254037844385,-0.5000000000000004,44,Sumatera Utara,2025,8
0.0191,4.75,0.0532,5.0,5.5,0.0442,0.0125,0.008999999999999994,0.016,0.0159,0.0155,0.0203,0.0146,0.017,0.0018193405398660052,0.0030999999999999986,18.17618586672712,5.32,0.7003,301109.14,192.0,0.9391,0.0201,0.2886,13.63213940004534,0.525225,0.7043250000000001,0.015075,0.21645000000000003,8,-1.0,-1.8369701987210297e-16,45,Sumatera Utara,2025,9
0.019,4.75,0.0497,4.75,5.25,0.0532,0.0286,-0.003499999999999996,0.0191,0.016,0.0159,0.0207,0.0154,0.018033333333333332,0.001761628034896496,-9.99999999999994e-05,18.17618586672712,5.32,0.7003,301109.14,192.0,0.9391,0.0201,0.2886,15.146821555605934,0.5835833333333333,0.7825833333333334,0.01675,0.24050000000000002,8,-0.8660254037844386,0.5000000000000001,46,Sumatera Utara,2025,10
0.0188,4.75,0.0396,4.75,5.0,0.0497,0.0442,-0.010099999999999998,0.019,0.0191,0.016,0.0207,0.0168,0.018966666666666663,0.00015275252316513353,-0.0001999999999999988,18.17618586672712,5.32,0.7003,301109.14,192.0,0.9391,0.0201,0.2886,16.661503711166528,0.6419416666666666,0.8608416666666667,0.018425,0.26455,8,-0.5000000000000004,0.8660254037844384,47,Sumatera Utara,2025,11
0.017,4.75,0.0466,4.75,4.75,0.0396,0.0532,0.006999999999999999,0.0188,0.019,0.0191,0.0155,0.0176,0.018266666666666667,0.0011015141094572046,-0.0017999999999999995,18.17618586672712,5.32,0.7003,301109.14,192.0,0.9391,0.0201,0.2886,18.17618586672712,0.7003,0.9391,0.0201,0.2886,8,-2.4492935982947064e-16,1.0,48,Sumatera Utara,2025,12
0.015,5.75,0.0042,5.5,4.75,0.0082,-0.00235,-0.004000000000000001,0.0156,0.015,0.0144,0.0154,0.0141,0.0152,0.00034641016151376966,-0.0005999999999999998,17.810660739966302,6.28,0.8031,50438.37,84.0,1.3428,0.0175,0.443,1.484221728330525,0.066925,0.1119,0.0014583333333333334,0.03691666666666667,9,0.49999999999999994,0.8660254037844387,13,Sumatera Barat,2023,1
0.015,5.75,0.00115,5.75,5.25,0.0042,-0.0017,-0.0030499999999999998,0.015,0.0156,0.015,0.0163,0.0131,0.0152,0.00034641016151376966,0.0,17.810660739966302,5.9,0.8031,50438.37,84.0,1.3428,0.0175,0.443,2.96844345666105,0.13385,0.2238,0.002916666666666667,0.07383333333333333,9,0.8660254037844386,0.5000000000000001,14,Sumatera Barat,2023,2
0.0161,5.75,-0.00065,5.75,5.5,0.00115,0.0082,-0.0018,0.015,0.015,0.0156,0.0153,0.0126,0.015366666666666666,0.0006350852961085858,0.0011000000000000003,17.810660739966302,5.9,0.8031,50438.37,84.0,1.3428,0.0175,0.443,4.4526651849915755,0.200775,0.3357,0.004375,0.11075,9,1.0,6.123233995736766e-17,15,Sumatera Barat,2023,3
0.0174,5.75,0.00015,5.75,5.75,-0.00065,0.0042,0.0007999999999999999,0.0161,0.015,0.015,0.0144,0.0132,0.016166666666666666,0.0012013880860626722,0.001299999999999999,17.810660739966302,5.9,0.8031,50438.37,84.0,1.3428,0.0175,0.443,5.9368869133221,0.2677,0.4476,0.005833333333333334,0.14766666666666667,9,0.8660254037844387,-0.4999999999999998,16,Sumatera Barat,2023,4
0.0211,5.75,0.0029,5.75,5.75,0.00015,0.00115,0.00275,0.0174,0.0161,0.015,0.015,0.0148,0.018199999999999997,0.0025942243542145687,0.003700000000000002,17.810660739966302,5.9,0.8031,50438.37,84.0,1.3428,0.0175,0.443,7.421108641652626,0.334625,0.5595,0.007291666666666668,0.18458333333333335,9,0.49999999999999994,-0.8660254037844387,17,Sumatera Barat,2023,5
0.0196,5.75,0.0003,5.75,5.75,0.0029,-0.00065,-0.0026,0.0211,0.0174,0.0161,0.0156,0.0154,0.019366666666666667,0.0018610033136277117,-0.0015000000000000013,17.810660739966302,5.9,0.8031,50438.37,84.0,1.3428,0.0175,0.443,8.905330369983151,0.40155,0.6714,0.00875,0.2215,9,1.2246467991473532e-16,-1.0,18,Sumatera Barat,2023,6
0.0232,5.75,0.00425,5.75,5.75,0.0003,0.00015,0.00395,0.0196,0.0211,0.0174,0.015,0.0154,0.0213,0.0018083141320025076,0.003599999999999999,17.810660739966302,5.9,0.8031,50438.37,84.0,1.3428,0.0175,0.443,10.389552098313677,0.46847500000000003,0.7833,0.010208333333333335,0.2584166666666667,9,-0.4999999999999997,-0.8660254037844388,19,Sumatera Barat,2023,7
0.0219,5.75,-0.0001,5.75,5.75,0.00425,0.0029,-0.004350000000000001,0.0232,0.0196,0.0211,0.015,0.0163,0.021566666666666665,0.0018230011885167043,-0.001299999999999999,17.810660739966302,5.94,0.8031,50438.37,84.0,1.3428,0.0175,0.443,11.8737738266442,0.5354,0.8952,0.011666666666666667,0.29533333333333334,9,-0.8660254037844385,-0.5000000000000004,20,Sumatera Barat,2023,8
0.0233,5.75,0.00365,5.75,5.75,-0.0001,0.0003,0.00375,0.0219,0.0232,0.0196,0.0161,0.0153,0.0228,0.000781024967590659,0.001400000000000002,17.810660739966302,5.94,0.8031,50438.37,84.0,1.3428,0.0175,0.443,13.357995554974726,0.602325,1.0070999999999999,0.013125000000000001,0.33225,9,-1.0,-1.8369701987210297e-16,21,Sumatera Barat,2023,9
0.0235,6.0,0.0003,5.75,5.75,0.00365,0.00425,-0.00335,0.0233,0.0219,0.0232,0.0174,0.0144,0.0229,0.0008717797887081301,0.0001999999999999988,17.810660739966302,5.94,0.8031,50438.37,84.0,1.3428,0.0175,0.443,14.842217283305253,0.66925,1.119,0.014583333333333335,0.3691666666666667,9,-0.8660254037844386,0.5000000000000001,22,Sumatera Barat,2023,10
0.0216,6.0,0.0047,6.0,5.75,0.0003,-0.0001,0.0044,0.0235,0.0233,0.0219,0.0211,0.015,0.0228,0.0010440306508910499,-0.001899999999999999,17.810660739966302,5.94,0.8031,50438.37,84.0,1.3428,0.0175,0.443,16.326439011635777,0.736175,1.2308999999999999,0.016041666666666666,0.4060833333333333,9,-0.5000000000000004,0.8660254037844384,23,Sumatera Barat,2023,11
0.0223,6.0,0.001,6.0,5.75,0.0047,0.00365,-0.0037,0.0216,0.0235,0.0233,0.0196,0.0156,0.022466666666666666,0.000960902353693297,0.0006999999999999992,17.810660739966302,5.94,0.8031,50438.37,84.0,1.3428,0.0175,0.443,17.810660739966302,0.8031,1.3428,0.0175,0.443,9,-2.4492935982947064e-16,1.0,24,Sumatera Barat,2023,12
0.0219,6.0,0.0257,6.0,6.0,0.001,0.0003,0.0247,0.0223,0.0216,0.0235,0.0232,0.015,0.021933333333333332,0.0003511884584283933,-0.00040000000000000105,17.86001690700539,5.94,0.7514,52018.81,83.0,1.3696,0.0189,0.4298,1.4883347422504491,0.06261666666666665,0.11413333333333332,0.001575,0.03581666666666666,9,0.49999999999999994,0.8660254037844387,25,Sumatera Barat,2024,1
0.0232,6.0,0.0332,6.0,6.0,0.0257,0.0047,0.0075,0.0219,0.0223,0.0216,0.0219,0.015,0.022466666666666663,0.0006658328118479267,0.001299999999999999,17.86001690700539,5.79,0.7514,52018.81,83.0,1.3696,0.0189,0.4298,2.9766694845008983,0.1252333333333333,0.22826666666666665,0.00315,0.07163333333333333,9,0.8660254037844386,0.5000000000000001,26,Sumatera Barat,2024,2
0.0183,6.0,0.0393,6.0,6.0,0.0332,0.001,0.006100000000000001,0.0232,0.0219,0.0223,0.0233,0.0161,0.021133333333333334,0.00253837218179945,-0.004899999999999998,17.86001690700539,5.79,0.7514,52018.81,83.0,1.3696,0.0189,0.4298,4.465004226751348,0.18785,0.3424,0.004725,0.10745,9,1.0,6.123233995736766e-17,27,Sumatera Barat,2024,3
0.0196,6.25,0.0381,6.0,6.0,0.0393,0.0257,-0.0011999999999999997,0.0183,0.0232,0.0219,0.0235,0.0174,0.02036666666666667,0.0025383721817994497,0.001299999999999999,17.86001690700539,5.79,0.7514,52018.81,83.0,1.3696,0.0189,0.4298,5.953338969001797,0.2504666666666666,0.4565333333333333,0.0063,0.14326666666666665,9,0.8660254037844387,-0.4999999999999998,28,Sumatera Barat,2024,4
0.0224,6.25,0.0417,6.25,6.0,0.0381,0.0332,0.003599999999999999,0.0196,0.0183,0.0232,0.0216,0.0211,0.0201,0.0020952326839756884,0.0028000000000000004,17.86001690700539,5.79,0.7514,52018.81,83.0,1.3696,0.0189,0.4298,7.441673711252247,0.3130833333333333,0.5706666666666667,0.007875,0.17908333333333334,9,0.49999999999999994,-0.8660254037844387,29,Sumatera Barat,2024,5
0.0171,6.25,0.0404,6.25,6.0,0.0417,0.0393,-0.0013000000000000025,0.0224,0.0196,0.0183,0.0223,0.0196,0.0197,0.0026514147167125634,-0.005299999999999999,17.86001690700539,5.79,0.7514,52018.81,83.0,1.3696,0.0189,0.4298,8.930008453502696,0.3757,0.6848,0.00945,0.2149,9,1.2246467991473532e-16,-1.0,30,Sumatera Barat,2024,6
0.0236,6.25,0.0244,6.25,6.25,0.0404,0.0381,-0.015999999999999997,0.0171,0.0224,0.0196,0.0219,0.0232,0.021033333333333334,0.0034588051886935327,0.006499999999999999,17.86001690700539,5.79,0.7514,52018.81,83.0,1.3696,0.0189,0.4298,10.418343195753145,0.4383166666666667,0.7989333333333334,0.011025,0.2507166666666667,9,-0.4999999999999997,-0.8660254037844388,31,Sumatera Barat,2024,7
0.024,6.25,0.0222,6.25,6.25,0.0244,0.0417,-0.0022000000000000006,0.0236,0.0171,0.0224,0.0232,0.0219,0.021566666666666668,0.003873413653785677,0.00040000000000000105,17.86001690700539,5.75,0.7514,52018.81,83.0,1.3696,0.0189,0.4298,11.906677938003593,0.5009333333333332,0.9130666666666666,0.0126,0.2865333333333333,9,-0.8660254037844385,-0.5000000000000004,32,Sumatera Barat,2024,8
0.0229,6.0,0.0152,6.25,6.25,0.0222,0.0404,-0.007000000000000001,0.024,0.0236,0.0171,0.0183,0.0233,0.023499999999999997,0.0005567764362829974,-0.0011000000000000003,17.86001690700539,5.75,0.7514,52018.81,83.0,1.3696,0.0189,0.4298,13.395012680254045,0.56355,1.0272,0.014175,0.32235,9,-1.0,-1.8369701987210297e-16,33,Sumatera Barat,2024,9
0.0252,6.0,0.0165,6.0,6.25,0.0152,0.0244,0.0013000000000000008,0.0229,0.024,0.0236,0.0196,0.0235,0.024033333333333334,0.0011503622617824933,0.0023,17.86001690700539,5.75,0.7514,52018.81,83.0,1.3696,0.0189,0.4298,14.883347422504494,0.6261666666666666,1.1413333333333333,0.01575,0.3581666666666667,9,-0.8660254037844386,0.5000000000000001,34,Sumatera Barat,2024,10
0.0261,6.0,0.008,6.0,6.25,0.0165,0.0222,-0.0085,0.0252,0.0229,0.024,0.0224,0.0216,0.024733333333333333,0.001650252505931545,0.0009000000000000015,17.86001690700539,5.75,0.7514,52018.81,83.0,1.3696,0.0189,0.4298,16.37168216475494,0.6887833333333333,1.2554666666666665,0.017325,0.39398333333333335,9,-0.5000000000000004,0.8660254037844384,35,Sumatera Barat,2024,11
0.0281,6.0,0.0089,6.0,6.0,0.008,0.0152,0.0008999999999999998,0.0261,0.0252,0.0229,0.0171,0.0223,0.026466666666666666,0.0014843629385474996,0.0019999999999999983,17.86001690700539,5.75,0.7514,52018.81,83.0,1.3696,0.0189,0.4298,17.86001690700539,0.7514,1.3696,0.0189,0.4298,9,-2.4492935982947064e-16,1.0,36,Sumatera Barat,2024,12
0.0311,5.75,0.0124,6.0,6.0,0.0089,0.0165,0.0034999999999999996,0.0281,0.0261,0.0252,0.0236,0.0219,0.028433333333333335,0.0025166114784235956,0.002999999999999999,17.902310061013335,5.75,0.7645,54261.07,82.0,1.3104,0.0237,0.4308,1.4918591717511112,0.06370833333333333,0.10919999999999999,0.0019749999999999998,0.0359,9,0.49999999999999994,0.8660254037844387,37,Sumatera Barat,2025,1
0.0316,5.75,-0.0009,5.75,6.0,0.0124,0.008,-0.0133,0.0311,0.0281,0.0261,0.024,0.0232,0.030266666666666667,0.001892969448600119,0.0005000000000000039,17.902310061013335,5.69,0.7645,54261.07,82.0,1.3104,0.0237,0.4308,2.9837183435022223,0.12741666666666665,0.21839999999999998,0.0039499999999999995,0.0718,9,0.8660254037844386,0.5000000000000001,38,Sumatera Barat,2025,2
0.034,5.75,0.003,5.75,6.0,-0.0009,0.0089,0.0039,0.0316,0.0311,0.0281,0.0229,0.0183,0.032233333333333336,0.0015502687938978457,0.0023999999999999994,17.902310061013335,5.69,0.7645,54261.07,82.0,1.3104,0.0237,0.4308,4.475577515253334,0.191125,0.3276,0.005925,0.1077,9,1.0,6.123233995736766e-17,39,Sumatera Barat,2025,3
0.0319,5.75,0.0238,5.75,5.75,0.003,0.0124,0.020800000000000003,0.034,0.0316,0.0311,0.0252,0.0196,0.0325,0.0013076696830622596,-0.0021000000000000046,17.902310061013335,5.69,0.7645,54261.07,82.0,1.3104,0.0237,0.4308,5.967436687004445,0.2548333333333333,0.43679999999999997,0.007899999999999999,0.1436,9,0.8660254037844387,-0.4999999999999998,40,Sumatera Barat,2025,4
0.0316,5.75,0.0085,5.75,5.75,0.0238,-0.0009,-0.015300000000000001,0.0319,0.034,0.0316,0.0261,0.0224,0.0325,0.0013076696830622596,-0.0002999999999999947,17.902310061013335,5.69,0.7645,54261.07,82.0,1.3104,0.0237,0.4308,7.4592958587555565,0.31854166666666667,0.546,0.009875,0.17950000000000002,9,0.49999999999999994,-0.8660254037844387,41,Sumatera Barat,2025,5
0.024,5.5,0.0045,5.75,5.75,0.0085,0.003,-0.004000000000000001,0.0316,0.0319,0.034,0.0281,0.0171,0.029166666666666664,0.004476978147515731,-0.007600000000000003,17.902310061013335,5.69,0.7645,54261.07,82.0,1.3104,0.0237,0.4308,8.951155030506667,0.38225,0.6552,0.01185,0.2154,9,1.2246467991473532e-16,-1.0,42,Sumatera Barat,2025,6
0.0228,5.25,0.0219,5.5,5.75,0.0045,0.0238,0.0174,0.024,0.0316,0.0319,0.0311,0.0236,0.02613333333333333,0.004772141378179538,-0.0011999999999999997,17.902310061013335,5.69,0.7645,54261.07,82.0,1.3104,0.0237,0.4308,10.44301420225778,0.44595833333333335,0.7644000000000001,0.013825,0.2513,9,-0.4999999999999997,-0.8660254037844388,43,Sumatera Barat,2025,7
0.0214,5.0,0.0289,5.25,5.75,0.0219,0.0085,0.006999999999999999,0.0228,0.024,0.0316,0.0316,0.024,0.02273333333333333,0.001301281419729482,-0.001400000000000002,17.902310061013335,5.62,0.7645,54261.07,82.0,1.3104,0.0237,0.4308,11.93487337400889,0.5096666666666666,0.8735999999999999,0.015799999999999998,0.2872,9,-0.8660254037844385,-0.5000000000000004,44,Sumatera Barat,2025,8
0.022,4.75,0.0422,5.0,5.5,0.0289,0.0045,0.013300000000000003,0.0214,0.0228,0.024,0.034,0.0229,0.022066666666666665,0.0007023769168567185,0.0005999999999999998,17.902310061013335,5.62,0.7645,54261.07,82.0,1.3104,0.0237,0.4308,13.42673254576,0.573375,0.9828,0.017775,0.3231,9,-1.0,-1.8369701987210297e-16,45,Sumatera Barat,2025,9
0.0217,4.75,0.0452,4.75,5.25,0.0422,0.0219,0.0029999999999999957,0.022,0.0214,0.0228,0.0319,0.0252,0.021699999999999997,0.00029999999999967114,-0.0002999999999999982,17.902310061013335,5.62,0.7645,54261.07,82.0,1.3104,0.0237,0.4308,14.918591717511113,0.6370833333333333,1.092,0.01975,0.35900000000000004,9,-0.8660254037844386,0.5000000000000001,46,Sumatera Barat,2025,10
0.0224,4.75,0.0398,4.75,5.0,0.0452,0.0289,-0.005399999999999995,0.0217,0.022,0.0214,0.0316,0.0261,0.022033333333333332,0.00035118845842815535,0.0006999999999999992,17.902310061013335,5.62,0.7645,54261.07,82.0,1.3104,0.0237,0.4308,16.410450889262222,0.7007916666666666,1.2012,0.021724999999999998,0.3949,9,-0.5000000000000004,0.8660254037844384,47,Sumatera Barat,2025,11
0.0188,4.75,0.0515,4.75,4.75,0.0398,0.0422,0.011699999999999995,0.0224,0.0217,0.022,0.024,0.0281,0.02096666666666667,0.00190875177362933,-0.003599999999999999,17.902310061013335,5.62,0.7645,54261.07,82.0,1.3104,0.0237,0.4308,17.902310061013335,0.7645,1.3104,0.0237,0.4308,9,-2.4492935982947064e-16,1.0,48,Sumatera Barat,2025,12
0.0154,5.75,0.00663,5.5,4.75,0.00917,-0.0067,-0.0025399999999999997,0.0169,0.0183,0.0173,0.0221,0.0208,0.016866666666666665,0.0014502873278538094,-0.0014999999999999979,18.8558470389869,4.37,0.7714,110730.93,86.0,0.8306,0.0218,0.447,1.5713205865822417,0.06428333333333333,0.06921666666666666,0.0018166666666666665,0.03725,10,0.49999999999999994,0.8660254037844387,13,Riau,2023,1
0.0136,5.75,0.00087,5.75,5.25,0.00663,0.0016,-0.0057599999999999995,0.0154,0.0169,0.0183,0.0231,0.0189,0.0153,0.0016522711641858312,-0.0018000000000000013,18.8558470389869,4.25,0.7714,110730.93,86.0,0.8306,0.0218,0.447,3.1426411731644834,0.12856666666666666,0.13843333333333332,0.003633333333333333,0.0745,10,0.8660254037844386,0.5000000000000001,14,Riau,2023,2
0.0146,5.75,-0.00127,5.75,5.5,0.00087,0.00917,-0.00214,0.0136,0.0154,0.0169,0.0247,0.0175,0.014533333333333334,0.0009018499505645788,0.0010000000000000009,18.8558470389869,4.25,0.7714,110730.93,86.0,0.8306,0.0218,0.447,4.713961759746725,0.19285,0.20765,0.00545,0.11175,10,1.0,6.123233995736766e-17,15,Riau,2023,3
0.0139,5.75,0.00083,5.75,5.75,-0.00127,0.00663,0.0021000000000000003,0.0146,0.0136,0.0154,0.0173,0.0179,0.014033333333333333,0.0005131601439446862,-0.000700000000000001,18.8558470389869,4.25,0.7714,110730.93,86.0,0.8306,0.0218,0.447,6.285282346328967,0.2571333333333333,0.27686666666666665,0.007266666666666666,0.149,10,0.8660254037844387,-0.4999999999999998,16,Riau,2023,4
0.0174,5.75,0.0014,5.75,5.75,0.00083,0.00087,0.00057,0.0139,0.0146,0.0136,0.0183,0.0174,0.0153,0.0018520259177452127,0.0034999999999999996,18.8558470389869,4.25,0.7714,110730.93,86.0,0.8306,0.0218,0.447,7.856602932911209,0.3214166666666667,0.34608333333333335,0.009083333333333334,0.18625,10,0.49999999999999994,-0.8660254037844387,17,Riau,2023,5
0.0172,5.75,0.00173,5.75,5.75,0.0014,-0.00127,0.00033,0.0174,0.0139,0.0146,0.0169,0.0194,0.016166666666666666,0.001965536398374076,-0.0001999999999999988,18.8558470389869,4.25,0.7714,110730.93,86.0,0.8306,0.0218,0.447,9.42792351949345,0.3857,0.4153,0.0109,0.2235,10,1.2246467991473532e-16,-1.0,18,Riau,2023,6
0.0211,5.75,0.00497,5.75,5.75,0.00173,0.00083,0.00324,0.0172,0.0174,0.0139,0.0154,0.0221,0.018566666666666665,0.002196208854670552,0.0039000000000000007,18.8558470389869,4.25,0.7714,110730.93,86.0,0.8306,0.0218,0.447,10.999244106075693,0.44998333333333335,0.4845166666666667,0.012716666666666668,0.26075000000000004,10,-0.4999999999999997,-0.8660254037844388,19,Riau,2023,7
0.0166,5.75,-0.0023,5.75,5.75,0.00497,0.0014,-0.0072699999999999996,0.0211,0.0172,0.0174,0.0136,0.0231,0.0183,0.0024433583445741245,-0.0045000000000000005,18.8558470389869,4.23,0.7714,110730.93,86.0,0.8306,0.0218,0.447,12.570564692657934,0.5142666666666666,0.5537333333333333,0.014533333333333332,0.298,10,-0.8660254037844385,-0.5000000000000004,20,Riau,2023,8
0.0153,5.75,0.00317,5.75,5.75,-0.0023,0.00173,0.00547,0.0166,0.0211,0.0172,0.0146,0.0247,0.017666666666666667,0.0030435724623102595,-0.0013000000000000008,18.8558470389869,4.23,0.7714,110730.93,86.0,0.8306,0.0218,0.447,14.141885279240176,0.57855,0.62295,0.01635,0.33525,10,-1.0,-1.8369701987210297e-16,21,Riau,2023,9
0.0159,6.0,-0.0013,5.75,5.75,0.00317,0.00497,-0.00447,0.0153,0.0166,0.0211,0.0139,0.0173,0.015933333333333334,0.0006506407098647579,0.0006000000000000016,18.8558470389869,4.23,0.7714,110730.93,86.0,0.8306,0.0218,0.447,15.713205865822419,0.6428333333333334,0.6921666666666667,0.018166666666666668,0.3725,10,-0.8660254037844386,0.5000000000000001,22,Riau,2023,10
0.0147,6.0,0.00683,6.0,5.75,-0.0013,-0.0023,0.00813,0.0159,0.0153,0.0166,0.0174,0.0183,0.015300000000000001,0.0005999999999999815,-0.0012000000000000014,18.8558470389869,4.23,0.7714,110730.93,86.0,0.8306,0.0218,0.447,17.28452645240466,0.7071166666666666,0.7613833333333333,0.019983333333333332,0.40975,10,-0.5000000000000004,0.8660254037844384,23,Riau,2023,11
0.0144,6.0,0.00097,6.0,5.75,0.00683,0.00317,-0.00586,0.0147,0.0159,0.0153,0.0172,0.0169,0.015,0.0007937253933193623,-0.0002999999999999999,18.8558470389869,4.23,0.7714,110730.93,86.0,0.8306,0.0218,0.447,18.8558470389869,0.7714,0.8306,0.0218,0.447,10,-2.4492935982947064e-16,1.0,24,Riau,2023,12
0.0139,6.0,0.0235,6.0,6.0,0.00097,-0.0013,0.02253,0.0144,0.0147,0.0159,0.0211,0.0154,0.014333333333333335,0.00040414518843270305,-0.0005000000000000004,18.923574997392077,4.23,0.8249,117909.72,85.0,0.858,0.0208,0.4269,1.5769645831160064,0.06874166666666666,0.0715,0.0017333333333333333,0.035574999999999996,10,0.49999999999999994,0.8660254037844387,25,Riau,2024,1
0.0141,6.0,0.0286,6.0,6.0,0.0235,0.00683,0.0051,0.0139,0.0144,0.0147,0.0166,0.0136,0.014133333333333336,0.0002516611478423006,0.00020000000000000052,18.923574997392077,3.85,0.8249,117909.72,85.0,0.858,0.0208,0.4269,3.153929166232013,0.13748333333333332,0.143,0.0034666666666666665,0.07114999999999999,10,0.8660254037844386,0.5000000000000001,26,Riau,2024,2
0.0138,6.0,0.0357,6.0,6.0,0.0286,0.00097,0.007100000000000002,0.0141,0.0139,0.0144,0.0153,0.0146,0.013933333333333334,0.00015275252316509567,-0.0002999999999999999,18.923574997392077,3.85,0.8249,117909.72,85.0,0.858,0.0208,0.4269,4.730893749348019,0.206225,0.2145,0.0052,0.106725,10,1.0,6.123233995736766e-17,27,Riau,2024,3
0.0133,6.25,0.0399,6.0,6.0,0.0357,0.0235,0.004199999999999995,0.0138,0.0141,0.0139,0.0159,0.0139,0.013733333333333334,0.0004041451884326998,-0.0005000000000000004,18.923574997392077,3.85,0.8249,117909.72,85.0,0.858,0.0208,0.4269,6.307858332464026,0.27496666666666664,0.286,0.006933333333333333,0.14229999999999998,10,0.8660254037844387,-0.4999999999999998,28,Riau,2024,4
0.0159,6.25,0.0441,6.25,6.0,0.0399,0.0286,0.004200000000000002,0.0133,0.0138,0.0141,0.0147,0.0174,0.014333333333333335,0.0013796134724383157,0.0026000000000000016,18.923574997392077,3.85,0.8249,117909.72,85.0,0.858,0.0208,0.4269,7.884822915580032,0.34370833333333334,0.3575,0.008666666666666666,0.177875,10,0.49999999999999994,-0.8660254037844387,29,Riau,2024,5
0.0144,6.25,0.0356,6.25,6.0,0.0441,0.0357,-0.0085,0.0159,0.0133,0.0138,0.0144,0.0172,0.014533333333333334,0.0013051181300301165,-0.0015000000000000013,18.923574997392077,3.85,0.8249,117909.72,85.0,0.858,0.0208,0.4269,9.461787498696038,0.41245,0.429,0.0104,0.21345,10,1.2246467991473532e-16,-1.0,30,Riau,2024,6
0.0131,6.25,0.0222,6.25,6.25,0.0356,0.0399,-0.013399999999999999,0.0144,0.0159,0.0133,0.0139,0.0211,0.01446666666666667,0.0014011899704655707,-0.001299999999999999,18.923574997392077,3.85,0.8249,117909.72,85.0,0.858,0.0208,0.4269,11.038752081812046,0.4811916666666667,0.5005000000000001,0.012133333333333333,0.24902500000000002,10,-0.4999999999999997,-0.8660254037844388,31,Riau,2024,7
0.0135,6.25,0.0199,6.25,6.25,0.0222,0.0441,-0.0023,0.0131,0.0144,0.0159,0.0141,0.0166,0.013666666666666667,0.0006658328118479161,0.0003999999999999993,18.923574997392077,3.7,0.8249,117909.72,85.0,0.858,0.0208,0.4269,12.615716664928051,0.5499333333333333,0.572,0.013866666666666666,0.28459999999999996,10,-0.8660254037844385,-0.5000000000000004,32,Riau,2024,8
0.013,6.0,0.0138,6.25,6.25,0.0199,0.0356,-0.006100000000000001,0.0135,0.0131,0.0144,0.0138,0.0153,0.013200000000000002,0.00026457513110640006,-0.0005000000000000004,18.923574997392077,3.7,0.8249,117909.72,85.0,0.858,0.0208,0.4269,14.192681248044057,0.618675,0.6435,0.0156,0.320175,10,-1.0,-1.8369701987210297e-16,33,Riau,2024,9
0.0141,6.0,0.0151,6.0,6.25,0.0138,0.0222,0.0013000000000000008,0.013,0.0135,0.0131,0.0133,0.0159,0.013533333333333335,0.0005507570547285819,0.0011000000000000003,18.923574997392077,3.7,0.8249,117909.72,85.0,0.858,0.0208,0.4269,15.769645831160064,0.6874166666666667,0.715,0.017333333333333333,0.35575,10,-0.8660254037844386,0.5000000000000001,34,Riau,2024,10
0.0147,6.0,0.0087,6.0,6.25,0.0151,0.0199,-0.006400000000000001,0.0141,0.013,0.0135,0.0159,0.0147,0.013933333333333334,0.000862167810425153,0.0005999999999999998,18.923574997392077,3.7,0.8249,117909.72,85.0,0.858,0.0208,0.4269,17.34661041427607,0.7561583333333333,0.7865,0.019066666666666666,0.391325,10,-0.5000000000000004,0.8660254037844384,35,Riau,2024,11
0.0152,6.0,0.0125,6.0,6.0,0.0087,0.0138,0.0038000000000000013,0.0147,0.0141,0.013,0.0144,0.0144,0.014666666666666668,0.0005507570547285827,0.0005000000000000004,18.923574997392077,3.7,0.8249,117909.72,85.0,0.858,0.0208,0.4269,18.923574997392077,0.8249,0.858,0.0208,0.4269,10,-2.4492935982947064e-16,1.0,36,Riau,2024,12
0.0155,5.75,0.0112,6.0,6.0,0.0125,0.0151,-0.0013000000000000008,0.0152,0.0147,0.0141,0.0131,0.0139,0.015133333333333334,0.00040414518843270034,0.0002999999999999999,18.98817966390776,3.7,0.8081,120812.21,84.0,0.852,0.0229,0.4223,1.5823483053256466,0.06734166666666666,0.071,0.0019083333333333333,0.03519166666666666,10,0.49999999999999994,0.8660254037844387,37,Riau,2025,1
0.0157,5.75,0.0002,5.75,6.0,0.0112,0.0087,-0.011,0.0155,0.0152,0.0147,0.0135,0.0141,0.015466666666666668,0.0002516611478422958,0.0001999999999999988,18.98817966390776,4.12,0.8081,120812.21,84.0,0.852,0.0229,0.4223,3.1646966106512933,0.13468333333333332,0.142,0.0038166666666666666,0.07038333333333333,10,0.8660254037844386,0.5000000000000001,38,Riau,2025,2
0.0165,5.75,0.0068,5.75,6.0,0.0002,0.0125,0.0066,0.0157,0.0155,0.0152,0.013,0.0138,0.0159,0.0005291502622128888,0.0008000000000000021,18.98817966390776,4.12,0.8081,120812.21,84.0,0.852,0.0229,0.4223,4.74704491597694,0.202025,0.213,0.005725,0.105575,10,1.0,6.123233995736766e-17,39,Riau,2025,3
0.0186,5.75,0.0207,5.75,5.75,0.0068,0.0112,0.0139,0.0165,0.0157,0.0155,0.0141,0.0133,0.016933333333333335,0.0014977761292440514,0.0020999999999999977,18.98817966390776,4.12,0.8081,120812.21,84.0,0.852,0.0229,0.4223,6.3293932213025865,0.26936666666666664,0.284,0.007633333333333333,0.14076666666666665,10,0.8660254037844387,-0.4999999999999998,40,Riau,2025,4
0.0197,5.75,0.0098,5.75,5.75,0.0207,0.0002,-0.0109,0.0186,0.0165,0.0157,0.0147,0.0159,0.018266666666666667,0.0016258331197676111,0.0011000000000000003,18.98817966390776,4.12,0.8081,120812.21,84.0,0.852,0.0229,0.4223,7.9117415266282345,0.3367083333333334,0.355,0.009541666666666667,0.17595833333333336,10,0.49999999999999994,-0.8660254037844387,41,Riau,2025,5
0.0166,5.5,0.0098,5.75,5.75,0.0098,0.0068,0.0,0.0197,0.0186,0.0165,0.0152,0.0144,0.0183,0.0015716233645501555,-0.0030999999999999986,18.98817966390776,4.12,0.8081,120812.21,84.0,0.852,0.0229,0.4223,9.49408983195388,0.40405,0.426,0.01145,0.21115,10,1.2246467991473532e-16,-1.0,42,Riau,2025,6
0.0172,5.25,0.0242,5.5,5.75,0.0098,0.0207,0.0144,0.0166,0.0197,0.0186,0.0155,0.0131,0.017833333333333336,0.0016441816606851216,0.0005999999999999998,18.98817966390776,4.12,0.8081,120812.21,84.0,0.852,0.0229,0.4223,11.076438137279528,0.4713916666666667,0.497,0.013358333333333335,0.24634166666666668,10,-0.4999999999999997,-0.8660254037844388,43,Riau,2025,7
0.0171,5.0,0.0358,5.25,5.75,0.0242,0.0098,0.0116,0.0172,0.0166,0.0197,0.0157,0.0135,0.01696666666666667,0.000321455025366358,-9.99999999999994e-05,18.98817966390776,4.16,0.8081,120812.21,84.0,0.852,0.0229,0.4223,12.658786442605173,0.5387333333333333,0.568,0.015266666666666666,0.2815333333333333,10,-0.8660254037844385,-0.5000000000000004,44,Riau,2025,8
0.0182,4.75,0.0508,5.0,5.5,0.0358,0.0098,0.015,0.0171,0.0172,0.0166,0.0165,0.013,0.0175,0.0006082762530297855,0.0011000000000000003,18.98817966390776,4.16,0.8081,120812.21,84.0,0.852,0.0229,0.4223,14.241134747930822,0.606075,0.639,0.017175,0.31672500000000003,10,-1.0,-1.8369701987210297e-16,45,Riau,2025,9
0.0176,4.75,0.0495,4.75,5.25,0.0508,0.0242,-0.0012999999999999956,0.0182,0.0171,0.0172,0.0186,0.0141,0.017633333333333338,0.0005507570547285704,-0.0005999999999999998,18.98817966390776,4.16,0.8081,120812.21,84.0,0.852,0.0229,0.4223,15.823483053256469,0.6734166666666668,0.71,0.019083333333333334,0.3519166666666667,10,-0.8660254037844386,0.5000000000000001,46,Riau,2025,10
0.0183,4.75,0.0427,4.75,5.0,0.0495,0.0358,-0.0068000000000000005,0.0176,0.0182,0.0171,0.0197,0.0147,0.018033333333333335,0.00037859388971996143,0.0006999999999999992,18.98817966390776,4.16,0.8081,120812.21,84.0,0.852,0.0229,0.4223,17.405831358582113,0.7407583333333333,0.7809999999999999,0.020991666666666665,0.38710833333333333,10,-0.5000000000000004,0.8660254037844384,47,Riau,2025,11
0.0163,4.75,0.0488,4.75,4.75,0.0427,0.0508,0.006100000000000001,0.0183,0.0176,0.0182,0.0166,0.0152,0.017400000000000002,0.0010148891565092003,-0.0020000000000000018,18.98817966390776,4.16,0.8081,120812.21,84.0,0.852,0.0229,0.4223,18.98817966390776,0.8081,0.852,0.0229,0.4223,10,-2.4492935982947064e-16,1.0,48,Riau,2025,12
0.0217,5.75,-0.00185,5.5,4.75,0.00995,-0.0019,-0.011800000000000001,0.0234,0.0246,0.0258,0.0271,0.022,0.02323333333333333,0.0014571661996262894,-0.0017000000000000001,18.852885149250152,8.23,0.7567,71196.76,61.0,0.6944,0.0381,0.7805,1.5710737624375126,0.06305833333333333,0.057866666666666663,0.003175,0.06504166666666666,11,0.49999999999999994,0.8660254037844387,13,Kepulauan Riau,2023,1
0.0192,5.75,0.0041,5.75,5.25,-0.00185,-0.0019,0.00595,0.0217,0.0234,0.0246,0.0281,0.0209,0.021433333333333332,0.002112660250332103,-0.0025000000000000022,18.852885149250152,7.61,0.7567,71196.76,61.0,0.6944,0.0381,0.7805,3.1421475248750252,0.12611666666666665,0.11573333333333333,0.00635,0.13008333333333333,11,0.8660254037844386,0.5000000000000001,14,Kepulauan Riau,2023,2
0.022,5.75,-0.0018,5.75,5.5,0.0041,0.00995,-0.005900000000000001,0.0192,0.0217,0.0234,0.0287,0.0242,0.020966666666666665,0.0015373136743466811,0.0028000000000000004,18.852885149250152,7.61,0.7567,71196.76,61.0,0.6944,0.0381,0.7805,4.713221287312538,0.189175,0.1736,0.009525,0.195125,11,1.0,6.123233995736766e-17,15,Kepulauan Riau,2023,3
0.0173,5.75,0.00345,5.75,5.75,-0.0018,-0.00185,0.0052499999999999995,0.022,0.0192,0.0217,0.0258,0.0249,0.0195,0.0023643180835073658,-0.004699999999999999,18.852885149250152,7.61,0.7567,71196.76,61.0,0.6944,0.0381,0.7805,6.2842950497500505,0.2522333333333333,0.23146666666666665,0.0127,0.26016666666666666,11,0.8660254037844387,-0.4999999999999998,16,Kepulauan Riau,2023,4
0.022,5.75,-0.0026,5.75,5.75,0.00345,0.0041,-0.00605,0.0173,0.022,0.0192,0.0246,0.0211,0.020433333333333335,0.0027135462651912325,0.004699999999999999,18.852885149250152,7.61,0.7567,71196.76,61.0,0.6944,0.0381,0.7805,7.855368812187564,0.3152916666666667,0.28933333333333333,0.015875,0.3252083333333333,11,0.49999999999999994,-0.8660254037844387,17,Kepulauan Riau,2023,5
0.0211,5.75,0.00405,5.75,5.75,-0.0026,-0.0018,0.00665,0.022,0.0173,0.022,0.0234,0.0237,0.020133333333333333,0.0024946609656090113,-0.000899999999999998,18.852885149250152,7.61,0.7567,71196.76,61.0,0.6944,0.0381,0.7805,9.426442574625076,0.37835,0.3472,0.01905,0.39025,11,1.2246467991473532e-16,-1.0,18,Kepulauan Riau,2023,6
0.0235,5.75,0.0031,5.75,5.75,0.00405,0.00345,-0.0009499999999999999,0.0211,0.022,0.0173,0.0217,0.0271,0.022199999999999998,0.001212435565298205,0.0023999999999999994,18.852885149250152,7.61,0.7567,71196.76,61.0,0.6944,0.0381,0.7805,10.99751633706259,0.4414083333333334,0.4050666666666667,0.022225,0.4552916666666667,11,-0.4999999999999997,-0.8660254037844388,19,Kepulauan Riau,2023,7
0.0175,5.75,0.00095,5.75,5.75,0.0031,-0.0026,-0.00215,0.0235,0.0211,0.022,0.0192,0.0281,0.0207,0.003019933774108292,-0.005999999999999998,18.852885149250152,6.8,0.7567,71196.76,61.0,0.6944,0.0381,0.7805,12.568590099500101,0.5044666666666666,0.4629333333333333,0.0254,0.5203333333333333,11,-0.8660254037844385,-0.5000000000000004,20,Kepulauan Riau,2023,8
0.0187,5.75,0.0027,5.75,5.75,0.00095,0.00405,0.0017500000000000003,0.0175,0.0235,0.0211,0.022,0.0287,0.0199,0.0031749015732775,0.0011999999999999997,18.852885149250152,6.8,0.7567,71196.76,61.0,0.6944,0.0381,0.7805,14.139663861937613,0.5675250000000001,0.5208,0.028575000000000003,0.585375,11,-1.0,-1.8369701987210297e-16,21,Kepulauan Riau,2023,9
0.0179,6.0,0.0022,5.75,5.75,0.0027,0.0031,-0.0005,0.0187,0.0175,0.0235,0.0173,0.0258,0.018033333333333335,0.0006110100926607244,-0.0008000000000000021,18.852885149250152,6.8,0.7567,71196.76,61.0,0.6944,0.0381,0.7805,15.710737624375128,0.6305833333333334,0.5786666666666667,0.03175,0.6504166666666666,11,-0.8660254037844386,0.5000000000000001,22,Kepulauan Riau,2023,10
0.0179,6.0,0.00725,6.0,5.75,0.0022,0.00095,0.005050000000000001,0.0179,0.0187,0.0175,0.022,0.0246,0.018166666666666668,0.00046188021535163097,0.0,18.852885149250152,6.8,0.7567,71196.76,61.0,0.6944,0.0381,0.7805,17.281811386812638,0.6936416666666667,0.6365333333333333,0.034925,0.7154583333333333,11,-0.5000000000000004,0.8660254037844384,23,Kepulauan Riau,2023,11
0.0215,6.0,0.00325,6.0,5.75,0.00725,0.0027,-0.004,0.0179,0.0179,0.0187,0.0211,0.0234,0.0191,0.0020784609690826386,0.003599999999999999,18.852885149250152,6.8,0.7567,71196.76,61.0,0.6944,0.0381,0.7805,18.852885149250152,0.7567,0.6944,0.0381,0.7805,11,-2.4492935982947064e-16,1.0,24,Kepulauan Riau,2023,12
0.0183,6.0,0.0338,6.0,6.0,0.00325,0.0022,0.030549999999999997,0.0215,0.0179,0.0179,0.0235,0.0217,0.019233333333333335,0.0019731531449264845,-0.003199999999999998,18.899545001630297,6.8,0.8109,74243.23,58.0,0.7181,0.0361,0.7595,1.5749620834691913,0.067575,0.05984166666666666,0.0030083333333333333,0.06329166666666666,11,0.49999999999999994,0.8660254037844387,25,Kepulauan Riau,2024,1
0.0169,6.0,0.0265,6.0,6.0,0.0338,0.00725,-0.0072999999999999975,0.0183,0.0215,0.0179,0.0175,0.0192,0.0189,0.0023579652245103067,-0.001400000000000002,18.899545001630297,6.94,0.8109,74243.23,58.0,0.7181,0.0361,0.7595,3.1499241669383826,0.13515,0.11968333333333332,0.006016666666666667,0.12658333333333333,11,0.8660254037844386,0.5000000000000001,26,Kepulauan Riau,2024,2
0.0176,6.0,0.0337,6.0,6.0,0.0265,0.00325,0.0072000000000000015,0.0169,0.0183,0.0215,0.0187,0.022,0.0176,0.0006999999999999555,0.0007000000000000027,18.899545001630297,6.94,0.8109,74243.23,58.0,0.7181,0.0361,0.7595,4.724886250407574,0.202725,0.179525,0.009025,0.189875,11,1.0,6.123233995736766e-17,27,Kepulauan Riau,2024,3
0.0155,6.25,0.0304,6.0,6.0,0.0337,0.0338,-0.003300000000000001,0.0176,0.0169,0.0183,0.0179,0.0173,0.016666666666666666,0.001069267662156329,-0.002100000000000001,18.899545001630297,6.94,0.8109,74243.23,58.0,0.7181,0.0361,0.7595,6.299848333876765,0.2703,0.23936666666666664,0.012033333333333333,0.25316666666666665,11,0.8660254037844387,-0.4999999999999998,28,Kepulauan Riau,2024,4
0.0195,6.25,0.0367,6.25,6.0,0.0304,0.0265,0.0063000000000000035,0.0155,0.0176,0.0169,0.0179,0.022,0.017533333333333335,0.0020008331597945062,0.004,18.899545001630297,6.94,0.8109,74243.23,58.0,0.7181,0.0361,0.7595,7.874810417345958,0.337875,0.29920833333333335,0.015041666666666667,0.31645833333333334,11,0.49999999999999994,-0.8660254037844387,29,Kepulauan Riau,2024,5
0.0187,6.25,0.0354,6.25,6.0,0.0367,0.0337,-0.0013000000000000025,0.0195,0.0155,0.0176,0.0215,0.0211,0.0179,0.0021166010488516585,-0.0007999999999999986,18.899545001630297,6.94,0.8109,74243.23,58.0,0.7181,0.0361,0.7595,9.449772500815149,0.40545,0.35905,0.01805,0.37975,11,1.2246467991473532e-16,-1.0,30,Kepulauan Riau,2024,6
0.0161,6.25,0.0281,6.25,6.25,0.0354,0.0304,-0.007300000000000001,0.0187,0.0195,0.0155,0.0183,0.0235,0.0181,0.0017776388834631013,-0.0026000000000000016,18.899545001630297,6.94,0.8109,74243.23,58.0,0.7181,0.0361,0.7595,11.02473458428434,0.47302500000000003,0.41889166666666666,0.021058333333333335,0.44304166666666667,11,-0.4999999999999997,-0.8660254037844388,31,Kepulauan Riau,2024,7
0.0152,6.25,0.0264,6.25,6.25,0.0281,0.0367,-0.0017000000000000001,0.0161,0.0187,0.0195,0.0169,0.0175,0.016666666666666666,0.0018175074506953893,-0.0008999999999999998,18.899545001630297,6.39,0.8109,74243.23,58.0,0.7181,0.0361,0.7595,12.59969666775353,0.5406,0.4787333333333333,0.024066666666666667,0.5063333333333333,11,-0.8660254037844385,-0.5000000000000004,32,Kepulauan Riau,2024,8
0.0151,6.0,0.0253,6.25,6.25,0.0264,0.0354,-0.0011000000000000003,0.0152,0.0161,0.0187,0.0176,0.0187,0.015466666666666665,0.0005507570547285213,-9.99999999999994e-05,18.899545001630297,6.39,0.8109,74243.23,58.0,0.7181,0.0361,0.7595,14.174658751222722,0.6081749999999999,0.538575,0.027075000000000002,0.5696249999999999,11,-1.0,-1.8369701987210297e-16,33,Kepulauan Riau,2024,9
0.0149,6.0,0.0231,6.0,6.25,0.0253,0.0281,-0.0022000000000000006,0.0151,0.0152,0.0161,0.0155,0.0179,0.015066666666666667,0.00015275252316486235,-0.00020000000000000052,18.899545001630297,6.39,0.8109,74243.23,58.0,0.7181,0.0361,0.7595,15.749620834691916,0.67575,0.5984166666666667,0.030083333333333333,0.6329166666666667,11,-0.8660254037844386,0.5000000000000001,34,Kepulauan Riau,2024,10
0.0165,6.0,0.0189,6.0,6.25,0.0231,0.0264,-0.004199999999999999,0.0149,0.0151,0.0152,0.0195,0.0179,0.0155,0.0008717797887080787,0.0016000000000000007,18.899545001630297,6.39,0.8109,74243.23,58.0,0.7181,0.0361,0.7595,17.324582918161106,0.7433249999999999,0.6582583333333333,0.033091666666666665,0.6962083333333332,11,-0.5000000000000004,0.8660254037844384,35,Kepulauan Riau,2024,11
0.0164,6.0,0.0209,6.0,6.0,0.0189,0.0253,0.0019999999999999983,0.0165,0.0149,0.0151,0.0187,0.0215,0.015933333333333334,0.0008962886439831968,-9.99999999999994e-05,18.899545001630297,6.39,0.8109,74243.23,58.0,0.7181,0.0361,0.7595,18.899545001630297,0.8109,0.7181,0.0361,0.7595,11,-2.4492935982947064e-16,1.0,36,Kepulauan Riau,2024,12
0.016,5.75,0.0201,6.0,6.0,0.0209,0.0231,-0.0007999999999999986,0.0164,0.0165,0.0149,0.0161,0.0183,0.0163,0.0002645751311062769,-0.00040000000000000105,18.965670085025625,6.39,0.8103,76973.61,59.0,0.748,0.0331,0.7177,1.5804725070854686,0.067525,0.06233333333333333,0.002758333333333333,0.05980833333333333,11,0.49999999999999994,0.8660254037844387,37,Kepulauan Riau,2025,1
0.0164,5.75,0.0209,5.75,6.0,0.0201,0.0189,0.0007999999999999986,0.016,0.0164,0.0165,0.0152,0.0169,0.016266666666666665,0.00023094010767564141,0.00040000000000000105,18.965670085025625,6.89,0.8103,76973.61,59.0,0.748,0.0331,0.7177,3.160945014170937,0.13505,0.12466666666666666,0.005516666666666666,0.11961666666666666,11,0.8660254037844386,0.5000000000000001,38,Kepulauan Riau,2025,2
0.0172,5.75,0.0201,5.75,6.0,0.0209,0.0209,-0.0007999999999999986,0.0164,0.016,0.0164,0.0151,0.0176,0.016533333333333334,0.0006110100926606994,0.0007999999999999986,18.965670085025625,6.89,0.8103,76973.61,59.0,0.748,0.0331,0.7177,4.741417521256406,0.202575,0.187,0.008275,0.179425,11,1.0,6.123233995736766e-17,39,Kepulauan Riau,2025,3
0.0205,5.75,0.0256,5.75,5.75,0.0201,0.0201,0.005500000000000001,0.0172,0.0164,0.016,0.0149,0.0155,0.018033333333333335,0.002173323108360382,0.003300000000000001,18.965670085025625,6.89,0.8103,76973.61,59.0,0.748,0.0331,0.7177,6.321890028341874,0.2701,0.24933333333333332,0.011033333333333332,0.23923333333333333,11,0.8660254037844387,-0.4999999999999998,40,Kepulauan Riau,2025,4
0.0207,5.75,0.0173,5.75,5.75,0.0256,0.0209,-0.008300000000000002,0.0205,0.0172,0.0164,0.0165,0.0195,0.019466666666666663,0.001965536398374049,0.0001999999999999988,18.965670085025625,6.89,0.8103,76973.61,59.0,0.748,0.0331,0.7177,7.902362535427344,0.337625,0.3116666666666667,0.013791666666666666,0.2990416666666667,11,0.49999999999999994,-0.8660254037844387,41,Kepulauan Riau,2025,5
0.018,5.5,0.0132,5.75,5.75,0.0173,0.0201,-0.0040999999999999995,0.0207,0.0205,0.0172,0.0164,0.0187,0.019733333333333335,0.001504437879519533,-0.002700000000000001,18.965670085025625,6.89,0.8103,76973.61,59.0,0.748,0.0331,0.7177,9.482835042512813,0.40515,0.374,0.01655,0.35885,11,1.2246467991473532e-16,-1.0,42,Kepulauan Riau,2025,6
0.0174,5.25,0.0197,5.5,5.75,0.0132,0.0256,0.006499999999999999,0.018,0.0207,0.0205,0.016,0.0161,0.018699999999999998,0.0017578395831246642,-0.0005999999999999998,18.965670085025625,6.89,0.8103,76973.61,59.0,0.748,0.0331,0.7177,11.063307549598282,0.47267500000000007,0.43633333333333335,0.019308333333333334,0.41865833333333335,11,-0.4999999999999997,-0.8660254037844388,43,Kepulauan Riau,2025,7
0.015,5.0,0.0219,5.25,5.75,0.0197,0.0173,0.0022000000000000006,0.0174,0.018,0.0207,0.0164,0.0152,0.0168,0.0015874507866387182,-0.0023999999999999994,18.965670085025625,6.45,0.8103,76973.61,59.0,0.748,0.0331,0.7177,12.643780056683749,0.5402,0.49866666666666665,0.022066666666666665,0.47846666666666665,11,-0.8660254037844385,-0.5000000000000004,44,Kepulauan Riau,2025,8
0.0164,4.75,0.027,5.0,5.5,0.0219,0.0132,0.0051,0.015,0.0174,0.018,0.0172,0.0151,0.016266666666666665,0.0012055427546682942,0.001400000000000002,18.965670085025625,6.45,0.8103,76973.61,59.0,0.748,0.0331,0.7177,14.22425256376922,0.6077250000000001,0.5609999999999999,0.024825,0.5382750000000001,11,-1.0,-1.8369701987210297e-16,45,Kepulauan Riau,2025,9
0.0168,4.75,0.0301,4.75,5.25,0.027,0.0197,0.0030999999999999986,0.0164,0.015,0.0174,0.0205,0.0149,0.016066666666666667,0.0009451631252504609,0.0003999999999999976,18.965670085025625,6.45,0.8103,76973.61,59.0,0.748,0.0331,0.7177,15.804725070854689,0.67525,0.6233333333333334,0.02758333333333333,0.5980833333333334,11,-0.8660254037844386,0.5000000000000001,46,Kepulauan Riau,2025,10
0.0164,4.75,0.03,4.75,5.0,0.0301,0.0219,-9.99999999999994e-05,0.0168,0.0164,0.015,0.0207,0.0165,0.016533333333333334,0.00023094010767559973,-0.0003999999999999976,18.965670085025625,6.45,0.8103,76973.61,59.0,0.748,0.0331,0.7177,17.385197577940154,0.742775,0.6856666666666666,0.030341666666666663,0.6578916666666667,11,-0.5000000000000004,0.8660254037844384,47,Kepulauan Riau,2025,11
0.0162,4.75,0.0347,4.75,4.75,0.03,0.027,0.004700000000000003,0.0164,0.0168,0.0164,0.018,0.0164,0.016466666666666668,0.000305505046330201,-0.00020000000000000226,18.965670085025625,6.45,0.8103,76973.61,59.0,0.748,0.0331,0.7177,18.965670085025625,0.8103,0.748,0.0331,0.7177,11,-2.4492935982947064e-16,1.0,48,Kepulauan Riau,2025,12
0.0149,5.75,0.00805,5.5,4.75,0.0121,-0.0065,-0.00405,0.0151,0.0175,0.0165,0.02,0.0208,0.015833333333333335,0.0014468356276140508,-0.00020000000000000052,18.03226447494376,4.77,0.8266,23323.24,30.0,0.6929,0.0163,0.7813,1.5026887062453131,0.06888333333333332,0.05774166666666666,0.0013583333333333331,0.06510833333333332,12,0.49999999999999994,0.8660254037844387,13,Kepulauan Bangka Belitung,2023,1
0.0142,5.75,-0.00285,5.75,5.25,0.00805,-0.00225,-0.0109,0.0149,0.0151,0.0175,0.0207,0.0187,0.014733333333333334,0.0004725815626252717,-0.0006999999999999992,18.03226447494376,3.89,0.8266,23323.24,30.0,0.6929,0.0163,0.7813,3.0053774124906263,0.13776666666666665,0.11548333333333333,0.0027166666666666663,0.13021666666666665,12,0.8660254037844386,0.5000000000000001,14,Kepulauan Bangka Belitung,2023,2
0.0142,5.75,0.0048,5.75,5.5,-0.00285,0.0121,0.00765,0.0142,0.0149,0.0151,0.023,0.0177,0.014433333333333333,0.00040414518843275086,0.0,18.03226447494376,3.89,0.8266,23323.24,30.0,0.6929,0.0163,0.7813,4.50806611873594,0.20665,0.173225,0.004075,0.195325,12,1.0,6.123233995736766e-17,15,Kepulauan Bangka Belitung,2023,3
0.0129,5.75,0.00385,5.75,5.75,0.0048,0.00805,-0.0009499999999999995,0.0142,0.0142,0.0149,0.0165,0.0188,0.013766666666666668,0.000750555349946521,-0.0013000000000000008,18.03226447494376,3.89,0.8266,23323.24,30.0,0.6929,0.0163,0.7813,6.010754824981253,0.2755333333333333,0.23096666666666665,0.0054333333333333326,0.2604333333333333,12,0.8660254037844387,-0.4999999999999998,16,Kepulauan Bangka Belitung,2023,4
0.0151,5.75,0.00645,5.75,5.75,0.00385,-0.00285,0.0026,0.0129,0.0142,0.0142,0.0175,0.018,0.014066666666666667,0.0011060440015358093,0.0022000000000000006,18.03226447494376,3.89,0.8266,23323.24,30.0,0.6929,0.0163,0.7813,7.513443531226566,0.3444166666666667,0.28870833333333334,0.006791666666666666,0.3255416666666667,12,0.49999999999999994,-0.8660254037844387,17,Kepulauan Bangka Belitung,2023,5
0.016,5.75,0.00185,5.75,5.75,0.00645,0.0048,-0.0046,0.0151,0.0129,0.0142,0.0151,0.0184,0.014666666666666668,0.0015947831618540957,0.0008999999999999998,18.03226447494376,3.89,0.8266,23323.24,30.0,0.6929,0.0163,0.7813,9.01613223747188,0.4133,0.34645,0.00815,0.39065,12,1.2246467991473532e-16,-1.0,18,Kepulauan Bangka Belitung,2023,6
0.0202,5.75,0.00435,5.75,5.75,0.00185,0.00385,0.0024999999999999996,0.016,0.0151,0.0129,0.0149,0.02,0.0171,0.0027221315177632416,0.004199999999999999,18.03226447494376,3.89,0.8266,23323.24,30.0,0.6929,0.0163,0.7813,10.518820943717193,0.48218333333333335,0.40419166666666667,0.009508333333333334,0.4557583333333334,12,-0.4999999999999997,-0.8660254037844388,19,Kepulauan Bangka Belitung,2023,7
0.0119,5.75,-0.0017,5.75,5.75,0.00435,0.00645,-0.00605,0.0202,0.016,0.0151,0.0142,0.0207,0.016033333333333333,0.00415010040039194,-0.008299999999999998,18.03226447494376,4.56,0.8266,23323.24,30.0,0.6929,0.0163,0.7813,12.021509649962505,0.5510666666666666,0.4619333333333333,0.010866666666666665,0.5208666666666666,12,-0.8660254037844385,-0.5000000000000004,20,Kepulauan Bangka Belitung,2023,8
0.0127,5.75,0.0101,5.75,5.75,-0.0017,0.00185,0.0118,0.0119,0.0202,0.016,0.0142,0.023,0.014933333333333333,0.004578573285788199,0.0007999999999999986,18.03226447494376,4.56,0.8266,23323.24,30.0,0.6929,0.0163,0.7813,13.524198356207819,0.61995,0.519675,0.012225,0.585975,12,-1.0,-1.8369701987210297e-16,21,Kepulauan Bangka Belitung,2023,9
0.013,6.0,-0.0037,5.75,5.75,0.0101,0.00435,-0.0138,0.0127,0.0119,0.0202,0.0129,0.0165,0.012533333333333334,0.0005686240703077603,0.0002999999999999999,18.03226447494376,4.56,0.8266,23323.24,30.0,0.6929,0.0163,0.7813,15.026887062453133,0.6888333333333334,0.5774166666666667,0.013583333333333333,0.6510833333333333,12,-0.8660254037844386,0.5000000000000001,22,Kepulauan Bangka Belitung,2023,10
0.0142,6.0,-0.0008,6.0,5.75,-0.0037,-0.0017,0.0029000000000000002,0.013,0.0127,0.0119,0.0151,0.0175,0.0133,0.0007937253933193972,0.0012000000000000014,18.03226447494376,4.56,0.8266,23323.24,30.0,0.6929,0.0163,0.7813,16.529575768698443,0.7577166666666666,0.6351583333333333,0.014941666666666664,0.7161916666666667,12,-0.5000000000000004,0.8660254037844384,23,Kepulauan Bangka Belitung,2023,11
0.0142,6.0,-0.00155,6.0,5.75,-0.0008,0.0101,-0.0007499999999999999,0.0142,0.013,0.0127,0.016,0.0151,0.0138,0.0006928203230275729,0.0,18.03226447494376,4.56,0.8266,23323.24,30.0,0.6929,0.0163,0.7813,18.03226447494376,0.8266,0.6929,0.0163,0.7813,12,-2.4492935982947064e-16,1.0,24,Kepulauan Bangka Belitung,2023,12
0.0141,6.0,0.0121,6.0,6.0,-0.00155,-0.0037,0.013649999999999999,0.0142,0.0142,0.013,0.0202,0.0149,0.014166666666666668,5.7735026919206056e-05,-0.00010000000000000113,18.066759148924444,4.56,0.8483,22868.34,30.0,0.7788,0.0165,0.8316,1.5055632624103703,0.07069166666666667,0.0649,0.001375,0.0693,12,0.49999999999999994,0.8660254037844387,25,Kepulauan Bangka Belitung,2024,1
0.0145,6.0,0.0186,6.0,6.0,0.0121,-0.0008,0.006499999999999999,0.0141,0.0142,0.0142,0.0119,0.0142,0.014266666666666665,0.00020816659994668088,0.00040000000000000105,18.066759148924444,3.85,0.8483,22868.34,30.0,0.7788,0.0165,0.8316,3.0111265248207406,0.14138333333333333,0.1298,0.00275,0.1386,12,0.8660254037844386,0.5000000000000001,26,Kepulauan Bangka Belitung,2024,2
0.0143,6.0,0.018,6.0,6.0,0.0186,-0.00155,-0.0005999999999999998,0.0145,0.0141,0.0142,0.0127,0.0142,0.0143,0.00020000000000007046,-0.00020000000000000052,18.066759148924444,3.85,0.8483,22868.34,30.0,0.7788,0.0165,0.8316,4.516689787231111,0.212075,0.1947,0.004125,0.2079,12,1.0,6.123233995736766e-17,27,Kepulauan Bangka Belitung,2024,3
0.0119,6.25,0.0193,6.0,6.0,0.018,0.0121,0.0013000000000000025,0.0143,0.0145,0.0141,0.013,0.0129,0.013566666666666666,0.0014468356276140558,-0.0023999999999999994,18.066759148924444,3.85,0.8483,22868.34,30.0,0.7788,0.0165,0.8316,6.022253049641481,0.28276666666666667,0.2596,0.0055,0.2772,12,0.8660254037844387,-0.4999999999999998,28,Kepulauan Bangka Belitung,2024,4
0.0142,6.25,0.0125,6.25,6.0,0.0193,0.0186,-0.0068000000000000005,0.0119,0.0143,0.0145,0.0142,0.0151,0.013466666666666668,0.0013576941236277625,0.0023,18.066759148924444,3.85,0.8483,22868.34,30.0,0.7788,0.0165,0.8316,7.5278163120518515,0.3534583333333334,0.3245,0.006875000000000001,0.34650000000000003,12,0.49999999999999994,-0.8660254037844387,29,Kepulauan Bangka Belitung,2024,5
0.0133,6.25,0.0108,6.25,6.0,0.0125,0.018,-0.0017000000000000001,0.0142,0.0119,0.0143,0.0142,0.016,0.013133333333333335,0.0011590225767142577,-0.0009000000000000015,18.066759148924444,3.85,0.8483,22868.34,30.0,0.7788,0.0165,0.8316,9.033379574462222,0.42415,0.3894,0.00825,0.4158,12,1.2246467991473532e-16,-1.0,30,Kepulauan Bangka Belitung,2024,6
0.0146,6.25,0.0084,6.25,6.25,0.0108,0.0193,-0.002400000000000001,0.0133,0.0142,0.0119,0.0141,0.0202,0.014033333333333333,0.0006658328118479612,0.0013000000000000008,18.066759148924444,3.85,0.8483,22868.34,30.0,0.7788,0.0165,0.8316,10.538942836872593,0.49484166666666674,0.45430000000000004,0.009625000000000002,0.48510000000000003,12,-0.4999999999999997,-0.8660254037844388,31,Kepulauan Bangka Belitung,2024,7
0.0166,6.25,0.0102,6.25,6.25,0.0084,0.0125,0.0018000000000000013,0.0146,0.0133,0.0142,0.0145,0.0119,0.014833333333333332,0.0016623276853055676,0.002,18.066759148924444,4.63,0.8483,22868.34,30.0,0.7788,0.0165,0.8316,12.044506099282962,0.5655333333333333,0.5192,0.011,0.5544,12,-0.8660254037844385,-0.5000000000000004,32,Kepulauan Bangka Belitung,2024,8
0.0178,6.0,0.0049,6.25,6.25,0.0102,0.0108,-0.005300000000000001,0.0166,0.0146,0.0133,0.0143,0.0127,0.016333333333333335,0.0016165807537309631,0.0011999999999999997,18.066759148924444,4.63,0.8483,22868.34,30.0,0.7788,0.0165,0.8316,13.550069361693332,0.636225,0.5841000000000001,0.012375,0.6237,12,-1.0,-1.8369701987210297e-16,33,Kepulauan Bangka Belitung,2024,9
0.0201,6.0,0.0022,6.0,6.25,0.0049,0.0084,-0.0026999999999999997,0.0178,0.0166,0.0146,0.0119,0.013,0.018166666666666664,0.0017785762095938933,0.0023,18.066759148924444,4.63,0.8483,22868.34,30.0,0.7788,0.0165,0.8316,15.055632624103703,0.7069166666666667,0.649,0.013750000000000002,0.6930000000000001,12,-0.8660254037844386,0.5000000000000001,34,Kepulauan Bangka Belitung,2024,10
0.02,6.0,0.0022,6.0,6.25,0.0022,0.0102,0.0,0.0201,0.0178,0.0166,0.0142,0.0142,0.0193,0.0013000000000000223,-9.99999999999994e-05,18.066759148924444,4.63,0.8483,22868.34,30.0,0.7788,0.0165,0.8316,16.561195886514074,0.7776083333333333,0.7139,0.015125,0.7623,12,-0.5000000000000004,0.8660254037844384,35,Kepulauan Bangka Belitung,2024,11
0.0201,6.0,0.0075,6.0,6.0,0.0022,0.0049,0.005299999999999999,0.02,0.0201,0.0178,0.0133,0.0142,0.020066666666666667,5.7735026919496196e-05,9.99999999999994e-05,18.066759148924444,4.63,0.8483,22868.34,30.0,0.7788,0.0165,0.8316,18.066759148924444,0.8483,0.7788,0.0165,0.8316,12,-2.4492935982947064e-16,1.0,36,Kepulauan Bangka Belitung,2024,12
0.0208,5.75,-0.0023,6.0,6.0,0.0075,0.0022,-0.0098,0.0201,0.02,0.0201,0.0146,0.0141,0.0203,0.0004358898943541384,0.0006999999999999992,18.13729609101845,4.63,0.8088,24610.48,30.0,0.7442,0.02,0.878,1.511441340918204,0.06739999999999999,0.062016666666666664,0.0016666666666666666,0.07316666666666666,12,0.49999999999999994,0.8660254037844387,37,Kepulauan Bangka Belitung,2025,1
0.0206,5.75,-0.0064,5.75,6.0,-0.0023,0.0022,-0.0041,0.0208,0.0201,0.02,0.0166,0.0145,0.0205,0.00036055512754648686,-0.0001999999999999988,18.13729609101845,4.17,0.8088,24610.48,30.0,0.7442,0.02,0.878,3.022882681836408,0.13479999999999998,0.12403333333333333,0.003333333333333333,0.14633333333333332,12,0.8660254037844386,0.5000000000000001,38,Kepulauan Bangka Belitung,2025,2
0.0193,5.75,0.0113,5.75,6.0,-0.0064,0.0075,0.0177,0.0206,0.0208,0.0201,0.0178,0.0143,0.020233333333333336,0.0008144527815247451,-0.001299999999999999,18.13729609101845,4.17,0.8088,24610.48,30.0,0.7442,0.02,0.878,4.534324022754612,0.2022,0.18605,0.005,0.2195,12,1.0,6.123233995736766e-17,39,Kepulauan Bangka Belitung,2025,3
0.0198,5.75,0.0137,5.75,5.75,0.0113,-0.0023,0.002400000000000001,0.0193,0.0206,0.0208,0.0201,0.0119,0.0199,0.0006557438524302464,0.0005000000000000004,18.13729609101845,4.17,0.8088,24610.48,30.0,0.7442,0.02,0.878,6.045765363672816,0.26959999999999995,0.24806666666666666,0.006666666666666666,0.29266666666666663,12,0.8660254037844387,-0.4999999999999998,40,Kepulauan Bangka Belitung,2025,4
0.0195,5.75,0.0079,5.75,5.75,0.0137,-0.0064,-0.0058,0.0198,0.0193,0.0206,0.02,0.0142,0.019533333333333333,0.00025166114784248053,-0.00030000000000000165,18.13729609101845,4.17,0.8088,24610.48,30.0,0.7442,0.02,0.878,7.557206704591021,0.337,0.3100833333333333,0.008333333333333333,0.36583333333333334,12,0.49999999999999994,-0.8660254037844387,41,Kepulauan Bangka Belitung,2025,5
0.016,5.5,0.0099,5.75,5.75,0.0079,0.0113,0.002,0.0195,0.0198,0.0193,0.0201,0.0133,0.018433333333333333,0.0021126602503321245,-0.0034999999999999996,18.13729609101845,4.17,0.8088,24610.48,30.0,0.7442,0.02,0.878,9.068648045509224,0.4044,0.3721,0.01,0.439,12,1.2246467991473532e-16,-1.0,42,Kepulauan Bangka Belitung,2025,6
0.0163,5.25,0.0205,5.5,5.75,0.0099,0.0137,0.0106,0.016,0.0195,0.0198,0.0208,0.0146,0.017266666666666666,0.0019399312702602096,0.0002999999999999982,18.13729609101845,4.17,0.8088,24610.48,30.0,0.7442,0.02,0.878,10.58008938642743,0.4718,0.43411666666666665,0.011666666666666667,0.5121666666666667,12,-0.4999999999999997,-0.8660254037844388,43,Kepulauan Bangka Belitung,2025,7
0.0181,5.0,0.0134,5.25,5.75,0.0205,0.0079,-0.0071,0.0163,0.016,0.0195,0.0206,0.0166,0.0168,0.0011357816691600806,0.001800000000000003,18.13729609101845,4.45,0.8088,24610.48,30.0,0.7442,0.02,0.878,12.091530727345631,0.5391999999999999,0.4961333333333333,0.013333333333333332,0.5853333333333333,12,-0.8660254037844385,-0.5000000000000004,44,Kepulauan Bangka Belitung,2025,8
0.0138,4.75,0.0182,5.0,5.5,0.0134,0.0099,0.0048000000000000004,0.0181,0.0163,0.016,0.0193,0.0178,0.016066666666666663,0.0021594752448994164,-0.004300000000000002,18.13729609101845,4.45,0.8088,24610.48,30.0,0.7442,0.02,0.878,13.602972068263837,0.6066,0.5581499999999999,0.015,0.6585,12,-1.0,-1.8369701987210297e-16,45,Kepulauan Bangka Belitung,2025,9
0.0145,4.75,0.0251,4.75,5.25,0.0182,0.0205,0.0069,0.0138,0.0181,0.0163,0.0198,0.0201,0.015466666666666668,0.0023072349974229745,0.000700000000000001,18.13729609101845,4.45,0.8088,24610.48,30.0,0.7442,0.02,0.878,15.114413409182042,0.674,0.6201666666666666,0.016666666666666666,0.7316666666666667,12,-0.8660254037844386,0.5000000000000001,46,Kepulauan Bangka Belitung,2025,10
0.015,4.75,0.0287,4.75,5.0,0.0251,0.0134,0.003599999999999999,0.0145,0.0138,0.0181,0.0195,0.02,0.014433333333333333,0.000602771377334216,0.0004999999999999987,18.13729609101845,4.45,0.8088,24610.48,30.0,0.7442,0.02,0.878,16.625854750100245,0.7414,0.6821833333333333,0.018333333333333333,0.8048333333333333,12,-0.5000000000000004,0.8660254037844384,47,Kepulauan Bangka Belitung,2025,11
0.0157,4.75,0.0277,4.75,4.75,0.0287,0.0182,-0.0010000000000000009,0.015,0.0145,0.0138,0.016,0.0201,0.015066666666666666,0.000602771377334216,0.0006999999999999992,18.13729609101845,4.45,0.8088,24610.48,30.0,0.7442,0.02,0.878,18.13729609101845,0.8088,0.7442,0.02,0.878,12,-2.4492935982947064e-16,1.0,48,Kepulauan Bangka Belitung,2025,12
0.0141,5.75,0.0084,5.5,4.75,0.00735,-0.0065,0.0010499999999999997,0.0166,0.0188,0.0163,0.0242,0.0216,0.0165,0.0023515952032609412,-0.0025000000000000005,18.19594843122486,4.59,0.8046,43529.88,58.0,1.1533,0.0181,0.483,1.516329035935405,0.06705,0.09610833333333332,0.0015083333333333333,0.040249999999999994,13,0.49999999999999994,0.8660254037844387,13,Jambi,2023,1
0.0132,5.75,-0.0003,5.75,5.25,0.0084,-0.00285,-0.0087,0.0141,0.0166,0.0188,0.0265,0.0205,0.014633333333333333,0.0017616280348964597,-0.0008999999999999998,18.19594843122486,4.5,0.8046,43529.88,58.0,1.1533,0.0181,0.483,3.03265807187081,0.1341,0.19221666666666665,0.0030166666666666666,0.08049999999999999,13,0.8660254037844386,0.5000000000000001,14,Jambi,2023,2
0.0142,5.75,-0.0014,5.75,5.5,-0.0003,0.00735,-0.0011,0.0132,0.0141,0.0166,0.0282,0.0177,0.013833333333333335,0.0005507570547284396,0.0010000000000000009,18.19594843122486,4.5,0.8046,43529.88,58.0,1.1533,0.0181,0.483,4.548987107806215,0.20115,0.288325,0.004525,0.12075,13,1.0,6.123233995736766e-17,15,Jambi,2023,3
0.0143,5.75,0.00205,5.75,5.75,-0.0014,0.0084,0.00345,0.0142,0.0132,0.0141,0.0163,0.0186,0.013900000000000001,0.0006082762530296684,9.99999999999994e-05,18.19594843122486,4.5,0.8046,43529.88,58.0,1.1533,0.0181,0.483,6.06531614374162,0.2682,0.3844333333333333,0.006033333333333333,0.16099999999999998,13,0.8660254037844387,-0.4999999999999998,16,Jambi,2023,4
0.015,5.75,0.0033,5.75,5.75,0.00205,-0.0003,0.0012499999999999998,0.0143,0.0142,0.0132,0.0188,0.0183,0.0145,0.0004358898943538646,0.0006999999999999992,18.19594843122486,4.5,0.8046,43529.88,58.0,1.1533,0.0181,0.483,7.581645179677025,0.33525,0.4805416666666667,0.007541666666666668,0.20125,13,0.49999999999999994,-0.8660254037844387,17,Jambi,2023,5
0.0152,5.75,0.00095,5.75,5.75,0.0033,-0.0014,-0.00235,0.015,0.0143,0.0142,0.0166,0.0217,0.014833333333333332,0.0004725815626250812,0.00020000000000000052,18.19594843122486,4.5,0.8046,43529.88,58.0,1.1533,0.0181,0.483,9.09797421561243,0.4023,0.57665,0.00905,0.2415,13,1.2246467991473532e-16,-1.0,18,Jambi,2023,6
0.0181,5.75,0.00395,5.75,5.75,0.00095,0.00205,0.0030000000000000005,0.0152,0.015,0.0143,0.0141,0.0242,0.0161,0.0017349351572897068,0.0029000000000000015,18.19594843122486,4.5,0.8046,43529.88,58.0,1.1533,0.0181,0.483,10.614303251547836,0.46935000000000004,0.6727583333333333,0.010558333333333334,0.28175,13,-0.4999999999999997,-0.8660254037844388,19,Jambi,2023,7
0.0141,5.75,-0.00395,5.75,5.75,0.00395,0.0033,-0.0079,0.0181,0.0152,0.015,0.0132,0.0265,0.015799999999999998,0.0020663978319771475,-0.004000000000000002,18.19594843122486,4.53,0.8046,43529.88,58.0,1.1533,0.0181,0.483,12.13063228748324,0.5364,0.7688666666666666,0.012066666666666667,0.32199999999999995,13,-0.8660254037844385,-0.5000000000000004,20,Jambi,2023,8
0.0151,5.75,0.0038,5.75,5.75,-0.00395,0.00095,0.00775,0.0141,0.0181,0.0152,0.0142,0.0282,0.01576666666666667,0.002081665999466098,0.0010000000000000009,18.19594843122486,4.53,0.8046,43529.88,58.0,1.1533,0.0181,0.483,13.646961323418644,0.60345,0.864975,0.013575,0.36224999999999996,13,-1.0,-1.8369701987210297e-16,21,Jambi,2023,9
0.0147,6.0,0.0027,5.75,5.75,0.0038,0.00395,-0.0010999999999999998,0.0151,0.0141,0.0181,0.0143,0.0163,0.014633333333333333,0.0005033222956845499,-0.00040000000000000105,18.19594843122486,4.53,0.8046,43529.88,58.0,1.1533,0.0181,0.483,15.16329035935405,0.6705,0.9610833333333334,0.015083333333333336,0.4025,13,-0.8660254037844386,0.5000000000000001,22,Jambi,2023,10
0.0141,6.0,0.008,6.0,5.75,0.0027,-0.00395,0.0053,0.0147,0.0151,0.0141,0.015,0.0188,0.014633333333333332,0.0005033222956845499,-0.0005999999999999998,18.19594843122486,4.53,0.8046,43529.88,58.0,1.1533,0.0181,0.483,16.679619395289453,0.7375499999999999,1.0571916666666665,0.016591666666666668,0.44275,13,-0.5000000000000004,0.8660254037844384,23,Jambi,2023,11
0.0137,6.0,0.0028,6.0,5.75,0.008,0.0038,-0.0052,0.0141,0.0147,0.0151,0.0152,0.0166,0.014166666666666666,0.0005033222956845427,-0.0003999999999999993,18.19594843122486,4.53,0.8046,43529.88,58.0,1.1533,0.0181,0.483,18.19594843122486,0.8046,1.1533,0.0181,0.483,13,-2.4492935982947064e-16,1.0,24,Jambi,2023,12
0.0128,6.0,0.0299,6.0,6.0,0.0028,0.0027,0.0271,0.0137,0.0141,0.0147,0.0181,0.0141,0.013533333333333335,0.0006658328118478019,-0.0008999999999999998,18.278829119712125,4.53,0.8591,46058.36,57.0,1.1853,0.017,0.4823,1.5232357599760102,0.07159166666666666,0.098775,0.0014166666666666668,0.04019166666666667,13,0.49999999999999994,0.8660254037844387,25,Jambi,2024,1
0.015,6.0,0.0319,6.0,6.0,0.0299,0.008,0.0019999999999999983,0.0128,0.0137,0.0141,0.0141,0.0132,0.013833333333333335,0.0011060440015357225,0.002199999999999999,18.278829119712125,4.45,0.8591,46058.36,57.0,1.1853,0.017,0.4823,3.0464715199520205,0.14318333333333333,0.19755,0.0028333333333333335,0.08038333333333333,13,0.8660254037844386,0.5000000000000001,26,Jambi,2024,2
0.0151,6.0,0.0384,6.0,6.0,0.0319,0.0028,0.006499999999999999,0.015,0.0128,0.0137,0.0151,0.0142,0.0143,0.001299999999999933,0.00010000000000000113,18.278829119712125,4.45,0.8591,46058.36,57.0,1.1853,0.017,0.4823,4.569707279928031,0.214775,0.296325,0.00425,0.120575,13,1.0,6.123233995736766e-17,27,Jambi,2024,3
0.0126,6.25,0.0393,6.0,6.0,0.0384,0.0299,0.000900000000000005,0.0151,0.015,0.0128,0.0147,0.0143,0.014233333333333334,0.0014153915830374144,-0.0025000000000000005,18.278829119712125,4.45,0.8591,46058.36,57.0,1.1853,0.017,0.4823,6.092943039904041,0.28636666666666666,0.3951,0.005666666666666667,0.16076666666666667,13,0.8660254037844387,-0.4999999999999998,28,Jambi,2024,4
0.0136,6.25,0.0355,6.25,6.0,0.0393,0.0319,-0.0038000000000000048,0.0126,0.0151,0.015,0.0141,0.015,0.013766666666666668,0.00125830573921172,0.0009999999999999992,18.278829119712125,4.45,0.8591,46058.36,57.0,1.1853,0.017,0.4823,7.6161787998800525,0.3579583333333333,0.493875,0.007083333333333334,0.20095833333333335,13,0.49999999999999994,-0.8660254037844387,29,Jambi,2024,5
0.0125,6.25,0.0334,6.25,6.0,0.0355,0.0384,-0.0020999999999999977,0.0136,0.0126,0.0151,0.0137,0.0152,0.0129,0.0006082762530296643,-0.0010999999999999985,18.278829119712125,4.45,0.8591,46058.36,57.0,1.1853,0.017,0.4823,9.139414559856062,0.42955,0.59265,0.0085,0.24115,13,1.2246467991473532e-16,-1.0,30,Jambi,2024,6
0.0126,6.25,0.0214,6.25,6.25,0.0334,0.0393,-0.012,0.0125,0.0136,0.0126,0.0128,0.0181,0.0129,0.0006082762530296643,9.99999999999994e-05,18.278829119712125,4.45,0.8591,46058.36,57.0,1.1853,0.017,0.4823,10.662650319832073,0.5011416666666667,0.6914250000000001,0.009916666666666667,0.2813416666666667,13,-0.4999999999999997,-0.8660254037844388,31,Jambi,2024,7
0.012,6.25,0.025,6.25,6.25,0.0214,0.0355,0.0036000000000000025,0.0126,0.0125,0.0136,0.015,0.0141,0.012366666666666666,0.000321455025366126,-0.0005999999999999998,18.278829119712125,4.48,0.8591,46058.36,57.0,1.1853,0.017,0.4823,12.185886079808082,0.5727333333333333,0.7902,0.011333333333333334,0.32153333333333334,13,-0.8660254037844385,-0.5000000000000004,32,Jambi,2024,8
0.0131,6.0,0.0195,6.25,6.25,0.025,0.0334,-0.005500000000000001,0.012,0.0126,0.0125,0.0151,0.0151,0.012566666666666669,0.0005507570547284336,0.0011000000000000003,18.278829119712125,4.48,0.8591,46058.36,57.0,1.1853,0.017,0.4823,13.709121839784093,0.644325,0.8889750000000001,0.012750000000000001,0.361725,13,-1.0,-1.8369701987210297e-16,33,Jambi,2024,9
0.0136,6.0,0.0184,6.0,6.25,0.0195,0.0214,-0.0011000000000000003,0.0131,0.012,0.0126,0.0126,0.0147,0.0129,0.0008185352771871278,0.0004999999999999987,18.278829119712125,4.48,0.8591,46058.36,57.0,1.1853,0.017,0.4823,15.232357599760105,0.7159166666666666,0.98775,0.014166666666666668,0.4019166666666667,13,-0.8660254037844386,0.5000000000000001,34,Jambi,2024,10
0.0143,6.0,0.0142,6.0,6.25,0.0184,0.025,-0.004199999999999999,0.0136,0.0131,0.012,0.0136,0.0141,0.013666666666666666,0.0006027713773340197,0.000700000000000001,18.278829119712125,4.48,0.8591,46058.36,57.0,1.1853,0.017,0.4823,16.755593359736114,0.7875083333333333,1.086525,0.015583333333333334,0.4421083333333333,13,-0.5000000000000004,0.8660254037844384,35,Jambi,2024,11
0.0153,6.0,0.0143,6.0,6.0,0.0142,0.0195,9.99999999999994e-05,0.0143,0.0136,0.0131,0.0125,0.0137,0.014399999999999998,0.0008544003745316517,0.0009999999999999992,18.278829119712125,4.48,0.8591,46058.36,57.0,1.1853,0.017,0.4823,18.278829119712125,0.8591,1.1853,0.017,0.4823,13,-2.4492935982947064e-16,1.0,36,Jambi,2024,12
0.0168,5.75,0.0046,6.0,6.0,0.0143,0.0184,-0.0097,0.0153,0.0143,0.0136,0.0126,0.0128,0.015466666666666665,0.0012583057392117273,0.0014999999999999996,18.345806324306636,4.48,0.8771,47619.86,57.0,1.172,0.0178,0.4938,1.5288171936922197,0.07309166666666667,0.09766666666666665,0.0014833333333333332,0.04115,13,0.49999999999999994,0.8660254037844387,37,Jambi,2025,1
0.0173,5.75,-0.0027,5.75,6.0,0.0046,0.0142,-0.0073,0.0168,0.0153,0.0143,0.012,0.015,0.016466666666666668,0.0010408329997329965,0.0005000000000000004,18.345806324306636,4.48,0.8771,47619.86,57.0,1.172,0.0178,0.4938,3.0576343873844394,0.14618333333333333,0.1953333333333333,0.0029666666666666665,0.0823,13,0.8660254037844386,0.5000000000000001,38,Jambi,2025,2
0.0212,5.75,0.0032,5.75,6.0,-0.0027,0.0143,0.005900000000000001,0.0173,0.0168,0.0153,0.0131,0.0151,0.018433333333333333,0.0024090108620205965,0.0039000000000000007,18.345806324306636,4.48,0.8771,47619.86,57.0,1.172,0.0178,0.4938,4.586451581076659,0.219275,0.293,0.00445,0.12345,13,1.0,6.123233995736766e-17,39,Jambi,2025,3
0.0192,5.75,0.0184,5.75,5.75,0.0032,0.0046,0.0152,0.0212,0.0173,0.0168,0.0136,0.0126,0.019233333333333335,0.0019502136635079815,-0.0020000000000000018,18.345806324306636,4.48,0.8771,47619.86,57.0,1.172,0.0178,0.4938,6.115268774768879,0.29236666666666666,0.3906666666666666,0.005933333333333333,0.1646,13,0.8660254037844387,-0.4999999999999998,40,Jambi,2025,4
0.0227,5.75,0.0096,5.75,5.75,0.0184,-0.0027,-0.0088,0.0192,0.0212,0.0173,0.0143,0.0136,0.021033333333333334,0.0017559422921420958,0.003500000000000003,18.345806324306636,4.48,0.8771,47619.86,57.0,1.172,0.0178,0.4938,7.6440859684610984,0.36545833333333333,0.48833333333333334,0.007416666666666667,0.20575000000000002,13,0.49999999999999994,-0.8660254037844387,41,Jambi,2025,5
0.0216,5.5,0.0134,5.75,5.75,0.0096,0.0032,0.0038000000000000013,0.0227,0.0192,0.0212,0.0153,0.0125,0.021166666666666667,0.0017897858344878136,-0.0011000000000000003,18.345806324306636,4.48,0.8771,47619.86,57.0,1.172,0.0178,0.4938,9.172903162153318,0.43855,0.586,0.0089,0.2469,13,1.2246467991473532e-16,-1.0,42,Jambi,2025,6
0.0229,5.25,0.0271,5.5,5.75,0.0134,0.0184,0.013699999999999999,0.0216,0.0227,0.0192,0.0168,0.0126,0.022400000000000003,0.0006999999999999377,0.001299999999999999,18.345806324306636,4.48,0.8771,47619.86,57.0,1.172,0.0178,0.4938,10.701720355845538,0.5116416666666667,0.6836666666666666,0.010383333333333335,0.28805000000000003,13,-0.4999999999999997,-0.8660254037844388,43,Jambi,2025,7
0.0222,5.0,0.0276,5.25,5.75,0.0271,0.0096,0.0005000000000000004,0.0229,0.0216,0.0227,0.0173,0.012,0.022233333333333338,0.0006506407098647018,-0.0006999999999999992,18.345806324306636,4.26,0.8771,47619.86,57.0,1.172,0.0178,0.4938,12.230537549537758,0.5847333333333333,0.7813333333333332,0.011866666666666666,0.3292,13,-0.8660254037844385,-0.5000000000000004,44,Jambi,2025,8
0.023,4.75,0.0377,5.0,5.5,0.0276,0.0134,0.010099999999999998,0.0222,0.0229,0.0216,0.0212,0.0131,0.0227,0.0004358898943539748,0.0007999999999999986,18.345806324306636,4.26,0.8771,47619.86,57.0,1.172,0.0178,0.4938,13.759354743229977,0.657825,0.879,0.01335,0.37035,13,-1.0,-1.8369701987210297e-16,45,Jambi,2025,9
0.023,4.75,0.0371,4.75,5.25,0.0377,0.0271,-0.0005999999999999964,0.023,0.0222,0.0229,0.0192,0.0136,0.02273333333333333,0.0004618802153516137,0.0,18.345806324306636,4.26,0.8771,47619.86,57.0,1.172,0.0178,0.4938,15.288171936922197,0.7309166666666667,0.9766666666666667,0.014833333333333334,0.41150000000000003,13,-0.8660254037844386,0.5000000000000001,46,Jambi,2025,10
0.0218,4.75,0.0355,4.75,5.0,0.0371,0.0276,-0.0016000000000000042,0.023,0.023,0.0222,0.0227,0.0143,0.0226,0.0006928203230274924,-0.0011999999999999997,18.345806324306636,4.26,0.8771,47619.86,57.0,1.172,0.0178,0.4938,16.816989130614417,0.8040083333333333,1.0743333333333331,0.016316666666666667,0.45265,13,-0.5000000000000004,0.8660254037844384,47,Jambi,2025,11
0.0185,4.75,0.0371,4.75,4.75,0.0355,0.0377,0.0016000000000000042,0.0218,0.023,0.023,0.0216,0.0153,0.021099999999999997,0.0023302360395461865,-0.003300000000000001,18.345806324306636,4.26,0.8771,47619.86,57.0,1.172,0.0178,0.4938,18.345806324306636,0.8771,1.172,0.0178,0.4938,13,-2.4492935982947064e-16,1.0,48,Jambi,2025,12
0.0182,5.75,0.00345,5.5,4.75,0.0053,-0.0014,-0.00185,0.0197,0.0215,0.0216,0.0276,0.0229,0.019799999999999998,0.0016522711641858304,-0.0014999999999999979,18.091593173441915,4.63,0.7002,98718.51,98.0,1.0439,0.0342,0.0716,1.5076327644534928,0.05835,0.08699166666666666,0.00285,0.005966666666666666,14,0.49999999999999994,0.8660254037844387,13,Sumatera Selatan,2023,1
0.0173,5.75,0.00065,5.75,5.25,0.00345,-0.0007,-0.0028,0.0182,0.0197,0.0215,0.0275,0.0239,0.0184,0.0012124355652982134,-0.0009000000000000015,18.091593173441915,4.53,0.7002,98718.51,98.0,1.0439,0.0342,0.0716,3.0152655289069856,0.1167,0.17398333333333332,0.0057,0.011933333333333332,14,0.8660254037844386,0.5000000000000001,14,Sumatera Selatan,2023,2
0.0194,5.75,0.0016,5.75,5.5,0.00065,0.0053,0.0009500000000000001,0.0173,0.0182,0.0197,0.03,0.0213,0.0183,0.0010535653752852742,0.002100000000000001,18.091593173441915,4.53,0.7002,98718.51,98.0,1.0439,0.0342,0.0716,4.522898293360479,0.17505,0.260975,0.00855,0.0179,14,1.0,6.123233995736766e-17,15,Sumatera Selatan,2023,3
0.0183,5.75,0.0034,5.75,5.75,0.0016,0.00345,0.0017999999999999997,0.0194,0.0173,0.0182,0.0216,0.0219,0.01833333333333333,0.001050396750439249,-0.0011000000000000003,18.091593173441915,4.53,0.7002,98718.51,98.0,1.0439,0.0342,0.0716,6.030531057813971,0.2334,0.34796666666666665,0.0114,0.023866666666666665,14,0.8660254037844387,-0.4999999999999998,16,Sumatera Selatan,2023,4
0.0252,5.75,0.0004,5.75,5.75,0.0034,0.00065,-0.0029999999999999996,0.0183,0.0194,0.0173,0.0215,0.0216,0.020966666666666665,0.0037072002014098653,0.0069,18.091593173441915,4.53,0.7002,98718.51,98.0,1.0439,0.0342,0.0716,7.538163822267465,0.29175,0.4349583333333334,0.01425,0.029833333333333333,14,0.49999999999999994,-0.8660254037844387,17,Sumatera Selatan,2023,5
0.0243,5.75,0.0032,5.75,5.75,0.0004,0.0016,0.0028,0.0252,0.0183,0.0194,0.0197,0.025,0.0226,0.0037509998667022127,-0.0009000000000000015,18.091593173441915,4.53,0.7002,98718.51,98.0,1.0439,0.0342,0.0716,9.045796586720957,0.3501,0.52195,0.0171,0.0358,14,1.2246467991473532e-16,-1.0,18,Sumatera Selatan,2023,6
0.0277,5.75,0.003,5.75,5.75,0.0032,0.0034,-0.0002000000000000001,0.0243,0.0252,0.0183,0.0182,0.0276,0.025733333333333334,0.0017616280348965172,0.0034000000000000002,18.091593173441915,4.53,0.7002,98718.51,98.0,1.0439,0.0342,0.0716,10.55342935117445,0.40845000000000004,0.6089416666666667,0.019950000000000002,0.04176666666666667,14,-0.4999999999999997,-0.8660254037844388,19,Sumatera Selatan,2023,7
0.0244,5.75,-0.0004,5.75,5.75,0.003,0.0004,-0.0034000000000000002,0.0277,0.0243,0.0252,0.0173,0.0275,0.025466666666666665,0.001934769581457534,-0.0032999999999999974,18.091593173441915,4.11,0.7002,98718.51,98.0,1.0439,0.0342,0.0716,12.061062115627943,0.4668,0.6959333333333333,0.0228,0.04773333333333333,14,-0.8660254037844385,-0.5000000000000004,20,Sumatera Selatan,2023,8
0.0247,5.75,0.00355,5.75,5.75,-0.0004,0.0032,0.00395,0.0244,0.0277,0.0243,0.0194,0.03,0.0256,0.0018248287590894733,0.0002999999999999982,18.091593173441915,4.11,0.7002,98718.51,98.0,1.0439,0.0342,0.0716,13.568694880081436,0.52515,0.7829250000000001,0.02565,0.0537,14,-1.0,-1.8369701987210297e-16,21,Sumatera Selatan,2023,9
0.0256,6.0,0.0036,5.75,5.75,0.00355,0.003,4.99999999999997e-05,0.0247,0.0244,0.0277,0.0183,0.0216,0.024900000000000002,0.0006244997998398594,0.0009000000000000015,18.091593173441915,4.11,0.7002,98718.51,98.0,1.0439,0.0342,0.0716,15.07632764453493,0.5835,0.8699166666666668,0.0285,0.059666666666666666,14,-0.8660254037844386,0.5000000000000001,22,Sumatera Selatan,2023,10
0.0254,6.0,0.0044,6.0,5.75,0.0036,-0.0004,0.0008000000000000004,0.0256,0.0247,0.0244,0.0252,0.0215,0.025233333333333333,0.0004725815626252885,-0.00020000000000000226,18.091593173441915,4.11,0.7002,98718.51,98.0,1.0439,0.0342,0.0716,16.58396040898842,0.64185,0.9569083333333334,0.03135,0.06563333333333332,14,-0.5000000000000004,0.8660254037844384,23,Sumatera Selatan,2023,11
0.0272,6.0,0.002,6.0,5.75,0.0044,0.00355,-0.0024000000000000002,0.0254,0.0256,0.0247,0.0243,0.0197,0.026066666666666665,0.00098657657246326,0.0017999999999999995,18.091593173441915,4.11,0.7002,98718.51,98.0,1.0439,0.0342,0.0716,18.091593173441915,0.7002,1.0439,0.0342,0.0716,14,-2.4492935982947064e-16,1.0,24,Sumatera Selatan,2023,12
0.028,6.0,0.0335,6.0,6.0,0.002,0.0036,0.0315,0.0272,0.0254,0.0256,0.0277,0.0182,0.026866666666666667,0.001331665623695884,0.0008000000000000021,18.13475712451545,4.11,0.7462,102606.0,97.0,1.1377,0.0224,0.0636,1.5112297603762874,0.06218333333333333,0.09480833333333333,0.0018666666666666666,0.0053,14,0.49999999999999994,0.8660254037844387,25,Sumatera Selatan,2024,1
0.0275,6.0,0.0315,6.0,6.0,0.0335,0.0044,-0.0020000000000000018,0.028,0.0272,0.0254,0.0244,0.0173,0.027566666666666666,0.00040414518843274344,-0.0005000000000000004,18.13475712451545,3.97,0.7462,102606.0,97.0,1.1377,0.0224,0.0636,3.022459520752575,0.12436666666666665,0.18961666666666666,0.0037333333333333333,0.0106,14,0.8660254037844386,0.5000000000000001,26,Sumatera Selatan,2024,2
0.0247,6.0,0.0324,6.0,6.0,0.0315,0.002,0.000899999999999998,0.0275,0.028,0.0272,0.0247,0.0194,0.02673333333333333,0.0017785762095938824,-0.0028000000000000004,18.13475712451545,3.97,0.7462,102606.0,97.0,1.1377,0.0224,0.0636,4.533689281128862,0.18655,0.284425,0.0056,0.0159,14,1.0,6.123233995736766e-17,27,Sumatera Selatan,2024,3
0.0244,6.25,0.0312,6.0,6.0,0.0324,0.0335,-0.0011999999999999997,0.0247,0.0275,0.028,0.0256,0.0183,0.025533333333333335,0.001709775813764291,-0.0002999999999999982,18.13475712451545,3.97,0.7462,102606.0,97.0,1.1377,0.0224,0.0636,6.04491904150515,0.2487333333333333,0.3792333333333333,0.007466666666666667,0.0212,14,0.8660254037844387,-0.4999999999999998,28,Sumatera Selatan,2024,4
0.0366,6.25,0.0298,6.25,6.0,0.0312,0.0315,-0.0013999999999999985,0.0244,0.0247,0.0275,0.0254,0.0252,0.028566666666666667,0.006958687615731384,0.012199999999999999,18.13475712451545,3.97,0.7462,102606.0,97.0,1.1377,0.0224,0.0636,7.556148801881437,0.3109166666666667,0.47404166666666664,0.009333333333333334,0.026500000000000003,14,0.49999999999999994,-0.8660254037844387,29,Sumatera Selatan,2024,5
0.0348,6.25,0.0248,6.25,6.0,0.0298,0.0324,-0.005000000000000001,0.0366,0.0244,0.0247,0.0272,0.0243,0.031933333333333334,0.00658584340334124,-0.001800000000000003,18.13475712451545,3.97,0.7462,102606.0,97.0,1.1377,0.0224,0.0636,9.067378562257725,0.3731,0.56885,0.0112,0.0318,14,1.2246467991473532e-16,-1.0,30,Sumatera Selatan,2024,6
0.0303,6.25,0.0187,6.25,6.25,0.0248,0.0312,-0.006099999999999998,0.0348,0.0366,0.0244,0.028,0.0277,0.0339,0.0032449961479175896,-0.004499999999999997,18.13475712451545,3.97,0.7462,102606.0,97.0,1.1377,0.0224,0.0636,10.578608322634013,0.43528333333333336,0.6636583333333334,0.013066666666666667,0.03710000000000001,14,-0.4999999999999997,-0.8660254037844388,31,Sumatera Selatan,2024,7
0.028,6.25,0.018,6.25,6.25,0.0187,0.0298,-0.0007000000000000027,0.0303,0.0348,0.0366,0.0275,0.0244,0.031033333333333333,0.0034588051886935323,-0.0023,18.13475712451545,3.86,0.7462,102606.0,97.0,1.1377,0.0224,0.0636,12.0898380830103,0.4974666666666666,0.7584666666666666,0.014933333333333333,0.0424,14,-0.8660254037844385,-0.5000000000000004,32,Sumatera Selatan,2024,8
0.0279,6.0,0.014,6.25,6.25,0.018,0.0248,-0.003999999999999998,0.028,0.0303,0.0348,0.0247,0.0247,0.028733333333333336,0.0013576941236277367,-9.99999999999994e-05,18.13475712451545,3.86,0.7462,102606.0,97.0,1.1377,0.0224,0.0636,13.601067843386588,0.55965,0.853275,0.0168,0.047700000000000006,14,-1.0,-1.8369701987210297e-16,33,Sumatera Selatan,2024,9
0.0278,6.0,0.0109,6.0,6.25,0.014,0.0187,-0.0031000000000000003,0.0279,0.028,0.0303,0.0244,0.0256,0.027900000000000005,9.9999999999729e-05,-0.00010000000000000286,18.13475712451545,3.86,0.7462,102606.0,97.0,1.1377,0.0224,0.0636,15.112297603762874,0.6218333333333333,0.9480833333333333,0.018666666666666668,0.053000000000000005,14,-0.8660254037844386,0.5000000000000001,34,Sumatera Selatan,2024,10
0.0295,6.0,0.0073,6.0,6.25,0.0109,0.018,-0.0036,0.0278,0.0279,0.028,0.0366,0.0254,0.028400000000000005,0.0009539392014169178,0.0017000000000000001,18.13475712451545,3.86,0.7462,102606.0,97.0,1.1377,0.0224,0.0636,16.62352736413916,0.6840166666666666,1.0428916666666666,0.020533333333333334,0.0583,14,-0.5000000000000004,0.8660254037844384,35,Sumatera Selatan,2024,11
0.0302,6.0,0.012,6.0,6.0,0.0073,0.014,0.0047,0.0295,0.0278,0.0279,0.0348,0.0272,0.029166666666666664,0.0012342339054382233,0.0007000000000000027,18.13475712451545,3.86,0.7462,102606.0,97.0,1.1377,0.0224,0.0636,18.13475712451545,0.7462,1.1377,0.0224,0.0636,14,-2.4492935982947064e-16,1.0,36,Sumatera Selatan,2024,12
0.0314,5.75,0.0092,6.0,6.0,0.012,0.0109,-0.0028000000000000004,0.0302,0.0295,0.0278,0.0303,0.028,0.03036666666666667,0.0009609023536932851,0.0011999999999999962,18.205790539874307,3.86,0.7698,107536.03,98.0,1.1147,0.0246,0.0603,1.5171492116561922,0.06415,0.09289166666666666,0.0020499999999999997,0.005025,14,0.49999999999999994,0.8660254037844387,37,Sumatera Selatan,2025,1
0.031,5.75,0.0049,5.75,6.0,0.0092,0.0073,-0.0043,0.0314,0.0302,0.0295,0.028,0.0275,0.03086666666666667,0.0006110100926607504,-0.0003999999999999976,18.205790539874307,3.89,0.7698,107536.03,98.0,1.1147,0.0246,0.0603,3.0342984233123844,0.1283,0.18578333333333333,0.0040999999999999995,0.01005,14,0.8660254037844386,0.5000000000000001,38,Sumatera Selatan,2025,2
0.0306,5.75,0.0177,5.75,6.0,0.0049,0.012,0.0128,0.031,0.0314,0.0302,0.0279,0.0247,0.031,0.0003999999999999602,-0.00040000000000000105,18.205790539874307,3.89,0.7698,107536.03,98.0,1.1147,0.0246,0.0603,4.551447634968577,0.19245,0.278675,0.00615,0.015075,14,1.0,6.123233995736766e-17,39,Sumatera Selatan,2025,3
0.0273,5.75,0.0274,5.75,5.75,0.0177,0.0092,0.0097,0.0306,0.031,0.0314,0.0278,0.0244,0.029633333333333334,0.002030599254735726,-0.0032999999999999974,18.205790539874307,3.89,0.7698,107536.03,98.0,1.1147,0.0246,0.0603,6.068596846624769,0.2566,0.37156666666666666,0.008199999999999999,0.0201,14,0.8660254037844387,-0.4999999999999998,40,Sumatera Selatan,2025,4
0.0282,5.75,0.0233,5.75,5.75,0.0274,0.0049,-0.0040999999999999995,0.0273,0.0306,0.031,0.0295,0.0366,0.028700000000000003,0.0017058722109231823,0.000899999999999998,18.205790539874307,3.89,0.7698,107536.03,98.0,1.1147,0.0246,0.0603,7.585746058280962,0.32075000000000004,0.46445833333333336,0.01025,0.025125,14,0.49999999999999994,-0.8660254037844387,41,Sumatera Selatan,2025,5
0.0266,5.5,0.0244,5.75,5.75,0.0233,0.0177,0.0011000000000000003,0.0282,0.0273,0.0306,0.0302,0.0348,0.027366666666666668,0.0008020806277010269,-0.0016000000000000007,18.205790539874307,3.89,0.7698,107536.03,98.0,1.1147,0.0246,0.0603,9.102895269937154,0.3849,0.55735,0.0123,0.03015,14,1.2246467991473532e-16,-1.0,42,Sumatera Selatan,2025,6
0.0251,5.25,0.0288,5.5,5.75,0.0244,0.0274,0.004399999999999998,0.0266,0.0282,0.0273,0.0314,0.0303,0.026633333333333332,0.0015502687938977748,-0.0014999999999999979,18.205790539874307,3.89,0.7698,107536.03,98.0,1.1147,0.0246,0.0603,10.620044481593347,0.44905000000000006,0.6502416666666667,0.014350000000000002,0.035175000000000005,14,-0.4999999999999997,-0.8660254037844388,43,Sumatera Selatan,2025,7
0.0246,5.0,0.0304,5.25,5.75,0.0288,0.0233,0.0016000000000000007,0.0251,0.0266,0.0282,0.031,0.028,0.025433333333333336,0.001040832999733023,-0.0005000000000000004,18.205790539874307,3.69,0.7698,107536.03,98.0,1.1147,0.0246,0.0603,12.137193693249538,0.5132,0.7431333333333333,0.016399999999999998,0.0402,14,-0.8660254037844385,-0.5000000000000004,44,Sumatera Selatan,2025,8
0.028,4.75,0.0344,5.0,5.5,0.0304,0.0244,0.004,0.0246,0.0251,0.0266,0.0306,0.0279,0.025900000000000003,0.0018357559750685599,0.0034000000000000002,18.205790539874307,3.69,0.7698,107536.03,98.0,1.1147,0.0246,0.0603,13.65434290490573,0.57735,0.836025,0.01845,0.045225,14,-1.0,-1.8369701987210297e-16,45,Sumatera Selatan,2025,9
0.0277,4.75,0.0349,4.75,5.25,0.0344,0.0288,0.0005000000000000004,0.028,0.0246,0.0251,0.0273,0.0278,0.02676666666666667,0.0018823743871327148,-0.00030000000000000165,18.205790539874307,3.69,0.7698,107536.03,98.0,1.1147,0.0246,0.0603,15.171492116561923,0.6415000000000001,0.9289166666666667,0.0205,0.05025,14,-0.8660254037844386,0.5000000000000001,46,Sumatera Selatan,2025,10
0.0309,4.75,0.0291,4.75,5.0,0.0349,0.0304,-0.0058,0.0277,0.028,0.0246,0.0282,0.0295,0.02886666666666667,0.0017672954855748647,0.0032000000000000015,18.205790539874307,3.69,0.7698,107536.03,98.0,1.1147,0.0246,0.0603,16.688641328218115,0.70565,1.0218083333333332,0.02255,0.055275,14,-0.5000000000000004,0.8660254037844384,47,Sumatera Selatan,2025,11
0.0308,4.75,0.0291,4.75,4.75,0.0291,0.0344,0.0,0.0309,0.0277,0.028,0.0266,0.0302,0.029800000000000004,0.0018193405398660193,-9.99999999999994e-05,18.205790539874307,3.69,0.7698,107536.03,98.0,1.1147,0.0246,0.0603,18.205790539874307,0.7698,1.1147,0.0246,0.0603,14,-2.4492935982947064e-16,1.0,48,Sumatera Selatan,2025,12
0.0177,5.75,0.0062,5.5,4.75,0.0023,-0.0014,0.0039,0.018,0.0219,0.0207,0.0378,0.0292,0.0192,0.0023430749027719524,-0.0002999999999999982,17.650674117095363,3.59,0.7763,16237.83,32.0,1.7123,0.0193,0.5013,1.4708895097579469,0.06469166666666666,0.14269166666666666,0.0016083333333333334,0.04177499999999999,15,0.49999999999999994,0.8660254037844387,13,Bengkulu,2023,1
0.0152,5.75,0.0004,5.75,5.25,0.0062,0.0005,-0.0058,0.0177,0.018,0.0219,0.0363,0.0267,0.016966666666666668,0.0015373136743466243,-0.0025000000000000005,17.650674117095363,3.21,0.7763,16237.83,32.0,1.7123,0.0193,0.5013,2.9417790195158937,0.12938333333333332,0.2853833333333333,0.0032166666666666667,0.08354999999999999,15,0.8660254037844386,0.5000000000000001,14,Bengkulu,2023,2
0.013,5.75,0.0025,5.75,5.5,0.0004,0.0023,0.0021,0.0152,0.0177,0.018,0.0377,0.0254,0.0153,0.002351595203260924,-0.0022000000000000006,17.650674117095363,3.21,0.7763,16237.83,32.0,1.7123,0.0193,0.5013,4.412668529273841,0.194075,0.428075,0.004825,0.125325,15,1.0,6.123233995736766e-17,15,Bengkulu,2023,3
0.0113,5.75,0.0028,5.75,5.75,0.0025,0.0062,0.0002999999999999999,0.013,0.0152,0.0177,0.0207,0.0264,0.013166666666666667,0.0019553345834749385,-0.0017000000000000001,17.650674117095363,3.21,0.7763,16237.83,32.0,1.7123,0.0193,0.5013,5.883558039031787,0.25876666666666664,0.5707666666666666,0.0064333333333333334,0.16709999999999997,15,0.8660254037844387,-0.4999999999999998,16,Bengkulu,2023,4
0.0152,5.75,0.0017,5.75,5.75,0.0028,0.0004,-0.0011,0.0113,0.013,0.0152,0.0219,0.0284,0.013166666666666667,0.0019553345834749385,0.0039000000000000007,17.650674117095363,3.21,0.7763,16237.83,32.0,1.7123,0.0193,0.5013,7.354447548789735,0.32345833333333335,0.7134583333333333,0.008041666666666667,0.208875,15,0.49999999999999994,-0.8660254037844387,17,Bengkulu,2023,5
0.0139,5.75,0.0021,5.75,5.75,0.0017,0.0025,0.00039999999999999996,0.0152,0.0113,0.013,0.018,0.0342,0.013466666666666667,0.001985782801147475,-0.0013000000000000008,17.650674117095363,3.21,0.7763,16237.83,32.0,1.7123,0.0193,0.5013,8.825337058547682,0.38815,0.85615,0.00965,0.25065,15,1.2246467991473532e-16,-1.0,18,Bengkulu,2023,6
0.0171,5.75,0.0049,5.75,5.75,0.0021,0.0028,0.0028,0.0139,0.0152,0.0113,0.0177,0.0378,0.015400000000000002,0.001609347693943042,0.0032000000000000015,17.650674117095363,3.21,0.7763,16237.83,32.0,1.7123,0.0193,0.5013,10.296226568305629,0.4528416666666667,0.9988416666666667,0.011258333333333335,0.292425,15,-0.4999999999999997,-0.8660254037844388,19,Bengkulu,2023,7
0.0126,5.75,-0.0007,5.75,5.75,0.0049,0.0017,-0.0056,0.0171,0.0139,0.0152,0.0152,0.0363,0.014533333333333334,0.0023158871590241866,-0.0045000000000000005,17.650674117095363,3.42,0.7763,16237.83,32.0,1.7123,0.0193,0.5013,11.767116078063575,0.5175333333333333,1.1415333333333333,0.012866666666666667,0.33419999999999994,15,-0.8660254037844385,-0.5000000000000004,20,Bengkulu,2023,8
0.0114,5.75,0.0023,5.75,5.75,-0.0007,0.0021,0.003,0.0126,0.0171,0.0139,0.013,0.0377,0.013699999999999999,0.003004995840263307,-0.0011999999999999997,17.650674117095363,3.42,0.7763,16237.83,32.0,1.7123,0.0193,0.5013,13.238005587821522,0.582225,1.284225,0.014475000000000002,0.37597499999999995,15,-1.0,-1.8369701987210297e-16,21,Bengkulu,2023,9
0.0114,6.0,0.0028,5.75,5.75,0.0023,0.0049,0.0005,0.0114,0.0126,0.0171,0.0113,0.0207,0.0118,0.0006928203230273823,0.0,17.650674117095363,3.42,0.7763,16237.83,32.0,1.7123,0.0193,0.5013,14.70889509757947,0.6469166666666667,1.4269166666666666,0.016083333333333335,0.41775,15,-0.8660254037844386,0.5000000000000001,22,Bengkulu,2023,10
0.0111,6.0,0.003,6.0,5.75,0.0028,-0.0007,0.0002000000000000001,0.0114,0.0114,0.0126,0.0152,0.0219,0.0113,0.00017320508075620384,-0.0002999999999999999,17.650674117095363,3.42,0.7763,16237.83,32.0,1.7123,0.0193,0.5013,16.179784607337414,0.7116083333333333,1.5696083333333333,0.017691666666666668,0.45952499999999996,15,-0.5000000000000004,0.8660254037844384,23,Bengkulu,2023,11
0.0113,6.0,0.0024,6.0,5.75,0.003,0.0023,-0.0006000000000000003,0.0111,0.0114,0.0114,0.0139,0.018,0.011266666666666666,0.0001527525231644181,0.0001999999999999988,17.650674117095363,3.42,0.7763,16237.83,32.0,1.7123,0.0193,0.5013,17.650674117095363,0.7763,1.7123,0.0193,0.5013,15,-2.4492935982947064e-16,1.0,24,Bengkulu,2023,12
0.0114,6.0,0.0283,6.0,6.0,0.0024,0.0028,0.0259,0.0113,0.0111,0.0114,0.0171,0.0177,0.011266666666666666,0.0001527525231644181,0.00010000000000000113,17.712074688329874,3.42,0.8267,17668.36,32.0,1.6732,0.0146,0.4756,1.4760062240274894,0.06889166666666666,0.13943333333333333,0.0012166666666666667,0.03963333333333333,15,0.49999999999999994,0.8660254037844387,25,Bengkulu,2024,1
0.0139,6.0,0.0368,6.0,6.0,0.0283,0.003,0.0085,0.0114,0.0113,0.0111,0.0126,0.0152,0.0122,0.001473091986265545,0.0024999999999999988,17.712074688329874,3.17,0.8267,17668.36,32.0,1.6732,0.0146,0.4756,2.9520124480549788,0.1377833333333333,0.27886666666666665,0.0024333333333333334,0.07926666666666667,15,0.8660254037844386,0.5000000000000001,26,Bengkulu,2024,2
0.0131,6.0,0.0356,6.0,6.0,0.0368,0.0024,-0.0011999999999999997,0.0139,0.0114,0.0113,0.0114,0.013,0.0128,0.0012767145334802816,-0.0007999999999999986,17.712074688329874,3.17,0.8267,17668.36,32.0,1.6732,0.0146,0.4756,4.428018672082469,0.206675,0.4183,0.00365,0.1189,15,1.0,6.123233995736766e-17,27,Bengkulu,2024,3
0.0144,6.25,0.0362,6.0,6.0,0.0356,0.0283,0.0006000000000000033,0.0131,0.0139,0.0114,0.0114,0.0113,0.0138,0.0006557438524300352,0.001299999999999999,17.712074688329874,3.17,0.8267,17668.36,32.0,1.6732,0.0146,0.4756,5.9040248961099575,0.2755666666666666,0.5577333333333333,0.004866666666666667,0.15853333333333333,15,0.8660254037844387,-0.4999999999999998,28,Bengkulu,2024,4
0.018,6.25,0.0371,6.25,6.0,0.0362,0.0368,0.000899999999999998,0.0144,0.0131,0.0139,0.0111,0.0152,0.015166666666666667,0.002538372181799416,0.003599999999999999,17.712074688329874,3.17,0.8267,17668.36,32.0,1.6732,0.0146,0.4756,7.380031120137448,0.34445833333333337,0.6971666666666667,0.006083333333333334,0.19816666666666669,15,0.49999999999999994,-0.8660254037844387,29,Bengkulu,2024,5
0.0138,6.25,0.0364,6.25,6.0,0.0371,0.0356,-0.0006999999999999992,0.018,0.0144,0.0131,0.0113,0.0139,0.015399999999999999,0.002271563338320065,-0.004199999999999999,17.712074688329874,3.17,0.8267,17668.36,32.0,1.6732,0.0146,0.4756,8.856037344164937,0.41335,0.8366,0.0073,0.2378,15,1.2246467991473532e-16,-1.0,30,Bengkulu,2024,6
0.0154,6.25,0.0231,6.25,6.25,0.0364,0.0362,-0.013300000000000003,0.0138,0.018,0.0144,0.0114,0.0171,0.015733333333333332,0.0021197484127445723,0.0016000000000000007,17.712074688329874,3.17,0.8267,17668.36,32.0,1.6732,0.0146,0.4756,10.332043568192427,0.4822416666666667,0.9760333333333334,0.008516666666666667,0.27743333333333337,15,-0.4999999999999997,-0.8660254037844388,31,Bengkulu,2024,7
0.015,6.25,0.0234,6.25,6.25,0.0231,0.0371,0.00030000000000000165,0.0154,0.0138,0.018,0.0139,0.0126,0.014733333333333334,0.0008326663997863325,-0.00040000000000000105,17.712074688329874,3.11,0.8267,17668.36,32.0,1.6732,0.0146,0.4756,11.808049792219915,0.5511333333333333,1.1154666666666666,0.009733333333333333,0.31706666666666666,15,-0.8660254037844385,-0.5000000000000004,32,Bengkulu,2024,8
0.0135,6.0,0.0148,6.25,6.25,0.0234,0.0364,-0.0086,0.015,0.0154,0.0138,0.0131,0.0114,0.014633333333333333,0.0010016652800876804,-0.0014999999999999996,17.712074688329874,3.11,0.8267,17668.36,32.0,1.6732,0.0146,0.4756,13.284056016247405,0.620025,1.2549000000000001,0.01095,0.3567,15,-1.0,-1.8369701987210297e-16,33,Bengkulu,2024,9
0.0156,6.0,0.0134,6.0,6.25,0.0148,0.0231,-0.0014000000000000002,0.0135,0.015,0.0154,0.0144,0.0114,0.0147,0.001081665382639103,0.0020999999999999994,17.712074688329874,3.11,0.8267,17668.36,32.0,1.6732,0.0146,0.4756,14.760062240274896,0.6889166666666667,1.3943333333333334,0.012166666666666668,0.39633333333333337,15,-0.8660254037844386,0.5000000000000001,34,Bengkulu,2024,10
0.0167,6.0,0.0082,6.0,6.25,0.0134,0.0234,-0.0052,0.0156,0.0135,0.015,0.018,0.0111,0.015266666666666666,0.001625833119767565,0.0011000000000000003,17.712074688329874,3.11,0.8267,17668.36,32.0,1.6732,0.0146,0.4756,16.236068464302384,0.7578083333333333,1.5337666666666667,0.013383333333333332,0.43596666666666667,15,-0.5000000000000004,0.8660254037844384,35,Bengkulu,2024,11
0.0164,6.0,0.0084,6.0,6.0,0.0082,0.0148,0.0001999999999999988,0.0167,0.0156,0.0135,0.0138,0.0113,0.016233333333333336,0.0005686240703075613,-0.0002999999999999982,17.712074688329874,3.11,0.8267,17668.36,32.0,1.6732,0.0146,0.4756,17.712074688329874,0.8267,1.6732,0.0146,0.4756,15,-2.4492935982947064e-16,1.0,36,Bengkulu,2024,12
0.0174,5.75,0.0009,6.0,6.0,0.0084,0.0134,-0.0075,0.0164,0.0167,0.0156,0.0154,0.0114,0.016833333333333336,0.0005131601439444988,0.0009999999999999974,17.772602526759997,3.11,0.8851,18780.77,32.0,1.604,0.0161,0.4757,1.481050210563333,0.07375833333333333,0.13366666666666666,0.0013416666666666666,0.039641666666666665,15,0.49999999999999994,0.8660254037844387,37,Bengkulu,2025,1
0.0174,5.75,-0.0126,5.75,6.0,0.0009,0.0082,-0.0135,0.0174,0.0164,0.0167,0.015,0.0139,0.017066666666666664,0.0005773502691894577,0.0,17.772602526759997,3.24,0.8851,18780.77,32.0,1.604,0.0161,0.4757,2.962100421126666,0.14751666666666666,0.2673333333333333,0.002683333333333333,0.07928333333333333,15,0.8660254037844386,0.5000000000000001,38,Bengkulu,2025,2
0.0184,5.75,-0.0022,5.75,6.0,-0.0126,0.0084,0.0104,0.0174,0.0174,0.0164,0.0135,0.0131,0.017733333333333334,0.0005773502691894638,0.0010000000000000009,17.772602526759997,3.24,0.8851,18780.77,32.0,1.604,0.0161,0.4757,4.443150631689999,0.221275,0.401,0.004025,0.118925,15,1.0,6.123233995736766e-17,39,Bengkulu,2025,3
0.0211,5.75,0.0096,5.75,5.75,-0.0022,0.0009,0.0118,0.0184,0.0174,0.0174,0.0156,0.0144,0.01896666666666667,0.001913983629327367,0.002700000000000001,17.772602526759997,3.24,0.8851,18780.77,32.0,1.604,0.0161,0.4757,5.924200842253332,0.2950333333333333,0.5346666666666666,0.005366666666666666,0.15856666666666666,15,0.8660254037844387,-0.4999999999999998,40,Bengkulu,2025,4
0.0214,5.75,0.0039,5.75,5.75,0.0096,-0.0126,-0.005699999999999999,0.0211,0.0184,0.0174,0.0167,0.018,0.020300000000000002,0.0016522711641857799,0.0002999999999999982,17.772602526759997,3.24,0.8851,18780.77,32.0,1.604,0.0161,0.4757,7.4052510528166655,0.3687916666666667,0.6683333333333334,0.0067083333333333335,0.19820833333333335,15,0.49999999999999994,-0.8660254037844387,41,Bengkulu,2025,5
0.0175,5.5,-0.001,5.75,5.75,0.0039,-0.0022,-0.0049,0.0214,0.0211,0.0184,0.0164,0.0138,0.02,0.002170253441421031,-0.0038999999999999972,17.772602526759997,3.24,0.8851,18780.77,32.0,1.604,0.0161,0.4757,8.886301263379998,0.44255,0.802,0.00805,0.23785,15,1.2246467991473532e-16,-1.0,42,Bengkulu,2025,6
0.0187,5.25,0.0101,5.5,5.75,-0.001,0.0096,0.011099999999999999,0.0175,0.0214,0.0211,0.0174,0.0154,0.019200000000000002,0.001997498435543775,0.0011999999999999997,17.772602526759997,3.24,0.8851,18780.77,32.0,1.604,0.0161,0.4757,10.367351473943332,0.5163083333333334,0.9356666666666668,0.009391666666666668,0.2774916666666667,15,-0.4999999999999997,-0.8660254037844388,43,Bengkulu,2025,7
0.0187,5.0,0.013,5.25,5.75,0.0101,0.0039,0.0029,0.0187,0.0175,0.0214,0.0174,0.015,0.0183,0.0006928203230274346,0.0,17.772602526759997,3.41,0.8851,18780.77,32.0,1.604,0.0161,0.4757,11.848401684506664,0.5900666666666666,1.0693333333333332,0.010733333333333333,0.3171333333333333,15,-0.8660254037844385,-0.5000000000000004,44,Bengkulu,2025,8
0.0205,4.75,0.0257,5.0,5.5,0.013,-0.001,0.012700000000000001,0.0187,0.0187,0.0175,0.0184,0.0135,0.0193,0.001039230484541245,0.0017999999999999995,17.772602526759997,3.41,0.8851,18780.77,32.0,1.604,0.0161,0.4757,13.329451895069997,0.663825,1.203,0.012074999999999999,0.356775,15,-1.0,-1.8369701987210297e-16,45,Bengkulu,2025,9
0.0218,4.75,0.0285,4.75,5.25,0.0257,0.0101,0.0028000000000000004,0.0205,0.0187,0.0187,0.0211,0.0156,0.02033333333333333,0.0015567059238446902,0.001299999999999999,17.772602526759997,3.41,0.8851,18780.77,32.0,1.604,0.0161,0.4757,14.810502105633331,0.7375833333333334,1.336666666666667,0.013416666666666667,0.3964166666666667,15,-0.8660254037844386,0.5000000000000001,46,Bengkulu,2025,10
0.0216,4.75,0.0268,4.75,5.0,0.0285,0.013,-0.0017000000000000001,0.0218,0.0205,0.0187,0.0214,0.0167,0.0213,0.0006999999999998599,-0.0001999999999999988,17.772602526759997,3.41,0.8851,18780.77,32.0,1.604,0.0161,0.4757,16.29155231619666,0.8113416666666666,1.4703333333333333,0.014758333333333332,0.4360583333333333,15,-0.5000000000000004,0.8660254037844384,47,Bengkulu,2025,11
0.0183,4.75,0.0277,4.75,4.75,0.0268,0.0257,0.000899999999999998,0.0216,0.0218,0.0205,0.0175,0.0164,0.020566666666666667,0.00196553639837403,-0.003300000000000001,17.772602526759997,3.41,0.8851,18780.77,32.0,1.604,0.0161,0.4757,17.772602526759997,0.8851,1.604,0.0161,0.4757,15,-2.4492935982947064e-16,1.0,48,Bengkulu,2025,12
0.0216,5.75,0.0079,5.5,4.75,0.00625,-0.0035,0.0016500000000000004,0.021,0.0249,0.0237,0.0344,0.0264,0.022500000000000003,0.0020999999999999504,0.0005999999999999998,17.69062058536888,4.52,0.7586,53539.91,65.0,1.1296,0.026,0.4938,1.4742183821140733,0.06321666666666667,0.09413333333333332,0.0021666666666666666,0.04115,16,0.49999999999999994,0.8660254037844387,13,Lampung,2023,1
0.0211,5.75,0.0016,5.75,5.25,0.0079,0.0003,-0.006300000000000001,0.0216,0.021,0.0249,0.0351,0.0248,0.021233333333333337,0.00032145502536607106,-0.0005000000000000004,17.69062058536888,4.18,0.7586,53539.91,65.0,1.1296,0.026,0.4938,2.9484367642281466,0.12643333333333334,0.18826666666666664,0.004333333333333333,0.0823,16,0.8660254037844386,0.5000000000000001,14,Lampung,2023,2
0.0211,5.75,-0.00075,5.75,5.5,0.0016,0.00625,-0.00235,0.0211,0.0216,0.021,0.0349,0.0258,0.021266666666666666,0.00028867513459441283,0.0,17.69062058536888,4.18,0.7586,53539.91,65.0,1.1296,0.026,0.4938,4.42265514634222,0.18965,0.2824,0.0065,0.12345,16,1.0,6.123233995736766e-17,15,Lampung,2023,3
0.0219,5.75,0.003,5.75,5.75,-0.00075,0.0079,0.00375,0.0211,0.0211,0.0216,0.0237,0.0288,0.02136666666666667,0.00046188021535145245,0.0007999999999999986,17.69062058536888,4.18,0.7586,53539.91,65.0,1.1296,0.026,0.4938,5.896873528456293,0.2528666666666667,0.3765333333333333,0.008666666666666666,0.1646,16,0.8660254037844387,-0.4999999999999998,16,Lampung,2023,4
0.0258,5.75,0.0007,5.75,5.75,0.003,0.0016,-0.0023,0.0219,0.0211,0.0211,0.0249,0.0281,0.022933333333333333,0.002514623895005601,0.0039000000000000007,17.69062058536888,4.18,0.7586,53539.91,65.0,1.1296,0.026,0.4938,7.3710919105703665,0.3160833333333334,0.4706666666666667,0.010833333333333334,0.20575000000000002,16,0.49999999999999994,-0.8660254037844387,17,Lampung,2023,5
0.0288,5.75,0.0009,5.75,5.75,0.0007,-0.00075,0.00019999999999999998,0.0258,0.0219,0.0211,0.021,0.0312,0.0255,0.0034597687784012187,0.002999999999999999,17.69062058536888,4.18,0.7586,53539.91,65.0,1.1296,0.026,0.4938,8.84531029268444,0.3793,0.5648,0.013,0.2469,16,1.2246467991473532e-16,-1.0,18,Lampung,2023,6
0.0322,5.75,0.00135,5.75,5.75,0.0009,0.003,0.0004500000000000001,0.0288,0.0258,0.0219,0.0216,0.0344,0.028933333333333335,0.0032020826556060787,0.0034000000000000002,17.69062058536888,4.18,0.7586,53539.91,65.0,1.1296,0.026,0.4938,10.319528674798514,0.4425166666666667,0.6589333333333334,0.015166666666666667,0.28805000000000003,16,-0.4999999999999997,-0.8660254037844388,19,Lampung,2023,7
0.0277,5.75,0.00135,5.75,5.75,0.00135,0.0007,0.0,0.0322,0.0288,0.0258,0.0211,0.0351,0.029566666666666668,0.002345918441321713,-0.0045000000000000005,17.69062058536888,4.23,0.7586,53539.91,65.0,1.1296,0.026,0.4938,11.793747056912586,0.5057333333333334,0.7530666666666666,0.017333333333333333,0.3292,16,-0.8660254037844385,-0.5000000000000004,20,Lampung,2023,8
0.0279,5.75,0.0033,5.75,5.75,0.00135,0.0009,0.00195,0.0277,0.0322,0.0288,0.0211,0.0349,0.029266666666666667,0.0025423086620891032,0.00020000000000000226,17.69062058536888,4.23,0.7586,53539.91,65.0,1.1296,0.026,0.4938,13.26796543902666,0.5689500000000001,0.8472,0.0195,0.37035,16,-1.0,-1.8369701987210297e-16,21,Lampung,2023,9
0.0282,6.0,0.0036,5.75,5.75,0.0033,0.00135,0.0002999999999999999,0.0279,0.0277,0.0322,0.0219,0.0237,0.027933333333333334,0.00025166114784221766,0.0002999999999999982,17.69062058536888,4.23,0.7586,53539.91,65.0,1.1296,0.026,0.4938,14.742183821140733,0.6321666666666668,0.9413333333333334,0.021666666666666667,0.41150000000000003,16,-0.8660254037844386,0.5000000000000001,22,Lampung,2023,10
0.0253,6.0,0.0094,6.0,5.75,0.0036,0.00135,0.0058000000000000005,0.0282,0.0279,0.0277,0.0258,0.0249,0.027133333333333332,0.0015947831618540657,-0.0029,17.69062058536888,4.23,0.7586,53539.91,65.0,1.1296,0.026,0.4938,16.216402203254805,0.6953833333333334,1.0354666666666665,0.02383333333333333,0.45265,16,-0.5000000000000004,0.8660254037844384,23,Lampung,2023,11
0.026,6.0,-5e-05,6.0,5.75,0.0094,0.0033,-0.00945,0.0253,0.0282,0.0279,0.0288,0.021,0.0265,0.0015132745950421254,0.0006999999999999992,17.69062058536888,4.23,0.7586,53539.91,65.0,1.1296,0.026,0.4938,17.69062058536888,0.7586,1.1296,0.026,0.4938,16,-2.4492935982947064e-16,1.0,24,Lampung,2023,12
0.0275,6.0,0.0328,6.0,6.0,-5e-05,0.0036,0.032850000000000004,0.026,0.0253,0.0282,0.0322,0.0216,0.026266666666666664,0.0011239810200057837,0.0015000000000000013,17.75489578014823,4.23,0.7775,57454.12,65.0,1.1299,0.0278,0.48,1.479574648345686,0.06479166666666666,0.09415833333333332,0.0023166666666666665,0.039999999999999994,16,0.49999999999999994,0.8660254037844387,25,Lampung,2024,1
0.0304,6.0,0.0328,6.0,6.0,0.0328,0.0094,0.0,0.0275,0.026,0.0253,0.0277,0.0211,0.027966666666666667,0.0022368132093076695,0.0029,17.75489578014823,4.12,0.7775,57454.12,65.0,1.1299,0.0278,0.48,2.959149296691372,0.12958333333333333,0.18831666666666663,0.004633333333333333,0.07999999999999999,16,0.8660254037844386,0.5000000000000001,26,Lampung,2024,2
0.0315,6.0,0.0345,6.0,6.0,0.0328,-5e-05,0.0017000000000000001,0.0304,0.0275,0.026,0.0279,0.0211,0.029800000000000004,0.002066397831977177,0.0011000000000000003,17.75489578014823,4.12,0.7775,57454.12,65.0,1.1299,0.0278,0.48,4.438723945037058,0.194375,0.282475,0.00695,0.12,16,1.0,6.123233995736766e-17,27,Lampung,2024,3
0.028,6.25,0.0329,6.0,6.0,0.0345,0.0328,-0.0016000000000000042,0.0315,0.0304,0.0275,0.0282,0.0219,0.02996666666666667,0.001789785834487835,-0.0034999999999999996,17.75489578014823,4.12,0.7775,57454.12,65.0,1.1299,0.0278,0.48,5.918298593382744,0.25916666666666666,0.37663333333333326,0.009266666666666666,0.15999999999999998,16,0.8660254037844387,-0.4999999999999998,28,Lampung,2024,4
0.0305,6.25,0.0309,6.25,6.0,0.0329,0.0328,-0.0019999999999999983,0.028,0.0315,0.0304,0.0253,0.0258,0.03,0.00180277563773199,0.0024999999999999988,17.75489578014823,4.12,0.7775,57454.12,65.0,1.1299,0.0278,0.48,7.39787324172843,0.32395833333333335,0.47079166666666666,0.011583333333333333,0.2,16,0.49999999999999994,-0.8660254037844387,29,Lampung,2024,5
0.0274,6.25,0.0284,6.25,6.0,0.0309,0.0345,-0.0024999999999999988,0.0305,0.028,0.0315,0.026,0.0288,0.028633333333333334,0.001644181660685124,-0.0030999999999999986,17.75489578014823,4.12,0.7775,57454.12,65.0,1.1299,0.0278,0.48,8.877447890074116,0.38875,0.56495,0.0139,0.24,16,1.2246467991473532e-16,-1.0,30,Lampung,2024,6
0.0285,6.25,0.0255,6.25,6.25,0.0284,0.0329,-0.0029000000000000033,0.0274,0.0305,0.028,0.0275,0.0322,0.028800000000000003,0.001571623364550159,0.0011000000000000003,17.75489578014823,4.12,0.7775,57454.12,65.0,1.1299,0.0278,0.48,10.357022538419802,0.4535416666666667,0.6591083333333333,0.016216666666666667,0.28,16,-0.4999999999999997,-0.8660254037844388,31,Lampung,2024,7
0.0283,6.25,0.0233,6.25,6.25,0.0255,0.0309,-0.002199999999999997,0.0285,0.0274,0.0305,0.0304,0.0277,0.028066666666666667,0.0005859465277081854,-0.00020000000000000226,17.75489578014823,4.19,0.7775,57454.12,65.0,1.1299,0.0278,0.48,11.836597186765488,0.5183333333333333,0.7532666666666665,0.018533333333333332,0.31999999999999995,16,-0.8660254037844385,-0.5000000000000004,32,Lampung,2024,8
0.0261,6.0,0.0216,6.25,6.25,0.0233,0.0284,-0.0017000000000000001,0.0283,0.0285,0.0274,0.0315,0.0279,0.027633333333333333,0.0013316656236958533,-0.002199999999999997,17.75489578014823,4.19,0.7775,57454.12,65.0,1.1299,0.0278,0.48,13.316171835111174,0.583125,0.8474249999999999,0.02085,0.36,16,-1.0,-1.8369701987210297e-16,33,Lampung,2024,9
0.0265,6.0,0.0194,6.0,6.25,0.0216,0.0255,-0.0022000000000000006,0.0261,0.0283,0.0285,0.028,0.0282,0.026966666666666667,0.0011718930554164273,0.0003999999999999976,17.75489578014823,4.19,0.7775,57454.12,65.0,1.1299,0.0278,0.48,14.79574648345686,0.6479166666666667,0.9415833333333333,0.023166666666666665,0.4,16,-0.8660254037844386,0.5000000000000001,34,Lampung,2024,10
0.024,6.0,0.015,6.0,6.25,0.0194,0.0233,-0.004400000000000001,0.0265,0.0261,0.0283,0.0305,0.0253,0.025533333333333335,0.0013428824718988716,-0.0024999999999999988,17.75489578014823,4.19,0.7775,57454.12,65.0,1.1299,0.0278,0.48,16.275321131802546,0.7127083333333333,1.0357416666666666,0.02548333333333333,0.43999999999999995,16,-0.5000000000000004,0.8660254037844384,35,Lampung,2024,11
0.0237,6.0,0.0157,6.0,6.0,0.015,0.0216,0.0006999999999999992,0.024,0.0265,0.0261,0.0274,0.026,0.024733333333333333,0.0015373136743466536,-0.00030000000000000165,17.75489578014823,4.19,0.7775,57454.12,65.0,1.1299,0.0278,0.48,17.75489578014823,0.7775,1.1299,0.0278,0.48,16,-2.4492935982947064e-16,1.0,36,Lampung,2024,12
0.0246,5.75,0.0104,6.0,6.0,0.0157,0.0194,-0.005299999999999999,0.0237,0.024,0.0265,0.0285,0.0275,0.0241,0.000458257569495435,0.0009000000000000015,17.82300736617341,4.19,0.7826,60319.76,64.0,1.0951,0.0277,0.4746,1.4852506138477841,0.06521666666666666,0.09125833333333333,0.0023083333333333332,0.03955,16,0.49999999999999994,0.8660254037844387,37,Lampung,2025,1
0.0283,5.75,-0.0002,5.75,6.0,0.0104,0.015,-0.0106,0.0246,0.0237,0.024,0.0283,0.0304,0.025533333333333335,0.0024378952670968492,0.0036999999999999984,17.82300736617341,4.07,0.7826,60319.76,64.0,1.0951,0.0277,0.4746,2.9705012276955682,0.13043333333333332,0.18251666666666666,0.0046166666666666665,0.0791,16,0.8660254037844386,0.5000000000000001,38,Lampung,2025,2
0.0272,5.75,0.0158,5.75,6.0,-0.0002,0.0157,0.016,0.0283,0.0246,0.0237,0.0261,0.0315,0.0267,0.0018999999999999729,-0.0011000000000000003,17.82300736617341,4.07,0.7826,60319.76,64.0,1.0951,0.0277,0.4746,4.455751841543353,0.19565,0.273775,0.006925,0.11865,16,1.0,6.123233995736766e-17,39,Lampung,2025,3
0.0314,5.75,0.028,5.75,5.75,0.0158,0.0104,0.012199999999999999,0.0272,0.0283,0.0246,0.0265,0.028,0.02896666666666667,0.0021779194965226034,0.004199999999999999,17.82300736617341,4.07,0.7826,60319.76,64.0,1.0951,0.0277,0.4746,5.9410024553911365,0.26086666666666664,0.3650333333333333,0.009233333333333333,0.1582,16,0.8660254037844387,-0.4999999999999998,40,Lampung,2025,4
0.0342,5.75,0.0212,5.75,5.75,0.028,-0.0002,-0.0068000000000000005,0.0314,0.0272,0.0283,0.024,0.0305,0.03093333333333333,0.003523256069793016,0.002800000000000004,17.82300736617341,4.07,0.7826,60319.76,64.0,1.0951,0.0277,0.4746,7.426253069238921,0.32608333333333334,0.45629166666666665,0.011541666666666667,0.19775,16,0.49999999999999994,-0.8660254037844387,41,Lampung,2025,5
0.0281,5.5,0.0227,5.75,5.75,0.0212,0.0158,0.0015000000000000013,0.0342,0.0314,0.0272,0.0237,0.0274,0.03123333333333333,0.0030534133905079624,-0.006100000000000001,17.82300736617341,4.07,0.7826,60319.76,64.0,1.0951,0.0277,0.4746,8.911503683086705,0.3913,0.54755,0.01385,0.2373,16,1.2246467991473532e-16,-1.0,42,Lampung,2025,6
0.0278,5.25,0.0263,5.5,5.75,0.0227,0.028,0.003599999999999999,0.0281,0.0342,0.0314,0.0246,0.0285,0.030033333333333332,0.0036115555282084885,-0.00030000000000000165,17.82300736617341,4.07,0.7826,60319.76,64.0,1.0951,0.0277,0.4746,10.39675429693449,0.4565166666666667,0.6388083333333333,0.016158333333333334,0.27685000000000004,16,-0.4999999999999997,-0.8660254037844388,43,Lampung,2025,7
0.0284,5.0,0.0105,5.25,5.75,0.0263,0.0212,-0.0158,0.0278,0.0281,0.0342,0.0283,0.0283,0.0281,0.00029999999999980937,0.0006000000000000033,17.82300736617341,4.21,0.7826,60319.76,64.0,1.0951,0.0277,0.4746,11.882004910782273,0.5217333333333333,0.7300666666666666,0.018466666666666666,0.3164,16,-0.8660254037844385,-0.5000000000000004,44,Lampung,2025,8
0.0284,4.75,0.0117,5.0,5.5,0.0105,0.0227,0.0011999999999999997,0.0284,0.0278,0.0281,0.0272,0.0261,0.028200000000000003,0.0003464101615136146,0.0,17.82300736617341,4.21,0.7826,60319.76,64.0,1.0951,0.0277,0.4746,13.367255524630057,0.58695,0.821325,0.020775,0.35595,16,-1.0,-1.8369701987210297e-16,45,Lampung,2025,9
0.0248,4.75,0.012,4.75,5.25,0.0117,0.0263,0.0002999999999999999,0.0284,0.0284,0.0278,0.0314,0.0265,0.027200000000000002,0.0020784609690826204,-0.0036000000000000025,17.82300736617341,4.21,0.7826,60319.76,64.0,1.0951,0.0277,0.4746,14.852506138477843,0.6521666666666667,0.9125833333333333,0.023083333333333334,0.3955,16,-0.8660254037844386,0.5000000000000001,46,Lampung,2025,10
0.026,4.75,0.0114,4.75,5.0,0.012,0.0105,-0.0005999999999999998,0.0248,0.0284,0.0284,0.0342,0.024,0.026399999999999996,0.0018330302779822924,0.0011999999999999997,17.82300736617341,4.21,0.7826,60319.76,64.0,1.0951,0.0277,0.4746,16.337756752325625,0.7173833333333333,1.0038416666666665,0.025391666666666663,0.43505,16,-0.5000000000000004,0.8660254037844384,47,Lampung,2025,11
0.0238,4.75,0.0125,4.75,4.75,0.0114,0.0117,0.0011000000000000003,0.026,0.0248,0.0284,0.0281,0.0237,0.024866666666666665,0.0011015141094571244,-0.002199999999999997,17.82300736617341,4.21,0.7826,60319.76,64.0,1.0951,0.0277,0.4746,17.82300736617341,0.7826,1.0951,0.0277,0.4746,16,-2.4492935982947064e-16,1.0,48,Lampung,2025,12
0.0188,5.75,0.00297,5.5,4.75,0.0049,0.0007,-0.0019299999999999999,0.022,0.0238,0.023,0.0329,0.0261,0.021533333333333335,0.0025324559884297064,-0.003199999999999998,17.703425280048457,5.11,0.7996,74919.48,77.0,0.953,0.0176,0.4089,1.475285440004038,0.06663333333333332,0.07941666666666666,0.0014666666666666667,0.034074999999999994,17,0.49999999999999994,0.8660254037844387,13,Kalimantan Barat,2023,1
0.0194,5.75,-0.0007,5.75,5.25,0.00297,0.00293,-0.00367,0.0188,0.022,0.0238,0.0347,0.0245,0.020066666666666667,0.0017009801096231289,0.0005999999999999998,17.703425280048457,4.52,0.7996,74919.48,77.0,0.953,0.0176,0.4089,2.950570880008076,0.13326666666666664,0.15883333333333333,0.0029333333333333334,0.06814999999999999,17,0.8660254037844386,0.5000000000000001,14,Kalimantan Barat,2023,2
0.0203,5.75,0.00133,5.75,5.5,-0.0007,0.0049,0.00203,0.0194,0.0188,0.022,0.0372,0.024,0.019500000000000003,0.0007549834435272028,0.000899999999999998,17.703425280048457,4.52,0.7996,74919.48,77.0,0.953,0.0176,0.4089,4.425856320012114,0.1999,0.23825,0.0044,0.102225,17,1.0,6.123233995736766e-17,15,Kalimantan Barat,2023,3
0.0194,5.75,0.00467,5.75,5.75,0.00133,0.00297,0.0033399999999999997,0.0203,0.0194,0.0188,0.023,0.0246,0.019700000000000006,0.0005196152422708452,-0.000899999999999998,17.703425280048457,4.52,0.7996,74919.48,77.0,0.953,0.0176,0.4089,5.901141760016152,0.2665333333333333,0.31766666666666665,0.005866666666666667,0.13629999999999998,17,0.8660254037844387,-0.4999999999999998,16,Kalimantan Barat,2023,4
0.0229,5.75,0.00337,5.75,5.75,0.00467,-0.0007,-0.0012999999999999995,0.0194,0.0203,0.0194,0.0238,0.0243,0.020866666666666672,0.0018175074506954587,0.0034999999999999996,17.703425280048457,4.52,0.7996,74919.48,77.0,0.953,0.0176,0.4089,7.37642720002019,0.33316666666666667,0.39708333333333334,0.007333333333333334,0.170375,17,0.49999999999999994,-0.8660254037844387,17,Kalimantan Barat,2023,5
0.0227,5.75,0.0035,5.75,5.75,0.00337,0.00133,0.0001299999999999999,0.0229,0.0194,0.0203,0.022,0.0284,0.02166666666666667,0.0019655363983741157,-0.0001999999999999988,17.703425280048457,4.52,0.7996,74919.48,77.0,0.953,0.0176,0.4089,8.851712640024228,0.3998,0.4765,0.0088,0.20445,17,1.2246467991473532e-16,-1.0,18,Kalimantan Barat,2023,6
0.0251,5.75,0.00017,5.75,5.75,0.0035,0.00467,-0.00333,0.0227,0.0229,0.0194,0.0188,0.0329,0.02356666666666667,0.0013316656236959234,0.0023999999999999994,17.703425280048457,4.52,0.7996,74919.48,77.0,0.953,0.0176,0.4089,10.326998080028266,0.46643333333333337,0.5559166666666667,0.010266666666666669,0.23852500000000001,17,-0.4999999999999997,-0.8660254037844388,19,Kalimantan Barat,2023,7
0.0205,5.75,-0.0022,5.75,5.75,0.00017,0.00337,-0.00237,0.0251,0.0227,0.0229,0.0194,0.0347,0.02276666666666667,0.002300724523565016,-0.0046,17.703425280048457,5.05,0.7996,74919.48,77.0,0.953,0.0176,0.4089,11.802283520032304,0.5330666666666666,0.6353333333333333,0.011733333333333333,0.27259999999999995,17,-0.8660254037844385,-0.5000000000000004,20,Kalimantan Barat,2023,8
0.0195,5.75,0.00073,5.75,5.75,-0.0022,0.0035,0.0029300000000000003,0.0205,0.0251,0.0227,0.0203,0.0372,0.021700000000000007,0.0029866369046136427,-0.0010000000000000009,17.703425280048457,5.05,0.7996,74919.48,77.0,0.953,0.0176,0.4089,13.277568960036342,0.5997,0.71475,0.0132,0.306675,17,-1.0,-1.8369701987210297e-16,21,Kalimantan Barat,2023,9
0.02,6.0,0.00063,5.75,5.75,0.00073,0.00017,-9.999999999999994e-05,0.0195,0.0205,0.0251,0.0194,0.023,0.020000000000000004,0.0005000000000001941,0.0005000000000000004,17.703425280048457,5.05,0.7996,74919.48,77.0,0.953,0.0176,0.4089,14.75285440004038,0.6663333333333333,0.7941666666666667,0.014666666666666668,0.34075,17,-0.8660254037844386,0.5000000000000001,22,Kalimantan Barat,2023,10
0.0204,6.0,0.0005,6.0,5.75,0.00063,-0.0022,-0.00013000000000000002,0.02,0.0195,0.0205,0.0229,0.0238,0.01996666666666667,0.0004509249752825057,0.00040000000000000105,17.703425280048457,5.05,0.7996,74919.48,77.0,0.953,0.0176,0.4089,16.228139840044417,0.7329666666666667,0.8735833333333333,0.016133333333333333,0.37482499999999996,17,-0.5000000000000004,0.8660254037844384,23,Kalimantan Barat,2023,11
0.0196,6.0,0.0044,6.0,5.75,0.0005,0.00073,0.0039000000000000003,0.0204,0.02,0.0195,0.0227,0.022,0.020000000000000004,0.0004000000000002432,-0.0008000000000000021,17.703425280048457,5.05,0.7996,74919.48,77.0,0.953,0.0176,0.4089,17.703425280048457,0.7996,0.953,0.0176,0.4089,17,-2.4492935982947064e-16,1.0,24,Kalimantan Barat,2023,12
0.0187,6.0,0.0275,6.0,6.0,0.0044,0.00063,0.0231,0.0196,0.0204,0.02,0.0251,0.0188,0.019566666666666666,0.000850490054811657,-0.000899999999999998,17.780182937887574,5.05,0.7903,77884.58,75.0,0.9775,0.0213,0.3918,1.481681911490631,0.06585833333333332,0.08145833333333333,0.0017749999999999999,0.03265,17,0.49999999999999994,0.8660254037844387,25,Kalimantan Barat,2024,1
0.0177,6.0,0.0256,6.0,6.0,0.0275,0.0005,-0.001899999999999999,0.0187,0.0196,0.0204,0.0205,0.0194,0.018666666666666668,0.0009504384952923296,-0.0010000000000000009,17.780182937887574,4.2,0.7903,77884.58,75.0,0.9775,0.0213,0.3918,2.963363822981262,0.13171666666666665,0.16291666666666665,0.0035499999999999998,0.0653,17,0.8660254037844386,0.5000000000000001,26,Kalimantan Barat,2024,2
0.0172,6.0,0.0251,6.0,6.0,0.0256,0.0044,-0.0005000000000000004,0.0177,0.0187,0.0196,0.0195,0.0203,0.01786666666666667,0.0007637626158261225,-0.0005000000000000004,17.780182937887574,4.2,0.7903,77884.58,75.0,0.9775,0.0213,0.3918,4.445045734471893,0.197575,0.244375,0.005325,0.09795,17,1.0,6.123233995736766e-17,27,Kalimantan Barat,2024,3
0.014,6.25,0.0272,6.0,6.0,0.0251,0.0275,0.0020999999999999977,0.0172,0.0177,0.0187,0.02,0.0194,0.016300000000000002,0.0020074859899885354,-0.0031999999999999997,17.780182937887574,4.2,0.7903,77884.58,75.0,0.9775,0.0213,0.3918,5.926727645962524,0.2634333333333333,0.3258333333333333,0.0070999999999999995,0.1306,17,0.8660254037844387,-0.4999999999999998,28,Kalimantan Barat,2024,4
0.016,6.25,0.0284,6.25,6.0,0.0272,0.0256,0.0012000000000000031,0.014,0.0172,0.0177,0.0204,0.0229,0.015733333333333335,0.0016165807537310323,0.002,17.780182937887574,4.2,0.7903,77884.58,75.0,0.9775,0.0213,0.3918,7.408409557453156,0.3292916666666667,0.4072916666666667,0.008875000000000001,0.16325,17,0.49999999999999994,-0.8660254037844387,29,Kalimantan Barat,2024,5
0.015,6.25,0.0228,6.25,6.0,0.0284,0.0251,-0.005600000000000001,0.016,0.014,0.0172,0.0196,0.0227,0.015000000000000005,0.0010000000000001353,-0.0010000000000000009,17.780182937887574,4.2,0.7903,77884.58,75.0,0.9775,0.0213,0.3918,8.890091468943787,0.39515,0.48875,0.01065,0.1959,17,1.2246467991473532e-16,-1.0,30,Kalimantan Barat,2024,6
0.0127,6.25,0.0158,6.25,6.25,0.0228,0.0272,-0.006999999999999999,0.015,0.016,0.014,0.0187,0.0251,0.01456666666666667,0.0016921386861996892,-0.0023,17.780182937887574,4.2,0.7903,77884.58,75.0,0.9775,0.0213,0.3918,10.37177338043442,0.46100833333333335,0.5702083333333334,0.012425,0.22855,17,-0.4999999999999997,-0.8660254037844388,31,Kalimantan Barat,2024,7
0.0118,6.25,0.0147,6.25,6.25,0.0158,0.0284,-0.001100000000000002,0.0127,0.015,0.016,0.0177,0.0205,0.013166666666666669,0.00165025250593163,-0.0008999999999999998,17.780182937887574,4.86,0.7903,77884.58,75.0,0.9775,0.0213,0.3918,11.853455291925048,0.5268666666666666,0.6516666666666666,0.014199999999999999,0.2612,17,-0.8660254037844385,-0.5000000000000004,32,Kalimantan Barat,2024,8
0.0129,6.0,0.0179,6.25,6.25,0.0147,0.0228,0.0031999999999999997,0.0118,0.0127,0.015,0.0172,0.0195,0.01246666666666667,0.0005859465277084874,0.0011000000000000003,17.780182937887574,4.86,0.7903,77884.58,75.0,0.9775,0.0213,0.3918,13.33513720341568,0.592725,0.733125,0.015975,0.29385,17,-1.0,-1.8369701987210297e-16,33,Kalimantan Barat,2024,9
0.0128,6.0,0.0158,6.0,6.25,0.0179,0.0158,-0.0020999999999999977,0.0129,0.0118,0.0127,0.014,0.02,0.012500000000000004,0.0006082762530300685,-9.99999999999994e-05,17.780182937887574,4.86,0.7903,77884.58,75.0,0.9775,0.0213,0.3918,14.816819114906313,0.6585833333333334,0.8145833333333334,0.017750000000000002,0.3265,17,-0.8660254037844386,0.5000000000000001,34,Kalimantan Barat,2024,10
0.0151,6.0,0.0161,6.0,6.25,0.0158,0.0147,0.0002999999999999982,0.0128,0.0129,0.0118,0.016,0.0204,0.013600000000000006,0.0013000000000001099,0.0023,17.780182937887574,4.86,0.7903,77884.58,75.0,0.9775,0.0213,0.3918,16.29850102639694,0.7244416666666667,0.8960416666666666,0.019524999999999997,0.35914999999999997,17,-0.5000000000000004,0.8660254037844384,35,Kalimantan Barat,2024,11
0.0152,6.0,0.0171,6.0,6.0,0.0161,0.0179,0.0010000000000000009,0.0151,0.0128,0.0129,0.015,0.0196,0.014366666666666672,0.0013576941236278545,9.99999999999994e-05,17.780182937887574,4.86,0.7903,77884.58,75.0,0.9775,0.0213,0.3918,17.780182937887574,0.7903,0.9775,0.0213,0.3918,17,-2.4492935982947064e-16,1.0,36,Kalimantan Barat,2024,12
0.0159,5.75,0.0015,6.0,6.0,0.0171,0.0158,-0.015600000000000001,0.0152,0.0151,0.0128,0.0127,0.0187,0.015400000000000004,0.0004358898943543664,0.000700000000000001,17.85828108464033,4.86,0.7937,81682.73,75.0,0.9342,0.0243,0.3915,1.488190090386694,0.06614166666666665,0.07785,0.002025,0.032625,17,0.49999999999999994,0.8660254037844387,37,Kalimantan Barat,2025,1
0.0153,5.75,0.0004,5.75,6.0,0.0015,0.0161,-0.0011,0.0159,0.0152,0.0151,0.0118,0.0177,0.01546666666666667,0.00037859388972036144,-0.0006000000000000016,17.85828108464033,4.23,0.7937,81682.73,75.0,0.9342,0.0243,0.3915,2.976380180773388,0.1322833333333333,0.1557,0.00405,0.06525,17,0.8660254037844386,0.5000000000000001,38,Kalimantan Barat,2025,2
0.0144,5.75,0.0094,5.75,6.0,0.0004,0.0171,0.009000000000000001,0.0153,0.0159,0.0152,0.0129,0.0172,0.015200000000000003,0.0007549834435272501,-0.0008999999999999998,17.85828108464033,4.23,0.7937,81682.73,75.0,0.9342,0.0243,0.3915,4.464570271160082,0.198425,0.23355,0.006075,0.097875,17,1.0,6.123233995736766e-17,39,Kalimantan Barat,2025,3
0.0161,5.75,0.012,5.75,5.75,0.0094,0.0015,0.0026,0.0144,0.0153,0.0159,0.0128,0.014,0.01526666666666667,0.0008504900548116926,0.0017000000000000001,17.85828108464033,4.23,0.7937,81682.73,75.0,0.9342,0.0243,0.3915,5.952760361546776,0.2645666666666666,0.3114,0.0081,0.1305,17,0.8660254037844387,-0.4999999999999998,40,Kalimantan Barat,2025,4
0.0182,5.75,0.0059,5.75,5.75,0.012,0.0004,-0.0061,0.0161,0.0144,0.0153,0.0151,0.016,0.016233333333333336,0.0019035055380359637,0.002100000000000001,17.85828108464033,4.23,0.7937,81682.73,75.0,0.9342,0.0243,0.3915,7.44095045193347,0.3307083333333333,0.38925000000000004,0.010125,0.16312500000000002,17,0.49999999999999994,-0.8660254037844387,41,Kalimantan Barat,2025,5
0.0154,5.5,0.012,5.75,5.75,0.0059,0.0094,0.0061,0.0182,0.0161,0.0144,0.0152,0.015,0.01656666666666667,0.0014571661996263766,-0.0028000000000000004,17.85828108464033,4.23,0.7937,81682.73,75.0,0.9342,0.0243,0.3915,8.929140542320164,0.39685,0.4671,0.01215,0.19575,17,1.2246467991473532e-16,-1.0,42,Kalimantan Barat,2025,6
0.0167,5.25,0.0214,5.5,5.75,0.012,0.012,0.009399999999999999,0.0154,0.0182,0.0161,0.0159,0.0127,0.01676666666666667,0.0014011899704656655,0.001299999999999999,17.85828108464033,4.23,0.7937,81682.73,75.0,0.9342,0.0243,0.3915,10.417330632706859,0.4629916666666667,0.54495,0.014175,0.22837500000000002,17,-0.4999999999999997,-0.8660254037844388,43,Kalimantan Barat,2025,7
0.0173,5.0,0.0213,5.25,5.75,0.0214,0.0059,-9.99999999999994e-05,0.0167,0.0154,0.0182,0.0153,0.0118,0.016466666666666668,0.0009712534856223564,0.0005999999999999998,17.85828108464033,4.82,0.7937,81682.73,75.0,0.9342,0.0243,0.3915,11.905520723093552,0.5291333333333332,0.6228,0.0162,0.261,17,-0.8660254037844385,-0.5000000000000004,44,Kalimantan Barat,2025,8
0.0202,4.75,0.0194,5.0,5.5,0.0213,0.012,-0.001899999999999999,0.0173,0.0167,0.0154,0.0144,0.0129,0.018066666666666665,0.0018717193521822523,0.0029,17.85828108464033,4.82,0.7937,81682.73,75.0,0.9342,0.0243,0.3915,13.393710813480247,0.595275,0.70065,0.018224999999999998,0.293625,17,-1.0,-1.8369701987210297e-16,45,Kalimantan Barat,2025,9
0.0186,4.75,0.0207,4.75,5.25,0.0194,0.0214,0.001299999999999999,0.0202,0.0173,0.0167,0.0161,0.0128,0.018700000000000005,0.001452583904633466,-0.0016000000000000007,17.85828108464033,4.82,0.7937,81682.73,75.0,0.9342,0.0243,0.3915,14.88190090386694,0.6614166666666667,0.7785000000000001,0.02025,0.32625000000000004,17,-0.8660254037844386,0.5000000000000001,46,Kalimantan Barat,2025,10
0.0164,4.75,0.0204,4.75,5.0,0.0207,0.0213,-0.0002999999999999982,0.0186,0.0202,0.0173,0.0182,0.0151,0.018400000000000003,0.001907878402833946,-0.002199999999999997,17.85828108464033,4.82,0.7937,81682.73,75.0,0.9342,0.0243,0.3915,16.370090994253633,0.7275583333333333,0.85635,0.022274999999999996,0.358875,17,-0.5000000000000004,0.8660254037844384,47,Kalimantan Barat,2025,11
0.0148,4.75,0.0185,4.75,4.75,0.0204,0.0194,-0.0019000000000000024,0.0164,0.0186,0.0202,0.0154,0.0152,0.0166,0.001907878402833955,-0.0016000000000000007,17.85828108464033,4.82,0.7937,81682.73,75.0,0.9342,0.0243,0.3915,17.85828108464033,0.7937,0.9342,0.0243,0.3915,17,-2.4492935982947064e-16,1.0,48,Kalimantan Barat,2025,12
0.019,5.75,0.0012,5.5,4.75,0.0025,-0.0004,-0.0013000000000000002,0.0217,0.0226,0.0208,0.0285,0.0232,0.021099999999999997,0.0018734993995195093,-0.002700000000000001,18.136605492427975,4.26,0.7351,39743.9,44.0,1.1834,0.0135,0.398,1.5113837910356644,0.06125833333333333,0.09861666666666666,0.001125,0.033166666666666664,18,0.49999999999999994,0.8660254037844387,13,Kalimantan Tengah,2023,1
0.0189,5.75,0.00105,5.75,5.25,0.0012,0.00145,-0.00014999999999999996,0.019,0.0217,0.0226,0.0313,0.0207,0.019866666666666668,0.0015885003409925001,-9.99999999999994e-05,18.136605492427975,3.84,0.7351,39743.9,44.0,1.1834,0.0135,0.398,3.022767582071329,0.12251666666666666,0.19723333333333332,0.00225,0.06633333333333333,18,0.8660254037844386,0.5000000000000001,14,Kalimantan Tengah,2023,2
0.02,5.75,0.00495,5.75,5.5,0.00105,0.0025,0.0039000000000000007,0.0189,0.019,0.0217,0.0338,0.0186,0.0193,0.000608276253029781,0.0011000000000000003,18.136605492427975,3.84,0.7351,39743.9,44.0,1.1834,0.0135,0.398,4.534151373106994,0.183775,0.29585,0.003375,0.0995,18,1.0,6.123233995736766e-17,15,Kalimantan Tengah,2023,3
0.0166,5.75,0.002,5.75,5.75,0.00495,0.0012,-0.0029500000000000004,0.02,0.0189,0.019,0.0208,0.0208,0.018500000000000003,0.0017349351572897298,-0.0034000000000000002,18.136605492427975,3.84,0.7351,39743.9,44.0,1.1834,0.0135,0.398,6.045535164142658,0.24503333333333333,0.39446666666666663,0.0045,0.13266666666666665,18,0.8660254037844387,-0.4999999999999998,16,Kalimantan Tengah,2023,4
0.023,5.75,0.00305,5.75,5.75,0.002,0.00105,0.0010500000000000002,0.0166,0.02,0.0189,0.0226,0.0208,0.019866666666666668,0.0032020826556060813,0.0063999999999999994,18.136605492427975,3.84,0.7351,39743.9,44.0,1.1834,0.0135,0.398,7.556918955178324,0.3062916666666667,0.4930833333333334,0.005625,0.16583333333333336,18,0.49999999999999994,-0.8660254037844387,17,Kalimantan Tengah,2023,5
0.0215,5.75,0.00265,5.75,5.75,0.00305,0.00495,-0.0004000000000000002,0.023,0.0166,0.02,0.0217,0.0247,0.02036666666666667,0.003347138081007908,-0.0015000000000000013,18.136605492427975,3.84,0.7351,39743.9,44.0,1.1834,0.0135,0.398,9.068302746213988,0.36755,0.5917,0.00675,0.199,18,1.2246467991473532e-16,-1.0,18,Kalimantan Tengah,2023,6
0.023,5.75,0.00125,5.75,5.75,0.00265,0.002,-0.0014,0.0215,0.023,0.0166,0.019,0.0285,0.022499999999999996,0.0008660254037844387,0.0015000000000000013,18.136605492427975,3.84,0.7351,39743.9,44.0,1.1834,0.0135,0.398,10.579686537249653,0.42880833333333335,0.6903166666666667,0.007875,0.2321666666666667,18,-0.4999999999999997,-0.8660254037844388,19,Kalimantan Tengah,2023,7
0.0176,5.75,-0.002,5.75,5.75,0.00125,0.00305,-0.0032500000000000003,0.023,0.0215,0.023,0.0189,0.0313,0.0207,0.002787471972953266,-0.0053999999999999986,18.136605492427975,4.1,0.7351,39743.9,44.0,1.1834,0.0135,0.398,12.091070328285316,0.49006666666666665,0.7889333333333333,0.009,0.2653333333333333,18,-0.8660254037844385,-0.5000000000000004,20,Kalimantan Tengah,2023,8
0.0199,5.75,0.0011,5.75,5.75,-0.002,0.00265,0.0031000000000000003,0.0176,0.023,0.0215,0.02,0.0338,0.020166666666666666,0.0027098585448936817,0.0023,18.136605492427975,4.1,0.7351,39743.9,44.0,1.1834,0.0135,0.398,13.602454119320981,0.551325,0.8875500000000001,0.010125,0.2985,18,-1.0,-1.8369701987210297e-16,21,Kalimantan Tengah,2023,9
0.019,6.0,0.00555,5.75,5.75,0.0011,0.00125,0.00445,0.0199,0.0176,0.023,0.0166,0.0208,0.018833333333333337,0.001159022576714228,-0.0009000000000000015,18.136605492427975,4.1,0.7351,39743.9,44.0,1.1834,0.0135,0.398,15.113837910356647,0.6125833333333334,0.9861666666666667,0.01125,0.3316666666666667,18,-0.8660254037844386,0.5000000000000001,22,Kalimantan Tengah,2023,10
0.0199,6.0,0.00215,6.0,5.75,0.00555,-0.002,-0.0034000000000000002,0.019,0.0199,0.0176,0.023,0.0226,0.019600000000000003,0.0005196152422706293,0.0009000000000000015,18.136605492427975,4.1,0.7351,39743.9,44.0,1.1834,0.0135,0.398,16.62522170139231,0.6738416666666667,1.0847833333333332,0.012374999999999999,0.36483333333333334,18,-0.5000000000000004,0.8660254037844384,23,Kalimantan Tengah,2023,11
0.0196,6.0,0.0029,6.0,5.75,0.00215,0.0011,0.0007499999999999998,0.0199,0.019,0.0199,0.0215,0.0217,0.0195,0.00045825756949554377,-0.00030000000000000165,18.136605492427975,4.1,0.7351,39743.9,44.0,1.1834,0.0135,0.398,18.136605492427975,0.7351,1.1834,0.0135,0.398,18,-2.4492935982947064e-16,1.0,24,Kalimantan Tengah,2023,12
0.0193,6.0,0.034,6.0,6.0,0.0029,0.00555,0.031100000000000003,0.0196,0.0199,0.019,0.023,0.019,0.0196,0.0002999999999999398,-0.0002999999999999982,18.18900086161587,4.1,0.824,43955.12,44.0,1.1421,0.0161,0.392,1.5157500718013224,0.06866666666666665,0.09517499999999998,0.0013416666666666666,0.03266666666666666,18,0.49999999999999994,0.8660254037844387,25,Kalimantan Tengah,2024,1
0.0188,6.0,0.0246,6.0,6.0,0.034,0.00215,-0.009400000000000002,0.0193,0.0196,0.0199,0.0176,0.0189,0.019233333333333335,0.0004041451884326908,-0.0005000000000000004,18.18900086161587,3.67,0.824,43955.12,44.0,1.1421,0.0161,0.392,3.0315001436026447,0.1373333333333333,0.19034999999999996,0.002683333333333333,0.06533333333333333,18,0.8660254037844386,0.5000000000000001,26,Kalimantan Tengah,2024,2
0.0207,6.0,0.0272,6.0,6.0,0.0246,0.0029,0.002599999999999998,0.0188,0.0193,0.0196,0.0199,0.02,0.0196,0.0009848857801795915,0.001899999999999999,18.18900086161587,3.67,0.824,43955.12,44.0,1.1421,0.0161,0.392,4.547250215403968,0.206,0.285525,0.004025,0.098,18,1.0,6.123233995736766e-17,27,Kalimantan Tengah,2024,3
0.0164,6.25,0.0299,6.0,6.0,0.0272,0.034,0.002700000000000001,0.0207,0.0188,0.0193,0.019,0.0166,0.018633333333333335,0.002154839514519187,-0.004299999999999998,18.18900086161587,3.67,0.824,43955.12,44.0,1.1421,0.0161,0.392,6.0630002872052895,0.2746666666666666,0.3806999999999999,0.005366666666666666,0.13066666666666665,18,0.8660254037844387,-0.4999999999999998,28,Kalimantan Tengah,2024,4
0.0189,6.25,0.0272,6.25,6.0,0.0299,0.0246,-0.002700000000000001,0.0164,0.0207,0.0188,0.0199,0.023,0.018666666666666668,0.0021594752448993912,0.0024999999999999988,18.18900086161587,3.67,0.824,43955.12,44.0,1.1421,0.0161,0.392,7.578750359006613,0.3433333333333333,0.475875,0.0067083333333333335,0.16333333333333336,18,0.49999999999999994,-0.8660254037844387,29,Kalimantan Tengah,2024,5
0.0183,6.25,0.0222,6.25,6.0,0.0272,0.0272,-0.0049999999999999975,0.0189,0.0164,0.0207,0.0196,0.0215,0.017866666666666666,0.0013051181300301074,-0.0005999999999999998,18.18900086161587,3.67,0.824,43955.12,44.0,1.1421,0.0161,0.392,9.094500430807935,0.412,0.57105,0.00805,0.196,18,1.2246467991473532e-16,-1.0,30,Kalimantan Tengah,2024,6
0.0141,6.25,0.0128,6.25,6.25,0.0222,0.0299,-0.0094,0.0183,0.0189,0.0164,0.0193,0.023,0.0171,0.002615339366124394,-0.004200000000000001,18.18900086161587,3.67,0.824,43955.12,44.0,1.1421,0.0161,0.392,10.610250502609258,0.4806666666666667,0.666225,0.009391666666666668,0.22866666666666668,18,-0.4999999999999997,-0.8660254037844388,31,Kalimantan Tengah,2024,7
0.0134,6.25,0.0129,6.25,6.25,0.0128,0.0272,9.99999999999994e-05,0.0141,0.0183,0.0189,0.0188,0.0176,0.015266666666666664,0.0026501572280401148,-0.0006999999999999992,18.18900086161587,4.01,0.824,43955.12,44.0,1.1421,0.0161,0.392,12.126000574410579,0.5493333333333332,0.7613999999999999,0.010733333333333333,0.2613333333333333,18,-0.8660254037844385,-0.5000000000000004,32,Kalimantan Tengah,2024,8
0.0144,6.0,0.0145,6.25,6.25,0.0129,0.0222,0.0016000000000000007,0.0134,0.0141,0.0183,0.0207,0.0199,0.013966666666666667,0.0005131601439446123,0.0009999999999999992,18.18900086161587,4.01,0.824,43955.12,44.0,1.1421,0.0161,0.392,13.641750646211904,0.618,0.8565749999999999,0.012074999999999999,0.29400000000000004,18,-1.0,-1.8369701987210297e-16,33,Kalimantan Tengah,2024,9
0.0145,6.0,0.0103,6.0,6.25,0.0145,0.0128,-0.004200000000000001,0.0144,0.0134,0.0141,0.0164,0.019,0.0141,0.000608276253029759,0.00010000000000000113,18.18900086161587,4.01,0.824,43955.12,44.0,1.1421,0.0161,0.392,15.157500718013226,0.6866666666666666,0.95175,0.013416666666666667,0.3266666666666667,18,-0.8660254037844386,0.5000000000000001,34,Kalimantan Tengah,2024,10
0.0149,6.0,0.0102,6.0,6.25,0.0103,0.0129,-9.99999999999994e-05,0.0145,0.0144,0.0134,0.0189,0.0199,0.0146,0.00026457513110631983,0.0003999999999999993,18.18900086161587,4.01,0.824,43955.12,44.0,1.1421,0.0161,0.392,16.673250789814546,0.7553333333333333,1.0469249999999999,0.014758333333333332,0.35933333333333334,18,-0.5000000000000004,0.8660254037844384,35,Kalimantan Tengah,2024,11
0.0191,6.0,0.0103,6.0,6.0,0.0102,0.0145,9.99999999999994e-05,0.0149,0.0145,0.0144,0.0183,0.0196,0.016166666666666666,0.0025482019804821715,0.004199999999999999,18.18900086161587,4.01,0.824,43955.12,44.0,1.1421,0.0161,0.392,18.18900086161587,0.824,1.1421,0.0161,0.392,18,-2.4492935982947064e-16,1.0,36,Kalimantan Tengah,2024,12
0.0181,5.75,0.0028,6.0,6.0,0.0103,0.0103,-0.0075,0.0191,0.0149,0.0145,0.0141,0.0193,0.017366666666666666,0.002193931022920563,-0.0009999999999999974,18.254980288174647,4.01,0.8957,47412.59,44.0,1.0799,0.0194,0.3858,1.5212483573478872,0.07464166666666666,0.08999166666666666,0.0016166666666666666,0.03215,18,0.49999999999999994,0.8660254037844387,37,Kalimantan Tengah,2025,1
0.0183,5.75,0.0028,5.75,6.0,0.0028,0.0102,0.0,0.0181,0.0191,0.0149,0.0134,0.0188,0.0185,0.0005291502622128595,0.0001999999999999988,18.254980288174647,3.47,0.8957,47412.59,44.0,1.0799,0.0194,0.3858,3.0424967146957744,0.14928333333333332,0.17998333333333333,0.0032333333333333333,0.0643,18,0.8660254037844386,0.5000000000000001,38,Kalimantan Tengah,2025,2
0.0183,5.75,0.0133,5.75,6.0,0.0028,0.0103,0.010499999999999999,0.0183,0.0181,0.0191,0.0144,0.0207,0.018233333333333334,0.00011547005383765934,0.0,18.254980288174647,3.47,0.8957,47412.59,44.0,1.0799,0.0194,0.3858,4.563745072043662,0.223925,0.269975,0.00485,0.09645,18,1.0,6.123233995736766e-17,39,Kalimantan Tengah,2025,3
0.0184,5.75,0.0121,5.75,5.75,0.0133,0.0028,-0.0011999999999999997,0.0183,0.0183,0.0181,0.0145,0.0164,0.01833333333333333,5.7735026918432004e-05,9.99999999999994e-05,18.254980288174647,3.47,0.8957,47412.59,44.0,1.0799,0.0194,0.3858,6.084993429391549,0.29856666666666665,0.35996666666666666,0.006466666666666667,0.1286,18,0.8660254037844387,-0.4999999999999998,40,Kalimantan Tengah,2025,4
0.0214,5.75,0.0046,5.75,5.75,0.0121,0.0028,-0.0075,0.0184,0.0183,0.0183,0.0149,0.0189,0.019366666666666667,0.0017616280348964916,0.002999999999999999,18.254980288174647,3.47,0.8957,47412.59,44.0,1.0799,0.0194,0.3858,7.606241786739436,0.37320833333333336,0.4499583333333334,0.008083333333333335,0.16075,18,0.49999999999999994,-0.8660254037844387,41,Kalimantan Tengah,2025,5
0.0149,5.5,0.0106,5.75,5.75,0.0046,0.0133,0.006,0.0214,0.0184,0.0183,0.0191,0.0183,0.018233333333333334,0.003253203549323845,-0.006499999999999999,18.254980288174647,3.47,0.8957,47412.59,44.0,1.0799,0.0194,0.3858,9.127490144087323,0.44785,0.53995,0.0097,0.1929,18,1.2246467991473532e-16,-1.0,42,Kalimantan Tengah,2025,6
0.0191,5.25,0.0213,5.5,5.75,0.0106,0.0121,0.0107,0.0149,0.0214,0.0184,0.0181,0.0141,0.018466666666666666,0.003295957119462155,0.004199999999999999,18.254980288174647,3.47,0.8957,47412.59,44.0,1.0799,0.0194,0.3858,10.648738501435211,0.5224916666666667,0.6299416666666667,0.011316666666666668,0.22505,18,-0.4999999999999997,-0.8660254037844388,43,Kalimantan Tengah,2025,7
0.0162,5.0,0.0208,5.25,5.75,0.0213,0.0046,-0.0005000000000000004,0.0191,0.0149,0.0214,0.0183,0.0134,0.016733333333333333,0.002150193789715999,-0.0029,18.254980288174647,3.97,0.8957,47412.59,44.0,1.0799,0.0194,0.3858,12.169986858783098,0.5971333333333333,0.7199333333333333,0.012933333333333333,0.2572,18,-0.8660254037844385,-0.5000000000000004,44,Kalimantan Tengah,2025,8
0.0207,4.75,0.0235,5.0,5.5,0.0208,0.0106,0.002700000000000001,0.0162,0.0191,0.0149,0.0183,0.0144,0.018666666666666665,0.002281081614790071,0.0045000000000000005,18.254980288174647,3.97,0.8957,47412.59,44.0,1.0799,0.0194,0.3858,13.691235216130984,0.671775,0.809925,0.01455,0.28935,18,-1.0,-1.8369701987210297e-16,45,Kalimantan Tengah,2025,9
0.0191,4.75,0.0273,4.75,5.25,0.0235,0.0213,0.0038000000000000013,0.0207,0.0162,0.0191,0.0184,0.0145,0.018666666666666665,0.002281081614790071,-0.0016000000000000007,18.254980288174647,3.97,0.8957,47412.59,44.0,1.0799,0.0194,0.3858,15.212483573478872,0.7464166666666667,0.8999166666666668,0.01616666666666667,0.3215,18,-0.8660254037844386,0.5000000000000001,46,Kalimantan Tengah,2025,10
0.0161,4.75,0.0256,4.75,5.0,0.0273,0.0208,-0.0017000000000000001,0.0191,0.0207,0.0162,0.0214,0.0149,0.01863333333333333,0.0023352373184182536,-0.002999999999999999,18.254980288174647,3.97,0.8957,47412.59,44.0,1.0799,0.0194,0.3858,16.73373193082676,0.8210583333333333,0.9899083333333334,0.01778333333333333,0.35364999999999996,18,-0.5000000000000004,0.8660254037844384,47,Kalimantan Tengah,2025,11
0.014,4.75,0.0313,4.75,4.75,0.0256,0.0235,0.0057,0.0161,0.0191,0.0207,0.0149,0.0191,0.016399999999999998,0.0025632011235952406,-0.0020999999999999994,18.254980288174647,3.97,0.8957,47412.59,44.0,1.0799,0.0194,0.3858,18.254980288174647,0.8957,1.0799,0.0194,0.3858,18,-2.4492935982947064e-16,1.0,48,Kalimantan Tengah,2025,12
0.0188,5.75,0.00425,5.5,4.75,0.0023,0.00155,0.0019500000000000003,0.0205,0.0219,0.0216,0.0248,0.024,0.0204,0.0015524174696260036,-0.0017000000000000001,19.18988114629771,5.71,0.7901,156245.26,112.0,0.6447,0.0189,0.3643,1.599156762191476,0.06584166666666666,0.053725,0.001575,0.030358333333333334,20,0.49999999999999994,0.8660254037844387,13,Kalimantan Timur,2023,1
0.0166,5.75,0.00135,5.75,5.25,0.00425,0.00145,-0.0029000000000000002,0.0188,0.0205,0.0219,0.0256,0.0212,0.018633333333333335,0.001955334583474994,-0.0022000000000000006,19.18988114629771,6.37,0.7901,156245.26,112.0,0.6447,0.0189,0.3643,3.198313524382952,0.13168333333333332,0.10745,0.00315,0.06071666666666667,20,0.8660254037844386,0.5000000000000001,14,Kalimantan Timur,2023,2
0.0187,5.75,0.00595,5.75,5.5,0.00135,0.0023,0.0046,0.0166,0.0188,0.0205,0.0268,0.0187,0.018033333333333332,0.0012423096769056112,0.002100000000000001,19.18988114629771,6.37,0.7901,156245.26,112.0,0.6447,0.0189,0.3643,4.797470286574428,0.197525,0.161175,0.004725,0.091075,20,1.0,6.123233995736766e-17,15,Kalimantan Timur,2023,3
0.0209,5.75,0.00425,5.75,5.75,0.00595,0.00425,-0.0017000000000000001,0.0187,0.0166,0.0188,0.0216,0.0186,0.018733333333333334,0.002150193789716016,0.002199999999999997,19.18988114629771,6.37,0.7901,156245.26,112.0,0.6447,0.0189,0.3643,6.396627048765904,0.26336666666666664,0.2149,0.0063,0.12143333333333334,20,0.8660254037844387,-0.4999999999999998,16,Kalimantan Timur,2023,4
0.0248,5.75,0.0022,5.75,5.75,0.00425,0.00135,-0.00205,0.0209,0.0187,0.0166,0.0219,0.0206,0.021466666666666665,0.003089228598426043,0.0039000000000000007,19.18988114629771,6.37,0.7901,156245.26,112.0,0.6447,0.0189,0.3643,7.99578381095738,0.3292083333333334,0.26862500000000006,0.007875,0.15179166666666669,20,0.49999999999999994,-0.8660254037844387,17,Kalimantan Timur,2023,5
0.0227,5.75,0.00165,5.75,5.75,0.0022,0.00595,-0.0005500000000000001,0.0248,0.0209,0.0187,0.0205,0.0219,0.0228,0.001951922129594317,-0.0020999999999999977,19.18988114629771,6.37,0.7901,156245.26,112.0,0.6447,0.0189,0.3643,9.594940573148856,0.39505,0.32235,0.00945,0.18215,20,1.2246467991473532e-16,-1.0,18,Kalimantan Timur,2023,6
0.0248,5.75,0.00435,5.75,5.75,0.00165,0.00425,0.0026999999999999997,0.0227,0.0248,0.0209,0.0188,0.0248,0.0241,0.0012124355652982223,0.0020999999999999977,19.18988114629771,6.37,0.7901,156245.26,112.0,0.6447,0.0189,0.3643,11.194097335340333,0.4608916666666667,0.37607500000000005,0.011025,0.21250833333333335,20,-0.4999999999999997,-0.8660254037844388,19,Kalimantan Timur,2023,7
0.0186,5.75,-0.0003,5.75,5.75,0.00435,0.0022,-0.00465,0.0248,0.0227,0.0248,0.0166,0.0256,0.022033333333333332,0.003153305144341938,-0.006200000000000001,19.18988114629771,5.31,0.7901,156245.26,112.0,0.6447,0.0189,0.3643,12.793254097531808,0.5267333333333333,0.4298,0.0126,0.24286666666666668,20,-0.8660254037844385,-0.5000000000000004,20,Kalimantan Timur,2023,8
0.0204,5.75,0.00105,5.75,5.75,-0.0003,0.00165,0.0013499999999999999,0.0186,0.0248,0.0227,0.0187,0.0268,0.021266666666666666,0.0031895663237081796,0.001800000000000003,19.18988114629771,5.31,0.7901,156245.26,112.0,0.6447,0.0189,0.3643,14.392410859723284,0.5925750000000001,0.48352500000000004,0.014175,0.273225,20,-1.0,-1.8369701987210297e-16,21,Kalimantan Timur,2023,9
0.0212,6.0,0.00185,5.75,5.75,0.00105,0.00435,0.0008000000000000001,0.0204,0.0186,0.0248,0.0209,0.0216,0.020066666666666667,0.0013316656236958624,0.0007999999999999986,19.18988114629771,5.31,0.7901,156245.26,112.0,0.6447,0.0189,0.3643,15.99156762191476,0.6584166666666668,0.5372500000000001,0.01575,0.30358333333333337,20,-0.8660254037844386,0.5000000000000001,22,Kalimantan Timur,2023,10
0.022,6.0,0.0037,6.0,5.75,0.00185,-0.0003,0.00185,0.0212,0.0204,0.0186,0.0248,0.0219,0.021199999999999997,0.0007999999999999833,0.0007999999999999986,19.18988114629771,5.31,0.7901,156245.26,112.0,0.6447,0.0189,0.3643,17.590724384106235,0.7242583333333333,0.590975,0.017325,0.3339416666666667,20,-0.5000000000000004,0.8660254037844384,23,Kalimantan Timur,2023,11
0.0217,6.0,0.004,6.0,5.75,0.0037,0.00105,0.0002999999999999999,0.022,0.0212,0.0204,0.0227,0.0205,0.021633333333333334,0.00040414518843271937,-0.0002999999999999982,19.18988114629771,5.31,0.7901,156245.26,112.0,0.6447,0.0189,0.3643,19.18988114629771,0.7901,0.6447,0.0189,0.3643,20,-2.4492935982947064e-16,1.0,24,Kalimantan Timur,2023,12
0.0222,6.0,0.0295,6.0,6.0,0.004,0.00185,0.0255,0.0217,0.022,0.0212,0.0248,0.0188,0.021966666666666666,0.0002516611478423462,0.0005000000000000004,19.172648567195232,5.31,0.8063,169406.11,110.0,0.6499,0.0198,0.3503,1.597720713932936,0.06719166666666666,0.054158333333333336,0.00165,0.029191666666666664,20,0.49999999999999994,0.8660254037844387,25,Kalimantan Timur,2024,1
0.0239,6.0,0.0328,6.0,6.0,0.0295,0.0037,0.0033000000000000043,0.0222,0.0217,0.022,0.0186,0.0166,0.0226,0.0011532562594670822,0.0017000000000000001,19.172648567195232,5.75,0.8063,169406.11,110.0,0.6499,0.0198,0.3503,3.195441427865872,0.13438333333333333,0.10831666666666667,0.0033,0.05838333333333333,20,0.8660254037844386,0.5000000000000001,26,Kalimantan Timur,2024,2
0.0242,6.0,0.0303,6.0,6.0,0.0328,0.004,-0.0025000000000000022,0.0239,0.0222,0.0217,0.0204,0.0187,0.023433333333333334,0.0010785793124909032,0.0002999999999999982,19.172648567195232,5.75,0.8063,169406.11,110.0,0.6499,0.0198,0.3503,4.793162141798808,0.201575,0.162475,0.00495,0.087575,20,1.0,6.123233995736766e-17,27,Kalimantan Timur,2024,3
0.0199,6.25,0.0321,6.0,6.0,0.0303,0.0295,0.001799999999999996,0.0242,0.0239,0.0222,0.0212,0.0209,0.02266666666666667,0.002400694344004114,-0.004299999999999998,19.172648567195232,5.75,0.8063,169406.11,110.0,0.6499,0.0198,0.3503,6.390882855731744,0.26876666666666665,0.21663333333333334,0.0066,0.11676666666666666,20,0.8660254037844387,-0.4999999999999998,28,Kalimantan Timur,2024,4
0.0226,6.25,0.0329,6.25,6.0,0.0321,0.0328,0.0008000000000000021,0.0199,0.0242,0.0239,0.022,0.0248,0.02223333333333333,0.002173323108360406,0.0026999999999999975,19.172648567195232,5.75,0.8063,169406.11,110.0,0.6499,0.0198,0.3503,7.98860356966468,0.33595833333333336,0.2707916666666667,0.00825,0.14595833333333333,20,0.49999999999999994,-0.8660254037844387,29,Kalimantan Timur,2024,5
0.0189,6.25,0.0299,6.25,6.0,0.0329,0.0303,-0.002999999999999999,0.0226,0.0199,0.0242,0.0217,0.0227,0.020466666666666664,0.0019139836293274115,-0.0036999999999999984,19.172648567195232,5.75,0.8063,169406.11,110.0,0.6499,0.0198,0.3503,9.586324283597616,0.40315,0.32495,0.0099,0.17515,20,1.2246467991473532e-16,-1.0,30,Kalimantan Timur,2024,6
0.0148,6.25,0.0218,6.25,6.25,0.0299,0.0321,-0.0081,0.0189,0.0226,0.0199,0.0222,0.0248,0.018766666666666664,0.003901709027251176,-0.0040999999999999995,19.172648567195232,5.75,0.8063,169406.11,110.0,0.6499,0.0198,0.3503,11.184044997530552,0.4703416666666667,0.3791083333333334,0.011550000000000001,0.20434166666666667,20,-0.4999999999999997,-0.8660254037844388,31,Kalimantan Timur,2024,7
0.0137,6.25,0.0213,6.25,6.25,0.0218,0.0329,-0.0005000000000000004,0.0148,0.0189,0.0226,0.0239,0.0186,0.015799999999999998,0.002740437921208939,-0.0011000000000000003,19.172648567195232,5.14,0.8063,169406.11,110.0,0.6499,0.0198,0.3503,12.781765711463487,0.5375333333333333,0.4332666666666667,0.0132,0.23353333333333332,20,-0.8660254037844385,-0.5000000000000004,32,Kalimantan Timur,2024,8
0.0147,6.0,0.0216,6.25,6.25,0.0213,0.0299,0.00030000000000000165,0.0137,0.0148,0.0189,0.0242,0.0204,0.014400000000000001,0.0006082762530297906,0.0009999999999999992,19.172648567195232,5.14,0.8063,169406.11,110.0,0.6499,0.0198,0.3503,14.379486425396424,0.604725,0.487425,0.014850000000000002,0.262725,20,-1.0,-1.8369701987210297e-16,33,Kalimantan Timur,2024,9
0.0154,6.0,0.0175,6.0,6.25,0.0216,0.0218,-0.0040999999999999995,0.0147,0.0137,0.0148,0.0199,0.0212,0.0146,0.0008544003745317313,0.000700000000000001,19.172648567195232,5.14,0.8063,169406.11,110.0,0.6499,0.0198,0.3503,15.97720713932936,0.6719166666666667,0.5415833333333334,0.0165,0.29191666666666666,20,-0.8660254037844386,0.5000000000000001,34,Kalimantan Timur,2024,10
0.0161,6.0,0.0154,6.0,6.25,0.0175,0.0213,-0.002100000000000001,0.0154,0.0147,0.0137,0.0226,0.022,0.015400000000000002,0.0006999999999999762,0.0006999999999999992,19.172648567195232,5.14,0.8063,169406.11,110.0,0.6499,0.0198,0.3503,17.574927853262295,0.7391083333333334,0.5957416666666667,0.01815,0.32110833333333333,20,-0.5000000000000004,0.8660254037844384,35,Kalimantan Timur,2024,11
0.017,6.0,0.0147,6.0,6.0,0.0154,0.0216,-0.000700000000000001,0.0161,0.0154,0.0147,0.0189,0.0217,0.016166666666666666,0.0008020806277010447,0.0009000000000000015,19.172648567195232,5.14,0.8063,169406.11,110.0,0.6499,0.0198,0.3503,19.172648567195232,0.8063,0.6499,0.0198,0.3503,20,-2.4492935982947064e-16,1.0,36,Kalimantan Timur,2024,12
0.0159,5.75,0.0021,6.0,6.0,0.0147,0.0175,-0.0126,0.017,0.0161,0.0154,0.0148,0.0222,0.016333333333333335,0.0005859465277082047,-0.0011000000000000003,19.154638718969846,5.14,0.8883,165206.04,110.0,0.6999,0.0212,0.3322,1.5962198932474871,0.074025,0.058324999999999995,0.0017666666666666666,0.02768333333333333,20,0.49999999999999994,0.8660254037844387,37,Kalimantan Timur,2025,1
0.0182,5.75,-0.003,5.75,6.0,0.0021,0.0154,-0.0051,0.0159,0.017,0.0161,0.0137,0.0239,0.017033333333333334,0.00115036226178248,0.0023,19.154638718969846,5.33,0.8883,165206.04,110.0,0.6999,0.0212,0.3322,3.1924397864949743,0.14805,0.11664999999999999,0.003533333333333333,0.05536666666666666,20,0.8660254037844386,0.5000000000000001,38,Kalimantan Timur,2025,2
0.0199,5.75,0.0136,5.75,6.0,-0.003,0.0147,0.0166,0.0182,0.0159,0.017,0.0147,0.0242,0.018000000000000002,0.0020074859899884647,0.0017000000000000001,19.154638718969846,5.33,0.8883,165206.04,110.0,0.6999,0.0212,0.3322,4.788659679742461,0.222075,0.174975,0.0053,0.08305,20,1.0,6.123233995736766e-17,39,Kalimantan Timur,2025,3
0.021,5.75,0.0157,5.75,5.75,0.0136,0.0021,0.0020999999999999994,0.0199,0.0182,0.0159,0.0154,0.0199,0.019700000000000006,0.0014106735979665735,0.0011000000000000003,19.154638718969846,5.33,0.8883,165206.04,110.0,0.6999,0.0212,0.3322,6.384879572989949,0.2961,0.23329999999999998,0.007066666666666666,0.11073333333333332,20,0.8660254037844387,-0.4999999999999998,40,Kalimantan Timur,2025,4
0.0221,5.75,0.0103,5.75,5.75,0.0157,-0.003,-0.0053999999999999986,0.021,0.0199,0.0182,0.0161,0.0226,0.021,0.0010999999999999792,0.0011000000000000003,19.154638718969846,5.33,0.8883,165206.04,110.0,0.6999,0.0212,0.3322,7.981099466237436,0.370125,0.291625,0.008833333333333334,0.13841666666666666,20,0.49999999999999994,-0.8660254037844387,41,Kalimantan Timur,2025,5
0.0194,5.5,0.0162,5.75,5.75,0.0103,0.0136,0.005899999999999999,0.0221,0.021,0.0199,0.017,0.0189,0.020833333333333332,0.0013576941236277359,-0.002700000000000001,19.154638718969846,5.33,0.8883,165206.04,110.0,0.6999,0.0212,0.3322,9.577319359484923,0.44415,0.34995,0.0106,0.1661,20,1.2246467991473532e-16,-1.0,42,Kalimantan Timur,2025,6
0.0188,5.25,0.0208,5.5,5.75,0.0162,0.0157,0.0046,0.0194,0.0221,0.021,0.0159,0.0148,0.020100000000000003,0.00175783958312468,-0.0005999999999999998,19.154638718969846,5.33,0.8883,165206.04,110.0,0.6999,0.0212,0.3322,11.17353925273241,0.518175,0.408275,0.012366666666666668,0.19378333333333334,20,-0.4999999999999997,-0.8660254037844388,43,Kalimantan Timur,2025,7
0.0166,5.0,0.0179,5.25,5.75,0.0208,0.0103,-0.0029,0.0188,0.0194,0.0221,0.0182,0.0137,0.018266666666666667,0.0014742229591663794,-0.0022000000000000006,19.154638718969846,5.18,0.8883,165206.04,110.0,0.6999,0.0212,0.3322,12.769759145979897,0.5922,0.46659999999999996,0.014133333333333333,0.22146666666666665,20,-0.8660254037844385,-0.5000000000000004,44,Kalimantan Timur,2025,8
0.0164,4.75,0.0177,5.0,5.5,0.0179,0.0162,-0.0001999999999999988,0.0166,0.0188,0.0194,0.0199,0.0147,0.01726666666666667,0.0013316656236958566,-0.0001999999999999988,19.154638718969846,5.18,0.8883,165206.04,110.0,0.6999,0.0212,0.3322,14.365979039227383,0.666225,0.524925,0.0159,0.24914999999999998,20,-1.0,-1.8369701987210297e-16,45,Kalimantan Timur,2025,9
0.016,4.75,0.0194,4.75,5.25,0.0177,0.0208,0.0017000000000000001,0.0164,0.0166,0.0188,0.021,0.0154,0.016333333333333335,0.00030550504633029184,-0.00040000000000000105,19.154638718969846,5.18,0.8883,165206.04,110.0,0.6999,0.0212,0.3322,15.962198932474871,0.74025,0.58325,0.017666666666666667,0.2768333333333333,20,-0.8660254037844386,0.5000000000000001,46,Kalimantan Timur,2025,10
0.0169,4.75,0.0228,4.75,5.0,0.0194,0.0179,0.0034000000000000002,0.016,0.0164,0.0166,0.0221,0.0161,0.016433333333333335,0.0004509249752822219,0.000899999999999998,19.154638718969846,5.18,0.8883,165206.04,110.0,0.6999,0.0212,0.3322,17.55841882572236,0.814275,0.6415749999999999,0.019433333333333334,0.30451666666666666,20,-0.5000000000000004,0.8660254037844384,47,Kalimantan Timur,2025,11
0.0163,4.75,0.0268,4.75,4.75,0.0228,0.0177,0.004,0.0169,0.016,0.0164,0.0194,0.017,0.016399999999999998,0.0004582575694955176,-0.0005999999999999998,19.154638718969846,5.18,0.8883,165206.04,110.0,0.6999,0.0212,0.3322,19.154638718969846,0.8883,0.6999,0.0212,0.3322,20,-2.4492935982947064e-16,1.0,48,Kalimantan Timur,2025,12
0.0226,5.75,0.0016,5.5,4.75,0.00593,0.00187,-0.0043300000000000005,0.023,0.0242,0.0203,0.0324,0.0291,0.023266666666666668,0.0008326663997864122,-0.00040000000000000105,17.97054248513246,4.74,0.7782,77407.31,71.0,0.8358,0.022,0.3612,1.4975452070943716,0.06484999999999999,0.06964999999999999,0.001833333333333333,0.030100000000000002,21,0.49999999999999994,0.8660254037844387,13,Kalimantan Selatan,2023,1
0.0212,5.75,0.00153,5.75,5.25,0.0016,0.00387,-7.000000000000018e-05,0.0226,0.023,0.0242,0.0337,0.024,0.022266666666666667,0.0009451631252504826,-0.0013999999999999985,17.97054248513246,3.95,0.7782,77407.31,71.0,0.8358,0.022,0.3612,2.995090414188743,0.12969999999999998,0.13929999999999998,0.003666666666666666,0.060200000000000004,21,0.8660254037844386,0.5000000000000001,14,Kalimantan Selatan,2023,2
0.0231,5.75,0.0077,5.75,5.5,0.00153,0.00593,0.00617,0.0212,0.0226,0.023,0.0346,0.0239,0.0223,0.0009848857801795729,0.001899999999999999,17.97054248513246,3.95,0.7782,77407.31,71.0,0.8358,0.022,0.3612,4.492635621283115,0.19455,0.20895,0.0055,0.0903,21,1.0,6.123233995736766e-17,15,Kalimantan Selatan,2023,3
0.0236,5.75,0.00233,5.75,5.75,0.0077,0.0016,-0.00537,0.0231,0.0212,0.0226,0.0203,0.0251,0.022633333333333335,0.00126622799421481,0.0005000000000000004,17.97054248513246,3.95,0.7782,77407.31,71.0,0.8358,0.022,0.3612,5.990180828377486,0.25939999999999996,0.27859999999999996,0.007333333333333332,0.12040000000000001,21,0.8660254037844387,-0.4999999999999998,16,Kalimantan Selatan,2023,4
0.0263,5.75,0.0019,5.75,5.75,0.00233,0.00153,-0.00043000000000000004,0.0236,0.0231,0.0212,0.0242,0.0244,0.024333333333333332,0.0017214335111566967,0.002700000000000001,17.97054248513246,3.95,0.7782,77407.31,71.0,0.8358,0.022,0.3612,7.487726035471858,0.32425000000000004,0.34825,0.009166666666666667,0.15050000000000002,21,0.49999999999999994,-0.8660254037844387,17,Kalimantan Selatan,2023,5
0.0247,5.75,0.0013,5.75,5.75,0.0019,0.0077,-0.0006000000000000001,0.0263,0.0236,0.0231,0.023,0.029,0.024866666666666665,0.0013576941236277313,-0.0016000000000000007,17.97054248513246,3.95,0.7782,77407.31,71.0,0.8358,0.022,0.3612,8.98527124256623,0.3891,0.4179,0.011,0.1806,21,1.2246467991473532e-16,-1.0,18,Kalimantan Selatan,2023,6
0.0274,5.75,0.0003,5.75,5.75,0.0013,0.00233,-0.001,0.0247,0.0263,0.0236,0.0226,0.0324,0.02613333333333333,0.0013576941236277333,0.002700000000000001,17.97054248513246,3.95,0.7782,77407.31,71.0,0.8358,0.022,0.3612,10.482816449660602,0.45395,0.48755000000000004,0.012833333333333334,0.21070000000000003,21,-0.4999999999999997,-0.8660254037844388,19,Kalimantan Selatan,2023,7
0.0229,5.75,-0.00093,5.75,5.75,0.0003,0.0019,-0.00123,0.0274,0.0247,0.0263,0.0212,0.0337,0.024999999999999998,0.0022649503305812112,-0.0045000000000000005,17.97054248513246,4.31,0.7782,77407.31,71.0,0.8358,0.022,0.3612,11.980361656754972,0.5187999999999999,0.5571999999999999,0.014666666666666665,0.24080000000000001,21,-0.8660254037844385,-0.5000000000000004,20,Kalimantan Selatan,2023,8
0.0217,5.75,0.00043,5.75,5.75,-0.00093,0.0013,0.00136,0.0229,0.0274,0.0247,0.0231,0.0346,0.023999999999999997,0.003004995840263333,-0.0011999999999999997,17.97054248513246,4.31,0.7782,77407.31,71.0,0.8358,0.022,0.3612,13.477906863849345,0.58365,0.62685,0.0165,0.27090000000000003,21,-1.0,-1.8369701987210297e-16,21,Kalimantan Selatan,2023,9
0.0235,6.0,0.00393,5.75,5.75,0.00043,0.0003,0.0035000000000000005,0.0217,0.0229,0.0274,0.0236,0.0203,0.0227,0.0009165151389911313,0.0017999999999999995,17.97054248513246,4.31,0.7782,77407.31,71.0,0.8358,0.022,0.3612,14.975452070943716,0.6485000000000001,0.6965,0.018333333333333333,0.30100000000000005,21,-0.8660254037844386,0.5000000000000001,22,Kalimantan Selatan,2023,10
0.0277,6.0,0.00413,6.0,5.75,0.00393,-0.00093,0.00019999999999999966,0.0235,0.0217,0.0229,0.0263,0.0242,0.0243,0.0030789608636681174,0.004199999999999999,17.97054248513246,4.31,0.7782,77407.31,71.0,0.8358,0.022,0.3612,16.472997278038086,0.7133499999999999,0.76615,0.020166666666666666,0.3311,21,-0.5000000000000004,0.8660254037844384,23,Kalimantan Selatan,2023,11
0.0252,6.0,0.00367,6.0,5.75,0.00413,0.00043,-0.0004599999999999999,0.0277,0.0235,0.0217,0.0247,0.023,0.025466666666666665,0.002112660250332089,-0.0024999999999999988,17.97054248513246,4.31,0.7782,77407.31,71.0,0.8358,0.022,0.3612,17.97054248513246,0.7782,0.8358,0.022,0.3612,21,-2.4492935982947064e-16,1.0,24,Kalimantan Selatan,2023,12
0.023,6.0,0.0279,6.0,6.0,0.00367,0.00393,0.02423,0.0252,0.0277,0.0235,0.0274,0.0226,0.0253,0.0023515952032609503,-0.0022000000000000006,18.022022417057123,4.31,0.7176,88274.75,70.0,0.8811,0.0216,0.307,1.501835201421427,0.0598,0.07342499999999999,0.0018,0.025583333333333333,21,0.49999999999999994,0.8660254037844387,25,Kalimantan Selatan,2024,1
0.0219,6.0,0.0227,6.0,6.0,0.0279,0.00413,-0.0052,0.023,0.0252,0.0277,0.0229,0.0212,0.023366666666666664,0.001680277754817116,-0.0011000000000000003,18.022022417057123,3.89,0.7176,88274.75,70.0,0.8811,0.0216,0.307,3.003670402842854,0.1196,0.14684999999999998,0.0036,0.051166666666666666,21,0.8660254037844386,0.5000000000000001,26,Kalimantan Selatan,2024,2
0.0221,6.0,0.0258,6.0,6.0,0.0227,0.00367,0.0030999999999999986,0.0219,0.023,0.0252,0.0217,0.0231,0.022333333333333334,0.0005859465277081598,0.00020000000000000226,18.022022417057123,3.89,0.7176,88274.75,70.0,0.8811,0.0216,0.307,4.505505604264281,0.1794,0.220275,0.0054,0.07675,21,1.0,6.123233995736766e-17,27,Kalimantan Selatan,2024,3
0.019,6.25,0.03,6.0,6.0,0.0258,0.0279,0.004199999999999999,0.0221,0.0219,0.023,0.0235,0.0236,0.021,0.001734935157289722,-0.003100000000000002,18.022022417057123,3.89,0.7176,88274.75,70.0,0.8811,0.0216,0.307,6.007340805685708,0.2392,0.29369999999999996,0.0072,0.10233333333333333,21,0.8660254037844387,-0.4999999999999998,28,Kalimantan Selatan,2024,4
0.02,6.25,0.0263,6.25,6.0,0.03,0.0227,-0.0036999999999999984,0.019,0.0221,0.0219,0.0277,0.0263,0.02036666666666667,0.0015821925715074142,0.0010000000000000009,18.022022417057123,3.89,0.7176,88274.75,70.0,0.8811,0.0216,0.307,7.5091760071071345,0.29900000000000004,0.36712500000000003,0.009000000000000001,0.12791666666666668,21,0.49999999999999994,-0.8660254037844387,29,Kalimantan Selatan,2024,5
0.0188,6.25,0.0234,6.25,6.0,0.0263,0.0258,-0.0029,0.02,0.019,0.0221,0.0252,0.0247,0.019266666666666668,0.0006429100507327858,-0.0011999999999999997,18.022022417057123,3.89,0.7176,88274.75,70.0,0.8811,0.0216,0.307,9.011011208528561,0.3588,0.44055,0.0108,0.1535,21,1.2246467991473532e-16,-1.0,30,Kalimantan Selatan,2024,6
0.0149,6.25,0.0185,6.25,6.25,0.0234,0.03,-0.004900000000000002,0.0188,0.02,0.019,0.023,0.0274,0.0179,0.002666458325194657,-0.0039000000000000007,18.022022417057123,3.89,0.7176,88274.75,70.0,0.8811,0.0216,0.307,10.512846409949988,0.4186,0.5139750000000001,0.012600000000000002,0.17908333333333334,21,-0.4999999999999997,-0.8660254037844388,31,Kalimantan Selatan,2024,7
0.014,6.25,0.0171,6.25,6.25,0.0185,0.0263,-0.0013999999999999985,0.0149,0.0188,0.02,0.0219,0.0229,0.0159,0.0025514701644345915,-0.0008999999999999998,18.022022417057123,4.2,0.7176,88274.75,70.0,0.8811,0.0216,0.307,12.014681611371415,0.4784,0.5873999999999999,0.0144,0.20466666666666666,21,-0.8660254037844385,-0.5000000000000004,32,Kalimantan Selatan,2024,8
0.0148,6.0,0.0198,6.25,6.25,0.0171,0.0234,0.002700000000000001,0.014,0.0149,0.0188,0.0221,0.0217,0.014566666666666667,0.0004932882862314913,0.0008000000000000004,18.022022417057123,4.2,0.7176,88274.75,70.0,0.8811,0.0216,0.307,13.516516812792842,0.5382,0.660825,0.0162,0.23025,21,-1.0,-1.8369701987210297e-16,33,Kalimantan Selatan,2024,9
0.0159,6.0,0.0181,6.0,6.25,0.0198,0.0185,-0.0017000000000000001,0.0148,0.014,0.0149,0.019,0.0235,0.014900000000000002,0.0009539392014168782,0.0011000000000000003,18.022022417057123,4.2,0.7176,88274.75,70.0,0.8811,0.0216,0.307,15.018352014214269,0.5980000000000001,0.7342500000000001,0.018000000000000002,0.25583333333333336,21,-0.8660254037844386,0.5000000000000001,34,Kalimantan Selatan,2024,10
0.0181,6.0,0.0201,6.0,6.25,0.0181,0.0171,0.0019999999999999983,0.0159,0.0148,0.014,0.02,0.0277,0.01626666666666667,0.0016802777548171062,0.0022000000000000006,18.022022417057123,4.2,0.7176,88274.75,70.0,0.8811,0.0216,0.307,16.520187215635694,0.6577999999999999,0.8076749999999999,0.0198,0.28141666666666665,21,-0.5000000000000004,0.8660254037844384,35,Kalimantan Selatan,2024,11
0.0204,6.0,0.0195,6.0,6.0,0.0201,0.0198,-0.0005999999999999998,0.0181,0.0159,0.0148,0.0188,0.0252,0.018133333333333335,0.0022501851775649996,0.0023,18.022022417057123,4.2,0.7176,88274.75,70.0,0.8811,0.0216,0.307,18.022022417057123,0.7176,0.8811,0.0216,0.307,21,-2.4492935982947064e-16,1.0,36,Kalimantan Selatan,2024,12
0.0194,5.75,0.0062,6.0,6.0,0.0195,0.0181,-0.0133,0.0204,0.0181,0.0159,0.0149,0.023,0.0193,0.001153256259467039,-0.0010000000000000009,18.072214870349125,4.2,0.6467,90939.27,71.0,0.9028,0.0257,0.2905,1.506017905862427,0.05389166666666667,0.07523333333333333,0.0021416666666666667,0.02420833333333333,21,0.49999999999999994,0.8660254037844387,37,Kalimantan Selatan,2025,1
0.0196,5.75,0.0025,5.75,6.0,0.0062,0.0201,-0.0036999999999999997,0.0194,0.0204,0.0181,0.014,0.0219,0.0198,0.0005291502622128362,0.0001999999999999988,18.072214870349125,3.94,0.6467,90939.27,71.0,0.9028,0.0257,0.2905,3.012035811724854,0.10778333333333334,0.15046666666666667,0.0042833333333333334,0.04841666666666666,21,0.8660254037844386,0.5000000000000001,38,Kalimantan Selatan,2025,2
0.0202,5.75,0.012,5.75,6.0,0.0025,0.0195,0.0095,0.0196,0.0194,0.0204,0.0148,0.0221,0.01973333333333333,0.0004163331998931204,0.0005999999999999998,18.072214870349125,3.94,0.6467,90939.27,71.0,0.9028,0.0257,0.2905,4.518053717587281,0.161675,0.2257,0.006425,0.072625,21,1.0,6.123233995736766e-17,39,Kalimantan Selatan,2025,3
0.0236,5.75,0.0157,5.75,5.75,0.012,0.0062,0.0036999999999999984,0.0202,0.0196,0.0194,0.0159,0.019,0.021133333333333327,0.0021571586249817796,0.0034000000000000002,18.072214870349125,3.94,0.6467,90939.27,71.0,0.9028,0.0257,0.2905,6.024071623449708,0.21556666666666668,0.30093333333333333,0.008566666666666667,0.09683333333333333,21,0.8660254037844387,-0.4999999999999998,40,Kalimantan Selatan,2025,4
0.0251,5.75,0.0125,5.75,5.75,0.0157,0.0025,-0.003199999999999998,0.0236,0.0202,0.0196,0.0181,0.02,0.022966666666666666,0.0025106440076867404,0.0015000000000000013,18.072214870349125,3.94,0.6467,90939.27,71.0,0.9028,0.0257,0.2905,7.530089529312136,0.26945833333333336,0.3761666666666667,0.010708333333333334,0.12104166666666666,21,0.49999999999999994,-0.8660254037844387,41,Kalimantan Selatan,2025,5
0.02,5.5,0.0181,5.75,5.75,0.0125,0.012,0.005600000000000001,0.0251,0.0236,0.0202,0.0204,0.0188,0.0229,0.002621068484416231,-0.0051,18.072214870349125,3.94,0.6467,90939.27,71.0,0.9028,0.0257,0.2905,9.036107435174562,0.32335,0.4514,0.01285,0.14525,21,1.2246467991473532e-16,-1.0,42,Kalimantan Selatan,2025,6
0.0216,5.25,0.0248,5.5,5.75,0.0181,0.0157,0.006699999999999998,0.02,0.0251,0.0236,0.0194,0.0149,0.022233333333333338,0.0026083200212652802,0.0016000000000000007,18.072214870349125,3.94,0.6467,90939.27,71.0,0.9028,0.0257,0.2905,10.542125341036991,0.3772416666666667,0.5266333333333334,0.014991666666666669,0.16945833333333332,21,-0.4999999999999997,-0.8660254037844388,43,Kalimantan Selatan,2025,7
0.0226,5.0,0.0268,5.25,5.75,0.0248,0.0125,0.0020000000000000018,0.0216,0.02,0.0251,0.0196,0.014,0.0214,0.0013114877048603817,0.0009999999999999974,18.072214870349125,4.16,0.6467,90939.27,71.0,0.9028,0.0257,0.2905,12.048143246899416,0.43113333333333337,0.6018666666666667,0.017133333333333334,0.19366666666666665,21,-0.8660254037844385,-0.5000000000000004,44,Kalimantan Selatan,2025,8
0.0238,4.75,0.0291,5.0,5.5,0.0268,0.0181,0.0023,0.0226,0.0216,0.02,0.0202,0.0148,0.022666666666666665,0.0011015141094572213,0.0012000000000000031,18.072214870349125,4.16,0.6467,90939.27,71.0,0.9028,0.0257,0.2905,13.554161152761843,0.48502500000000004,0.6771,0.019275,0.21787499999999999,21,-1.0,-1.8369701987210297e-16,45,Kalimantan Selatan,2025,9
0.0232,4.75,0.0311,4.75,5.25,0.0291,0.0248,0.0019999999999999983,0.0238,0.0226,0.0216,0.0236,0.0159,0.0232,0.0006000000000000195,-0.0006000000000000033,18.072214870349125,4.16,0.6467,90939.27,71.0,0.9028,0.0257,0.2905,15.060179058624271,0.5389166666666667,0.7523333333333334,0.021416666666666667,0.24208333333333332,21,-0.8660254037844386,0.5000000000000001,46,Kalimantan Selatan,2025,10
0.0222,4.75,0.0335,4.75,5.0,0.0311,0.0268,0.002400000000000003,0.0232,0.0238,0.0226,0.0251,0.0181,0.023066666666666666,0.0008082903768654865,-0.0009999999999999974,18.072214870349125,4.16,0.6467,90939.27,71.0,0.9028,0.0257,0.2905,16.566196964486696,0.5928083333333334,0.8275666666666667,0.023558333333333334,0.26629166666666665,21,-0.5000000000000004,0.8660254037844384,47,Kalimantan Selatan,2025,11
0.0208,4.75,0.0366,4.75,4.75,0.0335,0.0291,0.0030999999999999986,0.0222,0.0232,0.0238,0.02,0.0204,0.022066666666666665,0.0012055427546683348,-0.001400000000000002,18.072214870349125,4.16,0.6467,90939.27,71.0,0.9028,0.0257,0.2905,18.072214870349125,0.6467,0.9028,0.0257,0.2905,21,-2.4492935982947064e-16,1.0,48,Kalimantan Selatan,2025,12
0.0153,5.75,0.00505,5.5,4.75,0.0102,-0.00165,-0.005150000000000001,0.0164,0.0181,0.0181,0.0243,0.022,0.0166,0.0014106735979666218,-0.001100000000000002,17.976438424329526,6.61,0.7788,28351.02,61.0,1.7227,0.0247,0.274,1.4980365353607938,0.0649,0.14355833333333332,0.002058333333333333,0.022833333333333334,22,0.49999999999999994,0.8660254037844387,13,Sulawesi Utara,2023,1
0.0139,5.75,-0.00075,5.75,5.25,0.00505,0.0,-0.0058,0.0153,0.0164,0.0181,0.0244,0.0202,0.0152,0.0012529964086142153,-0.0014000000000000002,17.976438424329526,6.19,0.7788,28351.02,61.0,1.7227,0.0247,0.274,2.9960730707215877,0.1298,0.28711666666666663,0.004116666666666666,0.04566666666666667,22,0.8660254037844386,0.5000000000000001,14,Sulawesi Utara,2023,2
0.0209,5.75,0.0064,5.75,5.5,-0.00075,0.0102,0.00715,0.0139,0.0153,0.0164,0.0241,0.0179,0.016699999999999996,0.003704051835490438,0.006999999999999999,17.976438424329526,6.19,0.7788,28351.02,61.0,1.7227,0.0247,0.274,4.4941096060823815,0.1947,0.430675,0.006175,0.0685,22,1.0,6.123233995736766e-17,15,Sulawesi Utara,2023,3
0.0129,5.75,0.0012,5.75,5.75,0.0064,0.00505,-0.005200000000000001,0.0209,0.0139,0.0153,0.0181,0.018,0.015899999999999997,0.004358898943540684,-0.007999999999999998,17.976438424329526,6.19,0.7788,28351.02,61.0,1.7227,0.0247,0.274,5.992146141443175,0.2596,0.5742333333333333,0.008233333333333332,0.09133333333333334,22,0.8660254037844387,-0.4999999999999998,16,Sulawesi Utara,2023,4
0.0178,5.75,0.0003,5.75,5.75,0.0012,-0.00075,-0.0009,0.0129,0.0209,0.0139,0.0181,0.0184,0.0172,0.00403360880601975,0.0049,17.976438424329526,6.19,0.7788,28351.02,61.0,1.7227,0.0247,0.274,7.490182676803969,0.3245,0.7177916666666666,0.010291666666666668,0.11416666666666668,22,0.49999999999999994,-0.8660254037844387,17,Sulawesi Utara,2023,5
0.0181,5.75,0.00015,5.75,5.75,0.0003,0.0064,-0.00015,0.0178,0.0129,0.0209,0.0164,0.0217,0.016266666666666665,0.002919474838619683,0.00030000000000000165,17.976438424329526,6.19,0.7788,28351.02,61.0,1.7227,0.0247,0.274,8.988219212164763,0.3894,0.86135,0.01235,0.137,22,1.2246467991473532e-16,-1.0,18,Sulawesi Utara,2023,6
0.0199,5.75,0.0008,5.75,5.75,0.00015,0.0012,0.0006500000000000001,0.0181,0.0178,0.0129,0.0153,0.0243,0.018600000000000002,0.0011357816691600787,0.0017999999999999995,17.976438424329526,6.19,0.7788,28351.02,61.0,1.7227,0.0247,0.274,10.486255747525558,0.45430000000000004,1.0049083333333333,0.014408333333333334,0.15983333333333336,22,-0.4999999999999997,-0.8660254037844388,19,Sulawesi Utara,2023,7
0.0134,5.75,-0.00095,5.75,5.75,0.0008,0.0003,-0.00175,0.0199,0.0181,0.0178,0.0139,0.0244,0.017133333333333334,0.003356088993655177,-0.006500000000000001,17.976438424329526,6.1,0.7788,28351.02,61.0,1.7227,0.0247,0.274,11.98429228288635,0.5192,1.1484666666666665,0.016466666666666664,0.18266666666666667,22,-0.8660254037844385,-0.5000000000000004,20,Sulawesi Utara,2023,8
0.0144,5.75,-0.00125,5.75,5.75,-0.00095,0.00015,-0.00030000000000000003,0.0134,0.0199,0.0181,0.0209,0.0241,0.0159,0.003500000000000016,0.0009999999999999992,17.976438424329526,6.1,0.7788,28351.02,61.0,1.7227,0.0247,0.274,13.482328818247144,0.5841000000000001,1.292025,0.018525,0.20550000000000002,22,-1.0,-1.8369701987210297e-16,21,Sulawesi Utara,2023,9
0.0165,6.0,0.00765,5.75,5.75,-0.00125,0.0008,0.0089,0.0144,0.0134,0.0199,0.0129,0.0181,0.01476666666666667,0.0015821925715074853,0.002100000000000001,17.976438424329526,6.1,0.7788,28351.02,61.0,1.7227,0.0247,0.274,14.980365353607938,0.649,1.4355833333333332,0.020583333333333335,0.22833333333333336,22,-0.8660254037844386,0.5000000000000001,22,Sulawesi Utara,2023,10
0.015,6.0,0.00425,6.0,5.75,0.00765,-0.00095,-0.0033999999999999994,0.0165,0.0144,0.0134,0.0178,0.0181,0.0153,0.001081665382639254,-0.0015000000000000013,17.976438424329526,6.1,0.7788,28351.02,61.0,1.7227,0.0247,0.274,16.478401888968733,0.7139,1.5791416666666664,0.022641666666666664,0.25116666666666665,22,-0.5000000000000004,0.8660254037844384,23,Sulawesi Utara,2023,11
0.0151,6.0,0.0081,6.0,5.75,0.00425,-0.00125,0.0038499999999999993,0.015,0.0165,0.0144,0.0181,0.0164,0.015533333333333335,0.0008386497083606782,0.00010000000000000113,17.976438424329526,6.1,0.7788,28351.02,61.0,1.7227,0.0247,0.274,17.976438424329526,0.7788,1.7227,0.0247,0.274,22,-2.4492935982947064e-16,1.0,24,Sulawesi Utara,2023,12
0.0153,6.0,0.0381,6.0,6.0,0.0081,0.00765,0.030000000000000002,0.0151,0.015,0.0165,0.0199,0.0153,0.015133333333333334,0.00015275252316561478,0.0001999999999999988,18.054705543530613,6.1,0.7181,28247.96,60.0,1.8325,0.0209,0.2614,1.5045587952942177,0.05984166666666666,0.15270833333333333,0.0017416666666666665,0.021783333333333335,22,0.49999999999999994,0.8660254037844387,25,Sulawesi Utara,2024,1
0.0135,6.0,0.0355,6.0,6.0,0.0381,0.00425,-0.002600000000000005,0.0153,0.0151,0.015,0.0134,0.0139,0.014633333333333333,0.0009865765724633212,-0.0017999999999999995,18.054705543530613,5.98,0.7181,28247.96,60.0,1.8325,0.0209,0.2614,3.0091175905884353,0.11968333333333332,0.30541666666666667,0.003483333333333333,0.04356666666666667,22,0.8660254037844386,0.5000000000000001,26,Sulawesi Utara,2024,2
0.0125,6.0,0.0382,6.0,6.0,0.0355,0.0081,0.002700000000000001,0.0135,0.0153,0.0151,0.0144,0.0209,0.013766666666666668,0.0014189197769195752,-0.0009999999999999992,18.054705543530613,5.98,0.7181,28247.96,60.0,1.8325,0.0209,0.2614,4.513676385882653,0.179525,0.458125,0.005225,0.06535,22,1.0,6.123233995736766e-17,27,Sulawesi Utara,2024,3
0.0116,6.25,0.0424,6.0,6.0,0.0382,0.0381,0.004200000000000002,0.0125,0.0135,0.0153,0.0165,0.0129,0.012533333333333334,0.0009504384952923212,-0.0009000000000000015,18.054705543530613,5.98,0.7181,28247.96,60.0,1.8325,0.0209,0.2614,6.018235181176871,0.23936666666666664,0.6108333333333333,0.006966666666666666,0.08713333333333334,22,0.8660254037844387,-0.4999999999999998,28,Sulawesi Utara,2024,4
0.0137,6.25,0.0415,6.25,6.0,0.0424,0.0355,-0.000899999999999998,0.0116,0.0125,0.0135,0.015,0.0178,0.012600000000000002,0.0010535653752853677,0.002100000000000001,18.054705543530613,5.98,0.7181,28247.96,60.0,1.8325,0.0209,0.2614,7.522793976471089,0.29920833333333335,0.7635416666666667,0.008708333333333334,0.10891666666666668,22,0.49999999999999994,-0.8660254037844387,29,Sulawesi Utara,2024,5
0.0112,6.25,0.0442,6.25,6.0,0.0415,0.0382,0.002700000000000001,0.0137,0.0116,0.0125,0.0151,0.0181,0.012166666666666668,0.00134288247189899,-0.0025000000000000005,18.054705543530613,5.98,0.7181,28247.96,60.0,1.8325,0.0209,0.2614,9.027352771765306,0.35905,0.91625,0.01045,0.1307,22,1.2246467991473532e-16,-1.0,30,Sulawesi Utara,2024,6
0.0109,6.25,0.0403,6.25,6.25,0.0442,0.0424,-0.0039000000000000007,0.0112,0.0137,0.0116,0.0153,0.0199,0.011933333333333332,0.001537313674346764,-0.0002999999999999999,18.054705543530613,5.98,0.7181,28247.96,60.0,1.8325,0.0209,0.2614,10.531911567059526,0.41889166666666666,1.0689583333333335,0.012191666666666667,0.15248333333333336,22,-0.4999999999999997,-0.8660254037844388,31,Sulawesi Utara,2024,7
0.0101,6.25,0.0429,6.25,6.25,0.0403,0.0415,0.002599999999999998,0.0109,0.0112,0.0137,0.0135,0.0134,0.010733333333333336,0.0005686240703079513,-0.0008000000000000004,18.054705543530613,5.85,0.7181,28247.96,60.0,1.8325,0.0209,0.2614,12.036470362353741,0.4787333333333333,1.2216666666666667,0.013933333333333332,0.17426666666666668,22,-0.8660254037844385,-0.5000000000000004,32,Sulawesi Utara,2024,8
0.0109,6.0,0.0366,6.25,6.25,0.0429,0.0442,-0.0063,0.0101,0.0109,0.0112,0.0125,0.0144,0.010633333333333335,0.0004618802153519728,0.0008000000000000004,18.054705543530613,5.85,0.7181,28247.96,60.0,1.8325,0.0209,0.2614,13.541029157647959,0.538575,1.3743750000000001,0.015674999999999998,0.19605,22,-1.0,-1.8369701987210297e-16,33,Sulawesi Utara,2024,9
0.0121,6.0,0.0258,6.0,6.25,0.0366,0.0403,-0.0108,0.0109,0.0101,0.0109,0.0116,0.0165,0.011033333333333334,0.0010066445913695513,0.0011999999999999997,18.054705543530613,5.85,0.7181,28247.96,60.0,1.8325,0.0209,0.2614,15.045587952942178,0.5984166666666667,1.5270833333333333,0.017416666666666667,0.21783333333333335,22,-0.8660254037844386,0.5000000000000001,34,Sulawesi Utara,2024,10
0.0131,6.0,0.0212,6.0,6.25,0.0258,0.0429,-0.0046,0.0121,0.0109,0.0101,0.0137,0.015,0.012033333333333335,0.0011015141094573126,0.0010000000000000009,18.054705543530613,5.85,0.7181,28247.96,60.0,1.8325,0.0209,0.2614,16.550146748236394,0.6582583333333333,1.6797916666666666,0.019158333333333333,0.23961666666666667,22,-0.5000000000000004,0.8660254037844384,35,Sulawesi Utara,2024,11
0.0131,6.0,0.0044,6.0,6.0,0.0212,0.0366,-0.0168,0.0131,0.0121,0.0109,0.0112,0.0151,0.01276666666666667,0.0005773502691897792,0.0,18.054705543530613,5.85,0.7181,28247.96,60.0,1.8325,0.0209,0.2614,18.054705543530613,0.7181,1.8325,0.0209,0.2614,22,-2.4492935982947064e-16,1.0,36,Sulawesi Utara,2024,12
0.0141,5.75,-0.0025,6.0,6.0,0.0044,0.0258,-0.0069,0.0131,0.0131,0.0121,0.0109,0.0153,0.013433333333333334,0.0005773502691897582,0.0009999999999999992,18.136127106175117,5.85,0.7384,31083.56,59.0,1.6875,0.0238,0.2597,1.511343925514593,0.06153333333333333,0.140625,0.0019833333333333335,0.021641666666666663,22,0.49999999999999994,0.8660254037844387,37,Sulawesi Utara,2025,1
0.0196,5.75,-0.0015,5.75,6.0,-0.0025,0.0212,0.001,0.0141,0.0131,0.0131,0.0101,0.0135,0.015600000000000003,0.0035000000000000105,0.0055,18.136127106175117,6.03,0.7384,31083.56,59.0,1.6875,0.0238,0.2597,3.022687851029186,0.12306666666666666,0.28125,0.003966666666666667,0.043283333333333326,22,0.8660254037844386,0.5000000000000001,38,Sulawesi Utara,2025,2
0.0164,5.75,0.0141,5.75,6.0,-0.0015,0.0044,0.0156,0.0196,0.0141,0.0131,0.0109,0.0125,0.016700000000000003,0.0027622454633866333,-0.003199999999999998,18.136127106175117,6.03,0.7384,31083.56,59.0,1.6875,0.0238,0.2597,4.534031776543779,0.1846,0.421875,0.00595,0.064925,22,1.0,6.123233995736766e-17,39,Sulawesi Utara,2025,3
0.0178,5.75,0.0227,5.75,5.75,0.0141,-0.0025,0.008600000000000002,0.0164,0.0196,0.0141,0.0121,0.0116,0.017933333333333332,0.0016041612554021241,0.0013999999999999985,18.136127106175117,6.03,0.7384,31083.56,59.0,1.6875,0.0238,0.2597,6.045375702058372,0.24613333333333332,0.5625,0.007933333333333334,0.08656666666666665,22,0.8660254037844387,-0.4999999999999998,40,Sulawesi Utara,2025,4
0.0158,5.75,0.0153,5.75,5.75,0.0227,-0.0015,-0.007400000000000002,0.0178,0.0164,0.0196,0.0131,0.0137,0.016666666666666666,0.001026320287889393,-0.0019999999999999983,18.136127106175117,6.03,0.7384,31083.56,59.0,1.6875,0.0238,0.2597,7.556719627572965,0.30766666666666664,0.703125,0.009916666666666667,0.10820833333333334,22,0.49999999999999994,-0.8660254037844387,41,Sulawesi Utara,2025,5
0.0135,5.5,0.0171,5.75,5.75,0.0153,0.0141,0.0018000000000000013,0.0158,0.0178,0.0164,0.0131,0.0112,0.015700000000000002,0.002151743479135018,-0.0023000000000000017,18.136127106175117,6.03,0.7384,31083.56,59.0,1.6875,0.0238,0.2597,9.068063553087558,0.3692,0.84375,0.0119,0.12985,22,1.2246467991473532e-16,-1.0,42,Sulawesi Utara,2025,6
0.0139,5.25,0.0204,5.5,5.75,0.0171,0.0227,0.003300000000000001,0.0135,0.0158,0.0178,0.0141,0.0109,0.014400000000000001,0.0012288205727444999,0.0003999999999999993,18.136127106175117,6.03,0.7384,31083.56,59.0,1.6875,0.0238,0.2597,10.579407478602151,0.4307333333333333,0.9843750000000001,0.013883333333333336,0.15149166666666666,22,-0.4999999999999997,-0.8660254037844388,43,Sulawesi Utara,2025,7
0.0147,5.0,0.0094,5.25,5.75,0.0204,0.0153,-0.011000000000000001,0.0139,0.0135,0.0158,0.0196,0.0101,0.014033333333333333,0.0006110100926608853,0.0008000000000000004,18.136127106175117,5.99,0.7384,31083.56,59.0,1.6875,0.0238,0.2597,12.090751404116745,0.49226666666666663,1.125,0.015866666666666668,0.1731333333333333,22,-0.8660254037844385,-0.5000000000000004,44,Sulawesi Utara,2025,8
0.0176,4.75,0.0157,5.0,5.5,0.0094,0.0171,0.006299999999999998,0.0147,0.0139,0.0135,0.0164,0.0109,0.015400000000000002,0.0019467922333931999,0.0029000000000000015,18.136127106175117,5.99,0.7384,31083.56,59.0,1.6875,0.0238,0.2597,13.602095329631338,0.5538,1.265625,0.01785,0.19477499999999998,22,-1.0,-1.8369701987210297e-16,45,Sulawesi Utara,2025,9
0.021,4.75,0.0148,4.75,5.25,0.0157,0.0204,-0.000899999999999998,0.0176,0.0147,0.0139,0.0178,0.0121,0.017766666666666667,0.003153305144341938,0.0034000000000000002,18.136127106175117,5.99,0.7384,31083.56,59.0,1.6875,0.0238,0.2597,15.11343925514593,0.6153333333333333,1.40625,0.019833333333333335,0.21641666666666667,22,-0.8660254037844386,0.5000000000000001,46,Sulawesi Utara,2025,10
0.0271,4.75,0.0065,4.75,5.0,0.0148,0.0094,-0.008300000000000002,0.021,0.0176,0.0147,0.0158,0.0131,0.021900000000000003,0.004813522618623477,0.006099999999999998,18.136127106175117,5.99,0.7384,31083.56,59.0,1.6875,0.0238,0.2597,16.624783180660522,0.6768666666666666,1.546875,0.021816666666666668,0.23805833333333332,22,-0.5000000000000004,0.8660254037844384,47,Sulawesi Utara,2025,11
0.0267,4.75,0.0123,4.75,4.75,0.0065,0.0157,0.0058000000000000005,0.0271,0.021,0.0176,0.0135,0.0131,0.024933333333333335,0.0034122328955294126,-0.0003999999999999976,18.136127106175117,5.99,0.7384,31083.56,59.0,1.6875,0.0238,0.2597,18.136127106175117,0.7384,1.6875,0.0238,0.2597,22,-2.4492935982947064e-16,1.0,48,Sulawesi Utara,2025,12
0.0106,5.75,0.0029,5.5,4.75,0.0068,0.0001,-0.0039,0.0145,0.014,0.014,0.0209,0.012,0.013033333333333334,0.0021221058723196033,-0.0039000000000000007,17.56126644171991,2.58,0.7988,5998.75,19.0,2.9248,0.0538,0.8355,1.4634388701433256,0.06656666666666666,0.2437333333333333,0.004483333333333333,0.06962499999999999,23,0.49999999999999994,0.8660254037844387,13,Gorontalo,2023,1
0.0091,5.75,-0.003,5.75,5.25,0.0029,-0.0005,-0.0059,0.0106,0.0145,0.014,0.0215,0.0106,0.0114,0.002787471972953276,-0.0014999999999999996,17.56126644171991,3.07,0.7988,5998.75,19.0,2.9248,0.0538,0.8355,2.9268777402866513,0.13313333333333333,0.4874666666666666,0.008966666666666666,0.13924999999999998,23,0.8660254037844386,0.5000000000000001,14,Gorontalo,2023,2
0.0098,5.75,0.002,5.75,5.5,-0.003,0.0068,0.005,0.0091,0.0106,0.0145,0.0199,0.0116,0.009833333333333335,0.0007505553499465419,0.0006999999999999992,17.56126644171991,3.07,0.7988,5998.75,19.0,2.9248,0.0538,0.8355,4.390316610429977,0.1997,0.7312,0.01345,0.208875,23,1.0,6.123233995736766e-17,15,Gorontalo,2023,3
0.0129,5.75,0.0002,5.75,5.75,0.002,0.0029,-0.0018,0.0098,0.0091,0.0106,0.014,0.0137,0.0106,0.002022374841615678,0.0031000000000000003,17.56126644171991,3.07,0.7988,5998.75,19.0,2.9248,0.0538,0.8355,5.8537554805733025,0.26626666666666665,0.9749333333333332,0.017933333333333332,0.27849999999999997,23,0.8660254037844387,-0.4999999999999998,16,Gorontalo,2023,4
0.0145,5.75,0.0008,5.75,5.75,0.0002,-0.003,0.0006000000000000001,0.0129,0.0098,0.0091,0.014,0.0178,0.0124,0.002389560629069711,0.0016000000000000007,17.56126644171991,3.07,0.7988,5998.75,19.0,2.9248,0.0538,0.8355,7.317194350716629,0.3328333333333333,1.2186666666666666,0.022416666666666668,0.348125,23,0.49999999999999994,-0.8660254037844387,17,Gorontalo,2023,5
0.0106,5.75,0.0059,5.75,5.75,0.0008,0.002,0.0050999999999999995,0.0145,0.0129,0.0098,0.0145,0.0202,0.012666666666666666,0.0019604421270043564,-0.0039000000000000007,17.56126644171991,3.07,0.7988,5998.75,19.0,2.9248,0.0538,0.8355,8.780633220859954,0.3994,1.4624,0.0269,0.41775,23,1.2246467991473532e-16,-1.0,18,Gorontalo,2023,6
0.012,5.75,0.0025,5.75,5.75,0.0059,0.0002,-0.0034,0.0106,0.0145,0.0129,0.0106,0.0209,0.012366666666666666,0.0019756855350316674,0.0014000000000000002,17.56126644171991,3.07,0.7988,5998.75,19.0,2.9248,0.0538,0.8355,10.24407209100328,0.4659666666666667,1.7061333333333333,0.03138333333333333,0.48737500000000006,23,-0.4999999999999997,-0.8660254037844388,19,Gorontalo,2023,7
0.0094,5.75,-0.0025,5.75,5.75,0.0025,0.0008,-0.005,0.012,0.0106,0.0145,0.0091,0.0215,0.010666666666666666,0.001301281419729556,-0.0026,17.56126644171991,3.06,0.7988,5998.75,19.0,2.9248,0.0538,0.8355,11.707510961146605,0.5325333333333333,1.9498666666666664,0.035866666666666665,0.5569999999999999,23,-0.8660254037844385,-0.5000000000000004,20,Gorontalo,2023,8
0.0104,5.75,-0.0035,5.75,5.75,-0.0025,0.0059,-0.001,0.0094,0.012,0.0106,0.0098,0.0199,0.0106,0.0013114877048604138,0.0009999999999999992,17.56126644171991,3.06,0.7988,5998.75,19.0,2.9248,0.0538,0.8355,13.170949831289931,0.5991,2.1936,0.04035,0.626625,23,-1.0,-1.8369701987210297e-16,21,Gorontalo,2023,9
0.0107,6.0,0.01,5.75,5.75,-0.0035,0.0025,0.0135,0.0104,0.0094,0.012,0.0129,0.014,0.010166666666666666,0.0006806859285554302,0.0002999999999999999,17.56126644171991,3.06,0.7988,5998.75,19.0,2.9248,0.0538,0.8355,14.634388701433258,0.6656666666666666,2.437333333333333,0.044833333333333336,0.69625,23,-0.8660254037844386,0.5000000000000001,22,Gorontalo,2023,10
0.0108,6.0,0.0098,6.0,5.75,0.01,-0.0025,-0.00020000000000000052,0.0107,0.0104,0.0094,0.0145,0.014,0.010633333333333333,0.00020816659994670085,0.00010000000000000113,17.56126644171991,3.06,0.7988,5998.75,19.0,2.9248,0.0538,0.8355,16.09782757157658,0.7322333333333333,2.6810666666666663,0.04931666666666667,0.765875,23,-0.5000000000000004,0.8660254037844384,23,Gorontalo,2023,11
0.0111,6.0,0.0132,6.0,5.75,0.0098,-0.0035,0.0034000000000000002,0.0108,0.0107,0.0104,0.0106,0.0145,0.010866666666666669,0.0002081665999467013,0.0002999999999999999,17.56126644171991,3.06,0.7988,5998.75,19.0,2.9248,0.0538,0.8355,17.56126644171991,0.7988,2.9248,0.0538,0.8355,23,-2.4492935982947064e-16,1.0,24,Gorontalo,2023,12
0.011,6.0,0.044,6.0,6.0,0.0132,0.01,0.030799999999999998,0.0111,0.0108,0.0107,0.012,0.0106,0.010966666666666666,0.00015275252316531356,-0.00010000000000000113,17.609583013706345,3.06,0.6436,6108.53,19.0,2.8602,0.0343,0.9037,1.4674652511421953,0.053633333333333325,0.23834999999999998,0.002858333333333333,0.07530833333333332,23,0.49999999999999994,0.8660254037844387,25,Gorontalo,2024,1
0.0097,6.0,0.0373,6.0,6.0,0.044,0.0098,-0.006699999999999998,0.011,0.0111,0.0108,0.0094,0.0091,0.0106,0.0007810249675906886,-0.001299999999999999,17.609583013706345,3.05,0.6436,6108.53,19.0,2.8602,0.0343,0.9037,2.9349305022843906,0.10726666666666665,0.47669999999999996,0.005716666666666666,0.15061666666666665,23,0.8660254037844386,0.5000000000000001,26,Gorontalo,2024,2
0.0086,6.0,0.0413,6.0,6.0,0.0373,0.0132,0.0040000000000000036,0.0097,0.011,0.0111,0.0104,0.0098,0.009766666666666667,0.001201388086062688,-0.0011000000000000003,17.609583013706345,3.05,0.6436,6108.53,19.0,2.8602,0.0343,0.9037,4.402395753426586,0.1609,0.71505,0.008575,0.225925,23,1.0,6.123233995736766e-17,27,Gorontalo,2024,3
0.0086,6.25,0.0465,6.0,6.0,0.0413,0.044,0.005199999999999996,0.0086,0.0097,0.011,0.0107,0.0129,0.008966666666666666,0.0006350852961086172,0.0,17.609583013706345,3.05,0.6436,6108.53,19.0,2.8602,0.0343,0.9037,5.869861004568781,0.2145333333333333,0.9533999999999999,0.011433333333333332,0.3012333333333333,23,0.8660254037844387,-0.4999999999999998,28,Gorontalo,2024,4
0.0084,6.25,0.0491,6.25,6.0,0.0465,0.0373,0.002599999999999998,0.0086,0.0086,0.0097,0.0108,0.0145,0.008533333333333332,0.00011547005383808204,-0.00020000000000000052,17.609583013706345,3.05,0.6436,6108.53,19.0,2.8602,0.0343,0.9037,7.337326255710978,0.26816666666666666,1.19175,0.014291666666666666,0.37654166666666666,23,0.49999999999999994,-0.8660254037844387,29,Gorontalo,2024,5
0.008,6.25,0.0393,6.25,6.0,0.0491,0.0413,-0.009799999999999996,0.0084,0.0086,0.0086,0.0111,0.0106,0.008333333333333333,0.0003055050463304487,-0.0003999999999999993,17.609583013706345,3.05,0.6436,6108.53,19.0,2.8602,0.0343,0.9037,8.804791506853173,0.3218,1.4301,0.01715,0.45185,23,1.2246467991473532e-16,-1.0,30,Gorontalo,2024,6
0.0075,6.25,0.0307,6.25,6.25,0.0393,0.0465,-0.0086,0.008,0.0084,0.0086,0.011,0.012,0.007966666666666665,0.00045092497528232886,-0.0005000000000000004,17.609583013706345,3.05,0.6436,6108.53,19.0,2.8602,0.0343,0.9037,10.272256757995368,0.37543333333333334,1.66845,0.020008333333333333,0.5271583333333333,23,-0.4999999999999997,-0.8660254037844388,31,Gorontalo,2024,7
0.0066,6.25,0.0265,6.25,6.25,0.0307,0.0491,-0.004200000000000002,0.0075,0.008,0.0084,0.0097,0.0094,0.007366666666666667,0.0007094598884597825,-0.0008999999999999998,17.609583013706345,3.13,0.6436,6108.53,19.0,2.8602,0.0343,0.9037,11.739722009137562,0.4290666666666666,1.9067999999999998,0.022866666666666664,0.6024666666666666,23,-0.8660254037844385,-0.5000000000000004,32,Gorontalo,2024,8
0.0077,6.0,0.0278,6.25,6.25,0.0265,0.0393,0.001299999999999999,0.0066,0.0075,0.008,0.0086,0.0104,0.007266666666666667,0.00058594652770826,0.0011000000000000003,17.609583013706345,3.13,0.6436,6108.53,19.0,2.8602,0.0343,0.9037,13.20718726027976,0.48269999999999996,2.14515,0.025724999999999998,0.677775,23,-1.0,-1.8369701987210297e-16,33,Gorontalo,2024,9
0.0107,6.0,0.0081,6.0,6.25,0.0278,0.0307,-0.0197,0.0077,0.0066,0.0075,0.0086,0.0107,0.008333333333333333,0.0021221058723196093,0.002999999999999999,17.609583013706345,3.13,0.6436,6108.53,19.0,2.8602,0.0343,0.9037,14.674652511421955,0.5363333333333333,2.3835,0.028583333333333332,0.7530833333333333,23,-0.8660254037844386,0.5000000000000001,34,Gorontalo,2024,10
0.0128,6.0,0.0027,6.0,6.25,0.0081,0.0265,-0.005399999999999999,0.0107,0.0077,0.0066,0.0084,0.0108,0.0104,0.0025632011235952696,0.002100000000000001,17.609583013706345,3.13,0.6436,6108.53,19.0,2.8602,0.0343,0.9037,16.142117762564148,0.5899666666666666,2.62185,0.03144166666666666,0.8283916666666666,23,-0.5000000000000004,0.8660254037844384,35,Gorontalo,2024,11
0.017,6.0,-0.0079,6.0,6.0,0.0027,0.0278,-0.010600000000000002,0.0128,0.0107,0.0077,0.008,0.0111,0.0135,0.0032078029864691005,0.004200000000000001,17.609583013706345,3.13,0.6436,6108.53,19.0,2.8602,0.0343,0.9037,17.609583013706345,0.6436,2.8602,0.0343,0.9037,23,-2.4492935982947064e-16,1.0,36,Gorontalo,2024,12
0.0148,5.75,-0.0152,6.0,6.0,-0.0079,0.0081,-0.007299999999999999,0.017,0.0128,0.0107,0.0075,0.011,0.014866666666666667,0.002100793500878518,-0.0022000000000000006,17.67575594121078,3.13,0.7241,6581.48,19.0,2.6763,0.0374,0.9218,1.472979661767565,0.06034166666666666,0.22302499999999997,0.003116666666666667,0.07681666666666666,23,0.49999999999999994,0.8660254037844387,37,Gorontalo,2025,1
0.0205,5.75,-0.0029,5.75,6.0,-0.0152,0.0027,0.0123,0.0148,0.017,0.0128,0.0066,0.0097,0.017433333333333332,0.0028746014216467363,0.0057,17.67575594121078,3.12,0.7241,6581.48,19.0,2.6763,0.0374,0.9218,2.94595932353513,0.12068333333333332,0.44604999999999995,0.006233333333333334,0.15363333333333332,23,0.8660254037844386,0.5000000000000001,38,Gorontalo,2025,2
0.0173,5.75,0.0176,5.75,6.0,-0.0029,-0.0079,0.0205,0.0205,0.0148,0.017,0.0077,0.0086,0.017533333333333335,0.0028571547618799786,-0.0032000000000000015,17.67575594121078,3.12,0.7241,6581.48,19.0,2.6763,0.0374,0.9218,4.418938985302695,0.181025,0.669075,0.00935,0.23045,23,1.0,6.123233995736766e-17,39,Gorontalo,2025,3
0.0161,5.75,0.023,5.75,5.75,0.0176,-0.0152,0.0053999999999999986,0.0173,0.0205,0.0148,0.0107,0.0086,0.01796666666666667,0.002274496281230955,-0.0011999999999999997,17.67575594121078,3.12,0.7241,6581.48,19.0,2.6763,0.0374,0.9218,5.89191864707026,0.24136666666666665,0.8920999999999999,0.012466666666666668,0.30726666666666663,23,0.8660254037844387,-0.4999999999999998,40,Gorontalo,2025,4
0.0167,5.75,0.0028,5.75,5.75,0.023,-0.0029,-0.0202,0.0161,0.0173,0.0205,0.0128,0.0084,0.016699999999999996,0.0006000000000000874,0.0005999999999999998,17.67575594121078,3.12,0.7241,6581.48,19.0,2.6763,0.0374,0.9218,7.364898308837826,0.30170833333333336,1.115125,0.015583333333333334,0.38408333333333333,23,0.49999999999999994,-0.8660254037844387,41,Gorontalo,2025,5
0.014,5.5,0.008,5.75,5.75,0.0028,0.0176,0.0052,0.0167,0.0161,0.0173,0.017,0.008,0.015600000000000001,0.0014177446878758182,-0.0026999999999999993,17.67575594121078,3.12,0.7241,6581.48,19.0,2.6763,0.0374,0.9218,8.83787797060539,0.36205,1.33815,0.0187,0.4609,23,1.2246467991473532e-16,-1.0,42,Gorontalo,2025,6
0.0148,5.25,0.0312,5.5,5.75,0.008,0.023,0.0232,0.014,0.0167,0.0161,0.0148,0.0075,0.015166666666666667,0.001386842937514351,0.0008000000000000004,17.67575594121078,3.12,0.7241,6581.48,19.0,2.6763,0.0374,0.9218,10.310857632372956,0.42239166666666667,1.561175,0.021816666666666668,0.5377166666666666,23,-0.4999999999999997,-0.8660254037844388,43,Gorontalo,2025,7
0.0141,5.0,0.0251,5.25,5.75,0.0312,0.0028,-0.006099999999999998,0.0148,0.014,0.0167,0.0205,0.0066,0.0143,0.00043588989435418377,-0.000700000000000001,17.67575594121078,3.42,0.7241,6581.48,19.0,2.6763,0.0374,0.9218,11.78383729414052,0.4827333333333333,1.7841999999999998,0.024933333333333335,0.6145333333333333,23,-0.8660254037844385,-0.5000000000000004,44,Gorontalo,2025,8
0.0142,4.75,0.0199,5.0,5.5,0.0251,0.008,-0.0052,0.0141,0.0148,0.014,0.0173,0.0077,0.014366666666666666,0.00037859388972015225,0.00010000000000000113,17.67575594121078,3.42,0.7241,6581.48,19.0,2.6763,0.0374,0.9218,13.256816955908086,0.543075,2.007225,0.028050000000000002,0.6913499999999999,23,-1.0,-1.8369701987210297e-16,45,Gorontalo,2025,9
0.015,4.75,0.0244,4.75,5.25,0.0199,0.0312,0.0045000000000000005,0.0142,0.0141,0.0148,0.0161,0.0107,0.014433333333333334,0.0004932882862317266,0.0007999999999999986,17.67575594121078,3.42,0.7241,6581.48,19.0,2.6763,0.0374,0.9218,14.729796617675651,0.6034166666666667,2.23025,0.03116666666666667,0.7681666666666667,23,-0.8660254037844386,0.5000000000000001,46,Gorontalo,2025,10
0.0163,4.75,0.0221,4.75,5.0,0.0244,0.0251,-0.0023,0.015,0.0142,0.0141,0.0167,0.0128,0.015166666666666667,0.0010598742063723553,0.001299999999999999,17.67575594121078,3.42,0.7241,6581.48,19.0,2.6763,0.0374,0.9218,16.202776279443214,0.6637583333333332,2.4532749999999997,0.03428333333333333,0.8449833333333333,23,-0.5000000000000004,0.8660254037844384,47,Gorontalo,2025,11
0.0177,4.75,0.0252,4.75,4.75,0.0221,0.0199,0.0030999999999999986,0.0163,0.015,0.0142,0.014,0.017,0.01633333333333333,0.0013503086067019748,0.001400000000000002,17.67575594121078,3.42,0.7241,6581.48,19.0,2.6763,0.0374,0.9218,17.67575594121078,0.7241,2.6763,0.0374,0.9218,23,-2.4492935982947064e-16,1.0,48,Gorontalo,2025,12
0.0144,5.75,0.00635,5.5,4.75,0.0081,-0.00335,-0.0017499999999999998,0.0155,0.0165,0.0158,0.0149,0.0137,0.015466666666666665,0.0010503967504392501,-0.0011000000000000003,18.538117052839304,3.0,0.6444,29551.88,48.0,1.6331,0.0174,0.3262,1.5448430877366086,0.0537,0.13609166666666667,0.00145,0.02718333333333333,24,0.49999999999999994,0.8660254037844387,13,Sulawesi Tengah,2023,1
0.0116,5.75,-0.0011,5.75,5.25,0.00635,-0.00245,-0.00745,0.0144,0.0155,0.0165,0.0157,0.0117,0.013833333333333331,0.002010804150914084,-0.0028000000000000004,18.538117052839304,3.49,0.6444,29551.88,48.0,1.6331,0.0174,0.3262,3.0896861754732172,0.1074,0.27218333333333333,0.0029,0.05436666666666666,24,0.8660254037844386,0.5000000000000001,14,Sulawesi Tengah,2023,2
0.0134,5.75,0.00695,5.75,5.5,-0.0011,0.0081,0.00805,0.0116,0.0144,0.0155,0.02,0.0113,0.013133333333333332,0.001418919776919505,0.0018000000000000013,18.538117052839304,3.49,0.6444,29551.88,48.0,1.6331,0.0174,0.3262,4.634529263209826,0.1611,0.408275,0.00435,0.08155,24,1.0,6.123233995736766e-17,15,Sulawesi Tengah,2023,3
0.0116,5.75,0.00175,5.75,5.75,0.00695,0.00635,-0.0052,0.0134,0.0116,0.0144,0.0158,0.0156,0.0122,0.001039230484541301,-0.0018000000000000013,18.538117052839304,3.49,0.6444,29551.88,48.0,1.6331,0.0174,0.3262,6.1793723509464344,0.2148,0.5443666666666667,0.0058,0.10873333333333332,24,0.8660254037844387,-0.4999999999999998,16,Sulawesi Tengah,2023,4
0.0179,5.75,0.00255,5.75,5.75,0.00175,-0.0011,0.0008000000000000001,0.0116,0.0134,0.0116,0.0165,0.0147,0.0143,0.0032449961479175883,0.0063,18.538117052839304,3.49,0.6444,29551.88,48.0,1.6331,0.0174,0.3262,7.724215438683044,0.2685,0.6804583333333334,0.0072499999999999995,0.13591666666666666,24,0.49999999999999994,-0.8660254037844387,17,Sulawesi Tengah,2023,5
0.0192,5.75,0.0045,5.75,5.75,0.00255,0.00695,0.0019499999999999995,0.0179,0.0116,0.0134,0.0155,0.0117,0.016233333333333332,0.00406489032242364,0.001299999999999999,18.538117052839304,3.49,0.6444,29551.88,48.0,1.6331,0.0174,0.3262,9.269058526419652,0.3222,0.81655,0.0087,0.1631,24,1.2246467991473532e-16,-1.0,18,Sulawesi Tengah,2023,6
0.021,5.75,0.0042,5.75,5.75,0.0045,0.00175,-0.0002999999999999999,0.0192,0.0179,0.0116,0.0144,0.0149,0.019366666666666667,0.001556705923844778,0.001800000000000003,18.538117052839304,3.49,0.6444,29551.88,48.0,1.6331,0.0174,0.3262,10.813901614156261,0.3759,0.9526416666666667,0.01015,0.19028333333333333,24,-0.4999999999999997,-0.8660254037844388,19,Sulawesi Tengah,2023,7
0.0175,5.75,0.00245,5.75,5.75,0.0042,0.00255,-0.0017499999999999998,0.021,0.0192,0.0179,0.0116,0.0157,0.019233333333333335,0.0017502380790433679,-0.0034999999999999996,18.538117052839304,2.95,0.6444,29551.88,48.0,1.6331,0.0174,0.3262,12.358744701892869,0.4296,1.0887333333333333,0.0116,0.21746666666666664,24,-0.8660254037844385,-0.5000000000000004,20,Sulawesi Tengah,2023,8
0.0193,5.75,0.00135,5.75,5.75,0.00245,0.0045,-0.0010999999999999998,0.0175,0.021,0.0192,0.0134,0.02,0.019266666666666668,0.0017502380790433679,0.0017999999999999995,18.538117052839304,2.95,0.6444,29551.88,48.0,1.6331,0.0174,0.3262,13.903587789629478,0.48329999999999995,1.224825,0.013049999999999999,0.24464999999999998,24,-1.0,-1.8369701987210297e-16,21,Sulawesi Tengah,2023,9
0.0204,6.0,-0.00245,5.75,5.75,0.00135,0.0042,-0.0038,0.0193,0.0175,0.021,0.0116,0.0158,0.019066666666666666,0.0014640127503998774,0.0011000000000000003,18.538117052839304,2.95,0.6444,29551.88,48.0,1.6331,0.0174,0.3262,15.448430877366087,0.537,1.3609166666666668,0.014499999999999999,0.2718333333333333,24,-0.8660254037844386,0.5000000000000001,22,Sulawesi Tengah,2023,10
0.0194,6.0,0.00055,6.0,5.75,-0.00245,0.00245,0.003,0.0204,0.0193,0.0175,0.0179,0.0165,0.0197,0.0006082762530298976,-0.0010000000000000009,18.538117052839304,2.95,0.6444,29551.88,48.0,1.6331,0.0174,0.3262,16.993273965102695,0.5907,1.4970083333333333,0.01595,0.29901666666666665,24,-0.5000000000000004,0.8660254037844384,23,Sulawesi Tengah,2023,11
0.0194,6.0,0.0036,6.0,5.75,0.00055,0.00135,0.0030499999999999998,0.0194,0.0204,0.0193,0.0192,0.0155,0.019733333333333335,0.0005773502691897062,0.0,18.538117052839304,2.95,0.6444,29551.88,48.0,1.6331,0.0174,0.3262,18.538117052839304,0.6444,1.6331,0.0174,0.3262,24,-2.4492935982947064e-16,1.0,24,Sulawesi Tengah,2023,12
0.0179,6.0,0.0297,6.0,6.0,0.0036,-0.00245,0.0261,0.0194,0.0194,0.0204,0.021,0.0144,0.0189,0.0008660254037844862,-0.0015000000000000013,18.609232850496955,2.95,0.6047,32273.1,48.0,1.8195,0.0143,0.2924,1.5507694042080795,0.05039166666666667,0.15162499999999998,0.0011916666666666666,0.024366666666666665,24,0.49999999999999994,0.8660254037844387,25,Sulawesi Tengah,2024,1
0.0175,6.0,0.0337,6.0,6.0,0.0297,0.00055,0.004,0.0179,0.0194,0.0194,0.0175,0.0116,0.018266666666666667,0.0010016652800878178,-0.0003999999999999976,18.609232850496955,3.15,0.6047,32273.1,48.0,1.8195,0.0143,0.2924,3.101538808416159,0.10078333333333334,0.30324999999999996,0.0023833333333333332,0.04873333333333333,24,0.8660254037844386,0.5000000000000001,26,Sulawesi Tengah,2024,2
0.0159,6.0,0.0338,6.0,6.0,0.0337,0.0036,9.999999999999593e-05,0.0175,0.0179,0.0194,0.0193,0.0134,0.0171,0.0010583005244258637,-0.0016000000000000007,18.609232850496955,3.15,0.6047,32273.1,48.0,1.8195,0.0143,0.2924,4.652308212624239,0.151175,0.454875,0.003575,0.0731,24,1.0,6.123233995736766e-17,27,Sulawesi Tengah,2024,3
0.0136,6.25,0.034,6.0,6.0,0.0338,0.0297,0.00020000000000000573,0.0159,0.0175,0.0179,0.0204,0.0116,0.015666666666666666,0.0019604421270043603,-0.0023000000000000017,18.609232850496955,3.15,0.6047,32273.1,48.0,1.8195,0.0143,0.2924,6.203077616832318,0.20156666666666667,0.6064999999999999,0.0047666666666666664,0.09746666666666666,24,0.8660254037844387,-0.4999999999999998,28,Sulawesi Tengah,2024,4
0.0193,6.25,0.031,6.25,6.0,0.034,0.0337,-0.0030000000000000027,0.0136,0.0159,0.0175,0.0194,0.0179,0.016266666666666665,0.0028676354952004257,0.005700000000000002,18.609232850496955,3.15,0.6047,32273.1,48.0,1.8195,0.0143,0.2924,7.753847021040398,0.25195833333333334,0.7581249999999999,0.005958333333333334,0.12183333333333334,24,0.49999999999999994,-0.8660254037844387,29,Sulawesi Tengah,2024,5
0.0187,6.25,0.0282,6.25,6.0,0.031,0.0338,-0.0028000000000000004,0.0193,0.0136,0.0159,0.0194,0.0192,0.017200000000000003,0.0031320919526731765,-0.0005999999999999998,18.609232850496955,3.15,0.6047,32273.1,48.0,1.8195,0.0143,0.2924,9.304616425248478,0.30235,0.90975,0.00715,0.1462,24,1.2246467991473532e-16,-1.0,30,Sulawesi Tengah,2024,6
0.0134,6.25,0.0245,6.25,6.25,0.0282,0.034,-0.0036999999999999984,0.0187,0.0193,0.0136,0.0179,0.021,0.017133333333333334,0.003247049943153539,-0.005300000000000001,18.609232850496955,3.15,0.6047,32273.1,48.0,1.8195,0.0143,0.2924,10.855385829456559,0.3527416666666667,1.061375,0.008341666666666667,0.17056666666666667,24,-0.4999999999999997,-0.8660254037844388,31,Sulawesi Tengah,2024,7
0.0155,6.25,0.0214,6.25,6.25,0.0245,0.031,-0.003100000000000002,0.0134,0.0187,0.0193,0.0175,0.0175,0.015866666666666664,0.0026689573494781413,0.0020999999999999994,18.609232850496955,2.94,0.6047,32273.1,48.0,1.8195,0.0143,0.2924,12.406155233664636,0.40313333333333334,1.2129999999999999,0.009533333333333333,0.19493333333333332,24,-0.8660254037844385,-0.5000000000000004,32,Sulawesi Tengah,2024,8
0.0154,6.0,0.0215,6.25,6.25,0.0214,0.0282,9.99999999999994e-05,0.0155,0.0134,0.0187,0.0159,0.0193,0.014766666666666666,0.001184623709594474,-9.99999999999994e-05,18.609232850496955,2.94,0.6047,32273.1,48.0,1.8195,0.0143,0.2924,13.956924637872717,0.453525,1.364625,0.010725,0.2193,24,-1.0,-1.8369701987210297e-16,33,Sulawesi Tengah,2024,9
0.016,6.0,0.0191,6.0,6.25,0.0215,0.0245,-0.0023999999999999994,0.0154,0.0155,0.0134,0.0136,0.0204,0.015633333333333332,0.00032145502536650746,0.0005999999999999998,18.609232850496955,2.94,0.6047,32273.1,48.0,1.8195,0.0143,0.2924,15.507694042080796,0.5039166666666667,1.5162499999999999,0.011916666666666667,0.24366666666666667,24,-0.8660254037844386,0.5000000000000001,34,Sulawesi Tengah,2024,10
0.0157,6.0,0.0171,6.0,6.25,0.0191,0.0214,-0.0019999999999999983,0.016,0.0154,0.0155,0.0193,0.0194,0.0157,0.00030000000000008264,-0.00030000000000000165,18.609232850496955,2.94,0.6047,32273.1,48.0,1.8195,0.0143,0.2924,17.058463446288876,0.5543083333333333,1.6678749999999998,0.013108333333333333,0.2680333333333333,24,-0.5000000000000004,0.8660254037844384,35,Sulawesi Tengah,2024,11
0.0138,6.0,0.0129,6.0,6.0,0.0171,0.0215,-0.004200000000000001,0.0157,0.016,0.0154,0.0187,0.0194,0.015166666666666667,0.0011930353445449029,-0.001899999999999999,18.609232850496955,2.94,0.6047,32273.1,48.0,1.8195,0.0143,0.2924,18.609232850496955,0.6047,1.8195,0.0143,0.2924,24,-2.4492935982947064e-16,1.0,36,Sulawesi Tengah,2024,12
0.0172,5.75,0.0002,6.0,6.0,0.0129,0.0191,-0.0127,0.0138,0.0157,0.016,0.0134,0.0179,0.015566666666666666,0.0017039170558842886,0.0034000000000000002,18.695604271205443,2.94,0.6357,32901.74,48.0,1.713,0.0188,0.307,1.5579670226004536,0.052975,0.14275,0.0015666666666666667,0.025583333333333333,24,0.49999999999999994,0.8660254037844387,37,Sulawesi Tengah,2025,1
0.0166,5.75,-0.0038,5.75,6.0,0.0002,0.0171,-0.004,0.0172,0.0138,0.0157,0.0155,0.0175,0.015866666666666668,0.001814754345175508,-0.0005999999999999998,18.695604271205443,3.02,0.6357,32901.74,48.0,1.713,0.0188,0.307,3.115934045200907,0.10595,0.2855,0.0031333333333333335,0.051166666666666666,24,0.8660254037844386,0.5000000000000001,38,Sulawesi Tengah,2025,2
0.0175,5.75,0.0188,5.75,6.0,-0.0038,0.0129,0.022600000000000002,0.0166,0.0172,0.0138,0.0154,0.0159,0.0171,0.00045825756949566645,0.0009000000000000015,18.695604271205443,3.02,0.6357,32901.74,48.0,1.713,0.0188,0.307,4.673901067801361,0.158925,0.42825,0.0047,0.07675,24,1.0,6.123233995736766e-17,39,Sulawesi Tengah,2025,3
0.0169,5.75,0.0297,5.75,5.75,0.0188,0.0002,0.0109,0.0175,0.0166,0.0172,0.016,0.0136,0.017,0.00045825756949566417,-0.0006000000000000033,18.695604271205443,3.02,0.6357,32901.74,48.0,1.713,0.0188,0.307,6.231868090401814,0.2119,0.571,0.006266666666666667,0.10233333333333333,24,0.8660254037844387,-0.4999999999999998,40,Sulawesi Tengah,2025,4
0.0168,5.75,0.0261,5.75,5.75,0.0297,-0.0038,-0.003599999999999999,0.0169,0.0175,0.0166,0.0157,0.0193,0.017066666666666664,0.0003785938897201182,-9.99999999999994e-05,18.695604271205443,3.02,0.6357,32901.74,48.0,1.713,0.0188,0.307,7.789835113002268,0.264875,0.7137500000000001,0.007833333333333335,0.12791666666666668,24,0.49999999999999994,-0.8660254037844387,41,Sulawesi Tengah,2025,5
0.0154,5.5,0.0247,5.75,5.75,0.0261,0.0188,-0.001400000000000002,0.0168,0.0169,0.0175,0.0138,0.0187,0.016366666666666665,0.0008386497083606383,-0.0013999999999999985,18.695604271205443,3.02,0.6357,32901.74,48.0,1.713,0.0188,0.307,9.347802135602722,0.31785,0.8565,0.0094,0.1535,24,1.2246467991473532e-16,-1.0,42,Sulawesi Tengah,2025,6
0.0157,5.25,0.0369,5.5,5.75,0.0247,0.0297,0.012200000000000003,0.0154,0.0168,0.0169,0.0172,0.0134,0.015966666666666667,0.0007371114795832246,0.0002999999999999982,18.695604271205443,3.02,0.6357,32901.74,48.0,1.713,0.0188,0.307,10.905769158203176,0.37082500000000007,0.9992500000000001,0.010966666666666668,0.17908333333333334,24,-0.4999999999999997,-0.8660254037844388,43,Sulawesi Tengah,2025,7
0.0156,5.0,0.0402,5.25,5.75,0.0369,0.0261,0.0032999999999999974,0.0157,0.0154,0.0168,0.0166,0.0155,0.015566666666666666,0.0001527525231652684,-9.99999999999994e-05,18.695604271205443,2.92,0.6357,32901.74,48.0,1.713,0.0188,0.307,12.463736180803629,0.4238,1.142,0.012533333333333334,0.20466666666666666,24,-0.8660254037844385,-0.5000000000000004,44,Sulawesi Tengah,2025,8
0.0156,4.75,0.0388,5.0,5.5,0.0402,0.0247,-0.0013999999999999985,0.0156,0.0157,0.0154,0.0175,0.0154,0.015633333333333332,5.7735026919180916e-05,0.0,18.695604271205443,2.92,0.6357,32901.74,48.0,1.713,0.0188,0.307,14.021703203404083,0.47677500000000006,1.28475,0.014100000000000001,0.23025,24,-1.0,-1.8369701987210297e-16,45,Sulawesi Tengah,2025,9
0.0156,4.75,0.0392,4.75,5.25,0.0388,0.0369,0.0003999999999999976,0.0156,0.0156,0.0157,0.0169,0.016,0.0156,0.0,0.0,18.695604271205443,2.92,0.6357,32901.74,48.0,1.713,0.0188,0.307,15.579670226004536,0.52975,1.4275000000000002,0.01566666666666667,0.25583333333333336,24,-0.8660254037844386,0.5000000000000001,46,Sulawesi Tengah,2025,10
0.0165,4.75,0.035,4.75,5.0,0.0392,0.0402,-0.004199999999999995,0.0156,0.0156,0.0156,0.0168,0.0157,0.0159,0.0005196152422706986,0.0009000000000000015,18.695604271205443,2.92,0.6357,32901.74,48.0,1.713,0.0188,0.307,17.13763724860499,0.582725,1.57025,0.017233333333333333,0.28141666666666665,24,-0.5000000000000004,0.8660254037844384,47,Sulawesi Tengah,2025,11
0.0171,4.75,0.0331,4.75,4.75,0.035,0.0388,-0.0019000000000000059,0.0165,0.0156,0.0156,0.0154,0.0138,0.0164,0.000754983443527112,0.0005999999999999998,18.695604271205443,2.92,0.6357,32901.74,48.0,1.713,0.0188,0.307,18.695604271205443,0.6357,1.713,0.0188,0.307,24,-2.4492935982947064e-16,1.0,48,Sulawesi Tengah,2025,12
0.0087,5.75,0.0063,5.5,4.75,0.0052,-0.0144,0.0011000000000000003,0.0094,0.0127,0.0116,0.0144,0.0134,0.010266666666666667,0.0021361959960016215,-0.000700000000000001,17.493000395950737,2.34,0.6078,5884.6,17.0,2.0217,0.0218,0.6244,1.4577500329958948,0.05065,0.16847499999999999,0.0018166666666666665,0.05203333333333333,25,0.49999999999999994,0.8660254037844387,13,Sulawesi Barat,2023,1
0.0085,5.75,0.0016,5.75,5.25,0.0063,0.0042,-0.0047,0.0087,0.0094,0.0127,0.0131,0.0126,0.008866666666666667,0.0004725815626252975,-0.0001999999999999988,17.493000395950737,3.04,0.6078,5884.6,17.0,2.0217,0.0218,0.6244,2.9155000659917896,0.1013,0.33694999999999997,0.003633333333333333,0.10406666666666665,25,0.8660254037844386,0.5000000000000001,14,Sulawesi Barat,2023,2
0.011,5.75,0.0005,5.75,5.5,0.0016,0.0052,-0.0011,0.0085,0.0087,0.0094,0.0132,0.0113,0.0094,0.001389244398944991,0.0024999999999999988,17.493000395950737,3.04,0.6078,5884.6,17.0,2.0217,0.0218,0.6244,4.373250098987684,0.15195,0.505425,0.00545,0.1561,25,1.0,6.123233995736766e-17,15,Sulawesi Barat,2023,3
0.0102,5.75,-0.0018,5.75,5.75,0.0005,0.0063,-0.0023,0.011,0.0085,0.0087,0.0116,0.0133,0.0099,0.0012767145334803805,-0.0007999999999999986,17.493000395950737,3.04,0.6078,5884.6,17.0,2.0217,0.0218,0.6244,5.831000131983579,0.2026,0.6738999999999999,0.007266666666666666,0.2081333333333333,25,0.8660254037844387,-0.4999999999999998,16,Sulawesi Barat,2023,4
0.0122,5.75,0.0001,5.75,5.75,-0.0018,0.0016,0.0019,0.0102,0.011,0.0085,0.0127,0.0121,0.011133333333333334,0.001006644591369443,0.002,17.493000395950737,3.04,0.6078,5884.6,17.0,2.0217,0.0218,0.6244,7.288750164979474,0.25325000000000003,0.8423750000000001,0.009083333333333334,0.26016666666666666,25,0.49999999999999994,-0.8660254037844387,17,Sulawesi Barat,2023,5
0.0124,5.75,0.007,5.75,5.75,0.0001,0.0005,0.0069,0.0122,0.0102,0.011,0.0094,0.013,0.0116,0.0012165525060596502,0.0001999999999999988,17.493000395950737,3.04,0.6078,5884.6,17.0,2.0217,0.0218,0.6244,8.746500197975369,0.3039,1.01085,0.0109,0.3122,25,1.2246467991473532e-16,-1.0,18,Sulawesi Barat,2023,6
0.0142,5.75,-0.0004,5.75,5.75,0.007,-0.0018,-0.0074,0.0124,0.0122,0.0102,0.0087,0.0144,0.012933333333333333,0.0011015141094572237,0.0018000000000000013,17.493000395950737,3.04,0.6078,5884.6,17.0,2.0217,0.0218,0.6244,10.204250230971263,0.35455000000000003,1.1793250000000002,0.012716666666666668,0.36423333333333335,25,-0.4999999999999997,-0.8660254037844388,19,Sulawesi Barat,2023,7
0.011,5.75,0.003,5.75,5.75,-0.0004,0.0001,0.0034000000000000002,0.0142,0.0124,0.0122,0.0085,0.0131,0.012533333333333332,0.0016041612554021322,-0.0032000000000000015,17.493000395950737,2.27,0.6078,5884.6,17.0,2.0217,0.0218,0.6244,11.662000263967158,0.4052,1.3477999999999999,0.014533333333333332,0.4162666666666666,25,-0.8660254037844385,-0.5000000000000004,20,Sulawesi Barat,2023,8
0.0109,5.75,0.0008,5.75,5.75,0.003,0.007,-0.0022,0.011,0.0142,0.0124,0.011,0.0132,0.012033333333333333,0.0018770544300401489,-9.99999999999994e-05,17.493000395950737,2.27,0.6078,5884.6,17.0,2.0217,0.0218,0.6244,13.119750296963053,0.45585,1.516275,0.01635,0.46829999999999994,25,-1.0,-1.8369701987210297e-16,21,Sulawesi Barat,2023,9
0.0106,6.0,0.0025,5.75,5.75,0.0008,-0.0004,0.0017000000000000001,0.0109,0.011,0.0142,0.0102,0.0116,0.010833333333333334,0.00020816659994665442,-0.0002999999999999999,17.493000395950737,2.27,0.6078,5884.6,17.0,2.0217,0.0218,0.6244,14.577500329958948,0.5065000000000001,1.6847500000000002,0.018166666666666668,0.5203333333333333,25,-0.8660254037844386,0.5000000000000001,22,Sulawesi Barat,2023,10
0.0088,6.0,-0.0028,6.0,5.75,0.0025,0.003,-0.0053,0.0106,0.0109,0.011,0.0122,0.0127,0.0101,0.0011357816691600629,-0.0017999999999999995,17.493000395950737,2.27,0.6078,5884.6,17.0,2.0217,0.0218,0.6244,16.03525036295484,0.55715,1.853225,0.019983333333333332,0.5723666666666666,25,-0.5000000000000004,0.8660254037844384,23,Sulawesi Barat,2023,11
0.0073,6.0,0.0014,6.0,5.75,-0.0028,0.0008,0.0042,0.0088,0.0106,0.0109,0.0124,0.0094,0.0089,0.0016522711641858377,-0.0015000000000000005,17.493000395950737,2.27,0.6078,5884.6,17.0,2.0217,0.0218,0.6244,17.493000395950737,0.6078,2.0217,0.0218,0.6244,25,-2.4492935982947064e-16,1.0,24,Sulawesi Barat,2023,12
0.0074,6.0,0.0225,6.0,6.0,0.0014,0.0025,0.0211,0.0073,0.0088,0.0106,0.0142,0.0087,0.007833333333333335,0.0008386497083606248,0.00010000000000000026,17.570130935040886,2.27,0.5911,6192.23,17.0,2.0029,0.0215,0.6127,1.4641775779200739,0.04925833333333333,0.16690833333333333,0.0017916666666666665,0.05105833333333333,25,0.49999999999999994,0.8660254037844387,25,Sulawesi Barat,2024,1
0.007,6.0,0.0222,6.0,6.0,0.0225,-0.0028,-0.0002999999999999982,0.0074,0.0073,0.0088,0.011,0.0085,0.007233333333333334,0.00020816659994668302,-0.0004000000000000002,17.570130935040886,3.02,0.5911,6192.23,17.0,2.0029,0.0215,0.6127,2.9283551558401477,0.09851666666666666,0.33381666666666665,0.003583333333333333,0.10211666666666666,25,0.8660254037844386,0.5000000000000001,26,Sulawesi Barat,2024,2
0.006,6.0,0.0276,6.0,6.0,0.0222,0.0014,0.0053999999999999986,0.007,0.0074,0.0073,0.0109,0.011,0.0068000000000000005,0.000721110255092819,-0.001,17.570130935040886,3.02,0.5911,6192.23,17.0,2.0029,0.0215,0.6127,4.392532733760222,0.147775,0.500725,0.005375,0.153175,25,1.0,6.123233995736766e-17,27,Sulawesi Barat,2024,3
0.0057,6.25,0.0202,6.0,6.0,0.0276,0.0225,-0.0074,0.006,0.007,0.0074,0.0106,0.0102,0.006233333333333334,0.0006806859285554285,-0.0002999999999999999,17.570130935040886,3.02,0.5911,6192.23,17.0,2.0029,0.0215,0.6127,5.856710311680295,0.1970333333333333,0.6676333333333333,0.007166666666666666,0.20423333333333332,25,0.8660254037844387,-0.4999999999999998,28,Sulawesi Barat,2024,4
0.0066,6.25,0.0125,6.25,6.0,0.0202,0.0222,-0.0076999999999999985,0.0057,0.006,0.007,0.0088,0.0122,0.0061,0.0004582575694956199,0.0008999999999999998,17.570130935040886,3.02,0.5911,6192.23,17.0,2.0029,0.0215,0.6127,7.320887889600369,0.24629166666666666,0.8345416666666666,0.008958333333333334,0.2552916666666667,25,0.49999999999999994,-0.8660254037844387,29,Sulawesi Barat,2024,5
0.0065,6.25,0.0232,6.25,6.0,0.0125,0.0276,0.010699999999999998,0.0066,0.0057,0.006,0.0073,0.0124,0.006266666666666667,0.0004932882862316574,-0.00010000000000000026,17.570130935040886,3.02,0.5911,6192.23,17.0,2.0029,0.0215,0.6127,8.785065467520443,0.29555,1.00145,0.01075,0.30635,25,1.2246467991473532e-16,-1.0,30,Sulawesi Barat,2024,6
0.0068,6.25,0.0208,6.25,6.25,0.0232,0.0202,-0.0023999999999999994,0.0065,0.0066,0.0057,0.0074,0.0142,0.006633333333333334,0.00015275252316529576,0.0002999999999999999,17.570130935040886,3.02,0.5911,6192.23,17.0,2.0029,0.0215,0.6127,10.249243045440517,0.34480833333333333,1.1683583333333334,0.012541666666666666,0.3574083333333334,25,-0.4999999999999997,-0.8660254037844388,31,Sulawesi Barat,2024,7
0.0067,6.25,0.0159,6.25,6.25,0.0208,0.0125,-0.004899999999999998,0.0068,0.0065,0.0066,0.007,0.011,0.006666666666666667,0.0001527525231652953,-9.99999999999994e-05,17.570130935040886,2.68,0.5911,6192.23,17.0,2.0029,0.0215,0.6127,11.71342062336059,0.3940666666666666,1.3352666666666666,0.014333333333333332,0.40846666666666664,25,-0.8660254037844385,-0.5000000000000004,32,Sulawesi Barat,2024,8
0.0068,6.0,0.0205,6.25,6.25,0.0159,0.0232,0.0046,0.0067,0.0068,0.0065,0.006,0.0109,0.0067666666666666665,5.773502691922424e-05,9.99999999999994e-05,17.570130935040886,2.68,0.5911,6192.23,17.0,2.0029,0.0215,0.6127,13.177598201280665,0.44332499999999997,1.5021749999999998,0.016125,0.459525,25,-1.0,-1.8369701987210297e-16,33,Sulawesi Barat,2024,9
0.0094,6.0,0.0163,6.0,6.25,0.0205,0.0208,-0.004200000000000002,0.0068,0.0067,0.0068,0.0057,0.0106,0.007633333333333333,0.0015307950004273467,0.0026000000000000007,17.570130935040886,2.68,0.5911,6192.23,17.0,2.0029,0.0215,0.6127,14.641775779200739,0.4925833333333333,1.6690833333333333,0.017916666666666668,0.5105833333333334,25,-0.8660254037844386,0.5000000000000001,34,Sulawesi Barat,2024,10
0.0099,6.0,0.0118,6.0,6.25,0.0163,0.0159,-0.004499999999999999,0.0094,0.0068,0.0067,0.0066,0.0088,0.0087,0.0016643316977093302,0.0005000000000000004,17.570130935040886,2.68,0.5911,6192.23,17.0,2.0029,0.0215,0.6127,16.10595335712081,0.5418416666666666,1.8359916666666665,0.01970833333333333,0.5616416666666667,25,-0.5000000000000004,0.8660254037844384,35,Sulawesi Barat,2024,11
0.0194,6.0,0.0149,6.0,6.0,0.0118,0.0205,0.0031000000000000003,0.0099,0.0094,0.0068,0.0065,0.0073,0.0129,0.005634713834792322,0.0095,17.570130935040886,2.68,0.5911,6192.23,17.0,2.0029,0.0215,0.6127,17.570130935040886,0.5911,2.0029,0.0215,0.6127,25,-2.4492935982947064e-16,1.0,36,Sulawesi Barat,2024,12
0.0125,5.75,0.0032,6.0,6.0,0.0149,0.0163,-0.0117,0.0194,0.0099,0.0094,0.0068,0.0074,0.013933333333333334,0.004909514572066501,-0.0069,17.65826922649064,2.68,0.5303,6534.58,17.0,1.9292,0.0281,0.6052,1.4715224355408865,0.044191666666666664,0.16076666666666667,0.0023416666666666664,0.05043333333333333,25,0.49999999999999994,0.8660254037844387,37,Sulawesi Barat,2025,1
0.0124,5.75,-0.0024,5.75,6.0,0.0032,0.0118,-0.0056,0.0125,0.0194,0.0099,0.0067,0.007,0.014766666666666666,0.004012895878705715,-0.00010000000000000113,17.65826922649064,3.17,0.5303,6534.58,17.0,1.9292,0.0281,0.6052,2.943044871081773,0.08838333333333333,0.32153333333333334,0.004683333333333333,0.10086666666666666,25,0.8660254037844386,0.5000000000000001,38,Sulawesi Barat,2025,2
0.0143,5.75,0.0155,5.75,6.0,-0.0024,0.0149,0.0179,0.0124,0.0125,0.0194,0.0068,0.006,0.013066666666666666,0.0010692676621563617,0.0019000000000000006,17.65826922649064,3.17,0.5303,6534.58,17.0,1.9292,0.0281,0.6052,4.41456730662266,0.132575,0.4823,0.007025,0.1513,25,1.0,6.123233995736766e-17,39,Sulawesi Barat,2025,3
0.0127,5.75,0.0336,5.75,5.75,0.0155,0.0032,0.018099999999999998,0.0143,0.0124,0.0125,0.0094,0.0057,0.013133333333333332,0.0010214368964029698,-0.0016000000000000007,17.65826922649064,3.17,0.5303,6534.58,17.0,1.9292,0.0281,0.6052,5.886089742163546,0.17676666666666666,0.6430666666666667,0.009366666666666666,0.20173333333333332,25,0.8660254037844387,-0.4999999999999998,40,Sulawesi Barat,2025,4
0.0121,5.75,0.0321,5.75,5.75,0.0336,-0.0024,-0.0015000000000000013,0.0127,0.0143,0.0124,0.0099,0.0066,0.013033333333333333,0.0011372481406154646,-0.0005999999999999998,17.65826922649064,3.17,0.5303,6534.58,17.0,1.9292,0.0281,0.6052,7.357612177704433,0.22095833333333334,0.8038333333333334,0.011708333333333334,0.25216666666666665,25,0.49999999999999994,-0.8660254037844387,41,Sulawesi Barat,2025,5
0.0119,5.5,0.0257,5.75,5.75,0.0321,0.0155,-0.006399999999999996,0.0121,0.0127,0.0143,0.0194,0.0065,0.012233333333333332,0.0004163331998932326,-0.0001999999999999988,17.65826922649064,3.17,0.5303,6534.58,17.0,1.9292,0.0281,0.6052,8.82913461324532,0.26515,0.9646,0.01405,0.3026,25,1.2246467991473532e-16,-1.0,42,Sulawesi Barat,2025,6
0.0131,5.25,0.0357,5.5,5.75,0.0257,0.0336,0.010000000000000002,0.0119,0.0121,0.0127,0.0125,0.0068,0.012366666666666666,0.0006429100507328664,0.0011999999999999997,17.65826922649064,3.17,0.5303,6534.58,17.0,1.9292,0.0281,0.6052,10.300657048786206,0.3093416666666667,1.1253666666666668,0.01639166666666667,0.3530333333333333,25,-0.4999999999999997,-0.8660254037844388,43,Sulawesi Barat,2025,7
0.0132,5.0,0.0352,5.25,5.75,0.0357,0.0321,-0.0005000000000000004,0.0131,0.0119,0.0121,0.0124,0.0067,0.012733333333333334,0.0007234178138070222,9.99999999999994e-05,17.65826922649064,2.86,0.5303,6534.58,17.0,1.9292,0.0281,0.6052,11.772179484327092,0.3535333333333333,1.2861333333333334,0.01873333333333333,0.40346666666666664,25,-0.8660254037844385,-0.5000000000000004,44,Sulawesi Barat,2025,8
0.0134,4.75,0.0304,5.0,5.5,0.0352,0.0257,-0.004800000000000002,0.0132,0.0131,0.0119,0.0143,0.0068,0.013233333333333333,0.00015275252316517235,0.00020000000000000052,17.65826922649064,2.86,0.5303,6534.58,17.0,1.9292,0.0281,0.6052,13.243701919867979,0.397725,1.4469,0.021075,0.45389999999999997,25,-1.0,-1.8369701987210297e-16,45,Sulawesi Barat,2025,9
0.0124,4.75,0.0264,4.75,5.25,0.0304,0.0357,-0.004,0.0134,0.0132,0.0131,0.0127,0.0094,0.013,0.000529150262212914,-0.0010000000000000009,17.65826922649064,2.86,0.5303,6534.58,17.0,1.9292,0.0281,0.6052,14.715224355408866,0.4419166666666667,1.6076666666666668,0.02341666666666667,0.5043333333333333,25,-0.8660254037844386,0.5000000000000001,46,Sulawesi Barat,2025,10
0.0125,4.75,0.0256,4.75,5.0,0.0264,0.0352,-0.0007999999999999986,0.0124,0.0134,0.0132,0.0121,0.0099,0.012766666666666667,0.0005507570547286083,0.00010000000000000113,17.65826922649064,2.86,0.5303,6534.58,17.0,1.9292,0.0281,0.6052,16.18674679094975,0.4861083333333333,1.7684333333333333,0.02575833333333333,0.5547666666666666,25,-0.5000000000000004,0.8660254037844384,47,Sulawesi Barat,2025,11
0.011,4.75,0.0248,4.75,4.75,0.0256,0.0304,-0.0008000000000000021,0.0125,0.0124,0.0134,0.0119,0.0194,0.011966666666666667,0.0008386497083606131,-0.0015000000000000013,17.65826922649064,2.86,0.5303,6534.58,17.0,1.9292,0.0281,0.6052,17.65826922649064,0.5303,1.9292,0.0281,0.6052,25,-2.4492935982947064e-16,1.0,48,Sulawesi Barat,2025,12
0.0183,5.75,0.00524,5.5,4.75,0.00582,-0.00384,-0.0005799999999999998,0.0199,0.0205,0.0215,0.0238,0.0219,0.019566666666666666,0.0011372481406154635,-0.0016000000000000007,18.059854337462582,4.51,0.7613,122158.08,133.0,1.2663,0.0281,0.3858,1.504987861455215,0.06344166666666666,0.105525,0.0023416666666666664,0.03215,26,0.49999999999999994,0.8660254037844387,13,Sulawesi Selatan,2023,1
0.0171,5.75,-0.00078,5.75,5.25,0.00524,0.00074,-0.00602,0.0183,0.0199,0.0205,0.0235,0.0164,0.018433333333333333,0.0014047538337137004,-0.0011999999999999997,18.059854337462582,5.26,0.7613,122158.08,133.0,1.2663,0.0281,0.3858,3.00997572291043,0.12688333333333332,0.21105,0.004683333333333333,0.0643,26,0.8660254037844386,0.5000000000000001,14,Sulawesi Selatan,2023,2
0.0214,5.75,0.00686,5.75,5.5,-0.00078,0.00582,0.00764,0.0171,0.0183,0.0199,0.0234,0.0132,0.018933333333333333,0.0022188585654190148,0.004299999999999998,18.059854337462582,5.26,0.7613,122158.08,133.0,1.2663,0.0281,0.3858,4.5149635843656455,0.190325,0.316575,0.007025,0.09645,26,1.0,6.123233995736766e-17,15,Sulawesi Selatan,2023,3
0.0203,5.75,0.0023,5.75,5.75,0.00686,0.00524,-0.00456,0.0214,0.0171,0.0183,0.0215,0.0149,0.0196,0.0022338307903688654,-0.0011000000000000003,18.059854337462582,5.26,0.7613,122158.08,133.0,1.2663,0.0281,0.3858,6.01995144582086,0.25376666666666664,0.4221,0.009366666666666666,0.1286,26,0.8660254037844387,-0.4999999999999998,16,Sulawesi Selatan,2023,4
0.0266,5.75,0.00234,5.75,5.75,0.0023,-0.00078,4.0000000000000105e-05,0.0203,0.0214,0.0171,0.0205,0.0155,0.022766666666666668,0.0033650160970392544,0.0063,18.059854337462582,5.26,0.7613,122158.08,133.0,1.2663,0.0281,0.3858,7.524939307276076,0.3172083333333333,0.527625,0.011708333333333334,0.16075,26,0.49999999999999994,-0.8660254037844387,17,Sulawesi Selatan,2023,5
0.0234,5.75,-0.00024,5.75,5.75,0.00234,0.00686,-0.0025800000000000003,0.0266,0.0203,0.0214,0.0199,0.0186,0.023433333333333334,0.0031501322723551297,-0.003199999999999998,18.059854337462582,5.26,0.7613,122158.08,133.0,1.2663,0.0281,0.3858,9.029927168731291,0.38065,0.63315,0.01405,0.1929,26,1.2246467991473532e-16,-1.0,18,Sulawesi Selatan,2023,6
0.0224,5.75,0.00036,5.75,5.75,-0.00024,0.0023,0.0006000000000000001,0.0234,0.0266,0.0203,0.0183,0.0238,0.02413333333333333,0.002193931022920567,-0.0010000000000000009,18.059854337462582,5.26,0.7613,122158.08,133.0,1.2663,0.0281,0.3858,10.534915030186507,0.44409166666666666,0.7386750000000001,0.01639166666666667,0.22505,26,-0.4999999999999997,-0.8660254037844388,19,Sulawesi Selatan,2023,7
0.0177,5.75,-0.00116,5.75,5.75,0.00036,0.00234,-0.00152,0.0224,0.0234,0.0266,0.0171,0.0235,0.021166666666666667,0.0030435724623102517,-0.004699999999999999,18.059854337462582,4.33,0.7613,122158.08,133.0,1.2663,0.0281,0.3858,12.03990289164172,0.5075333333333333,0.8442,0.01873333333333333,0.2572,26,-0.8660254037844385,-0.5000000000000004,20,Sulawesi Selatan,2023,8
0.0206,5.75,0.0009,5.75,5.75,-0.00116,-0.00024,0.00206,0.0177,0.0224,0.0234,0.0214,0.0234,0.020233333333333332,0.002371356854910978,0.0029,18.059854337462582,4.33,0.7613,122158.08,133.0,1.2663,0.0281,0.3858,13.544890753096936,0.570975,0.9497249999999999,0.021075,0.28935,26,-1.0,-1.8369701987210297e-16,21,Sulawesi Selatan,2023,9
0.0205,6.0,0.00258,5.75,5.75,0.0009,0.00036,0.0016799999999999999,0.0206,0.0177,0.0224,0.0203,0.0215,0.019600000000000003,0.001646207763315419,-9.99999999999994e-05,18.059854337462582,4.33,0.7613,122158.08,133.0,1.2663,0.0281,0.3858,15.049878614552153,0.6344166666666666,1.05525,0.02341666666666667,0.3215,26,-0.8660254037844386,0.5000000000000001,22,Sulawesi Selatan,2023,10
0.0186,6.0,0.00154,6.0,5.75,0.00258,-0.00116,-0.00104,0.0205,0.0206,0.0177,0.0266,0.0205,0.0199,0.0011269427669584452,-0.0019000000000000024,18.059854337462582,4.33,0.7613,122158.08,133.0,1.2663,0.0281,0.3858,16.554866476007366,0.6978583333333332,1.160775,0.02575833333333333,0.35364999999999996,26,-0.5000000000000004,0.8660254037844384,23,Sulawesi Selatan,2023,11
0.0179,6.0,0.00572,6.0,5.75,0.00154,0.0009,0.0041800000000000006,0.0186,0.0205,0.0206,0.0234,0.0199,0.019,0.001345362404707354,-0.0006999999999999992,18.059854337462582,4.33,0.7613,122158.08,133.0,1.2663,0.0281,0.3858,18.059854337462582,0.7613,1.2663,0.0281,0.3858,26,-2.4492935982947064e-16,1.0,24,Sulawesi Selatan,2023,12
0.0189,6.0,0.0238,6.0,6.0,0.00572,0.00258,0.018080000000000002,0.0179,0.0186,0.0205,0.0224,0.0183,0.018466666666666662,0.0005131601439446412,0.0010000000000000009,18.113788668567892,4.33,0.7181,127591.14,132.0,1.2624,0.0269,0.3743,1.5094823890473243,0.05984166666666666,0.10519999999999999,0.0022416666666666665,0.031191666666666666,26,0.49999999999999994,0.8660254037844387,25,Sulawesi Selatan,2024,1
0.02,6.0,0.0293,6.0,6.0,0.0238,0.00154,0.005499999999999998,0.0189,0.0179,0.0186,0.0177,0.0171,0.018933333333333333,0.001050396750439226,0.0011000000000000003,18.113788668567892,4.9,0.7181,127591.14,132.0,1.2624,0.0269,0.3743,3.0189647780946487,0.11968333333333332,0.21039999999999998,0.004483333333333333,0.06238333333333333,26,0.8660254037844386,0.5000000000000001,26,Sulawesi Selatan,2024,2
0.0189,6.0,0.0275,6.0,6.0,0.0293,0.00572,-0.0017999999999999995,0.02,0.0189,0.0179,0.0206,0.0214,0.019266666666666668,0.0006350852961085498,-0.0011000000000000003,18.113788668567892,4.9,0.7181,127591.14,132.0,1.2624,0.0269,0.3743,4.528447167141973,0.179525,0.3156,0.006725,0.093575,26,1.0,6.123233995736766e-17,27,Sulawesi Selatan,2024,3
0.0156,6.25,0.0261,6.0,6.0,0.0275,0.0238,-0.0013999999999999985,0.0189,0.02,0.0189,0.0205,0.0203,0.018166666666666668,0.002289832599412737,-0.003300000000000001,18.113788668567892,4.9,0.7181,127591.14,132.0,1.2624,0.0269,0.3743,6.037929556189297,0.23936666666666664,0.42079999999999995,0.008966666666666666,0.12476666666666666,26,0.8660254037844387,-0.4999999999999998,28,Sulawesi Selatan,2024,4
0.0173,6.25,0.0242,6.25,6.0,0.0261,0.0293,-0.0019000000000000024,0.0156,0.0189,0.02,0.0186,0.0266,0.017266666666666666,0.0016502525059315294,0.0017000000000000001,18.113788668567892,4.9,0.7181,127591.14,132.0,1.2624,0.0269,0.3743,7.547411945236622,0.29920833333333335,0.526,0.011208333333333334,0.15595833333333334,26,0.49999999999999994,-0.8660254037844387,29,Sulawesi Selatan,2024,5
0.0206,6.25,0.0203,6.25,6.0,0.0242,0.0275,-0.0039000000000000007,0.0173,0.0156,0.0189,0.0179,0.0234,0.017833333333333333,0.002542308662089105,0.003300000000000001,18.113788668567892,4.9,0.7181,127591.14,132.0,1.2624,0.0269,0.3743,9.056894334283946,0.35905,0.6312,0.01345,0.18715,26,1.2246467991473532e-16,-1.0,30,Sulawesi Selatan,2024,6
0.0186,6.25,0.0174,6.25,6.25,0.0203,0.0261,-0.0029,0.0206,0.0173,0.0156,0.0189,0.0224,0.018833333333333334,0.001662327685305545,-0.0020000000000000018,18.113788668567892,4.9,0.7181,127591.14,132.0,1.2624,0.0269,0.3743,10.56637672333127,0.41889166666666666,0.7364,0.015691666666666666,0.21834166666666668,26,-0.4999999999999997,-0.8660254037844388,31,Sulawesi Selatan,2024,7
0.0139,6.25,0.0177,6.25,6.25,0.0174,0.0242,0.00030000000000000165,0.0186,0.0206,0.0173,0.02,0.0177,0.017699999999999997,0.003439476704383962,-0.004699999999999999,18.113788668567892,4.19,0.7181,127591.14,132.0,1.2624,0.0269,0.3743,12.075859112378595,0.4787333333333333,0.8415999999999999,0.017933333333333332,0.24953333333333333,26,-0.8660254037844385,-0.5000000000000004,32,Sulawesi Selatan,2024,8
0.0148,6.0,0.0167,6.25,6.25,0.0177,0.0203,-0.0010000000000000009,0.0139,0.0186,0.0206,0.0189,0.0206,0.015766666666666665,0.0024946609656090134,0.0009000000000000015,18.113788668567892,4.19,0.7181,127591.14,132.0,1.2624,0.0269,0.3743,13.58534150142592,0.538575,0.9468,0.020175,0.280725,26,-1.0,-1.8369701987210297e-16,33,Sulawesi Selatan,2024,9
0.0154,6.0,0.0153,6.0,6.25,0.0167,0.0174,-0.0014000000000000002,0.0148,0.0139,0.0186,0.0156,0.0205,0.0147,0.0007549834435270579,0.0005999999999999998,18.113788668567892,4.19,0.7181,127591.14,132.0,1.2624,0.0269,0.3743,15.094823890473243,0.5984166666666667,1.052,0.022416666666666668,0.3119166666666667,26,-0.8660254037844386,0.5000000000000001,34,Sulawesi Selatan,2024,10
0.0157,6.0,0.0152,6.0,6.25,0.0153,0.0177,-9.99999999999994e-05,0.0154,0.0148,0.0139,0.0173,0.0186,0.0153,0.00045825756949554756,0.0002999999999999982,18.113788668567892,4.19,0.7181,127591.14,132.0,1.2624,0.0269,0.3743,16.604306279520568,0.6582583333333333,1.1572,0.024658333333333334,0.34310833333333335,26,-0.5000000000000004,0.8660254037844384,35,Sulawesi Selatan,2024,11
0.0159,6.0,0.0123,6.0,6.0,0.0152,0.0167,-0.0029,0.0157,0.0154,0.0148,0.0206,0.0179,0.015666666666666666,0.00025166114784228694,0.00020000000000000226,18.113788668567892,4.19,0.7181,127591.14,132.0,1.2624,0.0269,0.3743,18.113788668567892,0.7181,1.2624,0.0269,0.3743,26,-2.4492935982947064e-16,1.0,36,Sulawesi Selatan,2024,12
0.0169,5.75,0.001,6.0,6.0,0.0123,0.0153,-0.011300000000000001,0.0159,0.0157,0.0154,0.0186,0.0189,0.016166666666666666,0.000642910050732834,0.0009999999999999974,18.181763438522115,4.19,0.7603,131955.27,132.0,1.2442,0.03,0.3672,1.5151469532101762,0.06335833333333332,0.10368333333333332,0.0024999999999999996,0.030600000000000002,26,0.49999999999999994,0.8660254037844387,37,Sulawesi Selatan,2025,1
0.0175,5.75,-0.0109,5.75,6.0,0.001,0.0152,-0.0119,0.0169,0.0159,0.0157,0.0139,0.02,0.016766666666666666,0.0008082903768654541,0.0006000000000000033,18.181763438522115,4.96,0.7603,131955.27,132.0,1.2442,0.03,0.3672,3.0302939064203525,0.12671666666666664,0.20736666666666664,0.004999999999999999,0.061200000000000004,26,0.8660254037844386,0.5000000000000001,38,Sulawesi Selatan,2025,2
0.0178,5.75,0.0067,5.75,6.0,-0.0109,0.0123,0.0176,0.0175,0.0169,0.0159,0.0148,0.0189,0.0174,0.0004582575694955472,0.0002999999999999982,18.181763438522115,4.96,0.7603,131955.27,132.0,1.2442,0.03,0.3672,4.545440859630529,0.190075,0.31105,0.0075,0.0918,26,1.0,6.123233995736766e-17,39,Sulawesi Selatan,2025,3
0.0182,5.75,0.0228,5.75,5.75,0.0067,0.001,0.0161,0.0178,0.0175,0.0169,0.0154,0.0156,0.017833333333333336,0.0003511884584283771,0.00040000000000000105,18.181763438522115,4.96,0.7603,131955.27,132.0,1.2442,0.03,0.3672,6.060587812840705,0.2534333333333333,0.4147333333333333,0.009999999999999998,0.12240000000000001,26,0.8660254037844387,-0.4999999999999998,40,Sulawesi Selatan,2025,4
0.019,5.75,0.0204,5.75,5.75,0.0228,-0.0109,-0.0023999999999999994,0.0182,0.0178,0.0175,0.0157,0.0173,0.018333333333333333,0.0006110100926607522,0.0007999999999999986,18.181763438522115,4.96,0.7603,131955.27,132.0,1.2442,0.03,0.3672,7.575734766050881,0.3167916666666667,0.5184166666666666,0.0125,0.15300000000000002,26,0.49999999999999994,-0.8660254037844387,41,Sulawesi Selatan,2025,5
0.0167,5.5,0.0224,5.75,5.75,0.0204,0.0067,0.0019999999999999983,0.019,0.0182,0.0178,0.0159,0.0206,0.017966666666666666,0.0011676186592091185,-0.0023,18.181763438522115,4.96,0.7603,131955.27,132.0,1.2442,0.03,0.3672,9.090881719261057,0.38015,0.6221,0.015,0.1836,26,1.2246467991473532e-16,-1.0,42,Sulawesi Selatan,2025,6
0.0159,5.25,0.0305,5.5,5.75,0.0224,0.0228,0.0081,0.0167,0.019,0.0182,0.0169,0.0186,0.017199999999999997,0.0016093476939430965,-0.0007999999999999986,18.181763438522115,4.96,0.7603,131955.27,132.0,1.2442,0.03,0.3672,10.606028672471234,0.44350833333333334,0.7257833333333333,0.0175,0.21420000000000003,26,-0.4999999999999997,-0.8660254037844388,43,Sulawesi Selatan,2025,7
0.0153,5.0,0.0312,5.25,5.75,0.0305,0.0204,0.0006999999999999992,0.0159,0.0167,0.019,0.0175,0.0139,0.015966666666666667,0.0007023769168568256,-0.0006000000000000016,18.181763438522115,4.21,0.7603,131955.27,132.0,1.2442,0.03,0.3672,12.12117562568141,0.5068666666666666,0.8294666666666666,0.019999999999999997,0.24480000000000002,26,-0.8660254037844385,-0.5000000000000004,44,Sulawesi Selatan,2025,8
0.0156,4.75,0.0303,5.0,5.5,0.0312,0.0224,-0.000899999999999998,0.0153,0.0159,0.0167,0.0178,0.0148,0.015600000000000001,0.0002999999999999465,0.0002999999999999999,18.181763438522115,4.21,0.7603,131955.27,132.0,1.2442,0.03,0.3672,13.636322578891587,0.570225,0.9331499999999999,0.0225,0.27540000000000003,26,-1.0,-1.8369701987210297e-16,45,Sulawesi Selatan,2025,9
0.0157,4.75,0.0298,4.75,5.25,0.0303,0.0305,-0.0005000000000000004,0.0156,0.0153,0.0159,0.0182,0.0154,0.015533333333333335,0.0002081665999465351,9.99999999999994e-05,18.181763438522115,4.21,0.7603,131955.27,132.0,1.2442,0.03,0.3672,15.151469532101762,0.6335833333333334,1.0368333333333333,0.025,0.30600000000000005,26,-0.8660254037844386,0.5000000000000001,46,Sulawesi Selatan,2025,10
0.017,4.75,0.0273,4.75,5.0,0.0298,0.0312,-0.0024999999999999988,0.0157,0.0156,0.0153,0.019,0.0157,0.0161,0.0007810249675906423,0.0013000000000000025,18.181763438522115,4.21,0.7603,131955.27,132.0,1.2442,0.03,0.3672,16.666616485311938,0.6969416666666666,1.1405166666666666,0.027499999999999997,0.3366,26,-0.5000000000000004,0.8660254037844384,47,Sulawesi Selatan,2025,11
0.0167,4.75,0.0284,4.75,4.75,0.0273,0.0303,0.0011000000000000003,0.017,0.0157,0.0156,0.0167,0.0159,0.016466666666666668,0.0006806859285553757,-0.00030000000000000165,18.181763438522115,4.21,0.7603,131955.27,132.0,1.2442,0.03,0.3672,18.181763438522115,0.7603,1.2442,0.03,0.3672,26,-2.4492935982947064e-16,1.0,48,Sulawesi Selatan,2025,12
0.0089,5.75,-0.00335,5.5,4.75,0.0101,0.00185,-0.01345,0.009,0.0093,0.0093,0.0125,0.0136,0.009066666666666666,0.00020816659994660986,-9.99999999999994e-05,17.97576769687709,3.36,0.7392,30234.6,44.0,1.1837,0.0162,0.1553,1.497980641406424,0.061599999999999995,0.09864166666666666,0.0013499999999999999,0.012941666666666666,27,0.49999999999999994,0.8660254037844387,13,Sulawesi Tenggara,2023,1
0.009,5.75,-0.00215,5.75,5.25,-0.00335,0.00325,0.0012000000000000001,0.0089,0.009,0.0093,0.0128,0.0113,0.008966666666666666,5.77350269189538e-05,9.99999999999994e-05,17.97576769687709,3.66,0.7392,30234.6,44.0,1.1837,0.0162,0.1553,2.995961282812848,0.12319999999999999,0.1972833333333333,0.0026999999999999997,0.02588333333333333,27,0.8660254037844386,0.5000000000000001,14,Sulawesi Tenggara,2023,2
0.009,5.75,0.00365,5.75,5.5,-0.00215,0.0101,0.0058,0.009,0.0089,0.009,0.0142,0.0109,0.008966666666666666,5.77350269189538e-05,0.0,17.97576769687709,3.66,0.7392,30234.6,44.0,1.1837,0.0162,0.1553,4.493941924219272,0.1848,0.295925,0.00405,0.038825,27,1.0,6.123233995736766e-17,15,Sulawesi Tenggara,2023,3
0.0078,5.75,0.00365,5.75,5.75,0.00365,-0.00335,0.0,0.009,0.009,0.0089,0.0093,0.0115,0.008599999999999998,0.0006928203230275507,-0.0011999999999999997,17.97576769687709,3.66,0.7392,30234.6,44.0,1.1837,0.0162,0.1553,5.991922565625696,0.24639999999999998,0.3945666666666666,0.005399999999999999,0.05176666666666666,27,0.8660254037844387,-0.4999999999999998,16,Sulawesi Tenggara,2023,4
0.0105,5.75,0.00775,5.75,5.75,0.00365,-0.00215,0.0040999999999999995,0.0078,0.009,0.009,0.0093,0.0101,0.009099999999999999,0.0013527749258468683,0.002700000000000001,17.97576769687709,3.66,0.7392,30234.6,44.0,1.1837,0.0162,0.1553,7.48990320703212,0.308,0.49320833333333336,0.00675,0.06470833333333334,27,0.49999999999999994,-0.8660254037844387,17,Sulawesi Tenggara,2023,5
0.0107,5.75,0.00115,5.75,5.75,0.00775,0.00365,-0.0066,0.0105,0.0078,0.009,0.009,0.0109,0.009666666666666665,0.0016196707484341785,0.0001999999999999988,17.97576769687709,3.66,0.7392,30234.6,44.0,1.1837,0.0162,0.1553,8.987883848438544,0.3696,0.59185,0.0081,0.07765,27,1.2246467991473532e-16,-1.0,18,Sulawesi Tenggara,2023,6
0.0134,5.75,0.0042,5.75,5.75,0.00115,0.00365,0.0030499999999999998,0.0107,0.0105,0.0078,0.0089,0.0125,0.011533333333333333,0.0016196707484341768,0.002700000000000001,17.97576769687709,3.66,0.7392,30234.6,44.0,1.1837,0.0162,0.1553,10.48586448984497,0.4312,0.6904916666666667,0.00945,0.09059166666666667,27,-0.4999999999999997,-0.8660254037844388,19,Sulawesi Tenggara,2023,7
0.0088,5.75,0.00215,5.75,5.75,0.0042,0.00775,-0.0020499999999999997,0.0134,0.0107,0.0105,0.009,0.0128,0.010966666666666666,0.0023115651263447734,-0.0046,17.97576769687709,3.15,0.7392,30234.6,44.0,1.1837,0.0162,0.1553,11.983845131251393,0.49279999999999996,0.7891333333333332,0.010799999999999999,0.10353333333333332,27,-0.8660254037844385,-0.5000000000000004,20,Sulawesi Tenggara,2023,8
0.0087,5.75,0.0033,5.75,5.75,0.00215,0.00115,0.00115,0.0088,0.0134,0.0107,0.009,0.0142,0.010299999999999998,0.0026851443164195104,-0.00010000000000000113,17.97576769687709,3.15,0.7392,30234.6,44.0,1.1837,0.0162,0.1553,13.481825772657817,0.5544,0.887775,0.01215,0.116475,27,-1.0,-1.8369701987210297e-16,21,Sulawesi Tenggara,2023,9
0.0094,6.0,-0.0014,5.75,5.75,0.0033,0.0042,-0.0047,0.0087,0.0088,0.0134,0.0078,0.0093,0.008966666666666666,0.0003785938897200245,0.000700000000000001,17.97576769687709,3.15,0.7392,30234.6,44.0,1.1837,0.0162,0.1553,14.97980641406424,0.616,0.9864166666666667,0.0135,0.12941666666666668,27,-0.8660254037844386,0.5000000000000001,22,Sulawesi Tenggara,2023,10
0.0092,6.0,-0.00035,6.0,5.75,-0.0014,0.00215,0.00105,0.0094,0.0087,0.0088,0.0105,0.0093,0.009099999999999999,0.0003605551275464047,-0.00020000000000000052,17.97576769687709,3.15,0.7392,30234.6,44.0,1.1837,0.0162,0.1553,16.477787055470664,0.6776,1.0850583333333332,0.014849999999999999,0.1423583333333333,27,-0.5000000000000004,0.8660254037844384,23,Sulawesi Tenggara,2023,11
0.0091,6.0,0.0066,6.0,5.75,-0.00035,0.0033,0.00695,0.0092,0.0094,0.0087,0.0107,0.009,0.009233333333333333,0.00015275252316520417,-9.99999999999994e-05,17.97576769687709,3.15,0.7392,30234.6,44.0,1.1837,0.0162,0.1553,17.97576769687709,0.7392,1.1837,0.0162,0.1553,27,-2.4492935982947064e-16,1.0,24,Sulawesi Tenggara,2023,12
0.0087,6.0,0.0246,6.0,6.0,0.0066,-0.0014,0.018000000000000002,0.0091,0.0092,0.0094,0.0134,0.0089,0.009,0.0002645751311064664,-0.00040000000000000105,18.03266254944792,3.15,0.6505,31624.72,44.0,1.2698,0.0163,0.1265,1.50272187912066,0.05420833333333333,0.10581666666666667,0.0013583333333333331,0.010541666666666666,27,0.49999999999999994,0.8660254037844387,25,Sulawesi Tenggara,2024,1
0.0092,6.0,0.029,6.0,6.0,0.0246,-0.00035,0.004400000000000001,0.0087,0.0091,0.0092,0.0088,0.009,0.009,0.0002645751311064664,0.0005000000000000004,18.03266254944792,3.22,0.6505,31624.72,44.0,1.2698,0.0163,0.1265,3.00544375824132,0.10841666666666666,0.21163333333333334,0.0027166666666666663,0.021083333333333332,27,0.8660254037844386,0.5000000000000001,26,Sulawesi Tenggara,2024,2
0.0077,6.0,0.0293,6.0,6.0,0.029,0.0066,0.0002999999999999982,0.0092,0.0087,0.0091,0.0087,0.009,0.008533333333333332,0.0007637626158259763,-0.0014999999999999996,18.03266254944792,3.22,0.6505,31624.72,44.0,1.2698,0.0163,0.1265,4.50816563736198,0.162625,0.31745,0.004075,0.031625,27,1.0,6.123233995736766e-17,27,Sulawesi Tenggara,2024,3
0.0115,6.25,0.0293,6.0,6.0,0.0293,0.0246,0.0,0.0077,0.0092,0.0087,0.0094,0.0078,0.009466666666666667,0.0019139836293274133,0.0037999999999999996,18.03266254944792,3.22,0.6505,31624.72,44.0,1.2698,0.0163,0.1265,6.01088751648264,0.21683333333333332,0.4232666666666667,0.0054333333333333326,0.042166666666666665,27,0.8660254037844387,-0.4999999999999998,28,Sulawesi Tenggara,2024,4
0.0291,6.25,0.0257,6.25,6.0,0.0293,0.029,-0.003599999999999999,0.0115,0.0077,0.0092,0.0092,0.0105,0.0161,0.011417530380953668,0.0176,18.03266254944792,3.22,0.6505,31624.72,44.0,1.2698,0.0163,0.1265,7.5136093956033,0.2710416666666667,0.5290833333333333,0.006791666666666666,0.052708333333333336,27,0.49999999999999994,-0.8660254037844387,29,Sulawesi Tenggara,2024,5
0.0242,6.25,0.0235,6.25,6.0,0.0257,0.0293,-0.0022000000000000006,0.0291,0.0115,0.0077,0.0091,0.0107,0.021599999999999998,0.009083501527494781,-0.004900000000000002,18.03266254944792,3.22,0.6505,31624.72,44.0,1.2698,0.0163,0.1265,9.01633127472396,0.32525,0.6349,0.00815,0.06325,27,1.2246467991473532e-16,-1.0,30,Sulawesi Tenggara,2024,6
0.0225,6.25,0.0173,6.25,6.25,0.0235,0.0293,-0.006200000000000001,0.0242,0.0291,0.0115,0.0087,0.0134,0.02526666666666667,0.003426854728950935,-0.0017000000000000001,18.03266254944792,3.22,0.6505,31624.72,44.0,1.2698,0.0163,0.1265,10.51905315384462,0.37945833333333334,0.7407166666666667,0.009508333333333334,0.07379166666666667,27,-0.4999999999999997,-0.8660254037844388,31,Sulawesi Tenggara,2024,7
0.0218,6.25,0.0162,6.25,6.25,0.0173,0.0257,-0.0011000000000000003,0.0225,0.0242,0.0291,0.0092,0.0088,0.022833333333333334,0.0012342339054382519,-0.0006999999999999992,18.03266254944792,3.09,0.6505,31624.72,44.0,1.2698,0.0163,0.1265,12.02177503296528,0.43366666666666664,0.8465333333333334,0.010866666666666665,0.08433333333333333,27,-0.8660254037844385,-0.5000000000000004,32,Sulawesi Tenggara,2024,8
0.0165,6.0,0.0106,6.25,6.25,0.0162,0.0235,-0.005599999999999999,0.0218,0.0225,0.0242,0.0077,0.0087,0.020266666666666665,0.0032807519463277533,-0.005299999999999999,18.03266254944792,3.09,0.6505,31624.72,44.0,1.2698,0.0163,0.1265,13.52449691208594,0.48787499999999995,0.95235,0.012225,0.094875,27,-1.0,-1.8369701987210297e-16,33,Sulawesi Tenggara,2024,9
0.0184,6.0,0.0071,6.0,6.25,0.0106,0.0173,-0.0034999999999999996,0.0165,0.0218,0.0225,0.0115,0.0094,0.0189,0.002685144316419512,0.001899999999999999,18.03266254944792,3.09,0.6505,31624.72,44.0,1.2698,0.0163,0.1265,15.0272187912066,0.5420833333333334,1.0581666666666667,0.013583333333333333,0.10541666666666667,27,-0.8660254037844386,0.5000000000000001,34,Sulawesi Tenggara,2024,10
0.0174,6.0,0.0105,6.0,6.25,0.0071,0.0162,0.0034000000000000002,0.0184,0.0165,0.0218,0.0291,0.0092,0.017433333333333332,0.0009504384952922223,-0.0010000000000000009,18.03266254944792,3.09,0.6505,31624.72,44.0,1.2698,0.0163,0.1265,16.52994067032726,0.5962916666666667,1.1639833333333334,0.014941666666666664,0.11595833333333333,27,-0.5000000000000004,0.8660254037844384,35,Sulawesi Tenggara,2024,11
0.0142,6.0,0.0105,6.0,6.0,0.0105,0.0106,0.0,0.0174,0.0184,0.0165,0.0242,0.0091,0.016666666666666666,0.00219393102292058,-0.003199999999999998,18.03266254944792,3.09,0.6505,31624.72,44.0,1.2698,0.0163,0.1265,18.03266254944792,0.6505,1.2698,0.0163,0.1265,27,-2.4492935982947064e-16,1.0,36,Sulawesi Tenggara,2024,12
0.0153,5.75,-0.0039,6.0,6.0,0.0105,0.0071,-0.0144,0.0142,0.0174,0.0184,0.0225,0.0087,0.015633333333333332,0.0016258331197676298,0.0010999999999999985,18.09260713987344,3.09,0.7382,30892.8,44.0,1.3153,0.0192,0.1288,1.5077172616561199,0.061516666666666664,0.10960833333333332,0.0015999999999999999,0.010733333333333333,27,0.49999999999999994,0.8660254037844387,37,Sulawesi Tenggara,2025,1
0.0144,5.75,-0.0022,5.75,6.0,-0.0039,0.0105,0.0016999999999999997,0.0153,0.0142,0.0174,0.0218,0.0092,0.014633333333333333,0.000585946527708241,-0.0008999999999999998,18.09260713987344,3.27,0.7382,30892.8,44.0,1.3153,0.0192,0.1288,3.0154345233122397,0.12303333333333333,0.21921666666666664,0.0031999999999999997,0.021466666666666665,27,0.8660254037844386,0.5000000000000001,38,Sulawesi Tenggara,2025,2
0.0148,5.75,0.0153,5.75,6.0,-0.0022,0.0105,0.017499999999999998,0.0144,0.0153,0.0142,0.0165,0.0077,0.014833333333333332,0.00045092497528230246,0.00040000000000000105,18.09260713987344,3.27,0.7382,30892.8,44.0,1.3153,0.0192,0.1288,4.52315178496836,0.18455,0.328825,0.0048,0.0322,27,1.0,6.123233995736766e-17,39,Sulawesi Tenggara,2025,3
0.0159,5.75,0.0196,5.75,5.75,0.0153,-0.0039,0.0043,0.0148,0.0144,0.0153,0.0184,0.0115,0.015033333333333334,0.0007767453465154115,0.0011000000000000003,18.09260713987344,3.27,0.7382,30892.8,44.0,1.3153,0.0192,0.1288,6.030869046624479,0.24606666666666666,0.4384333333333333,0.0063999999999999994,0.04293333333333333,27,0.8660254037844387,-0.4999999999999998,40,Sulawesi Tenggara,2025,4
0.0159,5.75,0.0171,5.75,5.75,0.0196,-0.0022,-0.0024999999999999988,0.0159,0.0148,0.0144,0.0174,0.0291,0.015533333333333335,0.0006350852961085997,0.0,18.09260713987344,3.27,0.7382,30892.8,44.0,1.3153,0.0192,0.1288,7.538586308280601,0.3075833333333333,0.5480416666666666,0.008,0.05366666666666667,27,0.49999999999999994,-0.8660254037844387,41,Sulawesi Tenggara,2025,5
0.0144,5.5,0.0252,5.75,5.75,0.0171,0.0153,0.0081,0.0159,0.0159,0.0148,0.0142,0.0242,0.015400000000000002,0.000866025403784447,-0.0015000000000000013,18.09260713987344,3.27,0.7382,30892.8,44.0,1.3153,0.0192,0.1288,9.04630356993672,0.3691,0.65765,0.0096,0.0644,27,1.2246467991473532e-16,-1.0,42,Sulawesi Tenggara,2025,6
0.0148,5.25,0.0372,5.5,5.75,0.0252,0.0196,0.011999999999999997,0.0144,0.0159,0.0159,0.0153,0.0225,0.015033333333333334,0.0007767453465154104,0.00040000000000000105,18.09260713987344,3.27,0.7382,30892.8,44.0,1.3153,0.0192,0.1288,10.55402083159284,0.43061666666666665,0.7672583333333334,0.0112,0.07513333333333334,27,-0.4999999999999997,-0.8660254037844388,43,Sulawesi Tenggara,2025,7
0.0143,5.0,0.0375,5.25,5.75,0.0372,0.0171,0.00030000000000000165,0.0148,0.0144,0.0159,0.0144,0.0218,0.014499999999999999,0.0002645751311064701,-0.0005000000000000004,18.09260713987344,3.31,0.7382,30892.8,44.0,1.3153,0.0192,0.1288,12.061738093248959,0.4921333333333333,0.8768666666666666,0.012799999999999999,0.08586666666666666,27,-0.8660254037844385,-0.5000000000000004,44,Sulawesi Tenggara,2025,8
0.0139,4.75,0.0368,5.0,5.5,0.0375,0.0252,-0.0006999999999999992,0.0143,0.0148,0.0144,0.0148,0.0165,0.014333333333333332,0.0004509249752822954,-0.00040000000000000105,18.09260713987344,3.31,0.7382,30892.8,44.0,1.3153,0.0192,0.1288,13.569455354905081,0.55365,0.986475,0.0144,0.09659999999999999,27,-1.0,-1.8369701987210297e-16,45,Sulawesi Tenggara,2025,9
0.0142,4.75,0.0326,4.75,5.25,0.0368,0.0372,-0.004200000000000002,0.0139,0.0143,0.0148,0.0159,0.0184,0.014133333333333333,0.00020816659994662311,0.00030000000000000165,18.09260713987344,3.31,0.7382,30892.8,44.0,1.3153,0.0192,0.1288,15.077172616561201,0.6151666666666666,1.0960833333333333,0.016,0.10733333333333334,27,-0.8660254037844386,0.5000000000000001,46,Sulawesi Tenggara,2025,10
0.015,4.75,0.0294,4.75,5.0,0.0326,0.0375,-0.003199999999999998,0.0142,0.0139,0.0143,0.0159,0.0174,0.014366666666666666,0.0005686240703077359,0.0007999999999999986,18.09260713987344,3.31,0.7382,30892.8,44.0,1.3153,0.0192,0.1288,16.584889878217318,0.6766833333333333,1.2056916666666666,0.017599999999999998,0.11806666666666665,27,-0.5000000000000004,0.8660254037844384,47,Sulawesi Tenggara,2025,11
0.0148,4.75,0.0286,4.75,4.75,0.0294,0.0368,-0.0007999999999999986,0.015,0.0142,0.0139,0.0144,0.0142,0.014666666666666666,0.00041633319989323045,-0.0001999999999999988,18.09260713987344,3.31,0.7382,30892.8,44.0,1.3153,0.0192,0.1288,18.09260713987344,0.7382,1.3153,0.0192,0.1288,27,-2.4492935982947064e-16,1.0,48,Sulawesi Tenggara,2025,12
0.0142,5.75,0.00785,5.5,4.75,0.00525,-0.001,0.002599999999999999,0.0148,0.0161,0.0191,0.0203,0.0214,0.015033333333333334,0.0009712534856222255,-0.0005999999999999998,17.94745593226449,4.8,0.8088,139257.66,85.0,0.6625,0.0159,0.543,1.4956213276887074,0.06739999999999999,0.05520833333333333,0.001325,0.04525,28,0.49999999999999994,0.8660254037844387,13,Bali,2023,1
0.0127,5.75,0.00165,5.75,5.25,0.00785,0.0019,-0.006199999999999999,0.0142,0.0148,0.0161,0.0216,0.021,0.013900000000000001,0.0010816653826391943,-0.0015000000000000013,17.94745593226449,3.73,0.8088,139257.66,85.0,0.6625,0.0159,0.543,2.9912426553774147,0.13479999999999998,0.11041666666666666,0.00265,0.0905,28,0.8660254037844386,0.5000000000000001,14,Bali,2023,2
0.0145,5.75,0.00225,5.75,5.5,0.00165,0.00525,0.0005999999999999998,0.0127,0.0142,0.0148,0.0205,0.0193,0.0138,0.0009643650760992931,0.0018000000000000013,17.94745593226449,3.73,0.8088,139257.66,85.0,0.6625,0.0159,0.543,4.486863983066122,0.2022,0.165625,0.003975,0.13575,28,1.0,6.123233995736766e-17,15,Bali,2023,3
0.012,5.75,-0.0008,5.75,5.75,0.00225,0.00785,-0.0030499999999999998,0.0145,0.0127,0.0142,0.0191,0.0182,0.013066666666666666,0.0012897028081435375,-0.0025000000000000005,17.94745593226449,3.73,0.8088,139257.66,85.0,0.6625,0.0159,0.543,5.9824853107548295,0.26959999999999995,0.22083333333333333,0.0053,0.181,28,0.8660254037844387,-0.4999999999999998,16,Bali,2023,4
0.0152,5.75,0.00355,5.75,5.75,-0.0008,0.00165,0.004350000000000001,0.012,0.0145,0.0127,0.0161,0.0166,0.013900000000000001,0.0016822603841260709,0.0031999999999999997,17.94745593226449,3.73,0.8088,139257.66,85.0,0.6625,0.0159,0.543,7.4781066384435375,0.337,0.2760416666666667,0.006625000000000001,0.22625000000000003,28,0.49999999999999994,-0.8660254037844387,17,Bali,2023,5
0.014,5.75,0.0007,5.75,5.75,0.00355,0.00225,-0.00285,0.0152,0.012,0.0145,0.0148,0.0187,0.013733333333333334,0.0016165807537309505,-0.0011999999999999997,17.94745593226449,3.73,0.8088,139257.66,85.0,0.6625,0.0159,0.543,8.973727966132245,0.4044,0.33125,0.00795,0.2715,28,1.2246467991473532e-16,-1.0,18,Bali,2023,6
0.0156,5.75,0.00305,5.75,5.75,0.0007,-0.0008,0.00235,0.014,0.0152,0.012,0.0142,0.0203,0.014933333333333333,0.0008326663997864531,0.001599999999999999,17.94745593226449,3.73,0.8088,139257.66,85.0,0.6625,0.0159,0.543,10.469349293820953,0.4718,0.38645833333333335,0.009275000000000002,0.31675000000000003,28,-0.4999999999999997,-0.8660254037844388,19,Bali,2023,7
0.0132,5.75,0.0024,5.75,5.75,0.00305,0.00355,-0.0006500000000000004,0.0156,0.014,0.0152,0.0127,0.0216,0.014266666666666665,0.0012220201853215562,-0.0023999999999999994,17.94745593226449,2.69,0.8088,139257.66,85.0,0.6625,0.0159,0.543,11.964970621509659,0.5391999999999999,0.44166666666666665,0.0106,0.362,28,-0.8660254037844385,-0.5000000000000004,20,Bali,2023,8
0.0103,5.75,-0.0004,5.75,5.75,0.0024,0.0007,-0.0028,0.0132,0.0156,0.014,0.0145,0.0205,0.013033333333333334,0.002653927906581738,-0.0029,17.94745593226449,2.69,0.8088,139257.66,85.0,0.6625,0.0159,0.543,13.460591949198367,0.6066,0.49687499999999996,0.011925000000000002,0.40725,28,-1.0,-1.8369701987210297e-16,21,Bali,2023,9
0.0158,6.0,0.00295,5.75,5.75,-0.0004,0.00305,0.00335,0.0103,0.0132,0.0156,0.012,0.0191,0.0131,0.0027513632984395202,0.005500000000000001,17.94745593226449,2.69,0.8088,139257.66,85.0,0.6625,0.0159,0.543,14.956213276887075,0.674,0.5520833333333334,0.013250000000000001,0.45250000000000007,28,-0.8660254037844386,0.5000000000000001,22,Bali,2023,10
0.0153,6.0,0.006,6.0,5.75,0.00295,0.0024,0.00305,0.0158,0.0103,0.0132,0.0152,0.0161,0.013800000000000002,0.0030413812651491094,-0.0005000000000000022,17.94745593226449,2.69,0.8088,139257.66,85.0,0.6625,0.0159,0.543,16.45183460457578,0.7414,0.6072916666666667,0.014575,0.49775,28,-0.5000000000000004,0.8660254037844384,23,Bali,2023,11
0.0178,6.0,0.0046,6.0,5.75,0.006,-0.0004,-0.0014000000000000002,0.0153,0.0158,0.0103,0.014,0.0148,0.0163,0.0013228756555322952,0.0025000000000000005,17.94745593226449,2.69,0.8088,139257.66,85.0,0.6625,0.0159,0.543,17.94745593226449,0.8088,0.6625,0.0159,0.543,28,-2.4492935982947064e-16,1.0,24,Bali,2023,12
0.0163,6.0,0.0261,6.0,6.0,0.0046,0.00295,0.021500000000000002,0.0178,0.0153,0.0158,0.0156,0.0142,0.016466666666666668,0.0012583057392117924,-0.0015000000000000013,18.024938217992325,2.69,0.8547,159657.68,87.0,0.6223,0.0131,0.5419,1.5020781848326936,0.071225,0.051858333333333326,0.0010916666666666666,0.045158333333333335,28,0.49999999999999994,0.8660254037844387,25,Bali,2024,1
0.017,6.0,0.0298,6.0,6.0,0.0261,0.006,0.0036999999999999984,0.0163,0.0178,0.0153,0.0132,0.0127,0.01703333333333333,0.0007505553499465172,0.0007000000000000027,18.024938217992325,1.87,0.8547,159657.68,87.0,0.6223,0.0131,0.5419,3.0041563696653872,0.14245,0.10371666666666665,0.002183333333333333,0.09031666666666667,28,0.8660254037844386,0.5000000000000001,26,Bali,2024,2
0.0177,6.0,0.0367,6.0,6.0,0.0298,0.0046,0.006900000000000003,0.017,0.0163,0.0178,0.0103,0.0145,0.017,0.0007000000000000041,0.0006999999999999992,18.024938217992325,1.87,0.8547,159657.68,87.0,0.6223,0.0131,0.5419,4.506234554498081,0.213675,0.155575,0.003275,0.135475,28,1.0,6.123233995736766e-17,27,Bali,2024,3
0.0134,6.25,0.0402,6.0,6.0,0.0367,0.0261,0.003499999999999996,0.0177,0.017,0.0163,0.0158,0.012,0.016033333333333333,0.0023072349974229607,-0.0043,18.024938217992325,1.87,0.8547,159657.68,87.0,0.6223,0.0131,0.5419,6.0083127393307745,0.2849,0.2074333333333333,0.004366666666666666,0.18063333333333334,28,0.8660254037844387,-0.4999999999999998,28,Bali,2024,4
0.0143,6.25,0.0354,6.25,6.0,0.0402,0.0298,-0.004799999999999999,0.0134,0.0177,0.017,0.0153,0.0152,0.015133333333333334,0.0022678918257565367,0.0008999999999999998,18.024938217992325,1.87,0.8547,159657.68,87.0,0.6223,0.0131,0.5419,7.510390924163469,0.356125,0.25929166666666664,0.005458333333333334,0.2257916666666667,28,0.49999999999999994,-0.8660254037844387,29,Bali,2024,5
0.0156,6.25,0.0271,6.25,6.0,0.0354,0.0367,-0.008300000000000002,0.0143,0.0134,0.0177,0.0178,0.014,0.014433333333333333,0.0011060440015357924,0.001299999999999999,18.024938217992325,1.87,0.8547,159657.68,87.0,0.6223,0.0131,0.5419,9.012469108996163,0.42735,0.31115,0.00655,0.27095,28,1.2246467991473532e-16,-1.0,30,Bali,2024,6
0.0125,6.25,0.0253,6.25,6.25,0.0271,0.0402,-0.0017999999999999995,0.0156,0.0143,0.0134,0.0163,0.0156,0.014133333333333333,0.0015567059238447394,-0.0030999999999999986,18.024938217992325,1.87,0.8547,159657.68,87.0,0.6223,0.0131,0.5419,10.514547293828857,0.49857500000000005,0.3630083333333333,0.007641666666666667,0.3161083333333334,28,-0.4999999999999997,-0.8660254037844388,31,Bali,2024,7
0.0117,6.25,0.0232,6.25,6.25,0.0253,0.0354,-0.002100000000000001,0.0125,0.0156,0.0143,0.017,0.0132,0.013266666666666668,0.00205993527406404,-0.0008000000000000004,18.024938217992325,1.79,0.8547,159657.68,87.0,0.6223,0.0131,0.5419,12.016625478661549,0.5698,0.4148666666666666,0.008733333333333333,0.3612666666666667,28,-0.8660254037844385,-0.5000000000000004,32,Bali,2024,8
0.016,6.0,0.0267,6.25,6.25,0.0232,0.0271,0.003500000000000003,0.0117,0.0125,0.0156,0.0177,0.0103,0.0134,0.002286919325205846,0.0043,18.024938217992325,1.79,0.8547,159657.68,87.0,0.6223,0.0131,0.5419,13.518703663494243,0.641025,0.46672499999999995,0.009825,0.40642500000000004,28,-1.0,-1.8369701987210297e-16,33,Bali,2024,9
0.0141,6.0,0.0251,6.0,6.25,0.0267,0.0253,-0.0016000000000000007,0.016,0.0117,0.0125,0.0134,0.0158,0.013933333333333332,0.0021548395145191907,-0.0019000000000000006,18.024938217992325,1.79,0.8547,159657.68,87.0,0.6223,0.0131,0.5419,15.020781848326939,0.71225,0.5185833333333333,0.010916666666666668,0.4515833333333334,28,-0.8660254037844386,0.5000000000000001,34,Bali,2024,10
0.014,6.0,0.025,6.0,6.25,0.0251,0.0232,-9.99999999999994e-05,0.0141,0.016,0.0117,0.0143,0.0153,0.0147,0.0011269427669584548,-9.99999999999994e-05,18.024938217992325,1.79,0.8547,159657.68,87.0,0.6223,0.0131,0.5419,16.52286003315963,0.783475,0.5704416666666666,0.012008333333333333,0.4967416666666667,28,-0.5000000000000004,0.8660254037844384,35,Bali,2024,11
0.0146,6.0,0.0234,6.0,6.0,0.025,0.0267,-0.0016000000000000007,0.014,0.0141,0.016,0.0156,0.0178,0.014233333333333334,0.0003214550253663881,0.0005999999999999998,18.024938217992325,1.79,0.8547,159657.68,87.0,0.6223,0.0131,0.5419,18.024938217992325,0.8547,0.6223,0.0131,0.5419,28,-2.4492935982947064e-16,1.0,36,Bali,2024,12
0.0105,5.75,0.0241,6.0,6.0,0.0234,0.0251,0.0006999999999999992,0.0146,0.014,0.0141,0.0125,0.0163,0.013033333333333333,0.0022143471573656394,-0.0040999999999999995,18.101274058917447,1.79,0.9059,168212.72,90.0,0.6104,0.0137,0.5283,1.5084395049097872,0.07549166666666667,0.05086666666666667,0.0011416666666666667,0.044024999999999995,28,0.49999999999999994,0.8660254037844387,37,Bali,2025,1
0.01,5.75,0.0121,5.75,6.0,0.0241,0.025,-0.012,0.0105,0.0146,0.014,0.0117,0.017,0.0117,0.00252388589282478,-0.0005000000000000004,18.101274058917447,1.58,0.9059,168212.72,90.0,0.6104,0.0137,0.5283,3.0168790098195744,0.15098333333333333,0.10173333333333334,0.0022833333333333334,0.08804999999999999,28,0.8660254037844386,0.5000000000000001,38,Bali,2025,2
0.0112,5.75,0.0189,5.75,6.0,0.0121,0.0234,0.0068000000000000005,0.01,0.0105,0.0146,0.016,0.0177,0.010566666666666667,0.0006027713773341023,0.0011999999999999997,18.101274058917447,1.58,0.9059,168212.72,90.0,0.6104,0.0137,0.5283,4.525318514729362,0.226475,0.1526,0.003425,0.132075,28,1.0,6.123233995736766e-17,39,Bali,2025,3
0.0177,5.75,0.023,5.75,5.75,0.0189,0.0241,0.0040999999999999995,0.0112,0.01,0.0105,0.0141,0.0134,0.012966666666666668,0.004142865353029627,0.006500000000000001,18.101274058917447,1.58,0.9059,168212.72,90.0,0.6104,0.0137,0.5283,6.033758019639149,0.30196666666666666,0.20346666666666668,0.004566666666666667,0.17609999999999998,28,0.8660254037844387,-0.4999999999999998,40,Bali,2025,4
0.0189,5.75,0.0192,5.75,5.75,0.023,0.0121,-0.0038000000000000013,0.0177,0.0112,0.01,0.014,0.0143,0.01593333333333333,0.004142865353029634,0.0011999999999999997,18.101274058917447,1.58,0.9059,168212.72,90.0,0.6104,0.0137,0.5283,7.5421975245489365,0.37745833333333334,0.25433333333333336,0.0057083333333333335,0.22012500000000002,28,0.49999999999999994,-0.8660254037844387,41,Bali,2025,5
0.0113,5.5,0.0294,5.75,5.75,0.0192,0.0189,0.0102,0.0189,0.0177,0.0112,0.0146,0.0156,0.015966666666666667,0.004085747585611886,-0.007600000000000001,18.101274058917447,1.58,0.9059,168212.72,90.0,0.6104,0.0137,0.5283,9.050637029458724,0.45295,0.3052,0.00685,0.26415,28,1.2246467991473532e-16,-1.0,42,Bali,2025,6
0.012,5.25,0.0316,5.5,5.75,0.0294,0.023,0.002200000000000004,0.0113,0.0189,0.0177,0.0105,0.0125,0.014066666666666667,0.004200396806652119,0.000700000000000001,18.101274058917447,1.58,0.9059,168212.72,90.0,0.6104,0.0137,0.5283,10.559076534368511,0.5284416666666667,0.3560666666666667,0.007991666666666668,0.30817500000000003,28,-0.4999999999999997,-0.8660254037844388,43,Bali,2025,7
0.0118,5.0,0.0265,5.25,5.75,0.0316,0.0192,-0.005100000000000004,0.012,0.0113,0.0189,0.01,0.0117,0.0117,0.0003605551275463029,-0.00020000000000000052,18.101274058917447,1.49,0.9059,168212.72,90.0,0.6104,0.0137,0.5283,12.067516039278297,0.6039333333333333,0.40693333333333337,0.009133333333333334,0.35219999999999996,28,-0.8660254037844385,-0.5000000000000004,44,Bali,2025,8
0.015,4.75,0.0251,5.0,5.5,0.0265,0.0294,-0.0013999999999999985,0.0118,0.012,0.0113,0.0112,0.016,0.012933333333333333,0.0017925772879664873,0.0031999999999999997,18.101274058917447,1.49,0.9059,168212.72,90.0,0.6104,0.0137,0.5283,13.575955544188085,0.6794250000000001,0.45780000000000004,0.010275,0.396225,28,-1.0,-1.8369701987210297e-16,45,Bali,2025,9
0.0223,4.75,0.0261,4.75,5.25,0.0251,0.0316,0.0010000000000000009,0.015,0.0118,0.012,0.0177,0.0141,0.016366666666666665,0.005381759315812384,0.007300000000000001,18.101274058917447,1.49,0.9059,168212.72,90.0,0.6104,0.0137,0.5283,15.084395049097873,0.7549166666666667,0.5086666666666667,0.011416666666666667,0.44025000000000003,28,-0.8660254037844386,0.5000000000000001,46,Bali,2025,10
0.0227,4.75,0.0251,4.75,5.0,0.0261,0.0265,-0.0010000000000000009,0.0223,0.015,0.0118,0.0189,0.014,0.02,0.004334743360338665,0.00040000000000000105,18.101274058917447,1.49,0.9059,168212.72,90.0,0.6104,0.0137,0.5283,16.59283455400766,0.8304083333333333,0.5595333333333333,0.012558333333333333,0.48427499999999996,28,-0.5000000000000004,0.8660254037844384,47,Bali,2025,11
0.0213,4.75,0.0291,4.75,4.75,0.0251,0.0251,0.004,0.0227,0.0223,0.015,0.0113,0.0146,0.022099999999999998,0.0007211102550929383,-0.001400000000000002,18.101274058917447,1.49,0.9059,168212.72,90.0,0.6104,0.0137,0.5283,18.101274058917447,0.9059,0.6104,0.0137,0.5283,28,-2.4492935982947064e-16,1.0,48,Bali,2025,12
0.061,5.75,0.00175,5.5,4.75,0.00315,0.0004,-0.0014,0.0537,0.044,0.037,0.0296,0.0155,0.052899999999999996,0.008528188553262664,0.007300000000000001,17.214238225725502,2.89,0.7135,36458.79,48.0,1.7207,0.0115,0.3384,1.4345198521437919,0.059458333333333335,0.14339166666666664,0.0009583333333333333,0.028199999999999996,29,0.49999999999999994,0.8660254037844387,13,Nusa Tenggara Barat,2023,1
0.0622,5.75,0.0045,5.75,5.25,0.00175,0.00095,0.00275,0.061,0.0537,0.044,0.0373,0.0148,0.05896666666666667,0.004600362304572723,0.0011999999999999997,17.214238225725502,3.73,0.7135,36458.79,48.0,1.7207,0.0115,0.3384,2.8690397042875837,0.11891666666666667,0.2867833333333333,0.0019166666666666666,0.05639999999999999,29,0.8660254037844386,0.5000000000000001,14,Nusa Tenggara Barat,2023,2
0.0675,5.75,-0.0008,5.75,5.5,0.0045,0.00315,-0.0053,0.0622,0.061,0.0537,0.0407,0.0228,0.06356666666666667,0.0034588051886935796,0.005300000000000006,17.214238225725502,3.73,0.7135,36458.79,48.0,1.7207,0.0115,0.3384,4.3035595564313756,0.178375,0.430175,0.002875,0.0846,29,1.0,6.123233995736766e-17,15,Nusa Tenggara Barat,2023,3
0.0767,5.75,0.0031,5.75,5.75,-0.0008,0.00175,0.0039,0.0675,0.0622,0.061,0.037,0.0226,0.06880000000000001,0.007336893075410063,0.0092,17.214238225725502,3.73,0.7135,36458.79,48.0,1.7207,0.0115,0.3384,5.738079408575167,0.23783333333333334,0.5735666666666666,0.003833333333333333,0.11279999999999998,29,0.8660254037844387,-0.4999999999999998,16,Nusa Tenggara Barat,2023,4
0.0759,5.75,0.00085,5.75,5.75,0.0031,0.0045,-0.00225,0.0767,0.0675,0.0622,0.044,0.0281,0.07336666666666668,0.005096403960964362,-0.000800000000000009,17.214238225725502,3.73,0.7135,36458.79,48.0,1.7207,0.0115,0.3384,7.172599260718959,0.2972916666666667,0.7169583333333334,0.004791666666666667,0.141,29,0.49999999999999994,-0.8660254037844387,17,Nusa Tenggara Barat,2023,5
0.0718,5.75,0.0008,5.75,5.75,0.00085,-0.0008,-4.9999999999999914e-05,0.0759,0.0767,0.0675,0.0537,0.0229,0.07479999999999999,0.002628687885618961,-0.0040999999999999925,17.214238225725502,3.73,0.7135,36458.79,48.0,1.7207,0.0115,0.3384,8.607119112862751,0.35675,0.86035,0.00575,0.1692,29,1.2246467991473532e-16,-1.0,18,Nusa Tenggara Barat,2023,6
0.0674,5.75,0.0032,5.75,5.75,0.0008,0.0031,0.0024000000000000002,0.0718,0.0759,0.0767,0.061,0.0296,0.0717,0.004250882261366442,-0.004400000000000001,17.214238225725502,3.73,0.7135,36458.79,48.0,1.7207,0.0115,0.3384,10.041638965006543,0.41620833333333335,1.0037416666666668,0.0067083333333333335,0.1974,29,-0.4999999999999997,-0.8660254037844388,19,Nusa Tenggara Barat,2023,7
0.0623,5.75,0.0009,5.75,5.75,0.0032,0.00085,-0.0023,0.0674,0.0718,0.0759,0.0622,0.0373,0.06716666666666667,0.0047542963026438725,-0.0051,17.214238225725502,2.8,0.7135,36458.79,48.0,1.7207,0.0115,0.3384,11.476158817150335,0.4756666666666667,1.1471333333333331,0.007666666666666666,0.22559999999999997,29,-0.8660254037844385,-0.5000000000000004,20,Nusa Tenggara Barat,2023,8
0.06,5.75,0.00525,5.75,5.75,0.0009,0.0008,0.004350000000000001,0.0623,0.0674,0.0718,0.0675,0.0407,0.06323333333333332,0.003787259343289436,-0.0023000000000000034,17.214238225725502,2.8,0.7135,36458.79,48.0,1.7207,0.0115,0.3384,12.910678669294127,0.5351250000000001,1.290525,0.008625,0.25379999999999997,29,-1.0,-1.8369701987210297e-16,21,Nusa Tenggara Barat,2023,9
0.0581,6.0,0.00155,5.75,5.75,0.00525,0.0032,-0.0037,0.06,0.0623,0.0674,0.0767,0.037,0.06013333333333334,0.002103172207246239,-0.001899999999999999,17.214238225725502,2.8,0.7135,36458.79,48.0,1.7207,0.0115,0.3384,14.345198521437919,0.5945833333333334,1.4339166666666667,0.009583333333333334,0.282,29,-0.8660254037844386,0.5000000000000001,22,Nusa Tenggara Barat,2023,10
0.058,6.0,0.00405,6.0,5.75,0.00155,0.0009,0.0024999999999999996,0.0581,0.06,0.0623,0.0759,0.044,0.0587,0.0011269427669583021,-9.999999999999593e-05,17.214238225725502,2.8,0.7135,36458.79,48.0,1.7207,0.0115,0.3384,15.77971837358171,0.6540416666666666,1.577308333333333,0.010541666666666666,0.3102,29,-0.5000000000000004,0.8660254037844384,23,Nusa Tenggara Barat,2023,11
0.0591,6.0,0.00425,6.0,5.75,0.00405,0.00525,0.00020000000000000052,0.058,0.0581,0.06,0.0718,0.0537,0.05840000000000001,0.0006082762530295163,0.0010999999999999968,17.214238225725502,2.8,0.7135,36458.79,48.0,1.7207,0.0115,0.3384,17.214238225725502,0.7135,1.7207,0.0115,0.3384,29,-2.4492935982947064e-16,1.0,24,Nusa Tenggara Barat,2023,12
0.0566,6.0,0.0287,6.0,6.0,0.00425,0.00155,0.02445,0.0591,0.058,0.0581,0.0674,0.061,0.0579,0.001252996408614011,-0.0025000000000000022,17.290020357315363,2.8,0.6611,42514.35,47.0,1.6137,0.0202,0.3291,1.4408350297762802,0.055091666666666664,0.13447499999999998,0.0016833333333333331,0.027424999999999998,29,0.49999999999999994,0.8660254037844387,25,Nusa Tenggara Barat,2024,1
0.0571,6.0,0.03,6.0,6.0,0.0287,0.00405,0.001299999999999999,0.0566,0.0591,0.058,0.0623,0.0622,0.057600000000000005,0.0013228756555321432,0.0005000000000000004,17.290020357315363,3.3,0.6611,42514.35,47.0,1.6137,0.0202,0.3291,2.8816700595525604,0.11018333333333333,0.26894999999999997,0.0033666666666666662,0.054849999999999996,29,0.8660254037844386,0.5000000000000001,26,Nusa Tenggara Barat,2024,2
0.0532,6.0,0.0363,6.0,6.0,0.03,0.00425,0.0063,0.0571,0.0566,0.0591,0.06,0.0675,0.05563333333333333,0.002122105872319487,-0.0039000000000000007,17.290020357315363,3.3,0.6611,42514.35,47.0,1.6137,0.0202,0.3291,4.322505089328841,0.165275,0.403425,0.00505,0.082275,29,1.0,6.123233995736766e-17,27,Nusa Tenggara Barat,2024,3
0.0511,6.25,0.0331,6.0,6.0,0.0363,0.0287,-0.0032000000000000015,0.0532,0.0571,0.0566,0.0581,0.0767,0.053799999999999994,0.0030446674695275744,-0.0020999999999999977,17.290020357315363,3.3,0.6611,42514.35,47.0,1.6137,0.0202,0.3291,5.763340119105121,0.22036666666666666,0.5378999999999999,0.0067333333333333325,0.10969999999999999,29,0.8660254037844387,-0.4999999999999998,28,Nusa Tenggara Barat,2024,4
0.0511,6.25,0.0277,6.25,6.0,0.0331,0.03,-0.0053999999999999986,0.0511,0.0532,0.0571,0.058,0.0759,0.05179999999999999,0.0012124355652979554,0.0,17.290020357315363,3.3,0.6611,42514.35,47.0,1.6137,0.0202,0.3291,7.204175148881402,0.27545833333333336,0.672375,0.008416666666666666,0.137125,29,0.49999999999999994,-0.8660254037844387,29,Nusa Tenggara Barat,2024,5
0.0504,6.25,0.0212,6.25,6.0,0.0277,0.0363,-0.006499999999999999,0.0511,0.0511,0.0532,0.0591,0.0718,0.05086666666666667,0.00040414518843191635,-0.0006999999999999992,17.290020357315363,3.3,0.6611,42514.35,47.0,1.6137,0.0202,0.3291,8.645010178657682,0.33055,0.80685,0.0101,0.16455,29,1.2246467991473532e-16,-1.0,30,Nusa Tenggara Barat,2024,6
0.0492,6.25,0.0191,6.25,6.25,0.0212,0.0331,-0.002100000000000001,0.0504,0.0511,0.0511,0.0566,0.0674,0.05023333333333333,0.000960902353692943,-0.0011999999999999997,17.290020357315363,3.3,0.6611,42514.35,47.0,1.6137,0.0202,0.3291,10.085845208433962,0.3856416666666667,0.941325,0.011783333333333333,0.191975,29,-0.4999999999999997,-0.8660254037844388,31,Nusa Tenggara Barat,2024,7
0.0499,6.25,0.0201,6.25,6.25,0.0191,0.0277,0.0010000000000000009,0.0492,0.0504,0.0511,0.0571,0.0623,0.049833333333333334,0.0006027713773335783,0.0006999999999999992,17.290020357315363,2.73,0.6611,42514.35,47.0,1.6137,0.0202,0.3291,11.526680238210242,0.4407333333333333,1.0757999999999999,0.013466666666666665,0.21939999999999998,29,-0.8660254037844385,-0.5000000000000004,32,Nusa Tenggara Barat,2024,8
0.0495,6.0,0.0177,6.25,6.25,0.0201,0.0212,-0.0023999999999999994,0.0499,0.0492,0.0504,0.0532,0.06,0.04953333333333334,0.0003511884584273913,-0.0003999999999999976,17.290020357315363,2.73,0.6611,42514.35,47.0,1.6137,0.0202,0.3291,12.967515267986522,0.495825,1.210275,0.01515,0.24682500000000002,29,-1.0,-1.8369701987210297e-16,33,Nusa Tenggara Barat,2024,9
0.0525,6.0,0.0144,6.0,6.25,0.0177,0.0191,-0.003300000000000001,0.0495,0.0499,0.0492,0.0511,0.0581,0.050633333333333336,0.0016289055630492014,0.0029999999999999957,17.290020357315363,2.73,0.6611,42514.35,47.0,1.6137,0.0202,0.3291,14.408350297762803,0.5509166666666667,1.34475,0.016833333333333332,0.27425,29,-0.8660254037844386,0.5000000000000001,34,Nusa Tenggara Barat,2024,10
0.0526,6.0,0.0146,6.0,6.25,0.0144,0.0201,0.00020000000000000052,0.0525,0.0495,0.0499,0.0511,0.058,0.05153333333333334,0.0017616280348963199,0.00010000000000000286,17.290020357315363,2.73,0.6611,42514.35,47.0,1.6137,0.0202,0.3291,15.849185327539082,0.6060083333333334,1.4792249999999998,0.018516666666666664,0.30167499999999997,29,-0.5000000000000004,0.8660254037844384,35,Nusa Tenggara Barat,2024,11
0.0329,6.0,0.0128,6.0,6.0,0.0146,0.0177,-0.0017999999999999995,0.0526,0.0525,0.0495,0.0504,0.0591,0.04599999999999999,0.011345042970390158,-0.019700000000000002,17.290020357315363,2.73,0.6611,42514.35,47.0,1.6137,0.0202,0.3291,17.290020357315363,0.6611,1.6137,0.0202,0.3291,29,-2.4492935982947064e-16,1.0,36,Nusa Tenggara Barat,2024,12
0.0369,5.75,0.0068,6.0,6.0,0.0128,0.0144,-0.006000000000000001,0.0329,0.0526,0.0525,0.0492,0.0566,0.0408,0.010412972678346897,0.0040000000000000036,17.33202868707851,2.73,0.7288,42454.7,47.0,1.7245,0.0236,0.3057,1.444335723923209,0.060733333333333334,0.14370833333333333,0.0019666666666666665,0.025475,29,0.49999999999999994,0.8660254037844387,37,Nusa Tenggara Barat,2025,1
0.0369,5.75,-0.0001,5.75,6.0,0.0068,0.0146,-0.0069,0.0369,0.0329,0.0526,0.0499,0.0571,0.03556666666666666,0.0023094010767582386,0.0,17.33202868707851,3.22,0.7288,42454.7,47.0,1.7245,0.0236,0.3057,2.888671447846418,0.12146666666666667,0.28741666666666665,0.003933333333333333,0.05095,29,0.8660254037844386,0.5000000000000001,38,Nusa Tenggara Barat,2025,2
0.0408,5.75,0.0115,5.75,6.0,-0.0001,0.0128,0.0116,0.0369,0.0369,0.0329,0.0495,0.0532,0.038200000000000005,0.0022516660498392857,0.0039000000000000007,17.33202868707851,3.22,0.7288,42454.7,47.0,1.7245,0.0236,0.3057,4.333007171769627,0.1822,0.431125,0.0059,0.076425,29,1.0,6.123233995736766e-17,39,Nusa Tenggara Barat,2025,3
0.0421,5.75,0.018,5.75,5.75,0.0115,0.0068,0.006499999999999999,0.0408,0.0369,0.0369,0.0525,0.0511,0.03993333333333333,0.0027061657993057717,0.0012999999999999956,17.33202868707851,3.22,0.7288,42454.7,47.0,1.7245,0.0236,0.3057,5.777342895692836,0.24293333333333333,0.5748333333333333,0.007866666666666666,0.1019,29,0.8660254037844387,-0.4999999999999998,40,Nusa Tenggara Barat,2025,4
0.0477,5.75,0.0163,5.75,5.75,0.018,-0.0001,-0.0017000000000000001,0.0421,0.0408,0.0369,0.0526,0.0511,0.043533333333333334,0.003666515148384416,0.005600000000000001,17.33202868707851,3.22,0.7288,42454.7,47.0,1.7245,0.0236,0.3057,7.221678619616045,0.3036666666666667,0.7185416666666666,0.009833333333333333,0.12737500000000002,29,0.49999999999999994,-0.8660254037844387,41,Nusa Tenggara Barat,2025,5
0.0436,5.5,0.0251,5.75,5.75,0.0163,0.0115,0.008800000000000002,0.0477,0.0421,0.0408,0.0329,0.0504,0.044466666666666675,0.0028988503468327653,-0.0040999999999999995,17.33202868707851,3.22,0.7288,42454.7,47.0,1.7245,0.0236,0.3057,8.666014343539254,0.3644,0.86225,0.0118,0.15285,29,1.2246467991473532e-16,-1.0,42,Nusa Tenggara Barat,2025,6
0.0437,5.25,0.0305,5.5,5.75,0.0251,0.018,0.0053999999999999986,0.0436,0.0477,0.0421,0.0369,0.0492,0.045000000000000005,0.0023388031127051126,0.00010000000000000286,17.33202868707851,3.22,0.7288,42454.7,47.0,1.7245,0.0236,0.3057,10.110350067462464,0.42513333333333336,1.0059583333333333,0.013766666666666667,0.17832500000000004,29,-0.4999999999999997,-0.8660254037844388,43,Nusa Tenggara Barat,2025,7
0.0412,5.0,0.0256,5.25,5.75,0.0305,0.0163,-0.004899999999999998,0.0437,0.0436,0.0477,0.0369,0.0499,0.042833333333333334,0.0014153915830371492,-0.0025000000000000022,17.33202868707851,3.06,0.7288,42454.7,47.0,1.7245,0.0236,0.3057,11.554685791385673,0.48586666666666667,1.1496666666666666,0.015733333333333332,0.2038,29,-0.8660254037844385,-0.5000000000000004,44,Nusa Tenggara Barat,2025,8
0.0402,4.75,0.0269,5.0,5.5,0.0256,0.0251,0.001299999999999999,0.0412,0.0437,0.0436,0.0408,0.0495,0.041699999999999994,0.0018027756377317313,-0.0010000000000000009,17.33202868707851,3.06,0.7288,42454.7,47.0,1.7245,0.0236,0.3057,12.999021515308883,0.5466,1.293375,0.0177,0.229275,29,-1.0,-1.8369701987210297e-16,45,Nusa Tenggara Barat,2025,9
0.0387,4.75,0.0296,4.75,5.25,0.0269,0.0305,0.002700000000000001,0.0402,0.0412,0.0437,0.0421,0.0525,0.04003333333333333,0.0012583057392113962,-0.0015000000000000013,17.33202868707851,3.06,0.7288,42454.7,47.0,1.7245,0.0236,0.3057,14.44335723923209,0.6073333333333334,1.4370833333333333,0.019666666666666666,0.25475000000000003,29,-0.8660254037844386,0.5000000000000001,46,Nusa Tenggara Barat,2025,10
0.0392,4.75,0.0274,4.75,5.0,0.0296,0.0256,-0.0022000000000000006,0.0387,0.0402,0.0412,0.0477,0.0526,0.03936666666666667,0.0007637626158253083,0.0005000000000000004,17.33202868707851,3.06,0.7288,42454.7,47.0,1.7245,0.0236,0.3057,15.887692963155299,0.6680666666666667,1.5807916666666666,0.02163333333333333,0.280225,29,-0.5000000000000004,0.8660254037844384,47,Nusa Tenggara Barat,2025,11
0.0339,4.75,0.0301,4.75,4.75,0.0274,0.0269,0.0026999999999999975,0.0392,0.0387,0.0402,0.0436,0.0329,0.03726666666666666,0.0029263173671582945,-0.005299999999999999,17.33202868707851,3.06,0.7288,42454.7,47.0,1.7245,0.0236,0.3057,17.33202868707851,0.7288,1.7245,0.0236,0.3057,29,-2.4492935982947064e-16,1.0,48,Nusa Tenggara Barat,2025,12
0.0129,5.75,0.01027,5.5,4.75,0.00987,-0.00017,0.0003999999999999993,0.017,0.0162,0.0149,0.0225,0.0207,0.015366666666666667,0.002173323108360391,-0.004100000000000001,16.954433671109182,3.54,0.7211,34690.92,60.0,1.2752,0.0165,0.4162,1.4128694725924318,0.06009166666666666,0.10626666666666665,0.001375,0.03468333333333333,30,0.49999999999999994,0.8660254037844387,13,Nusa Tenggara Timur,2023,1
0.0137,5.75,-0.00337,5.75,5.25,0.01027,-0.00087,-0.01364,0.0129,0.017,0.0162,0.0227,0.0193,0.014533333333333334,0.0021733231083603897,0.0008000000000000004,16.954433671109182,3.1,0.7211,34690.92,60.0,1.2752,0.0165,0.4162,2.8257389451848636,0.12018333333333332,0.2125333333333333,0.00275,0.06936666666666666,30,0.8660254037844386,0.5000000000000001,14,Nusa Tenggara Timur,2023,2
0.0156,5.75,0.0113,5.75,5.5,-0.00337,0.00987,0.014669999999999999,0.0137,0.0129,0.017,0.0226,0.0198,0.014066666666666667,0.0013868429375142872,0.001899999999999999,16.954433671109182,3.1,0.7211,34690.92,60.0,1.2752,0.0165,0.4162,4.238608417777296,0.180275,0.3188,0.004125,0.10405,30,1.0,6.123233995736766e-17,15,Nusa Tenggara Timur,2023,3
0.0119,5.75,0.00213,5.75,5.75,0.0113,0.01027,-0.00917,0.0156,0.0137,0.0129,0.0149,0.0198,0.013733333333333334,0.0018502252115170338,-0.0036999999999999984,16.954433671109182,3.1,0.7211,34690.92,60.0,1.2752,0.0165,0.4162,5.651477890369727,0.24036666666666665,0.4250666666666666,0.0055,0.13873333333333332,30,0.8660254037844387,-0.4999999999999998,16,Nusa Tenggara Timur,2023,4
0.0189,5.75,-0.0029,5.75,5.75,0.00213,-0.00337,-0.00503,0.0119,0.0156,0.0137,0.0162,0.0187,0.015466666666666668,0.0035019042438840715,0.006999999999999999,16.954433671109182,3.1,0.7211,34690.92,60.0,1.2752,0.0165,0.4162,7.06434736296216,0.3004583333333333,0.5313333333333333,0.006875000000000001,0.1734166666666667,30,0.49999999999999994,-0.8660254037844387,17,Nusa Tenggara Timur,2023,5
0.0179,5.75,0.00573,5.75,5.75,-0.0029,0.0113,0.008629999999999999,0.0189,0.0119,0.0156,0.017,0.0209,0.016233333333333332,0.0037859388972001752,-0.0010000000000000009,16.954433671109182,3.1,0.7211,34690.92,60.0,1.2752,0.0165,0.4162,8.477216835554591,0.36055,0.6376,0.00825,0.2081,30,1.2246467991473532e-16,-1.0,18,Nusa Tenggara Timur,2023,6
0.0202,5.75,0.0045,5.75,5.75,0.00573,0.00213,-0.0012300000000000002,0.0179,0.0189,0.0119,0.0129,0.0225,0.019,0.0011532562594670733,0.0023,16.954433671109182,3.1,0.7211,34690.92,60.0,1.2752,0.0165,0.4162,9.890086308147024,0.4206416666666667,0.7438666666666667,0.009625000000000002,0.24278333333333335,30,-0.4999999999999997,-0.8660254037844388,19,Nusa Tenggara Timur,2023,7
0.011,5.75,-0.00603,5.75,5.75,0.0045,-0.0029,-0.01053,0.0202,0.0179,0.0189,0.0137,0.0227,0.016366666666666665,0.004787831798772101,-0.0092,16.954433671109182,3.14,0.7211,34690.92,60.0,1.2752,0.0165,0.4162,11.302955780739454,0.4807333333333333,0.8501333333333332,0.011,0.27746666666666664,30,-0.8660254037844385,-0.5000000000000004,20,Nusa Tenggara Timur,2023,8
0.0096,5.75,-0.00093,5.75,5.75,-0.00603,0.00573,0.0050999999999999995,0.011,0.0202,0.0179,0.0156,0.0226,0.0136,0.00575847201955518,-0.0014000000000000002,16.954433671109182,3.14,0.7211,34690.92,60.0,1.2752,0.0165,0.4162,12.715825253331886,0.540825,0.9563999999999999,0.012375,0.31215000000000004,30,-1.0,-1.8369701987210297e-16,21,Nusa Tenggara Timur,2023,9
0.0158,6.0,0.00317,5.75,5.75,-0.00093,0.0045,0.0041,0.0096,0.011,0.0202,0.0119,0.0149,0.012133333333333335,0.0032516662395352374,0.006200000000000002,16.954433671109182,3.14,0.7211,34690.92,60.0,1.2752,0.0165,0.4162,14.12869472592432,0.6009166666666667,1.0626666666666666,0.013750000000000002,0.3468333333333334,30,-0.8660254037844386,0.5000000000000001,22,Nusa Tenggara Timur,2023,10
0.0076,6.0,0.00097,6.0,5.75,0.00317,-0.00603,-0.0022,0.0158,0.0096,0.011,0.0189,0.0162,0.011000000000000001,0.004275511665286376,-0.008200000000000002,16.954433671109182,3.14,0.7211,34690.92,60.0,1.2752,0.0165,0.4162,15.541564198516749,0.6610083333333333,1.1689333333333332,0.015125,0.38151666666666667,30,-0.5000000000000004,0.8660254037844384,23,Nusa Tenggara Timur,2023,11
0.0075,6.0,0.0043,6.0,5.75,0.00097,-0.00093,0.00333,0.0076,0.0158,0.0096,0.0179,0.017,0.0103,0.004763402145525809,-0.00010000000000000026,16.954433671109182,3.14,0.7211,34690.92,60.0,1.2752,0.0165,0.4162,16.954433671109182,0.7211,1.2752,0.0165,0.4162,30,-2.4492935982947064e-16,1.0,24,Nusa Tenggara Timur,2023,12
0.007,6.0,0.027,6.0,6.0,0.0043,0.00317,0.022699999999999998,0.0075,0.0076,0.0158,0.0202,0.0129,0.007366666666666667,0.0003214550253661787,-0.0004999999999999996,17.00611035748074,3.14,0.6775,34538.09,60.0,1.3145,0.0325,0.4017,1.4171758631233948,0.05645833333333333,0.10954166666666666,0.0027083333333333334,0.033475,30,0.49999999999999994,0.8660254037844387,25,Nusa Tenggara Timur,2024,1
0.0069,6.0,0.0301,6.0,6.0,0.027,0.00097,0.0030999999999999986,0.007,0.0075,0.0076,0.011,0.0137,0.007133333333333334,0.0003214550253661746,-0.00010000000000000026,17.00611035748074,3.17,0.6775,34538.09,60.0,1.3145,0.0325,0.4017,2.8343517262467897,0.11291666666666667,0.21908333333333332,0.005416666666666667,0.06695,30,0.8660254037844386,0.5000000000000001,26,Nusa Tenggara Timur,2024,2
0.0065,6.0,0.0192,6.0,6.0,0.0301,0.0043,-0.0109,0.0069,0.007,0.0075,0.0096,0.0156,0.0068000000000000005,0.00026457513110613964,-0.0004000000000000002,17.00611035748074,3.17,0.6775,34538.09,60.0,1.3145,0.0325,0.4017,4.251527589370185,0.169375,0.328625,0.008125,0.100425,30,1.0,6.123233995736766e-17,27,Nusa Tenggara Timur,2024,3
0.0047,6.25,0.0235,6.0,6.0,0.0192,0.027,0.004300000000000002,0.0065,0.0069,0.007,0.0158,0.0119,0.006033333333333332,0.0011718930554163872,-0.0017999999999999995,17.00611035748074,3.17,0.6775,34538.09,60.0,1.3145,0.0325,0.4017,5.668703452493579,0.22583333333333333,0.43816666666666665,0.010833333333333334,0.1339,30,0.8660254037844387,-0.4999999999999998,28,Nusa Tenggara Timur,2024,4
0.0057,6.25,0.0241,6.25,6.0,0.0235,0.0301,0.0005999999999999998,0.0047,0.0065,0.0069,0.0076,0.0189,0.005633333333333333,0.000901849950564478,0.001,17.00611035748074,3.17,0.6775,34538.09,60.0,1.3145,0.0325,0.4017,7.0858793156169755,0.28229166666666666,0.5477083333333334,0.013541666666666667,0.167375,30,0.49999999999999994,-0.8660254037844387,29,Nusa Tenggara Timur,2024,5
0.0063,6.25,0.0154,6.25,6.0,0.0241,0.0192,-0.0087,0.0057,0.0047,0.0065,0.0075,0.0179,0.005566666666666667,0.0008082903768653631,0.0005999999999999998,17.00611035748074,3.17,0.6775,34538.09,60.0,1.3145,0.0325,0.4017,8.50305517874037,0.33875,0.65725,0.01625,0.20085,30,1.2246467991473532e-16,-1.0,30,Nusa Tenggara Timur,2024,6
0.0049,6.25,0.0085,6.25,6.25,0.0154,0.0235,-0.0069,0.0063,0.0057,0.0047,0.007,0.0202,0.005633333333333333,0.0007023769168567197,-0.0014000000000000002,17.00611035748074,3.17,0.6775,34538.09,60.0,1.3145,0.0325,0.4017,9.920231041863765,0.39520833333333333,0.7667916666666668,0.018958333333333334,0.234325,30,-0.4999999999999997,-0.8660254037844388,31,Nusa Tenggara Timur,2024,7
0.0044,6.25,0.0122,6.25,6.25,0.0085,0.0241,0.0037,0.0049,0.0063,0.0057,0.0069,0.011,0.0052,0.0009848857801795154,-0.0004999999999999996,17.00611035748074,3.02,0.6775,34538.09,60.0,1.3145,0.0325,0.4017,11.337406904987159,0.45166666666666666,0.8763333333333333,0.021666666666666667,0.2678,30,-0.8660254037844385,-0.5000000000000004,32,Nusa Tenggara Timur,2024,8
0.0059,6.0,0.0107,6.25,6.25,0.0122,0.0154,-0.0015000000000000013,0.0044,0.0049,0.0063,0.0065,0.0096,0.005066666666666666,0.0007637626158258496,0.0014999999999999996,17.00611035748074,3.02,0.6775,34538.09,60.0,1.3145,0.0325,0.4017,12.754582768110556,0.5081249999999999,0.9858750000000001,0.024375,0.301275,30,-1.0,-1.8369701987210297e-16,33,Nusa Tenggara Timur,2024,9
0.0097,6.0,0.0113,6.0,6.25,0.0107,0.0085,0.0005999999999999998,0.0059,0.0044,0.0049,0.0047,0.0158,0.006666666666666667,0.0027319101986216826,0.0038000000000000004,17.00611035748074,3.02,0.6775,34538.09,60.0,1.3145,0.0325,0.4017,14.171758631233951,0.5645833333333333,1.0954166666666667,0.027083333333333334,0.33475,30,-0.8660254037844386,0.5000000000000001,34,Nusa Tenggara Timur,2024,10
0.0143,6.0,0.0083,6.0,6.25,0.0113,0.0122,-0.002999999999999999,0.0097,0.0059,0.0044,0.0057,0.0076,0.009966666666666667,0.004206344414492612,0.0046,17.00611035748074,3.02,0.6775,34538.09,60.0,1.3145,0.0325,0.4017,15.588934494357344,0.6210416666666666,1.2049583333333334,0.029791666666666668,0.36822499999999997,30,-0.5000000000000004,0.8660254037844384,35,Nusa Tenggara Timur,2024,11
0.008,6.0,0.0119,6.0,6.0,0.0083,0.0107,0.0036000000000000008,0.0143,0.0097,0.0059,0.0063,0.0075,0.010666666666666666,0.0032593455375785484,-0.0063,17.00611035748074,3.02,0.6775,34538.09,60.0,1.3145,0.0325,0.4017,17.00611035748074,0.6775,1.3145,0.0325,0.4017,30,-2.4492935982947064e-16,1.0,36,Nusa Tenggara Timur,2024,12
0.0103,5.75,-0.0006,6.0,6.0,0.0119,0.0113,-0.0125,0.008,0.0143,0.0097,0.0049,0.007,0.010866666666666669,0.0031879983270593475,0.0023,17.06731813106745,3.02,0.6969,36437.48,60.0,1.2431,0.0381,0.3918,1.4222765109222872,0.058074999999999995,0.10359166666666667,0.003175,0.03265,30,0.49999999999999994,0.8660254037844387,37,Nusa Tenggara Timur,2025,1
0.0128,5.75,0.0047,5.75,6.0,-0.0006,0.0083,0.0053,0.0103,0.008,0.0143,0.0044,0.0069,0.010366666666666668,0.0024006943440040827,0.0025000000000000005,17.06731813106745,3.23,0.6969,36437.48,60.0,1.2431,0.0381,0.3918,2.8445530218445745,0.11614999999999999,0.20718333333333333,0.00635,0.0653,30,0.8660254037844386,0.5000000000000001,38,Nusa Tenggara Timur,2025,2
0.0126,5.75,0.0186,5.75,6.0,0.0047,0.0119,0.0139,0.0128,0.0103,0.008,0.0059,0.0065,0.0119,0.0013892443989449398,-0.00020000000000000052,17.06731813106745,3.23,0.6969,36437.48,60.0,1.2431,0.0381,0.3918,4.266829532766862,0.174225,0.310775,0.009525,0.09795,30,1.0,6.123233995736766e-17,39,Nusa Tenggara Timur,2025,3
0.0135,5.75,0.0177,5.75,5.75,0.0186,-0.0006,-0.000899999999999998,0.0126,0.0128,0.0103,0.0097,0.0047,0.012966666666666668,0.0004725815626251621,0.0008999999999999998,17.06731813106745,3.23,0.6969,36437.48,60.0,1.2431,0.0381,0.3918,5.689106043689149,0.23229999999999998,0.41436666666666666,0.0127,0.1306,30,0.8660254037844387,-0.4999999999999998,40,Nusa Tenggara Timur,2025,4
0.0135,5.75,0.016,5.75,5.75,0.0177,0.0047,-0.0017000000000000001,0.0135,0.0126,0.0128,0.0143,0.0057,0.013200000000000002,0.000519615242270577,0.0,17.06731813106745,3.23,0.6969,36437.48,60.0,1.2431,0.0381,0.3918,7.1113825546114375,0.290375,0.5179583333333334,0.015875,0.16325,30,0.49999999999999994,-0.8660254037844387,41,Nusa Tenggara Timur,2025,5
0.0141,5.5,0.0172,5.75,5.75,0.016,0.0186,0.0011999999999999997,0.0135,0.0135,0.0126,0.008,0.0063,0.013699999999999999,0.0003464101615136587,0.0005999999999999998,17.06731813106745,3.23,0.6969,36437.48,60.0,1.2431,0.0381,0.3918,8.533659065533724,0.34845,0.62155,0.01905,0.1959,30,1.2246467991473532e-16,-1.0,42,Nusa Tenggara Timur,2025,6
0.0168,5.25,0.0303,5.5,5.75,0.0172,0.0177,0.0131,0.0141,0.0135,0.0135,0.0103,0.0049,0.014799999999999999,0.0017578395831246779,0.0026999999999999993,17.06731813106745,3.23,0.6969,36437.48,60.0,1.2431,0.0381,0.3918,9.955935576456012,0.406525,0.7251416666666668,0.022225,0.22855,30,-0.4999999999999997,-0.8660254037844388,43,Nusa Tenggara Timur,2025,7
0.0194,5.0,0.0271,5.25,5.75,0.0303,0.016,-0.0032000000000000015,0.0168,0.0141,0.0135,0.0128,0.0044,0.016766666666666666,0.0026501572280401256,0.0026000000000000016,17.06731813106745,3.31,0.6969,36437.48,60.0,1.2431,0.0381,0.3918,11.378212087378298,0.46459999999999996,0.8287333333333333,0.0254,0.2612,30,-0.8660254037844385,-0.5000000000000004,44,Nusa Tenggara Timur,2025,8
0.0186,4.75,0.023,5.0,5.5,0.0271,0.0172,-0.0040999999999999995,0.0194,0.0168,0.0141,0.0126,0.0059,0.018266666666666667,0.001331665623695888,-0.0008000000000000021,17.06731813106745,3.31,0.6969,36437.48,60.0,1.2431,0.0381,0.3918,12.800488598300586,0.522675,0.9323250000000001,0.028575000000000003,0.29385,30,-1.0,-1.8369701987210297e-16,45,Nusa Tenggara Timur,2025,9
0.0189,4.75,0.02,4.75,5.25,0.023,0.0303,-0.002999999999999999,0.0186,0.0194,0.0168,0.0135,0.0097,0.01896666666666667,0.00040414518843279195,0.00030000000000000165,17.06731813106745,3.31,0.6969,36437.48,60.0,1.2431,0.0381,0.3918,14.222765109222875,0.58075,1.0359166666666668,0.03175,0.3265,30,-0.8660254037844386,0.5000000000000001,46,Nusa Tenggara Timur,2025,10
0.0206,4.75,0.024,4.75,5.0,0.02,0.0271,0.004,0.0189,0.0186,0.0194,0.0135,0.0143,0.019366666666666667,0.0010785793124909234,0.0017000000000000001,17.06731813106745,3.31,0.6969,36437.48,60.0,1.2431,0.0381,0.3918,15.645041620145161,0.638825,1.1395083333333333,0.034925,0.35914999999999997,30,-0.5000000000000004,0.8660254037844384,47,Nusa Tenggara Timur,2025,11
0.0153,4.75,0.0239,4.75,4.75,0.024,0.023,-9.99999999999994e-05,0.0206,0.0189,0.0186,0.0141,0.008,0.018266666666666664,0.002706165799305976,-0.005300000000000001,17.06731813106745,3.31,0.6969,36437.48,60.0,1.2431,0.0381,0.3918,17.06731813106745,0.6969,1.2431,0.0381,0.3918,30,-2.4492935982947064e-16,1.0,48,Nusa Tenggara Timur,2025,12
0.0157,5.75,0.001,5.5,4.75,0.0114,-0.0049,-0.0104,0.0178,0.0155,0.0135,0.018,0.0163,0.016333333333333335,0.001274100990241084,-0.002100000000000001,17.97860351734747,3.98,0.7125,10636.62,22.0,1.3973,0.0152,0.2955,1.4982169597789556,0.059375,0.11644166666666667,0.0012666666666666666,0.024624999999999998,31,0.49999999999999994,0.8660254037844387,13,Maluku Utara,2023,1
0.0111,5.75,0.0185,5.75,5.25,0.001,0.0019,0.017499999999999998,0.0157,0.0178,0.0155,0.0194,0.0143,0.014866666666666667,0.003426854728950924,-0.004599999999999998,17.97860351734747,4.6,0.7125,10636.62,22.0,1.3973,0.0152,0.2955,2.9964339195579113,0.11875,0.23288333333333333,0.002533333333333333,0.049249999999999995,31,0.8660254037844386,0.5000000000000001,14,Maluku Utara,2023,2
0.0141,5.75,-0.0126,5.75,5.5,0.0185,0.0114,-0.0311,0.0111,0.0157,0.0178,0.0215,0.0124,0.01363333333333333,0.0023352373184182614,0.002999999999999999,17.97860351734747,4.6,0.7125,10636.62,22.0,1.3973,0.0152,0.2955,4.494650879336867,0.178125,0.349325,0.0038,0.073875,31,1.0,6.123233995736766e-17,15,Maluku Utara,2023,3
0.011,5.75,0.0132,5.75,5.75,-0.0126,0.001,0.0258,0.0141,0.0111,0.0157,0.0135,0.0141,0.012066666666666665,0.0017616280348965046,-0.0031000000000000003,17.97860351734747,4.6,0.7125,10636.62,22.0,1.3973,0.0152,0.2955,5.9928678391158225,0.2375,0.46576666666666666,0.005066666666666666,0.09849999999999999,31,0.8660254037844387,-0.4999999999999998,16,Maluku Utara,2023,4
0.0142,5.75,0.0034,5.75,5.75,0.0132,0.0185,-0.0098,0.011,0.0141,0.0111,0.0155,0.0132,0.0131,0.0018193405398660208,0.0032000000000000015,17.97860351734747,4.6,0.7125,10636.62,22.0,1.3973,0.0152,0.2955,7.4910847988947795,0.296875,0.5822083333333333,0.006333333333333333,0.123125,31,0.49999999999999994,-0.8660254037844387,17,Maluku Utara,2023,5
0.0142,5.75,0.0001,5.75,5.75,0.0034,-0.0126,-0.0033,0.0142,0.011,0.0141,0.0178,0.0163,0.013133333333333332,0.0018475208614067984,0.0,17.97860351734747,4.6,0.7125,10636.62,22.0,1.3973,0.0152,0.2955,8.989301758673735,0.35625,0.69865,0.0076,0.14775,31,1.2246467991473532e-16,-1.0,18,Maluku Utara,2023,6
0.0174,5.75,0.003,5.75,5.75,0.0001,0.0132,0.0029000000000000002,0.0142,0.0142,0.011,0.0157,0.018,0.015266666666666664,0.0018475208614067925,0.003199999999999998,17.97860351734747,4.6,0.7125,10636.62,22.0,1.3973,0.0152,0.2955,10.48751871845269,0.415625,0.8150916666666667,0.008866666666666667,0.172375,31,-0.4999999999999997,-0.8660254037844388,19,Maluku Utara,2023,7
0.0115,5.75,0.0026,5.75,5.75,0.003,0.0034,-0.0004000000000000002,0.0174,0.0142,0.0142,0.0111,0.0194,0.014366666666666665,0.002953528962670471,-0.005899999999999999,17.97860351734747,4.31,0.7125,10636.62,22.0,1.3973,0.0152,0.2955,11.985735678231645,0.475,0.9315333333333333,0.010133333333333333,0.19699999999999998,31,-0.8660254037844385,-0.5000000000000004,20,Maluku Utara,2023,8
0.0119,5.75,-0.0042,5.75,5.75,0.0026,0.0001,-0.0068,0.0115,0.0174,0.0142,0.0141,0.0215,0.0136,0.0032969683043669045,0.00040000000000000105,17.97860351734747,4.31,0.7125,10636.62,22.0,1.3973,0.0152,0.2955,13.483952638010603,0.534375,1.047975,0.0114,0.221625,31,-1.0,-1.8369701987210297e-16,21,Maluku Utara,2023,9
0.0124,6.0,0.0043,5.75,5.75,-0.0042,0.003,0.0085,0.0119,0.0115,0.0174,0.011,0.0135,0.011933333333333332,0.00045092497528229135,0.0004999999999999987,17.97860351734747,4.31,0.7125,10636.62,22.0,1.3973,0.0152,0.2955,14.982169597789559,0.59375,1.1644166666666667,0.012666666666666666,0.24625,31,-0.8660254037844386,0.5000000000000001,22,Maluku Utara,2023,10
0.0122,6.0,-0.002,6.0,5.75,0.0043,0.0026,-0.0063,0.0124,0.0119,0.0115,0.0142,0.0155,0.012166666666666666,0.0002516611478423558,-0.0001999999999999988,17.97860351734747,4.31,0.7125,10636.62,22.0,1.3973,0.0152,0.2955,16.48038655756851,0.653125,1.2808583333333332,0.013933333333333332,0.270875,31,-0.5000000000000004,0.8660254037844384,23,Maluku Utara,2023,11
0.011,6.0,0.0164,6.0,5.75,-0.002,-0.0042,0.0184,0.0122,0.0124,0.0119,0.0142,0.0178,0.011866666666666664,0.0007571877794400379,-0.0012000000000000014,17.97860351734747,4.31,0.7125,10636.62,22.0,1.3973,0.0152,0.2955,17.97860351734747,0.7125,1.3973,0.0152,0.2955,31,-2.4492935982947064e-16,1.0,24,Maluku Utara,2023,12
0.0111,6.0,0.0433,6.0,6.0,0.0164,0.0043,0.026899999999999997,0.011,0.0122,0.0124,0.0174,0.0157,0.011433333333333332,0.000665832811847944,0.00010000000000000113,18.08544574164104,4.31,0.6845,12495.51,22.0,1.2836,0.0226,0.2866,1.5071204784700865,0.057041666666666664,0.10696666666666667,0.0018833333333333332,0.023883333333333333,31,0.49999999999999994,0.8660254037844387,25,Maluku Utara,2024,1
0.0116,6.0,0.0271,6.0,6.0,0.0433,-0.002,-0.0162,0.0111,0.011,0.0122,0.0115,0.0111,0.011233333333333331,0.00032145502536644305,0.0004999999999999987,18.08544574164104,4.16,0.6845,12495.51,22.0,1.2836,0.0226,0.2866,3.014240956940173,0.11408333333333333,0.21393333333333334,0.0037666666666666664,0.047766666666666666,31,0.8660254037844386,0.5000000000000001,26,Maluku Utara,2024,2
0.0132,6.0,0.0357,6.0,6.0,0.0271,0.0164,0.008600000000000003,0.0116,0.0111,0.011,0.0119,0.0141,0.011966666666666665,0.0010969655114602883,0.0016000000000000007,18.08544574164104,4.16,0.6845,12495.51,22.0,1.2836,0.0226,0.2866,4.52136143541026,0.171125,0.3209,0.00565,0.07165,31,1.0,6.123233995736766e-17,27,Maluku Utara,2024,3
0.0098,6.25,0.0293,6.0,6.0,0.0357,0.0433,-0.006400000000000003,0.0132,0.0116,0.0111,0.0124,0.011,0.011533333333333333,0.0017009801096230773,-0.0034000000000000002,18.08544574164104,4.16,0.6845,12495.51,22.0,1.2836,0.0226,0.2866,6.028481913880346,0.22816666666666666,0.4278666666666667,0.007533333333333333,0.09553333333333333,31,0.8660254037844387,-0.4999999999999998,28,Maluku Utara,2024,4
0.0122,6.25,0.0327,6.25,6.0,0.0293,0.0271,0.0034000000000000002,0.0098,0.0132,0.0116,0.0122,0.0142,0.011733333333333332,0.0017473789896108212,0.002400000000000001,18.08544574164104,4.16,0.6845,12495.51,22.0,1.2836,0.0226,0.2866,7.535602392350433,0.28520833333333334,0.5348333333333334,0.009416666666666667,0.11941666666666668,31,0.49999999999999994,-0.8660254037844387,29,Maluku Utara,2024,5
0.0099,6.25,0.0321,6.25,6.0,0.0327,0.0357,-0.0006000000000000033,0.0122,0.0098,0.0132,0.011,0.0142,0.010633333333333333,0.0013576941236277586,-0.0023,18.08544574164104,4.16,0.6845,12495.51,22.0,1.2836,0.0226,0.2866,9.04272287082052,0.34225,0.6418,0.0113,0.1433,31,1.2246467991473532e-16,-1.0,30,Maluku Utara,2024,6
0.0072,6.25,0.0296,6.25,6.25,0.0321,0.0293,-0.0024999999999999953,0.0099,0.0122,0.0098,0.0111,0.0174,0.009766666666666667,0.0025026652459594675,-0.002700000000000001,18.08544574164104,4.16,0.6845,12495.51,22.0,1.2836,0.0226,0.2866,10.549843349290606,0.3992916666666667,0.7487666666666668,0.013183333333333333,0.16718333333333335,31,-0.4999999999999997,-0.8660254037844388,31,Maluku Utara,2024,7
0.0075,6.25,0.0289,6.25,6.25,0.0296,0.0327,-0.0007000000000000027,0.0072,0.0099,0.0122,0.0116,0.0115,0.008199999999999999,0.001479864858694891,0.0002999999999999999,18.08544574164104,4.03,0.6845,12495.51,22.0,1.2836,0.0226,0.2866,12.056963827760692,0.4563333333333333,0.8557333333333333,0.015066666666666666,0.19106666666666666,31,-0.8660254037844385,-0.5000000000000004,32,Maluku Utara,2024,8
0.0076,6.0,0.0356,6.25,6.25,0.0289,0.0321,0.006700000000000001,0.0075,0.0072,0.0099,0.0132,0.0119,0.007433333333333333,0.0002081665999467509,0.00010000000000000026,18.08544574164104,4.03,0.6845,12495.51,22.0,1.2836,0.0226,0.2866,13.564084306230779,0.513375,0.9627000000000001,0.01695,0.21495000000000003,31,-1.0,-1.8369701987210297e-16,33,Maluku Utara,2024,9
0.008,6.0,0.022,6.0,6.25,0.0356,0.0296,-0.013600000000000001,0.0076,0.0075,0.0072,0.0098,0.0124,0.0076999999999999985,0.00026457513110656177,0.0004000000000000002,18.08544574164104,4.03,0.6845,12495.51,22.0,1.2836,0.0226,0.2866,15.071204784700866,0.5704166666666667,1.0696666666666668,0.018833333333333334,0.23883333333333337,31,-0.8660254037844386,0.5000000000000001,34,Maluku Utara,2024,10
0.0072,6.0,0.0278,6.0,6.25,0.022,0.0289,0.0058,0.008,0.0076,0.0075,0.0122,0.0122,0.007599999999999999,0.0004000000000000693,-0.0008000000000000004,18.08544574164104,4.03,0.6845,12495.51,22.0,1.2836,0.0226,0.2866,16.57832526317095,0.6274583333333333,1.1766333333333334,0.020716666666666664,0.26271666666666665,31,-0.5000000000000004,0.8660254037844384,35,Maluku Utara,2024,11
0.0082,6.0,0.015,6.0,6.0,0.0278,0.0356,-0.012799999999999999,0.0072,0.008,0.0076,0.0099,0.011,0.007799999999999999,0.0005291502622129687,0.0010000000000000009,18.08544574164104,4.03,0.6845,12495.51,22.0,1.2836,0.0226,0.2866,18.08544574164104,0.6845,1.2836,0.0226,0.2866,31,-2.4492935982947064e-16,1.0,36,Maluku Utara,2024,12
0.0079,5.75,-0.0015,6.0,6.0,0.015,0.022,-0.0165,0.0082,0.0072,0.008,0.0072,0.0111,0.007766666666666667,0.000513160143944741,-0.0002999999999999999,18.392918926166697,4.03,0.6747,14972.34,22.0,1.0673,0.0283,0.2843,1.5327432438472246,0.056225,0.08894166666666665,0.002358333333333333,0.023691666666666666,31,0.49999999999999994,0.8660254037844387,37,Maluku Utara,2025,1
0.0082,5.75,0.0016,5.75,6.0,-0.0015,0.0278,0.0031000000000000003,0.0079,0.0082,0.0072,0.0075,0.0116,0.008100000000000001,0.00017320508075703068,0.0002999999999999999,18.392918926166697,4.26,0.6747,14972.34,22.0,1.0673,0.0283,0.2843,3.065486487694449,0.11245,0.1778833333333333,0.004716666666666666,0.04738333333333333,31,0.8660254037844386,0.5000000000000001,38,Maluku Utara,2025,2
0.0084,5.75,0.0232,5.75,6.0,0.0016,0.015,0.021599999999999998,0.0082,0.0079,0.0082,0.0076,0.0132,0.008166666666666668,0.0002516611478424545,0.0001999999999999988,18.392918926166697,4.26,0.6747,14972.34,22.0,1.0673,0.0283,0.2843,4.598229731541674,0.168675,0.266825,0.007075,0.071075,31,1.0,6.123233995736766e-17,39,Maluku Utara,2025,3
0.0101,5.75,0.0323,5.75,5.75,0.0232,-0.0015,0.009100000000000004,0.0084,0.0082,0.0079,0.008,0.0098,0.0089,0.0010440306508910744,0.0017000000000000001,18.392918926166697,4.26,0.6747,14972.34,22.0,1.0673,0.0283,0.2843,6.130972975388898,0.2249,0.3557666666666666,0.009433333333333332,0.09476666666666667,31,0.8660254037844387,-0.4999999999999998,40,Maluku Utara,2025,4
0.0087,5.75,0.0189,5.75,5.75,0.0323,0.0016,-0.013400000000000002,0.0101,0.0084,0.0082,0.0072,0.0122,0.009066666666666666,0.0009073771725877683,-0.0014000000000000002,18.392918926166697,4.26,0.6747,14972.34,22.0,1.0673,0.0283,0.2843,7.663716219236124,0.281125,0.4447083333333333,0.011791666666666667,0.11845833333333333,31,0.49999999999999994,-0.8660254037844387,41,Maluku Utara,2025,5
0.0062,5.5,0.0201,5.75,5.75,0.0189,0.0232,0.0011999999999999997,0.0087,0.0101,0.0084,0.0082,0.0099,0.008333333333333333,0.00197568553503167,-0.0024999999999999996,18.392918926166697,4.26,0.6747,14972.34,22.0,1.0673,0.0283,0.2843,9.196459463083348,0.33735,0.53365,0.01415,0.14215,31,1.2246467991473532e-16,-1.0,42,Maluku Utara,2025,6
0.0063,5.25,0.0246,5.5,5.75,0.0201,0.0323,0.0045000000000000005,0.0062,0.0087,0.0101,0.0079,0.0072,0.0070666666666666655,0.0014153915830374944,0.00010000000000000026,18.392918926166697,4.26,0.6747,14972.34,22.0,1.0673,0.0283,0.2843,10.729202706930574,0.393575,0.6225916666666667,0.016508333333333333,0.16584166666666667,31,-0.4999999999999997,-0.8660254037844388,43,Maluku Utara,2025,7
0.0066,5.0,0.0043,5.25,5.75,0.0246,0.0189,-0.0203,0.0063,0.0062,0.0087,0.0082,0.0075,0.006366666666666666,0.00020816659994674528,0.0002999999999999999,18.392918926166697,4.55,0.6747,14972.34,22.0,1.0673,0.0283,0.2843,12.261945950777797,0.4498,0.7115333333333332,0.018866666666666664,0.18953333333333333,31,-0.8660254037844385,-0.5000000000000004,44,Maluku Utara,2025,8
0.0072,4.75,-0.0017,5.0,5.5,0.0043,0.0201,-0.006,0.0066,0.0063,0.0062,0.0084,0.0076,0.0066999999999999985,0.00045825756949564183,0.0005999999999999998,18.392918926166697,4.55,0.6747,14972.34,22.0,1.0673,0.0283,0.2843,13.794689194625022,0.506025,0.8004749999999999,0.021225,0.213225,31,-1.0,-1.8369701987210297e-16,45,Maluku Utara,2025,9
0.006,4.75,0.0118,4.75,5.25,-0.0017,0.0246,0.0135,0.0072,0.0066,0.0063,0.0101,0.008,0.006599999999999999,0.0006000000000000448,-0.0011999999999999997,18.392918926166697,4.55,0.6747,14972.34,22.0,1.0673,0.0283,0.2843,15.327432438472249,0.56225,0.8894166666666666,0.023583333333333335,0.23691666666666666,31,-0.8660254037844386,0.5000000000000001,46,Maluku Utara,2025,10
0.0067,4.75,0.0189,4.75,5.0,0.0118,0.0043,0.0071,0.006,0.0072,0.0066,0.0087,0.0072,0.006633333333333334,0.0006027713773342153,0.0007000000000000001,18.392918926166697,4.55,0.6747,14972.34,22.0,1.0673,0.0283,0.2843,16.860175682319472,0.618475,0.9783583333333332,0.025941666666666665,0.26060833333333333,31,-0.5000000000000004,0.8660254037844384,47,Maluku Utara,2025,11
0.0125,4.75,0.0163,4.75,4.75,0.0189,-0.0017,-0.0026000000000000016,0.0067,0.006,0.0072,0.0062,0.0082,0.0084,0.0035679125549822606,0.0058000000000000005,18.392918926166697,4.55,0.6747,14972.34,22.0,1.0673,0.0283,0.2843,18.392918926166697,0.6747,1.0673,0.0283,0.2843,31,-2.4492935982947064e-16,1.0,48,Maluku Utara,2025,12
0.0327,5.75,0.0016,5.5,4.75,0.0068,-0.00735,-0.0052,0.0354,0.0377,0.0358,0.0231,0.0474,0.03526666666666667,0.0025026652459594653,-0.002700000000000001,17.23176074225272,6.88,0.7499,14371.65,36.0,1.121,0.0223,0.3913,1.4359800618543934,0.06249166666666667,0.09341666666666666,0.0018583333333333334,0.03260833333333333,32,0.49999999999999994,0.8660254037844387,13,Maluku,2023,1
0.0292,5.75,0.00015,5.75,5.25,0.0016,0.00995,-0.0014500000000000001,0.0327,0.0354,0.0377,0.0445,0.0165,0.032433333333333335,0.0031085902485424766,-0.0034999999999999996,17.23176074225272,6.08,0.7499,14371.65,36.0,1.121,0.0223,0.3913,2.871960123708787,0.12498333333333334,0.18683333333333332,0.0037166666666666667,0.06521666666666666,32,0.8660254037844386,0.5000000000000001,14,Maluku,2023,2
0.0312,5.75,0.003,5.75,5.5,0.00015,0.0068,0.00285,0.0292,0.0327,0.0354,0.043,0.0136,0.031033333333333333,0.0017559422921421361,0.0019999999999999983,17.23176074225272,6.08,0.7499,14371.65,36.0,1.121,0.0223,0.3913,4.30794018556318,0.187475,0.28025,0.005575,0.097825,32,1.0,6.123233995736766e-17,15,Maluku,2023,3
0.0125,5.75,0.0038,5.75,5.75,0.003,0.0016,0.0007999999999999999,0.0312,0.0292,0.0327,0.0358,0.0147,0.0243,0.010267911179982032,-0.018699999999999998,17.23176074225272,6.08,0.7499,14371.65,36.0,1.121,0.0223,0.3913,5.743920247417574,0.24996666666666667,0.37366666666666665,0.0074333333333333335,0.13043333333333332,32,0.8660254037844387,-0.4999999999999998,16,Maluku,2023,4
0.0186,5.75,0.00775,5.75,5.75,0.0038,0.00015,0.00395,0.0125,0.0312,0.0292,0.0377,0.0162,0.020766666666666666,0.009536421411270231,0.006099999999999998,17.23176074225272,6.08,0.7499,14371.65,36.0,1.121,0.0223,0.3913,7.179900309271967,0.31245833333333334,0.46708333333333335,0.009291666666666667,0.16304166666666667,32,0.49999999999999994,-0.8660254037844387,17,Maluku,2023,5
0.0196,5.75,0.0086,5.75,5.75,0.00775,0.003,0.0008500000000000001,0.0186,0.0125,0.0312,0.0354,0.0205,0.0169,0.0038431757701151282,0.0010000000000000009,17.23176074225272,6.08,0.7499,14371.65,36.0,1.121,0.0223,0.3913,8.61588037112636,0.37495,0.5605,0.01115,0.19565,32,1.2246467991473532e-16,-1.0,18,Maluku,2023,6
0.0234,5.75,-0.0028,5.75,5.75,0.0086,0.0038,-0.0114,0.0196,0.0186,0.0125,0.0327,0.0231,0.020533333333333334,0.0025324559884296817,0.0038000000000000013,17.23176074225272,6.08,0.7499,14371.65,36.0,1.121,0.0223,0.3913,10.051860432980755,0.4374416666666667,0.6539166666666667,0.013008333333333334,0.22825833333333334,32,-0.4999999999999997,-0.8660254037844388,19,Maluku,2023,7
0.0139,5.75,0.00025,5.75,5.75,-0.0028,0.00775,0.0030499999999999998,0.0234,0.0196,0.0186,0.0292,0.0445,0.018966666666666663,0.004781561809004811,-0.009500000000000001,17.23176074225272,6.31,0.7499,14371.65,36.0,1.121,0.0223,0.3913,11.487840494835147,0.49993333333333334,0.7473333333333333,0.014866666666666667,0.26086666666666664,32,-0.8660254037844385,-0.5000000000000004,20,Maluku,2023,8
0.0133,5.75,0.0043,5.75,5.75,0.00025,0.0086,0.00405,0.0139,0.0234,0.0196,0.0312,0.043,0.01686666666666667,0.0056659803505954166,-0.0005999999999999998,17.23176074225272,6.31,0.7499,14371.65,36.0,1.121,0.0223,0.3913,12.923820556689542,0.562425,0.84075,0.016725,0.293475,32,-1.0,-1.8369701987210297e-16,21,Maluku,2023,9
0.0131,6.0,-0.00345,5.75,5.75,0.0043,-0.0028,-0.00775,0.0133,0.0139,0.0234,0.0125,0.0358,0.013433333333333334,0.00041633319989323447,-0.0001999999999999988,17.23176074225272,6.31,0.7499,14371.65,36.0,1.121,0.0223,0.3913,14.359800618543934,0.6249166666666667,0.9341666666666667,0.018583333333333334,0.32608333333333334,32,-0.8660254037844386,0.5000000000000001,22,Maluku,2023,10
0.0119,6.0,0.00025,6.0,5.75,-0.00345,0.00025,0.0037,0.0131,0.0133,0.0139,0.0186,0.0377,0.012766666666666667,0.0007571877794400391,-0.0011999999999999997,17.23176074225272,6.31,0.7499,14371.65,36.0,1.121,0.0223,0.3913,15.795780680398327,0.6874083333333333,1.0275833333333333,0.020441666666666667,0.35869166666666663,32,-0.5000000000000004,0.8660254037844384,23,Maluku,2023,11
0.0131,6.0,0.00675,6.0,5.75,0.00025,0.0043,0.0065,0.0119,0.0131,0.0133,0.0196,0.0354,0.012700000000000001,0.0006928203230275541,0.0011999999999999997,17.23176074225272,6.31,0.7499,14371.65,36.0,1.121,0.0223,0.3913,17.23176074225272,0.7499,1.121,0.0223,0.3913,32,-2.4492935982947064e-16,1.0,24,Maluku,2023,12
0.0144,6.0,0.0412,6.0,6.0,0.00675,-0.00345,0.03445,0.0131,0.0119,0.0131,0.0234,0.0327,0.013133333333333335,0.0012503332889007388,0.001299999999999999,17.287445954131773,6.31,0.6568,14445.46,36.0,1.181,0.0246,0.3771,1.4406204961776476,0.054733333333333335,0.09841666666666667,0.0020499999999999997,0.031424999999999995,32,0.49999999999999994,0.8660254037844387,25,Maluku,2024,1
0.0122,6.0,0.0302,6.0,6.0,0.0412,0.00025,-0.011,0.0144,0.0131,0.0119,0.0139,0.0292,0.013233333333333333,0.001106044001535807,-0.002199999999999999,17.287445954131773,5.96,0.6568,14445.46,36.0,1.181,0.0246,0.3771,2.8812409923552953,0.10946666666666667,0.19683333333333333,0.0040999999999999995,0.06284999999999999,32,0.8660254037844386,0.5000000000000001,26,Maluku,2024,2
0.0144,6.0,0.0275,6.0,6.0,0.0302,0.00675,-0.002700000000000001,0.0122,0.0144,0.0131,0.0133,0.0312,0.013666666666666667,0.0012701705922171795,0.002199999999999999,17.287445954131773,5.96,0.6568,14445.46,36.0,1.181,0.0246,0.3771,4.321861488532943,0.1642,0.29525,0.00615,0.094275,32,1.0,6.123233995736766e-17,27,Maluku,2024,3
0.0096,6.25,0.0243,6.0,6.0,0.0275,0.0412,-0.0032000000000000015,0.0144,0.0122,0.0144,0.0131,0.0125,0.012066666666666665,0.0024027761721253484,-0.0048000000000000004,17.287445954131773,5.96,0.6568,14445.46,36.0,1.181,0.0246,0.3771,5.762481984710591,0.21893333333333334,0.39366666666666666,0.008199999999999999,0.12569999999999998,32,0.8660254037844387,-0.4999999999999998,28,Maluku,2024,4
0.0122,6.25,0.0321,6.25,6.0,0.0243,0.0302,0.007799999999999998,0.0096,0.0144,0.0122,0.0119,0.0186,0.012066666666666665,0.0024027761721253484,0.0026000000000000016,17.287445954131773,5.96,0.6568,14445.46,36.0,1.181,0.0246,0.3771,7.203102480888239,0.2736666666666667,0.4920833333333334,0.01025,0.15712500000000001,32,0.49999999999999994,-0.8660254037844387,29,Maluku,2024,5
0.0102,6.25,0.0363,6.25,6.0,0.0321,0.0275,0.004200000000000002,0.0122,0.0096,0.0144,0.0131,0.0196,0.010666666666666666,0.0013613718571108126,-0.002,17.287445954131773,5.96,0.6568,14445.46,36.0,1.181,0.0246,0.3771,8.643722977065886,0.3284,0.5905,0.0123,0.18855,32,1.2246467991473532e-16,-1.0,30,Maluku,2024,6
0.0077,6.25,0.0271,6.25,6.25,0.0363,0.0243,-0.0092,0.0102,0.0122,0.0096,0.0144,0.0234,0.010033333333333333,0.002254624876411449,-0.0025000000000000005,17.287445954131773,5.96,0.6568,14445.46,36.0,1.181,0.0246,0.3771,10.084343473243536,0.3831333333333334,0.6889166666666667,0.014350000000000002,0.219975,32,-0.4999999999999997,-0.8660254037844388,31,Maluku,2024,7
0.0074,6.25,0.0258,6.25,6.25,0.0271,0.0321,-0.001299999999999999,0.0077,0.0102,0.0122,0.0122,0.0139,0.008433333333333333,0.0015373136743466955,-0.0002999999999999999,17.287445954131773,6.11,0.6568,14445.46,36.0,1.181,0.0246,0.3771,11.524963969421181,0.4378666666666667,0.7873333333333333,0.016399999999999998,0.25139999999999996,32,-0.8660254037844385,-0.5000000000000004,32,Maluku,2024,8
0.0068,6.0,0.0179,6.25,6.25,0.0258,0.0363,-0.0079,0.0074,0.0077,0.0102,0.0144,0.0133,0.0073,0.0004582575694955838,-0.0006000000000000007,17.287445954131773,6.11,0.6568,14445.46,36.0,1.181,0.0246,0.3771,12.96558446559883,0.49260000000000004,0.88575,0.01845,0.282825,32,-1.0,-1.8369701987210297e-16,33,Maluku,2024,9
0.0072,6.0,0.0213,6.0,6.25,0.0179,0.0271,0.0034000000000000002,0.0068,0.0074,0.0077,0.0096,0.0131,0.007133333333333333,0.00030550504633038806,0.0004000000000000002,17.287445954131773,6.11,0.6568,14445.46,36.0,1.181,0.0246,0.3771,14.406204961776478,0.5473333333333334,0.9841666666666667,0.0205,0.31425000000000003,32,-0.8660254037844386,0.5000000000000001,34,Maluku,2024,10
0.007,6.0,0.0223,6.0,6.25,0.0213,0.0258,0.0010000000000000009,0.0072,0.0068,0.0074,0.0122,0.0119,0.006999999999999999,0.00019999999999999722,-0.00019999999999999966,17.287445954131773,6.11,0.6568,14445.46,36.0,1.181,0.0246,0.3771,15.846825457954123,0.6020666666666666,1.0825833333333332,0.02255,0.34567499999999995,32,-0.5000000000000004,0.8660254037844384,35,Maluku,2024,11
0.0078,6.0,0.0128,6.0,6.0,0.0223,0.0179,-0.0095,0.007,0.0072,0.0068,0.0102,0.0131,0.007333333333333333,0.00041633319989322595,0.0007999999999999995,17.287445954131773,6.11,0.6568,14445.46,36.0,1.181,0.0246,0.3771,17.287445954131773,0.6568,1.181,0.0246,0.3771,32,-2.4492935982947064e-16,1.0,36,Maluku,2024,12
0.0078,5.75,0.0076,6.0,6.0,0.0128,0.0213,-0.005200000000000001,0.0078,0.007,0.0072,0.0077,0.0144,0.007533333333333334,0.0004618802153517006,0.0,17.331583047652842,6.11,0.6548,14975.42,36.0,1.1592,0.0282,0.3784,1.4442985873044034,0.054566666666666666,0.09659999999999999,0.0023499999999999997,0.03153333333333333,32,0.49999999999999994,0.8660254037844387,37,Maluku,2025,1
0.0076,5.75,0.0133,5.75,6.0,0.0076,0.0223,0.005699999999999999,0.0078,0.0078,0.007,0.0074,0.0122,0.0077333333333333325,0.00011547005383792899,-0.00019999999999999966,17.331583047652842,5.95,0.6548,14975.42,36.0,1.1592,0.0282,0.3784,2.888597174608807,0.10913333333333333,0.19319999999999998,0.004699999999999999,0.06306666666666666,32,0.8660254037844386,0.5000000000000001,38,Maluku,2025,2
0.0085,5.75,0.0354,5.75,6.0,0.0133,0.0128,0.0221,0.0076,0.0078,0.0078,0.0068,0.0144,0.007966666666666665,0.0004725815626252633,0.0009000000000000006,17.331583047652842,5.95,0.6548,14975.42,36.0,1.1592,0.0282,0.3784,4.3328957619132105,0.1637,0.2898,0.00705,0.0946,32,1.0,6.123233995736766e-17,39,Maluku,2025,3
0.0101,5.75,0.0334,5.75,5.75,0.0354,0.0076,-0.0020000000000000018,0.0085,0.0076,0.0078,0.0072,0.0096,0.008733333333333333,0.0012662279942148402,0.001599999999999999,17.331583047652842,5.95,0.6548,14975.42,36.0,1.1592,0.0282,0.3784,5.777194349217614,0.21826666666666666,0.38639999999999997,0.009399999999999999,0.12613333333333332,32,0.8660254037844387,-0.4999999999999998,40,Maluku,2025,4
0.0102,5.75,0.0224,5.75,5.75,0.0334,0.0133,-0.011,0.0101,0.0085,0.0076,0.007,0.0122,0.0096,0.0009539392014169489,0.00010000000000000113,17.331583047652842,5.95,0.6548,14975.42,36.0,1.1592,0.0282,0.3784,7.221492936522018,0.27283333333333337,0.48300000000000004,0.01175,0.15766666666666668,32,0.49999999999999994,-0.8660254037844387,41,Maluku,2025,5
0.0084,5.5,0.0188,5.75,5.75,0.0224,0.0354,-0.003599999999999999,0.0102,0.0101,0.0085,0.0078,0.0102,0.009566666666666666,0.0010115993936995716,-0.0018000000000000013,17.331583047652842,5.95,0.6548,14975.42,36.0,1.1592,0.0282,0.3784,8.665791523826421,0.3274,0.5796,0.0141,0.1892,32,1.2246467991473532e-16,-1.0,42,Maluku,2025,6
0.0115,5.25,0.0299,5.5,5.75,0.0188,0.0334,0.011099999999999999,0.0084,0.0102,0.0101,0.0078,0.0077,0.010033333333333333,0.0015567059238447514,0.0031000000000000003,17.331583047652842,5.95,0.6548,14975.42,36.0,1.1592,0.0282,0.3784,10.110090111130825,0.38196666666666673,0.6762,0.01645,0.22073333333333336,32,-0.4999999999999997,-0.8660254037844388,43,Maluku,2025,7
0.0106,5.0,0.0325,5.25,5.75,0.0299,0.0224,0.0026000000000000016,0.0115,0.0084,0.0102,0.0076,0.0074,0.010166666666666666,0.001594783161854094,-0.0008999999999999998,17.331583047652842,6.27,0.6548,14975.42,36.0,1.1592,0.0282,0.3784,11.554388698435227,0.43653333333333333,0.7727999999999999,0.018799999999999997,0.25226666666666664,32,-0.8660254037844385,-0.5000000000000004,44,Maluku,2025,8
0.009,4.75,0.0301,5.0,5.5,0.0325,0.0188,-0.002400000000000003,0.0106,0.0115,0.0084,0.0085,0.0068,0.010366666666666665,0.0012662279942148409,-0.0016000000000000007,17.331583047652842,6.27,0.6548,14975.42,36.0,1.1592,0.0282,0.3784,12.998687285739631,0.49110000000000004,0.8694,0.02115,0.2838,32,-1.0,-1.8369701987210297e-16,45,Maluku,2025,9
0.0068,4.75,0.023,4.75,5.25,0.0301,0.0299,-0.007099999999999999,0.009,0.0106,0.0115,0.0101,0.0072,0.008799999999999999,0.0019078784028338923,-0.0021999999999999997,17.331583047652842,6.27,0.6548,14975.42,36.0,1.1592,0.0282,0.3784,14.442985873044035,0.5456666666666667,0.9660000000000001,0.0235,0.31533333333333335,32,-0.8660254037844386,0.5000000000000001,46,Maluku,2025,10
0.0079,4.75,0.0233,4.75,5.0,0.023,0.0325,0.00030000000000000165,0.0068,0.009,0.0106,0.0102,0.007,0.007899999999999999,0.0010999999999999998,0.0011000000000000012,17.331583047652842,6.27,0.6548,14975.42,36.0,1.1592,0.0282,0.3784,15.887284460348438,0.6002333333333334,1.0626,0.025849999999999998,0.34686666666666666,32,-0.5000000000000004,0.8660254037844384,47,Maluku,2025,11
0.0066,4.75,0.0358,4.75,4.75,0.0233,0.0301,0.012499999999999997,0.0079,0.0068,0.009,0.0084,0.0078,0.0070999999999999995,0.0006999999999999993,-0.0013000000000000008,17.331583047652842,6.27,0.6548,14975.42,36.0,1.1592,0.0282,0.3784,17.331583047652842,0.6548,1.1592,0.0282,0.3784,32,-2.4492935982947064e-16,1.0,48,Maluku,2025,12
